offer_id,offer_key,mapping_id,variant_id,store_id,seller_id,seller_name,currency,cash_price,old_price,discount_amount,discount_percent,shipping_cost,total_price,free_shipping,availability,available_quantity,purchase_limit,delivery_region,delivery_text,min_delivery_days,max_delivery_days,warranty_type,warranty_provider,warranty_months,store_verified,seller_verified,source_method,source_url,last_checked_at,last_success_at,freshness_status,extraction_status,consecutive_failures,connector_version,last_run_id,active,review_status,review_notes,created_at,updated_at
CASH-98BA371578AC95,VAR-B1E2C02C29A1E9|EG-013|STORE,MAP-ECB14A6301A41C00,VAR-B1E2C02C29A1E9,EG-013,,,EGP,,,,,,,,,,,القاهرة,,,,,,,True,,اكتشاف من صفحة فئة,https://btech.com/en/c/small-home-appliances/air-treatment/air-purifiers,,,لم يُرصد,بانتظار أول رصد سعر,0,,,True,يحتاج اكتشاف رابط المنتج,,2026-07-30T00:00:00,2026-07-30T00:00:00
CASH-FE99B26CE8BCB6,VAR-7566817D3245E0|EG-013|STORE,MAP-ACE24DD65272C63C,VAR-7566817D3245E0,EG-013,,,EGP,,,,,,,,,,,القاهرة,,,,,,,True,,اكتشاف من صفحة فئة,https://btech.com/en/c/small-home-appliances/air-treatment/air-purifiers,,,لم يُرصد,بانتظار أول رصد سعر,0,,,True,يحتاج اكتشاف رابط المنتج,,2026-07-30T00:00:00,2026-07-30T00:00:00
CASH-EA98EAD56BD521,VAR-03F25D58D261DD|EG-013|STORE,MAP-7548A8139C92EF20,VAR-03F25D58D261DD,EG-013,,,EGP,,,,,,,,,,,القاهرة,,,,,,,True,,اكتشاف من صفحة فئة,https://btech.com/en/c/small-home-appliances/air-treatment/air-purifiers,,,لم يُرصد,بانتظار أول رصد سعر,0,,,True,يحتاج اكتشاف رابط المنتج,,2026-07-30T00:00:00,2026-07-30T00:00:00
CASH-D221F2CE3F00E9,VAR-2501411C8A4E62|EG-013|STORE,MAP-2F144A8E3D3547A5,VAR-2501411C8A4E62,EG-013,,,EGP,,,,,,,,,,,القاهرة,,,,,,,True,,اكتشاف من صفحة فئة,https://btech.com/en/c/small-home-appliances/air-treatment/air-purifiers,,,لم يُرصد,بانتظار أول رصد سعر,0,,,True,يحتاج اكتشاف رابط المنتج,,2026-07-30T00:00:00,2026-07-30T00:00:00
CASH-A21F33A2585F1C,VAR-A73CF9195C4FD4|EG-013|STORE,MAP-65E0C0182C3AFE07,VAR-A73CF9195C4FD4,EG-013,,,EGP,,,,,,,,,,,القاهرة,,,,,,,True,,اكتشاف من صفحة فئة,https://btech.com/en/c/small-home-appliances/air-treatment/air-purifiers,,,لم يُرصد,بانتظار أول رصد سعر,0,,,True,يحتاج اكتشاف رابط المنتج,,2026-07-30T00:00:00,2026-07-30T00:00:00
CASH-E11CD583A6D7EC,VAR-FC80DC5580D45C|EG-013|STORE,MAP-F2C6EEB5DAE7BC55,VAR-FC80DC5580D45C,EG-013,,,EGP,,,,,,,,,,,القاهرة,,,,,,,True,,اكتشاف من صفحة فئة,https://btech.com/en/c/small-home-appliances/air-treatment/air-purifiers,,,لم يُرصد,بانتظار أول رصد سعر,0,,,True,يحتاج اكتشاف رابط المنتج,,2026-07-30T00:00:00,2026-07-30T00:00:00
CASH-26CE284E7E2879,VAR-EDB9ABFA052AA0|EG-013|STORE,MAP-CC4BCAEE5C218A4A,VAR-EDB9ABFA052AA0,EG-013,,,EGP,,,,,,,,,,,القاهرة,,,,,,,True,,اكتشاف من صفحة فئة,https://btech.com/en/c/small-home-appliances/air-treatment/air-purifiers,,,لم يُرصد,بانتظار أول رصد سعر,0,,,True,يحتاج اكتشاف رابط المنتج,,2026-07-30T00:00:00,2026-07-30T00:00:00
CASH-6C3209AF4AFFB8,VAR-49E753DFD02D6D|EG-013|STORE,MAP-B1F3B99E1D247E73,VAR-49E753DFD02D6D,EG-013,,,EGP,,,,,,,,,,,القاهرة,,,,,,,True,,اكتشاف من صفحة فئة,https://btech.com/en/c/small-home-appliances/air-treatment/air-purifiers,,,لم يُرصد,بانتظار أول رصد سعر,0,,,True,يحتاج اكتشاف رابط المنتج,,2026-07-30T00:00:00,2026-07-30T00:00:00
CASH-E2F418E6BF0B6E,VAR-7DAFA8A2DB74BC|EG-013|STORE,MAP-860F2B1FD60A158C,VAR-7DAFA8A2DB74BC,EG-013,,,EGP,,,,,,,,,,,القاهرة,,,,,,,True,,اكتشاف من صفحة فئة,https://btech.com/en/c/small-home-appliances/air-treatment/air-purifiers,,,لم يُرصد,بانتظار أول رصد سعر,0,,,True,يحتاج اكتشاف رابط المنتج,,2026-07-30T00:00:00,2026-07-30T00:00:00
CASH-CF703EEE6C30B0,VAR-F3E0A6458B8B0B|EG-013|STORE,MAP-D546141CB7F32634,VAR-F3E0A6458B8B0B,EG-013,,,EGP,,,,,,,,,,,القاهرة,,,,,,,True,,اكتشاف من صفحة فئة,https://btech.com/en/c/large-home-appliances/cookers,,,لم يُرصد,بانتظار أول رصد سعر,0,,,True,يحتاج اكتشاف رابط المنتج,,2026-07-30T00:00:00,2026-07-30T00:00:00
CASH-C71CEF79B54868,VAR-0B99E8545B0295|EG-013|STORE,MAP-3353B9AA96872A8A,VAR-0B99E8545B0295,EG-013,,,EGP,,,,,,,,,,,القاهرة,,,,,,,True,,HTML/JSON-LD,https://btech.com/en/p/549c6cbe-6795-462f-9551-a94d31bc22b0,,,لم يُرصد,بانتظار أول رصد سعر,0,,,True,جاهز لأول رصد,"Catalogue title: Bosch Series 2 Gas Cooker, 5 Burners, Stainless Steel - HGV1F8Y50S",2026-07-30T00:00:00,2026-07-30T00:00:00
CASH-A100F144D0E120,VAR-9C7709849E03CB|EG-013|STORE,MAP-14020E7F1E1575FC,VAR-9C7709849E03CB,EG-013,,,EGP,,,,,,,,,,,القاهرة,,,,,,,True,,اكتشاف من صفحة فئة,https://btech.com/en/c/large-home-appliances/cookers,,,لم يُرصد,بانتظار أول رصد سعر,0,,,True,يحتاج اكتشاف رابط المنتج,,2026-07-30T00:00:00,2026-07-30T00:00:00
CASH-DE54895162F9C4,VAR-3F990A5EBF5D48|EG-013|STORE,MAP-10922DA9C40D38CB,VAR-3F990A5EBF5D48,EG-013,,,EGP,,,,,,,,,,,القاهرة,,,,,,,True,,HTML/JSON-LD,https://btech.com/en/p/bosch-gas-cooker-5-burners-stainless-steel-hgx3g8w50s,,,لم يُرصد,بانتظار أول رصد سعر,0,,,True,جاهز لأول رصد,"Catalogue title: Bosch Gas Cooker, 5 Burners, Stainless Steel - HGX3G8W50S",2026-07-30T00:00:00,2026-07-30T00:00:00
CASH-8824D79435D3FB,VAR-65CB75E39EC4AD|EG-013|STORE,MAP-CD8C1D83DE215C12,VAR-65CB75E39EC4AD,EG-013,,,EGP,,,,,,,,,,,القاهرة,,,,,,,True,,اكتشاف من صفحة فئة,https://btech.com/en/c/large-home-appliances/cookers,,,لم يُرصد,بانتظار أول رصد سعر,0,,,True,يحتاج اكتشاف رابط المنتج,,2026-07-30T00:00:00,2026-07-30T00:00:00
CASH-82B214D30B5C61,VAR-0F3DADE2DE80CC|EG-013|STORE,MAP-8813E8FFD489F1EB,VAR-0F3DADE2DE80CC,EG-013,,,EGP,,,,,,,,,,,القاهرة,,,,,,,True,,HTML/JSON-LD,https://btech.com/en/p/a18c7fd6-0ec1-41ed-b51f-10a703279079,,,لم يُرصد,بانتظار أول رصد سعر,0,,,True,جاهز لأول رصد,"Catalogue title: Bosch Series 8 Gas Cooker, 5 Burners, Black Stainless Steel - HJY5G7V61S",2026-07-30T00:00:00,2026-07-30T00:00:00
CASH-AEAB877967666F,VAR-9557BFEA89BF5B|EG-013|STORE,MAP-5047B8F52B6540F5,VAR-9557BFEA89BF5B,EG-013,,,EGP,,,,,,,,,,,القاهرة,,,,,,,True,,اكتشاف من صفحة فئة,https://btech.com/en/c/large-home-appliances/cookers,,,لم يُرصد,بانتظار أول رصد سعر,0,,,True,يحتاج اكتشاف رابط المنتج,,2026-07-30T00:00:00,2026-07-30T00:00:00
CASH-1079681F0E270E,VAR-7390D2C243DCA9|EG-013|STORE,MAP-9E87302A57401BCD,VAR-7390D2C243DCA9,EG-013,,,EGP,,,,,,,,,,,القاهرة,,,,,,,True,,HTML/JSON-LD,https://btech.com/en/p/b9206d66-b24b-4a1e-a21e-7e1c6b2453af,,,لم يُرصد,بانتظار أول رصد سعر,0,,,True,جاهز لأول رصد,"Catalogue title: First Cook Gas Cooker, 5 Burners, Stainless Steel - FC1001",2026-07-30T00:00:00,2026-07-30T00:00:00
CASH-EA31F19A0031F9,VAR-579212BC941521|EG-013|STORE,MAP-A93BB9EDBFEEE805,VAR-579212BC941521,EG-013,,,EGP,,,,,,,,,,,القاهرة,,,,,,,True,,اكتشاف من صفحة فئة,https://btech.com/en/c/large-home-appliances/cookers,,,لم يُرصد,بانتظار أول رصد سعر,0,,,True,يحتاج اكتشاف رابط المنتج,,2026-07-30T00:00:00,2026-07-30T00:00:00
CASH-38A47ECE21CEBB,VAR-71FFCE90636CD4|EG-013|STORE,MAP-85653AA8AC244867,VAR-71FFCE90636CD4,EG-013,,,EGP,,,,,,,,,,,القاهرة,,,,,,,True,,HTML/JSON-LD,https://btech.com/en/p/79fd56ac-13fe-4af6-a4e6-9abed000e28f,,,لم يُرصد,بانتظار أول رصد سعر,0,,,True,جاهز لأول رصد,"Catalogue title: First Cook Gas Cooker, 5 Burners, Black Gold - FC1004",2026-07-30T00:00:00,2026-07-30T00:00:00
CASH-E47892960A33AC,VAR-F2DE04592E00EF|EG-013|STORE,MAP-73EA85E157DCBF7A,VAR-F2DE04592E00EF,EG-013,,,EGP,,,,,,,,,,,القاهرة,,,,,,,True,,اكتشاف من صفحة فئة,https://btech.com/en/c/large-home-appliances/cookers,,,لم يُرصد,بانتظار أول رصد سعر,0,,,True,يحتاج اكتشاف رابط المنتج,,2026-07-30T00:00:00,2026-07-30T00:00:00
CASH-6CFE7F6C21CE0A,VAR-A251945E61FD60|EG-013|STORE,MAP-160F8B1CB04CD1EB,VAR-A251945E61FD60,EG-013,,,EGP,,,,,,,,,,,القاهرة,,,,,,,True,,اكتشاف من صفحة فئة,https://btech.com/en/c/large-home-appliances/cookers,,,لم يُرصد,بانتظار أول رصد سعر,0,,,True,يحتاج اكتشاف رابط المنتج,,2026-07-30T00:00:00,2026-07-30T00:00:00
CASH-A32EA078594E15,VAR-3A34E634CB1A4C|EG-013|STORE,MAP-FC5699A7320B23B2,VAR-3A34E634CB1A4C,EG-013,,,EGP,,,,,,,,,,,القاهرة,,,,,,,True,,اكتشاف من صفحة فئة,https://btech.com/en/c/large-home-appliances/cookers,,,لم يُرصد,بانتظار أول رصد سعر,0,,,True,يحتاج اكتشاف رابط المنتج,,2026-07-30T00:00:00,2026-07-30T00:00:00
CASH-5F5C54506B4F35,VAR-30B43553964D7B|EG-013|STORE,MAP-668498F9BD221175,VAR-30B43553964D7B,EG-013,,,EGP,,,,,,,,,,,القاهرة,,,,,,,True,,اكتشاف من صفحة فئة,https://btech.com/en/c/large-home-appliances/cookers,,,لم يُرصد,بانتظار أول رصد سعر,0,,,True,يحتاج اكتشاف رابط المنتج,,2026-07-30T00:00:00,2026-07-30T00:00:00
CASH-58069ED32D1FC4,VAR-C8C9B349127B18|EG-013|STORE,MAP-D6A34E4CACCD0EE1,VAR-C8C9B349127B18,EG-013,,,EGP,,,,,,,,,,,القاهرة,,,,,,,True,,اكتشاف من صفحة فئة,https://btech.com/en/c/large-home-appliances/cookers,,,لم يُرصد,بانتظار أول رصد سعر,0,,,True,يحتاج اكتشاف رابط المنتج,,2026-07-30T00:00:00,2026-07-30T00:00:00
CASH-B48CE35DDCDBDD,VAR-145BDBCC6785EA|EG-013|STORE,MAP-CB089D559DA3F2B6,VAR-145BDBCC6785EA,EG-013,,,EGP,,,,,,,,,,,القاهرة,,,,,,,True,,اكتشاف من صفحة فئة,https://btech.com/en/c/large-home-appliances/cookers,,,لم يُرصد,بانتظار أول رصد سعر,0,,,True,يحتاج اكتشاف رابط المنتج,,2026-07-30T00:00:00,2026-07-30T00:00:00
CASH-0A7D6D42583B18,VAR-D2B81570C0AC55|EG-013|STORE,MAP-9200E8CE9592E591,VAR-D2B81570C0AC55,EG-013,,,EGP,,,,,,,,,,,القاهرة,,,,,,,True,,HTML/JSON-LD,https://btech.com/en/p/la-germania-gas-cooker-5-burner-9c10gla1x4aww,,,لم يُرصد,بانتظار أول رصد سعر,0,,,True,جاهز لأول رصد,"Catalogue title: La Germania Gas Cooker, 5 Burners, Stainless Steel - 9C10GLA1X4AWW",2026-07-30T00:00:00,2026-07-30T00:00:00
CASH-9D0114604E03A4,VAR-8BA0F9A3112834|EG-013|STORE,MAP-767E8A28F5A8896C,VAR-8BA0F9A3112834,EG-013,,,EGP,,,,,,,,,,,القاهرة,,,,,,,True,,اكتشاف من صفحة فئة,https://btech.com/en/c/large-home-appliances/cookers,,,لم يُرصد,بانتظار أول رصد سعر,0,,,True,يحتاج اكتشاف رابط المنتج,,2026-07-30T00:00:00,2026-07-30T00:00:00
CASH-D15D484CCDB46F,VAR-C4C274E1593535|EG-013|STORE,MAP-581E6795C3BDB86B,VAR-C4C274E1593535,EG-013,,,EGP,,,,,,,,,,,القاهرة,,,,,,,True,,اكتشاف من صفحة فئة,https://btech.com/en/c/large-home-appliances/cookers,,,لم يُرصد,بانتظار أول رصد سعر,0,,,True,يحتاج اكتشاف رابط المنتج,,2026-07-30T00:00:00,2026-07-30T00:00:00
CASH-AA61A72DF6E165,VAR-74371A6B3BDF83|EG-013|STORE,MAP-3B940916C2FF042D,VAR-74371A6B3BDF83,EG-013,,,EGP,,,,,,,,,,,القاهرة,,,,,,,True,,HTML/JSON-LD,https://btech.com/en/p/union-gas-cooker-4-burners-capitaltecheg227,,,لم يُرصد,بانتظار أول رصد سعر,0,,,True,جاهز لأول رصد,"Catalogue title: Union Gas Gas Cooker, 4 Burners, Stainless Steel - capitaltecheg227",2026-07-30T00:00:00,2026-07-30T00:00:00
CASH-B23FCA12EF9EFA,VAR-8C514F6EB00EB3|EG-013|STORE,MAP-A85E2F0B404CF76A,VAR-8C514F6EB00EB3,EG-013,,,EGP,,,,,,,,,,,القاهرة,,,,,,,True,,اكتشاف من صفحة فئة,https://btech.com/en/c/large-home-appliances/cookers,,,لم يُرصد,بانتظار أول رصد سعر,0,,,True,يحتاج اكتشاف رابط المنتج,,2026-07-30T00:00:00,2026-07-30T00:00:00
CASH-F45614059EAF43,VAR-2284EA76A3E800|EG-013|STORE,MAP-A388B1E636A079B3,VAR-2284EA76A3E800,EG-013,,,EGP,,,,,,,,,,,القاهرة,,,,,,,True,,اكتشاف من صفحة فئة,https://btech.com/en/c/large-home-appliances/cookers,,,لم يُرصد,بانتظار أول رصد سعر,0,,,True,يحتاج اكتشاف رابط المنتج,,2026-07-30T00:00:00,2026-07-30T00:00:00
CASH-4773FEC4E5F0D8,VAR-21F01EF70F4318|EG-013|STORE,MAP-16406D9DE2CAAA9C,VAR-21F01EF70F4318,EG-013,,,EGP,,,,,,,,,,,القاهرة,,,,,,,True,,HTML/JSON-LD,https://btech.com/en/p/d1fb7b7e-4d32-4f45-9704-a749702181cf,,,لم يُرصد,بانتظار أول رصد سعر,0,,,True,جاهز لأول رصد,"Catalogue title: Unionaire Gas Cooker, 5 Burners, Black Silver - C69SSB-AC-443-IFSO-A-STEEL",2026-07-30T00:00:00,2026-07-30T00:00:00
CASH-0F2E8A7AE557F6,VAR-49EC656921BC69|EG-013|STORE,MAP-C110C2911354C200,VAR-49EC656921BC69,EG-013,,,EGP,,,,,,,,,,,القاهرة,,,,,,,True,,اكتشاف من صفحة فئة,https://btech.com/en/c/large-home-appliances/cookers,,,لم يُرصد,بانتظار أول رصد سعر,0,,,True,يحتاج اكتشاف رابط المنتج,,2026-07-30T00:00:00,2026-07-30T00:00:00
CASH-6D980E95E19D0F,VAR-2552CBAEA19CF6|EG-013|STORE,MAP-8D52AA2939D06D74,VAR-2552CBAEA19CF6,EG-013,,,EGP,,,,,,,,,,,القاهرة,,,,,,,True,,HTML/JSON-LD,https://btech.com/en/p/zanussi-cool-max-gas-cooker-4-burners-stainless-zcg64396xb,,,لم يُرصد,بانتظار أول رصد سعر,0,,,True,جاهز لأول رصد,"Catalogue title: Zanussi Cool Max Gas Cooker, 4 Burners, Stainless Steel - ZCG64396XB",2026-07-30T00:00:00,2026-07-30T00:00:00
CASH-7A428FAD7BD60A,VAR-F98F0B4906E625|EG-013|STORE,MAP-B5255A785DE385E3,VAR-F98F0B4906E625,EG-013,,,EGP,,,,,,,,,,,القاهرة,,,,,,,True,,اكتشاف من صفحة فئة,https://btech.com/en/c/large-home-appliances/cookers,,,لم يُرصد,بانتظار أول رصد سعر,0,,,True,يحتاج اكتشاف رابط المنتج,,2026-07-30T00:00:00,2026-07-30T00:00:00
CASH-8BE380BA6F0A2F,VAR-B8B5E7FAE12C81|EG-013|STORE,MAP-11878A8B5DF5218D,VAR-B8B5E7FAE12C81,EG-013,,,EGP,,,,,,,,,,,القاهرة,,,,,,,True,,HTML/JSON-LD,https://btech.com/en/p/zanussi-plus-gas-cooker-5-burners-stainless-zcg922a6xb,,,لم يُرصد,بانتظار أول رصد سعر,0,,,True,جاهز لأول رصد,"Catalogue title: Zanussi Steel Plus Gas Cooker, 5 Burners, Stainless Steel - ZCG922A6XB",2026-07-30T00:00:00,2026-07-30T00:00:00
CASH-535C74DF9321B5,VAR-3E68777D071908|EG-013|STORE,MAP-AC55AAED85025228,VAR-3E68777D071908,EG-013,,,EGP,,,,,,,,,,,القاهرة,,,,,,,True,,اكتشاف من صفحة فئة,https://btech.com/en/c/large-home-appliances/cookers,,,لم يُرصد,بانتظار أول رصد سعر,0,,,True,يحتاج اكتشاف رابط المنتج,,2026-07-30T00:00:00,2026-07-30T00:00:00
CASH-755EE55236DDFF,VAR-DA01BEABFE393C|EG-013|STORE,MAP-837A9629196A23B2,VAR-DA01BEABFE393C,EG-013,,,EGP,,,,,,,,,,,القاهرة,,,,,,,True,,HTML/JSON-LD,https://btech.com/en/p/zanussi-cool-max-gas-cooker-5-burners-stainless-zcg94396xb,,,لم يُرصد,بانتظار أول رصد سعر,0,,,True,جاهز لأول رصد,"Catalogue title: Zanussi Cool Max Gas Cooker, 5 Burners, Stainless Steel - ZCG94396XB",2026-07-30T00:00:00,2026-07-30T00:00:00
CASH-6AB04F5D694F6B,VAR-6B59B402C4FA84|EG-013|STORE,MAP-16689DF4D40A31AA,VAR-6B59B402C4FA84,EG-013,,,EGP,,,,,,,,,,,القاهرة,,,,,,,True,,HTML/JSON-LD,https://btech.com/en/p/beko-refrigerator-2d-367lt-silver-rcne367e30zxb,,,لم يُرصد,بانتظار أول رصد سعر,0,,,True,جاهز لأول رصد,"Catalogue title: Beko Combi NoFrost Bottom Freezer Refrigerator, 367 Liter, Silver - RCNE367E30ZXB",2026-07-30T00:00:00,2026-07-30T00:00:00
CASH-CBF56B72ABD9DF,VAR-F0559A65805F9F|EG-013|STORE,MAP-15ACE86FBDB708AE,VAR-F0559A65805F9F,EG-013,,,EGP,,,,,,,,,,,القاهرة,,,,,,,True,,HTML/JSON-LD,https://btech.com/en/p/beko-no-frost-top-freezer-refrigerator-390l-silver-rdne420kd,,,لم يُرصد,بانتظار أول رصد سعر,0,,,True,جاهز لأول رصد,"Catalogue title: Beko RDNE420K NoFrost Top Freezer Refrigerator, 390 Liter, Silver - RDNE420KDB",2026-07-30T00:00:00,2026-07-30T00:00:00
CASH-368127D922A902,VAR-FCCA8F24C270C7|EG-013|STORE,MAP-2AFE8549900AECEB,VAR-FCCA8F24C270C7,EG-013,,,EGP,,,,,,,,,,,القاهرة,,,,,,,True,,HTML/JSON-LD,https://btech.com/en/p/beko-no-frost-refrigerator-406-liters-inverter-silver-rdne455m20xbids,,,لم يُرصد,بانتظار أول رصد سعر,0,,,True,جاهز لأول رصد,"Catalogue title: Beko NoFrost Top Freezer Refrigerator, 406 Liter Inverter Motor, Silver - RDNE455M20XBIDS",2026-07-30T00:00:00,2026-07-30T00:00:00
CASH-8B3D9760742451,VAR-F4900E6443B00D|EG-013|STORE,MAP-8D12F5B7B6970CC3,VAR-F4900E6443B00D,EG-013,,,EGP,,,,,,,,,,,القاهرة,,,,,,,True,,HTML/JSON-LD,https://btech.com/en/p/66b8a615-4c65-42e0-8453-ff9f23e64f3c,,,لم يُرصد,بانتظار أول رصد سعر,0,,,True,جاهز لأول رصد,"Catalogue title: Beko NoFrost Top Freezer Refrigerator, 455 Liter Inverter Motor, Black - RDNE455M20XBIDTEWEG",2026-07-30T00:00:00,2026-07-30T00:00:00
CASH-E9D3EA17902C50,VAR-A72EC8DE74F9FB|EG-013|STORE,MAP-33FB1F67E668379E,VAR-A72EC8DE74F9FB,EG-013,,,EGP,,,,,,,,,,,القاهرة,,,,,,,True,,HTML/JSON-LD,https://btech.com/en/p/beko-no-frost-top-freezer-refrigerator-430l-silver-dne455mk,,,لم يُرصد,بانتظار أول رصد سعر,0,,,True,جاهز لأول رصد,"Catalogue title: Beko NoFrost Top Freezer Refrigerator, 430 Liter, Silver - RDNE455MK",2026-07-30T00:00:00,2026-07-30T00:00:00
CASH-5421174789CE7B,VAR-2250E92B3EA7B2|EG-013|STORE,MAP-AA7B55DF2BC6FECC,VAR-2250E92B3EA7B2,EG-013,,,EGP,,,,,,,,,,,القاهرة,,,,,,,True,,HTML/JSON-LD,https://btech.com/en/p/bosch-serie-2-nofrost-refrigerator-328-l-kdn43nl2e8,,,لم يُرصد,بانتظار أول رصد سعر,0,,,True,جاهز لأول رصد,"Catalogue title: Bosch NoFrost Top Freezer Refrigerator, 328 Liter, Stainless Steel - KDN43NL2E8",2026-07-30T00:00:00,2026-07-30T00:00:00
CASH-3D76A9C57CA210,VAR-3127394F66C4AC|EG-013|STORE,MAP-BB9F706EC30C6092,VAR-3127394F66C4AC,EG-013,,,EGP,,,,,,,,,,,القاهرة,,,,,,,True,,اكتشاف من صفحة فئة,https://btech.com/en/c/large-home-appliances/refrigerators/b/bosch,,,لم يُرصد,بانتظار أول رصد سعر,0,,,True,يحتاج اكتشاف رابط المنتج,,2026-07-30T00:00:00,2026-07-30T00:00:00
CASH-AA6F7FF5E8282A,VAR-15FFEA585C2109|EG-013|STORE,MAP-3320075D641F8486,VAR-15FFEA585C2109,EG-013,,,EGP,,,,,,,,,,,القاهرة,,,,,,,True,,HTML/JSON-LD,https://btech.com/en/p/bosch-no-frost-refrigerator-328-liters-stainless-steel-kdn43vl2e8,,,لم يُرصد,بانتظار أول رصد سعر,0,,,True,جاهز لأول رصد,"Catalogue title: Bosch NoFrost Top Freezer Refrigerator, 328 Liter, Stainless Steel - KDN43VL2E8",2026-07-30T00:00:00,2026-07-30T00:00:00
CASH-4F6AA0FEDF0033,VAR-EDC8A4D32EF7AF|EG-013|STORE,MAP-0A4DB61E7A8D6CF0,VAR-EDC8A4D32EF7AF,EG-013,,,EGP,,,,,,,,,,,القاهرة,,,,,,,True,,اكتشاف من صفحة فئة,https://btech.com/en/c/large-home-appliances/refrigerators/b/bosch,,,لم يُرصد,بانتظار أول رصد سعر,0,,,True,يحتاج اكتشاف رابط المنتج,,2026-07-30T00:00:00,2026-07-30T00:00:00
CASH-21D3C619F652FA,VAR-D5C0AEEA51B365|EG-013|STORE,MAP-C056FDEB7954FCAD,VAR-D5C0AEEA51B365,EG-013,,,EGP,,,,,,,,,,,القاهرة,,,,,,,True,,اكتشاف من صفحة فئة,https://btech.com/en/c/large-home-appliances/refrigerators/b/bosch,,,لم يُرصد,بانتظار أول رصد سعر,0,,,True,يحتاج اكتشاف رابط المنتج,,2026-07-30T00:00:00,2026-07-30T00:00:00
CASH-B3944BDECB71AC,VAR-EB364A13601F6D|EG-013|STORE,MAP-618A031BB593E2C7,VAR-EB364A13601F6D,EG-013,,,EGP,,,,,,,,,,,القاهرة,,,,,,,True,,اكتشاف من صفحة فئة,https://btech.com/en/c/large-home-appliances/refrigerators/b/bosch,,,لم يُرصد,بانتظار أول رصد سعر,0,,,True,يحتاج اكتشاف رابط المنتج,,2026-07-30T00:00:00,2026-07-30T00:00:00
CASH-6FC08C48F186C3,VAR-A2AECF322F82AD|EG-013|STORE,MAP-6C22F68CE851369D,VAR-A2AECF322F82AD,EG-013,,,EGP,,,,,,,,,,,القاهرة,,,,,,,True,,HTML/JSON-LD,https://btech.com/en/p/bosch-series4-no-frost-refrigerator-542l-kdn76xi3e8,,,لم يُرصد,بانتظار أول رصد سعر,0,,,True,جاهز لأول رصد,"Catalogue title: Bosch Series 4 NoFrost Top Freezer Refrigerator, 542 Liter, Silver - KDN76XI3E8",2026-07-30T00:00:00,2026-07-30T00:00:00
CASH-F8B0DF8E2A5C09,VAR-E84AE7B0811682|EG-013|STORE,MAP-2089BD9BDA75B9D2,VAR-E84AE7B0811682,EG-013,,,EGP,,,,,,,,,,,القاهرة,,,,,,,True,,اكتشاف من صفحة فئة,https://btech.com/en/c/large-home-appliances/refrigerators/b/bosch,,,لم يُرصد,بانتظار أول رصد سعر,0,,,True,يحتاج اكتشاف رابط المنتج,,2026-07-30T00:00:00,2026-07-30T00:00:00
CASH-B2AE16E66F7377,VAR-35E7336954485D|EG-013|STORE,MAP-5B5CA49EFFD417F2,VAR-35E7336954485D,EG-013,,,EGP,,,,,,,,,,,القاهرة,,,,,,,True,,HTML/JSON-LD,https://btech.com/en/p/bosch-series6-nofrost-refrigerator-641l-kdn86ai3e9,,,لم يُرصد,بانتظار أول رصد سعر,0,,,True,جاهز لأول رصد,"Catalogue title: Bosch Series 6 NoFrost Top Freezer Refrigerator, 641 Liter, Stainless Steel - KDN86AI3E9",2026-07-30T00:00:00,2026-07-30T00:00:00
CASH-A59FA36D16A578,VAR-540597722CDA65|EG-013|STORE,MAP-7BBE447D5B1F6592,VAR-540597722CDA65,EG-013,,,EGP,,,,,,,,,,,القاهرة,,,,,,,True,,اكتشاف من صفحة فئة,https://btech.com/en/c/large-home-appliances/refrigerators/b/bosch,,,لم يُرصد,بانتظار أول رصد سعر,0,,,True,يحتاج اكتشاف رابط المنتج,,2026-07-30T00:00:00,2026-07-30T00:00:00
CASH-F4D1D03905BFC3,VAR-0E1F959A104F17|EG-013|STORE,MAP-A7489B1EFA20D946,VAR-0E1F959A104F17,EG-013,,,EGP,,,,,,,,,,,القاهرة,,,,,,,True,,اكتشاف من صفحة فئة,https://btech.com/en/c/large-home-appliances/refrigerators/b/bosch,,,لم يُرصد,بانتظار أول رصد سعر,0,,,True,يحتاج اكتشاف رابط المنتج,,2026-07-30T00:00:00,2026-07-30T00:00:00
CASH-10590462D0E0F9,VAR-3E022EE76F5F5A|EG-013|STORE,MAP-655B740555567B2A,VAR-3E022EE76F5F5A,EG-013,,,EGP,,,,,,,,,,,القاهرة,,,,,,,True,,اكتشاف من صفحة فئة,https://btech.com/en/c/large-home-appliances/refrigerators/b/bosch,,,لم يُرصد,بانتظار أول رصد سعر,0,,,True,يحتاج اكتشاف رابط المنتج,,2026-07-30T00:00:00,2026-07-30T00:00:00
CASH-1121256125B7F7,VAR-5FA8335C3FB7B3|EG-013|STORE,MAP-F1CF8C4418337F07,VAR-5FA8335C3FB7B3,EG-013,,,EGP,,,,,,,,,,,القاهرة,,,,,,,True,,HTML/JSON-LD,https://btech.com/en/p/bosch-nofrost-refrigerator-505l-grey-kgn56cx30u,,,لم يُرصد,بانتظار أول رصد سعر,0,,,True,جاهز لأول رصد,"Catalogue title: Bosch Series 4 NoFrost Bottom Freezer Refrigerator, 505 Liter, Black Inox - KGN56CX30U",2026-07-30T00:00:00,2026-07-30T00:00:00
CASH-F51712F568201D,VAR-6B3D1AFD5AC46A|EG-013|STORE,MAP-AF14A765C2309EDB,VAR-6B3D1AFD5AC46A,EG-013,,,EGP,,,,,,,,,,,القاهرة,,,,,,,True,,اكتشاف من صفحة فئة,https://btech.com/en/c/large-home-appliances/refrigerators/b/bosch,,,لم يُرصد,بانتظار أول رصد سعر,0,,,True,يحتاج اكتشاف رابط المنتج,,2026-07-30T00:00:00,2026-07-30T00:00:00
CASH-BF34473AB8CAD9,VAR-D52D21AB6976C0|EG-013|STORE,MAP-FD0F8C9F2006C83E,VAR-D52D21AB6976C0,EG-013,,,EGP,,,,,,,,,,,القاهرة,,,,,,,True,,اكتشاف من صفحة فئة,https://btech.com/en/c/large-home-appliances/refrigerators/b/bosch,,,لم يُرصد,بانتظار أول رصد سعر,0,,,True,يحتاج اكتشاف رابط المنتج,,2026-07-30T00:00:00,2026-07-30T00:00:00
CASH-CAC213B6DE461C,VAR-49F2BB364FB454|EG-013|STORE,MAP-91F164ABE82D3B94,VAR-49F2BB364FB454,EG-013,,,EGP,,,,,,,,,,,القاهرة,,,,,,,True,,اكتشاف من صفحة فئة,https://btech.com/en/c/large-home-appliances/refrigerators/b/bosch,,,لم يُرصد,بانتظار أول رصد سعر,0,,,True,يحتاج اكتشاف رابط المنتج,,2026-07-30T00:00:00,2026-07-30T00:00:00
CASH-411624E474A2CA,VAR-28EB7EAFF079D5|EG-013|STORE,MAP-B88265044BC7A060,VAR-28EB7EAFF079D5,EG-013,,,EGP,,,,,,,,,,,القاهرة,,,,,,,True,,اكتشاف من صفحة فئة,https://btech.com/en/c/large-home-appliances/refrigerators/b/bosch,,,لم يُرصد,بانتظار أول رصد سعر,0,,,True,يحتاج اكتشاف رابط المنتج,,2026-07-30T00:00:00,2026-07-30T00:00:00
CASH-D7AC22937D0550,VAR-648D046618FC16|EG-013|STORE,MAP-B4FA298143DC56D3,VAR-648D046618FC16,EG-013,,,EGP,,,,,,,,,,,القاهرة,,,,,,,True,,اكتشاف من صفحة فئة,https://btech.com/en/c/large-home-appliances/refrigerators/b/bosch,,,لم يُرصد,بانتظار أول رصد سعر,0,,,True,يحتاج اكتشاف رابط المنتج,,2026-07-30T00:00:00,2026-07-30T00:00:00
CASH-EC13597B967BB7,VAR-D8B02CE30B29AD|EG-013|STORE,MAP-21CF4B7470E4B327,VAR-D8B02CE30B29AD,EG-013,,,EGP,,,,,,,,,,,القاهرة,,,,,,,True,,اكتشاف من صفحة فئة,https://btech.com/en/c/large-home-appliances/refrigerators/b/fresh,,,لم يُرصد,بانتظار أول رصد سعر,0,,,True,يحتاج اكتشاف رابط المنتج,,2026-07-30T00:00:00,2026-07-30T00:00:00
CASH-CCEECAA88BFF52,VAR-7783A9E6285072|EG-013|STORE,MAP-D2EBDD3899955DE8,VAR-7783A9E6285072,EG-013,,,EGP,,,,,,,,,,,القاهرة,,,,,,,True,,اكتشاف من صفحة فئة,https://btech.com/en/c/large-home-appliances/refrigerators/b/fresh,,,لم يُرصد,بانتظار أول رصد سعر,0,,,True,يحتاج اكتشاف رابط المنتج,,2026-07-30T00:00:00,2026-07-30T00:00:00
CASH-16A6F579353506,VAR-B78DCBAA10AE21|EG-013|STORE,MAP-381B71A43FEE2D8D,VAR-B78DCBAA10AE21,EG-013,,,EGP,,,,,,,,,,,القاهرة,,,,,,,True,,اكتشاف من صفحة فئة,https://btech.com/en/c/large-home-appliances/refrigerators/b/fresh,,,لم يُرصد,بانتظار أول رصد سعر,0,,,True,يحتاج اكتشاف رابط المنتج,,2026-07-30T00:00:00,2026-07-30T00:00:00
CASH-26CF4BB5F8DECE,VAR-74F4062764CDEE|EG-013|STORE,MAP-29C8AEA7BEEE8583,VAR-74F4062764CDEE,EG-013,,,EGP,,,,,,,,,,,القاهرة,,,,,,,True,,اكتشاف من صفحة فئة,https://btech.com/en/c/large-home-appliances/refrigerators/b/fresh,,,لم يُرصد,بانتظار أول رصد سعر,0,,,True,يحتاج اكتشاف رابط المنتج,,2026-07-30T00:00:00,2026-07-30T00:00:00
CASH-F6C8459EF23F10,VAR-D1F6A272A688F0|EG-013|STORE,MAP-D995B49637D892E9,VAR-D1F6A272A688F0,EG-013,,,EGP,,,,,,,,,,,القاهرة,,,,,,,True,,اكتشاف من صفحة فئة,https://btech.com/en/c/large-home-appliances/refrigerators/b/fresh,,,لم يُرصد,بانتظار أول رصد سعر,0,,,True,يحتاج اكتشاف رابط المنتج,,2026-07-30T00:00:00,2026-07-30T00:00:00
CASH-A714E2DE45791B,VAR-6B58AF8761E388|EG-013|STORE,MAP-FA6E7196A77566B3,VAR-6B58AF8761E388,EG-013,,,EGP,,,,,,,,,,,القاهرة,,,,,,,True,,اكتشاف من صفحة فئة,https://btech.com/en/c/large-home-appliances/refrigerators/b/fresh,,,لم يُرصد,بانتظار أول رصد سعر,0,,,True,يحتاج اكتشاف رابط المنتج,,2026-07-30T00:00:00,2026-07-30T00:00:00
CASH-5319FEFD7B4FFF,VAR-A5B39ECD419796|EG-013|STORE,MAP-F0631C0A3F44D1F8,VAR-A5B39ECD419796,EG-013,,,EGP,,,,,,,,,,,القاهرة,,,,,,,True,,اكتشاف من صفحة فئة,https://btech.com/en/c/large-home-appliances/refrigerators/b/fresh,,,لم يُرصد,بانتظار أول رصد سعر,0,,,True,يحتاج اكتشاف رابط المنتج,,2026-07-30T00:00:00,2026-07-30T00:00:00
CASH-52D6E9E4381328,VAR-407C4DE9A14624|EG-013|STORE,MAP-4C8FD60A38A8D37C,VAR-407C4DE9A14624,EG-013,,,EGP,,,,,,,,,,,القاهرة,,,,,,,True,,اكتشاف من صفحة فئة,https://btech.com/en/c/large-home-appliances/refrigerators/b/fresh,,,لم يُرصد,بانتظار أول رصد سعر,0,,,True,يحتاج اكتشاف رابط المنتج,,2026-07-30T00:00:00,2026-07-30T00:00:00
CASH-4D12FC5D799252,VAR-4F5890AECCD3FD|EG-013|STORE,MAP-135DF5C95A6FDBCA,VAR-4F5890AECCD3FD,EG-013,,,EGP,,,,,,,,,,,القاهرة,,,,,,,True,,HTML/JSON-LD,https://btech.com/en/p/fresh-no-frost-refrigerator-397l-black-fnt-br470bmb,,,لم يُرصد,بانتظار أول رصد سعر,0,,,True,جاهز لأول رصد,"Catalogue title: Fresh NoFrost Top Freezer Refrigerator, 397 Liter, Black - FNT-BR470BMB",2026-07-30T00:00:00,2026-07-30T00:00:00
CASH-EA5FED74D88426,VAR-22BB2E0DE85F44|EG-013|STORE,MAP-5D6C926B0CFB96F8,VAR-22BB2E0DE85F44,EG-013,,,EGP,,,,,,,,,,,القاهرة,,,,,,,True,,اكتشاف من صفحة فئة,https://btech.com/en/c/large-home-appliances/refrigerators/b/fresh,,,لم يُرصد,بانتظار أول رصد سعر,0,,,True,يحتاج اكتشاف رابط المنتج,,2026-07-30T00:00:00,2026-07-30T00:00:00
CASH-1FF8A22CF7B98D,VAR-80DBFE2CA3DFFD|EG-013|STORE,MAP-B47790828EAE1C44,VAR-80DBFE2CA3DFFD,EG-013,,,EGP,,,,,,,,,,,القاهرة,,,,,,,True,,اكتشاف من صفحة فئة,https://btech.com/en/c/large-home-appliances/refrigerators/b/fresh,,,لم يُرصد,بانتظار أول رصد سعر,0,,,True,يحتاج اكتشاف رابط المنتج,,2026-07-30T00:00:00,2026-07-30T00:00:00
CASH-27E5E5A04BBF62,VAR-88C9F3E4CD6229|EG-013|STORE,MAP-5B067B139A273DE7,VAR-88C9F3E4CD6229,EG-013,,,EGP,,,,,,,,,,,القاهرة,,,,,,,True,,اكتشاف من صفحة فئة,https://btech.com/en/c/large-home-appliances/refrigerators/b/fresh,,,لم يُرصد,بانتظار أول رصد سعر,0,,,True,يحتاج اكتشاف رابط المنتج,,2026-07-30T00:00:00,2026-07-30T00:00:00
CASH-41772C6BC7E159,VAR-B7821DE6FE9412|EG-013|STORE,MAP-E385C5255B196BA0,VAR-B7821DE6FE9412,EG-013,,,EGP,,,,,,,,,,,القاهرة,,,,,,,True,,اكتشاف من صفحة فئة,https://btech.com/en/c/large-home-appliances/refrigerators/b/fresh,,,لم يُرصد,بانتظار أول رصد سعر,0,,,True,يحتاج اكتشاف رابط المنتج,,2026-07-30T00:00:00,2026-07-30T00:00:00
CASH-F6A082B91FAC3A,VAR-A4903722A0FCD3|EG-013|STORE,MAP-CFAC5D2D89048DC1,VAR-A4903722A0FCD3,EG-013,,,EGP,,,,,,,,,,,القاهرة,,,,,,,True,,اكتشاف من صفحة فئة,https://btech.com/en/c/large-home-appliances/refrigerators/b/fresh,,,لم يُرصد,بانتظار أول رصد سعر,0,,,True,يحتاج اكتشاف رابط المنتج,,2026-07-30T00:00:00,2026-07-30T00:00:00
CASH-0F415355034BA0,VAR-4EE24339BBA278|EG-013|STORE,MAP-6D07AB84DF6593A5,VAR-4EE24339BBA278,EG-013,,,EGP,,,,,,,,,,,القاهرة,,,,,,,True,,اكتشاف من صفحة فئة,https://btech.com/en/c/large-home-appliances/refrigerators/b/fresh,,,لم يُرصد,بانتظار أول رصد سعر,0,,,True,يحتاج اكتشاف رابط المنتج,,2026-07-30T00:00:00,2026-07-30T00:00:00
CASH-E67E1A1581B9A7,VAR-329BEA62E83210|EG-013|STORE,MAP-A6718B351E33BF15,VAR-329BEA62E83210,EG-013,,,EGP,,,,,,,,,,,القاهرة,,,,,,,True,,اكتشاف من صفحة فئة,https://btech.com/en/c/large-home-appliances/refrigerators/b/fresh,,,لم يُرصد,بانتظار أول رصد سعر,0,,,True,يحتاج اكتشاف رابط المنتج,,2026-07-30T00:00:00,2026-07-30T00:00:00
CASH-DFD1BDDACAC873,VAR-E47E5D2A503167|EG-013|STORE,MAP-F75C89409F4DF478,VAR-E47E5D2A503167,EG-013,,,EGP,,,,,,,,,,,القاهرة,,,,,,,True,,اكتشاف من صفحة فئة,https://btech.com/en/c/large-home-appliances/refrigerators/b/fresh,,,لم يُرصد,بانتظار أول رصد سعر,0,,,True,يحتاج اكتشاف رابط المنتج,,2026-07-30T00:00:00,2026-07-30T00:00:00
CASH-5249027DD741EF,VAR-D4029AFD92172D|EG-013|STORE,MAP-0BDE4D26FFEB9D56,VAR-D4029AFD92172D,EG-013,,,EGP,,,,,,,,,,,القاهرة,,,,,,,True,,اكتشاف من صفحة فئة,https://btech.com/en/c/large-home-appliances/refrigerators/b/fresh,,,لم يُرصد,بانتظار أول رصد سعر,0,,,True,يحتاج اكتشاف رابط المنتج,,2026-07-30T00:00:00,2026-07-30T00:00:00
CASH-994034EB93CF7C,VAR-CCC6F4687AC490|EG-013|STORE,MAP-139C8F6FF3B1EC7D,VAR-CCC6F4687AC490,EG-013,,,EGP,,,,,,,,,,,القاهرة,,,,,,,True,,اكتشاف من صفحة فئة,https://btech.com/en/c/large-home-appliances/refrigerators/b/fresh,,,لم يُرصد,بانتظار أول رصد سعر,0,,,True,يحتاج اكتشاف رابط المنتج,,2026-07-30T00:00:00,2026-07-30T00:00:00
CASH-E0E7DBF621ABC6,VAR-3E4E252D0671B3|EG-013|STORE,MAP-867029870DBFB215,VAR-3E4E252D0671B3,EG-013,,,EGP,,,,,,,,,,,القاهرة,,,,,,,True,,اكتشاف من صفحة فئة,https://btech.com/en/c/large-home-appliances/refrigerators/b/fresh,,,لم يُرصد,بانتظار أول رصد سعر,0,,,True,يحتاج اكتشاف رابط المنتج,,2026-07-30T00:00:00,2026-07-30T00:00:00
CASH-7BCF0BCD997E81,VAR-19994B5354814B|EG-013|STORE,MAP-58626E1E924F4F68,VAR-19994B5354814B,EG-013,,,EGP,,,,,,,,,,,القاهرة,,,,,,,True,,اكتشاف من صفحة فئة,https://btech.com/en/c/large-home-appliances/refrigerators/b/fresh,,,لم يُرصد,بانتظار أول رصد سعر,0,,,True,يحتاج اكتشاف رابط المنتج,,2026-07-30T00:00:00,2026-07-30T00:00:00
CASH-13825CAB6988D3,VAR-8791E0F48D9673|EG-013|STORE,MAP-DA1CD861256B48D3,VAR-8791E0F48D9673,EG-013,,,EGP,,,,,,,,,,,القاهرة,,,,,,,True,,اكتشاف من صفحة فئة,https://btech.com/en/c/large-home-appliances/refrigerators/b/kiriazi,,,لم يُرصد,بانتظار أول رصد سعر,0,,,True,يحتاج اكتشاف رابط المنتج,,2026-07-30T00:00:00,2026-07-30T00:00:00
CASH-6DED7DF23134D2,VAR-2BB1648FA7D3F7|EG-013|STORE,MAP-6207C4E6F2DC9A40,VAR-2BB1648FA7D3F7,EG-013,,,EGP,,,,,,,,,,,القاهرة,,,,,,,True,,اكتشاف من صفحة فئة,https://btech.com/en/c/large-home-appliances/refrigerators/b/kiriazi,,,لم يُرصد,بانتظار أول رصد سعر,0,,,True,يحتاج اكتشاف رابط المنتج,,2026-07-30T00:00:00,2026-07-30T00:00:00
CASH-2335718D2A6FB5,VAR-F3B1D73096C0C4|EG-013|STORE,MAP-A126EF5BE7283A09,VAR-F3B1D73096C0C4,EG-013,,,EGP,,,,,,,,,,,القاهرة,,,,,,,True,,اكتشاف من صفحة فئة,https://btech.com/en/c/large-home-appliances/refrigerators/b/kiriazi,,,لم يُرصد,بانتظار أول رصد سعر,0,,,True,يحتاج اكتشاف رابط المنتج,,2026-07-30T00:00:00,2026-07-30T00:00:00
CASH-6A5B3B372BA0A8,VAR-34E78FD5F9280D|EG-013|STORE,MAP-BF82B2454174AA84,VAR-34E78FD5F9280D,EG-013,,,EGP,,,,,,,,,,,القاهرة,,,,,,,True,,اكتشاف من صفحة فئة,https://btech.com/en/c/large-home-appliances/refrigerators/b/kiriazi,,,لم يُرصد,بانتظار أول رصد سعر,0,,,True,يحتاج اكتشاف رابط المنتج,,2026-07-30T00:00:00,2026-07-30T00:00:00
CASH-43EC49A3FCBA3A,VAR-B497A144FCB809|EG-013|STORE,MAP-EC1030EBD7DA0F7F,VAR-B497A144FCB809,EG-013,,,EGP,,,,,,,,,,,القاهرة,,,,,,,True,,اكتشاف من صفحة فئة,https://btech.com/en/c/large-home-appliances/refrigerators/b/kiriazi,,,لم يُرصد,بانتظار أول رصد سعر,0,,,True,يحتاج اكتشاف رابط المنتج,,2026-07-30T00:00:00,2026-07-30T00:00:00
CASH-030F1D2E3D236E,VAR-C1734B90C247D0|EG-013|STORE,MAP-6031A384C8093229,VAR-C1734B90C247D0,EG-013,,,EGP,,,,,,,,,,,القاهرة,,,,,,,True,,اكتشاف من صفحة فئة,https://btech.com/en/c/large-home-appliances/refrigerators/b/kiriazi,,,لم يُرصد,بانتظار أول رصد سعر,0,,,True,يحتاج اكتشاف رابط المنتج,,2026-07-30T00:00:00,2026-07-30T00:00:00
CASH-820DE6B6153C51,VAR-314FB9B3653AEA|EG-013|STORE,MAP-C1F3AAA195798A8F,VAR-314FB9B3653AEA,EG-013,,,EGP,,,,,,,,,,,القاهرة,,,,,,,True,,اكتشاف من صفحة فئة,https://btech.com/en/c/large-home-appliances/refrigerators/b/kiriazi,,,لم يُرصد,بانتظار أول رصد سعر,0,,,True,يحتاج اكتشاف رابط المنتج,,2026-07-30T00:00:00,2026-07-30T00:00:00
CASH-37E8AEA2318F28,VAR-1B76A68F1EA68E|EG-013|STORE,MAP-B0EC83B39012CD5B,VAR-1B76A68F1EA68E,EG-013,,,EGP,,,,,,,,,,,القاهرة,,,,,,,True,,اكتشاف من صفحة فئة,https://btech.com/en/c/large-home-appliances/refrigerators/b/kiriazi,,,لم يُرصد,بانتظار أول رصد سعر,0,,,True,يحتاج اكتشاف رابط المنتج,,2026-07-30T00:00:00,2026-07-30T00:00:00
CASH-59D411E7DFE027,VAR-EED437050F23B6|EG-013|STORE,MAP-28AB42D5D64A5624,VAR-EED437050F23B6,EG-013,,,EGP,,,,,,,,,,,القاهرة,,,,,,,True,,اكتشاف من صفحة فئة,https://btech.com/en/c/large-home-appliances/refrigerators/b/kiriazi,,,لم يُرصد,بانتظار أول رصد سعر,0,,,True,يحتاج اكتشاف رابط المنتج,,2026-07-30T00:00:00,2026-07-30T00:00:00
CASH-E948545ED9B7A6,VAR-A2285B04F07DEC|EG-013|STORE,MAP-62889D064FCDF10E,VAR-A2285B04F07DEC,EG-013,,,EGP,,,,,,,,,,,القاهرة,,,,,,,True,,اكتشاف من صفحة فئة,https://btech.com/en/c/large-home-appliances/refrigerators/b/kiriazi,,,لم يُرصد,بانتظار أول رصد سعر,0,,,True,يحتاج اكتشاف رابط المنتج,,2026-07-30T00:00:00,2026-07-30T00:00:00
CASH-B21AA013AA2897,VAR-CE7134BEA63891|EG-013|STORE,MAP-0668948CF8E84BD5,VAR-CE7134BEA63891,EG-013,,,EGP,,,,,,,,,,,القاهرة,,,,,,,True,,اكتشاف من صفحة فئة,https://btech.com/en/c/large-home-appliances/refrigerators/b/kiriazi,,,لم يُرصد,بانتظار أول رصد سعر,0,,,True,يحتاج اكتشاف رابط المنتج,,2026-07-30T00:00:00,2026-07-30T00:00:00
CASH-7442A999313CE8,VAR-F2935335ADB554|EG-013|STORE,MAP-67D4F066FC340F6F,VAR-F2935335ADB554,EG-013,,,EGP,,,,,,,,,,,القاهرة,,,,,,,True,,اكتشاف من صفحة فئة,https://btech.com/en/c/large-home-appliances/refrigerators/b/kiriazi,,,لم يُرصد,بانتظار أول رصد سعر,0,,,True,يحتاج اكتشاف رابط المنتج,,2026-07-30T00:00:00,2026-07-30T00:00:00
CASH-A3600A1120EC89,VAR-FE0794EAB71090|EG-013|STORE,MAP-BFA9CD414B3E0CB9,VAR-FE0794EAB71090,EG-013,,,EGP,,,,,,,,,,,القاهرة,,,,,,,True,,اكتشاف من صفحة فئة,https://btech.com/en/c/large-home-appliances/refrigerators/b/kiriazi,,,لم يُرصد,بانتظار أول رصد سعر,0,,,True,يحتاج اكتشاف رابط المنتج,,2026-07-30T00:00:00,2026-07-30T00:00:00
CASH-931B4B87A68210,VAR-FD2AD8DF9D84E3|EG-013|STORE,MAP-51F9F71BE33328D0,VAR-FD2AD8DF9D84E3,EG-013,,,EGP,,,,,,,,,,,القاهرة,,,,,,,True,,اكتشاف من صفحة فئة,https://btech.com/en/c/large-home-appliances/refrigerators/b/kiriazi,,,لم يُرصد,بانتظار أول رصد سعر,0,,,True,يحتاج اكتشاف رابط المنتج,,2026-07-30T00:00:00,2026-07-30T00:00:00
CASH-9D5B660E91FF76,VAR-C73C6209E58DF4|EG-013|STORE,MAP-49499A1F8EAE9626,VAR-C73C6209E58DF4,EG-013,,,EGP,,,,,,,,,,,القاهرة,,,,,,,True,,اكتشاف من صفحة فئة,https://btech.com/en/c/large-home-appliances/refrigerators/b/kiriazi,,,لم يُرصد,بانتظار أول رصد سعر,0,,,True,يحتاج اكتشاف رابط المنتج,,2026-07-30T00:00:00,2026-07-30T00:00:00
CASH-16284F8FAF55A4,VAR-B9921E131BA5F0|EG-013|STORE,MAP-D026AF4A2EA0F4D5,VAR-B9921E131BA5F0,EG-013,,,EGP,,,,,,,,,,,القاهرة,,,,,,,True,,اكتشاف من صفحة فئة,https://btech.com/en/c/large-home-appliances/refrigerators/b/kiriazi,,,لم يُرصد,بانتظار أول رصد سعر,0,,,True,يحتاج اكتشاف رابط المنتج,,2026-07-30T00:00:00,2026-07-30T00:00:00
CASH-FB0A4DDD44EFE0,VAR-42502C244AF224|EG-013|STORE,MAP-DCCD675254FCF704,VAR-42502C244AF224,EG-013,,,EGP,,,,,,,,,,,القاهرة,,,,,,,True,,اكتشاف من صفحة فئة,https://btech.com/en/c/large-home-appliances/refrigerators/b/kiriazi,,,لم يُرصد,بانتظار أول رصد سعر,0,,,True,يحتاج اكتشاف رابط المنتج,,2026-07-30T00:00:00,2026-07-30T00:00:00
CASH-A0C5882288138F,VAR-26B51FFD1C6E8E|EG-013|STORE,MAP-4E6DA2E27BD78278,VAR-26B51FFD1C6E8E,EG-013,,,EGP,,,,,,,,,,,القاهرة,,,,,,,True,,اكتشاف من صفحة فئة,https://btech.com/en/c/large-home-appliances/refrigerators/b/kiriazi,,,لم يُرصد,بانتظار أول رصد سعر,0,,,True,يحتاج اكتشاف رابط المنتج,,2026-07-30T00:00:00,2026-07-30T00:00:00
CASH-BE4762CAFD6559,VAR-8A883A70D19F63|EG-013|STORE,MAP-AA2CC678F8132C25,VAR-8A883A70D19F63,EG-013,,,EGP,,,,,,,,,,,القاهرة,,,,,,,True,,اكتشاف من صفحة فئة,https://btech.com/en/c/large-home-appliances/refrigerators/b/kiriazi,,,لم يُرصد,بانتظار أول رصد سعر,0,,,True,يحتاج اكتشاف رابط المنتج,,2026-07-30T00:00:00,2026-07-30T00:00:00
CASH-5F70CA380763D5,VAR-DF7E5D8798404D|EG-013|STORE,MAP-087BC3FDC97957ED,VAR-DF7E5D8798404D,EG-013,,,EGP,,,,,,,,,,,القاهرة,,,,,,,True,,اكتشاف من صفحة فئة,https://btech.com/en/c/large-home-appliances/refrigerators/b/kiriazi,,,لم يُرصد,بانتظار أول رصد سعر,0,,,True,يحتاج اكتشاف رابط المنتج,,2026-07-30T00:00:00,2026-07-30T00:00:00
CASH-FC492DB527BB15,VAR-E57B351855F0AF|EG-013|STORE,MAP-3698B3739CAE36F4,VAR-E57B351855F0AF,EG-013,,,EGP,,,,,,,,,,,القاهرة,,,,,,,True,,HTML/JSON-LD,https://btech.com/en/p/6a856b9f-1237-4234-8621-daf7f801693d,,,لم يُرصد,بانتظار أول رصد سعر,0,,,True,جاهز لأول رصد,"Catalogue title: LG NoFrost Top Freezer Refrigerator, 450 Liter Inverter Motor, Black - GTF452SSAN",2026-07-30T00:00:00,2026-07-30T00:00:00
CASH-354D5515C1EF12,VAR-36405D071EECCA|EG-013|STORE,MAP-B2BF4868CEA84643,VAR-36405D071EECCA,EG-013,,,EGP,,,,,,,,,,,القاهرة,,,,,,,True,,HTML/JSON-LD,https://btech.com/en/p/6d28e4f4-e913-4ef9-9508-07ba95ef9027,,,لم يُرصد,بانتظار أول رصد سعر,0,,,True,جاهز لأول رصد,"Catalogue title: LG NoFrost Top Freezer Refrigerator, 450 Liter Inverter Motor, Silver - GTF452SVAN",2026-07-30T00:00:00,2026-07-30T00:00:00
CASH-D6D99F960A405A,VAR-71E6636681AF24|EG-013|STORE,MAP-0EB24139B87B6D76,VAR-71E6636681AF24,EG-013,,,EGP,,,,,,,,,,,القاهرة,,,,,,,True,,HTML/JSON-LD,https://btech.com/en/p/midea-no-frost-refrigerator-535-liters-inverter-stainless-rt723mtn46d,,,لم يُرصد,بانتظار أول رصد سعر,0,,,True,جاهز لأول رصد,"Catalogue title: Midea NoFrost Top Freezer Refrigerator, 535 Liter Inverter Motor, Stainless Steel - RT723MTN46D",2026-07-30T00:00:00,2026-07-30T00:00:00
CASH-184770DCDEE774,VAR-148B150DDB105A|EG-013|STORE,MAP-D3814AE61FDC82F9,VAR-148B150DDB105A,EG-013,,,EGP,,,,,,,,,,,القاهرة,,,,,,,True,,HTML/JSON-LD,https://btech.com/en/p/samsung-no-frost-refrigerator-340liters-black-rb34c672eb1-mr,,,لم يُرصد,بانتظار أول رصد سعر,0,,,True,جاهز لأول رصد,"Catalogue title: Samsung NoFrost Bottom Freezer Refrigerator, 340 Liter Inverter Motor, Black - RB34C672EB1/MR",2026-07-30T00:00:00,2026-07-30T00:00:00
CASH-2ECAE7E493841A,VAR-DE28110CCBC798|EG-013|STORE,MAP-A451F05736307960,VAR-DE28110CCBC798,EG-013,,,EGP,,,,,,,,,,,القاهرة,,,,,,,True,,HTML/JSON-LD,https://btech.com/en/p/samsung-nofrost-refrigerator-340l-rt33dg3000qvmr,,,لم يُرصد,بانتظار أول رصد سعر,0,,,True,جاهز لأول رصد,"Catalogue title: Samsung NoFrost Top Freezer Refrigerator, 340 Liter, Silver - RT33DG3000QVMR",2026-07-30T00:00:00,2026-07-30T00:00:00
CASH-FF011B8855A687,VAR-B4EC91697C5BD6|EG-013|STORE,MAP-C2DA07AE556DDAE1,VAR-B4EC91697C5BD6,EG-013,,,EGP,,,,,,,,,,,القاهرة,,,,,,,True,,HTML/JSON-LD,https://btech.com/en/p/sharp-refrigerator-no-frost-396l-sj-48c-st,,,لم يُرصد,بانتظار أول رصد سعر,0,,,True,جاهز لأول رصد,"Catalogue title: Sharp NoFrost Top Freezer Refrigerator, 396 Liter, Stainless Steel - SJ-48C(ST)",2026-07-30T00:00:00,2026-07-30T00:00:00
CASH-80A2B0C4D1D1BE,VAR-C8A8EEC4FAFDA2|EG-013|STORE,MAP-7FA7A0546DE0AC6C,VAR-C8A8EEC4FAFDA2,EG-013,,,EGP,,,,,,,,,,,القاهرة,,,,,,,True,,اكتشاف من صفحة فئة,https://btech.com/en/c/large-home-appliances/refrigerators/b/tornado,,,لم يُرصد,بانتظار أول رصد سعر,0,,,True,يحتاج اكتشاف رابط المنتج,,2026-07-30T00:00:00,2026-07-30T00:00:00
CASH-BD3BC6CB860C10,VAR-F8A306A0F02622|EG-013|STORE,MAP-39B66F7632A6709D,VAR-F8A306A0F02622,EG-013,,,EGP,,,,,,,,,,,القاهرة,,,,,,,True,,اكتشاف من صفحة فئة,https://btech.com/en/c/large-home-appliances/refrigerators/b/tornado,,,لم يُرصد,بانتظار أول رصد سعر,0,,,True,يحتاج اكتشاف رابط المنتج,,2026-07-30T00:00:00,2026-07-30T00:00:00
CASH-0BC8A9E72F0B67,VAR-02FB482B068486|EG-013|STORE,MAP-7306C9FFC039FF86,VAR-02FB482B068486,EG-013,,,EGP,,,,,,,,,,,القاهرة,,,,,,,True,,اكتشاف من صفحة فئة,https://btech.com/en/c/large-home-appliances/refrigerators/b/tornado,,,لم يُرصد,بانتظار أول رصد سعر,0,,,True,يحتاج اكتشاف رابط المنتج,,2026-07-30T00:00:00,2026-07-30T00:00:00
CASH-BE2CDABC4AA9AD,VAR-DC7C1B9B2C0A1F|EG-013|STORE,MAP-72CDA9E4CAA815A1,VAR-DC7C1B9B2C0A1F,EG-013,,,EGP,,,,,,,,,,,القاهرة,,,,,,,True,,اكتشاف من صفحة فئة,https://btech.com/en/c/large-home-appliances/refrigerators/b/tornado,,,لم يُرصد,بانتظار أول رصد سعر,0,,,True,يحتاج اكتشاف رابط المنتج,,2026-07-30T00:00:00,2026-07-30T00:00:00
CASH-FDF9A0A4995473,VAR-2F18484A10314E|EG-013|STORE,MAP-020FDEE684560E85,VAR-2F18484A10314E,EG-013,,,EGP,,,,,,,,,,,القاهرة,,,,,,,True,,اكتشاف من صفحة فئة,https://btech.com/en/c/large-home-appliances/refrigerators/b/tornado,,,لم يُرصد,بانتظار أول رصد سعر,0,,,True,يحتاج اكتشاف رابط المنتج,,2026-07-30T00:00:00,2026-07-30T00:00:00
CASH-BD5F46FC44F53A,VAR-311057CCE21100|EG-013|STORE,MAP-B1528F01852F85CC,VAR-311057CCE21100,EG-013,,,EGP,,,,,,,,,,,القاهرة,,,,,,,True,,اكتشاف من صفحة فئة,https://btech.com/en/c/large-home-appliances/refrigerators/b/tornado,,,لم يُرصد,بانتظار أول رصد سعر,0,,,True,يحتاج اكتشاف رابط المنتج,,2026-07-30T00:00:00,2026-07-30T00:00:00
CASH-56EC934DFB22DB,VAR-B8C720A67C4F29|EG-013|STORE,MAP-DB6DB45CF9CAC263,VAR-B8C720A67C4F29,EG-013,,,EGP,,,,,,,,,,,القاهرة,,,,,,,True,,اكتشاف من صفحة فئة,https://btech.com/en/c/large-home-appliances/refrigerators/b/tornado,,,لم يُرصد,بانتظار أول رصد سعر,0,,,True,يحتاج اكتشاف رابط المنتج,,2026-07-30T00:00:00,2026-07-30T00:00:00
CASH-DDDE84B875D00E,VAR-38315A2615EF36|EG-013|STORE,MAP-5F88EA0E7FA8EF08,VAR-38315A2615EF36,EG-013,,,EGP,,,,,,,,,,,القاهرة,,,,,,,True,,اكتشاف من صفحة فئة,https://btech.com/en/c/large-home-appliances/refrigerators/b/tornado,,,لم يُرصد,بانتظار أول رصد سعر,0,,,True,يحتاج اكتشاف رابط المنتج,,2026-07-30T00:00:00,2026-07-30T00:00:00
CASH-F364EFADA9634F,VAR-271EB451A2F73A|EG-013|STORE,MAP-A19FC726A0E82CAC,VAR-271EB451A2F73A,EG-013,,,EGP,,,,,,,,,,,القاهرة,,,,,,,True,,اكتشاف من صفحة فئة,https://btech.com/en/c/large-home-appliances/refrigerators/b/tornado,,,لم يُرصد,بانتظار أول رصد سعر,0,,,True,يحتاج اكتشاف رابط المنتج,,2026-07-30T00:00:00,2026-07-30T00:00:00
CASH-6B9092ABFE0C68,VAR-A0BF860750F070|EG-013|STORE,MAP-54F2C2A66605F8D9,VAR-A0BF860750F070,EG-013,,,EGP,,,,,,,,,,,القاهرة,,,,,,,True,,اكتشاف من صفحة فئة,https://btech.com/en/c/large-home-appliances/refrigerators/b/tornado,,,لم يُرصد,بانتظار أول رصد سعر,0,,,True,يحتاج اكتشاف رابط المنتج,,2026-07-30T00:00:00,2026-07-30T00:00:00
CASH-1A5BFA80F07DF9,VAR-B324D5411658BD|EG-013|STORE,MAP-EAF9C635349F0118,VAR-B324D5411658BD,EG-013,,,EGP,,,,,,,,,,,القاهرة,,,,,,,True,,اكتشاف من صفحة فئة,https://btech.com/en/c/large-home-appliances/refrigerators/b/tornado,,,لم يُرصد,بانتظار أول رصد سعر,0,,,True,يحتاج اكتشاف رابط المنتج,,2026-07-30T00:00:00,2026-07-30T00:00:00
CASH-232475A5EA0A8A,VAR-A30BB78F283AF9|EG-013|STORE,MAP-E2FE279903C7B5A8,VAR-A30BB78F283AF9,EG-013,,,EGP,,,,,,,,,,,القاهرة,,,,,,,True,,اكتشاف من صفحة فئة,https://btech.com/en/c/large-home-appliances/refrigerators/b/tornado,,,لم يُرصد,بانتظار أول رصد سعر,0,,,True,يحتاج اكتشاف رابط المنتج,,2026-07-30T00:00:00,2026-07-30T00:00:00
CASH-0B9ED3D6FEE87F,VAR-01875FF5CB955A|EG-013|STORE,MAP-9DCD4119D9B951CE,VAR-01875FF5CB955A,EG-013,,,EGP,,,,,,,,,,,القاهرة,,,,,,,True,,اكتشاف من صفحة فئة,https://btech.com/en/c/large-home-appliances/refrigerators/b/tornado,,,لم يُرصد,بانتظار أول رصد سعر,0,,,True,يحتاج اكتشاف رابط المنتج,,2026-07-30T00:00:00,2026-07-30T00:00:00
CASH-F01D20F9CA1515,VAR-B50658D6633E76|EG-013|STORE,MAP-5E3B3B16FF883060,VAR-B50658D6633E76,EG-013,,,EGP,,,,,,,,,,,القاهرة,,,,,,,True,,اكتشاف من صفحة فئة,https://btech.com/en/c/large-home-appliances/refrigerators/b/tornado,,,لم يُرصد,بانتظار أول رصد سعر,0,,,True,يحتاج اكتشاف رابط المنتج,,2026-07-30T00:00:00,2026-07-30T00:00:00
CASH-2D5F75D2B4D790,VAR-5D326357176042|EG-013|STORE,MAP-694D98B5638D8EDE,VAR-5D326357176042,EG-013,,,EGP,,,,,,,,,,,القاهرة,,,,,,,True,,اكتشاف من صفحة فئة,https://btech.com/en/c/large-home-appliances/refrigerators/b/tornado,,,لم يُرصد,بانتظار أول رصد سعر,0,,,True,يحتاج اكتشاف رابط المنتج,,2026-07-30T00:00:00,2026-07-30T00:00:00
CASH-32CFFA79D696B1,VAR-856011DEE7AB64|EG-013|STORE,MAP-FD200C957423B6A4,VAR-856011DEE7AB64,EG-013,,,EGP,,,,,,,,,,,القاهرة,,,,,,,True,,اكتشاف من صفحة فئة,https://btech.com/en/c/large-home-appliances/refrigerators/b/tornado,,,لم يُرصد,بانتظار أول رصد سعر,0,,,True,يحتاج اكتشاف رابط المنتج,,2026-07-30T00:00:00,2026-07-30T00:00:00
CASH-4E0773638C9412,VAR-BCBA035EFDAB6A|EG-013|STORE,MAP-D8D5048B4496A1E3,VAR-BCBA035EFDAB6A,EG-013,,,EGP,,,,,,,,,,,القاهرة,,,,,,,True,,HTML/JSON-LD,https://btech.com/en/p/unionaire-defrost-refrigerator-310-liters-black-rd-320bb-dvgsghusto,,,لم يُرصد,بانتظار أول رصد سعر,0,,,True,جاهز لأول رصد,"Catalogue title: Unionaire Defrost Top Freezer Refrigerator, 310 Liter, Black - RD-320BB-DVGSGHUSTO",2026-07-30T00:00:00,2026-07-30T00:00:00
CASH-C2258E84B900A5,VAR-EB83C2EFAC4D41|EG-079|STORE,MAP-DB4313FC805D42B8,VAR-EB83C2EFAC4D41,EG-079,,,EGP,,,,,,,,,,,القاهرة,,,,,,,True,,Sitemap ثم صفحة منتج,https://www.zahranstores.com/en/moulinex-la-moulinette-chopper-with-blender-800-watt-white-ar6801eg-1139,,,لم يُرصد,بانتظار أول رصد سعر,0,,,True,يحتاج تأكيد صفحة المنتج,Exact product URL in Zahran Stores public sitemap; stock not asserted,2026-07-30T00:00:00,2026-07-30T00:00:00
CASH-E397D8FBA6B5EB,VAR-293988A171F08B|EG-079|STORE,MAP-272D4989779A61D0,VAR-293988A171F08B,EG-079,,,EGP,,,,,,,,,,,القاهرة,,,,,,,True,,Sitemap ثم صفحة منتج,https://www.zahranstores.com/en/moulinex-la-moulinette-chopper-with-blender-1000-watt-white-dpa241eg-2258,,,لم يُرصد,بانتظار أول رصد سعر,0,,,True,يحتاج تأكيد صفحة المنتج,Exact product URL in Zahran Stores public sitemap; stock not asserted,2026-07-30T00:00:00,2026-07-30T00:00:00
CASH-325D2130040B39,VAR-0FAC593BCFFABD|EG-079|STORE,MAP-6A385C7E326145C2,VAR-0FAC593BCFFABD,EG-079,,,EGP,,,,,,,,,,,القاهرة,,,,,,,True,,Sitemap ثم صفحة منتج,https://www.zahranstores.com/en/moulinex-super-blender-grinder-grater-2liter-700watt-white-lm207125,,,لم يُرصد,بانتظار أول رصد سعر,0,,,True,يحتاج تأكيد صفحة المنتج,Exact product URL in Zahran Stores public sitemap; stock not asserted,2026-07-30T00:00:00,2026-07-30T00:00:00
CASH-F88C7E857069CD,VAR-E86E21D24B7CFF|EG-079|STORE,MAP-D0163000C65173EB,VAR-E86E21D24B7CFF,EG-079,,,EGP,,,,,,,,,,,القاهرة,,,,,,,True,,Sitemap ثم صفحة منتج,https://www.zahranstores.com/en/moulinex-blendeo-blender-grinder-450watt-lm2b21eg,,,لم يُرصد,بانتظار أول رصد سعر,0,,,True,يحتاج تأكيد صفحة المنتج,Exact product URL in Zahran Stores public sitemap; stock not asserted,2026-07-30T00:00:00,2026-07-30T00:00:00
CASH-15EC5E46EF66F6,VAR-687B09624752C2|EG-079|STORE,MAP-65A1CE6FC45346F5,VAR-687B09624752C2,EG-079,,,EGP,,,,,,,,,,,القاهرة,,,,,,,True,,Sitemap ثم صفحة منتج,https://www.zahranstores.com/en/moulinex-blendeo-blender-450watt-grinder-chopper-lm2b3126,,,لم يُرصد,بانتظار أول رصد سعر,0,,,True,يحتاج تأكيد صفحة المنتج,Exact product URL in Zahran Stores public sitemap; stock not asserted,2026-07-30T00:00:00,2026-07-30T00:00:00
CASH-4E668C25CB540E,VAR-114CAC08ABB90C|EG-079|STORE,MAP-A3B3D73F67E8A5D2,VAR-114CAC08ABB90C,EG-079,,,EGP,,,,,,,,,,,القاهرة,,,,,,,True,,Sitemap ثم صفحة منتج,https://www.zahranstores.com/en/moulinex-blendeo-blender-450w-2speeds-pulse-grinder-chopper-lm2cr8m2,,,لم يُرصد,بانتظار أول رصد سعر,0,,,True,يحتاج تأكيد صفحة المنتج,Exact product URL in Zahran Stores public sitemap; stock not asserted,2026-07-30T00:00:00,2026-07-30T00:00:00
CASH-0511DDDEC06326,VAR-A1EA829987E535|EG-079|STORE,MAP-75F242320E8F3B50,VAR-A1EA829987E535,EG-079,,,EGP,,,,,,,,,,,القاهرة,,,,,,,True,,Sitemap ثم صفحة منتج,https://www.zahranstores.com/en/moulinex-blendforce-blender-800-watt-2liter-grinder-chopper-lm4231eg,,,لم يُرصد,بانتظار أول رصد سعر,0,,,True,يحتاج تأكيد صفحة المنتج,Exact product URL in Zahran Stores public sitemap; stock not asserted,2026-07-30T00:00:00,2026-07-30T00:00:00
CASH-F5C519F8F8187D,VAR-3D8FBB2F7988AB|EG-079|STORE,MAP-56AA68B6C22A8960,VAR-3D8FBB2F7988AB,EG-079,,,EGP,,,,,,,,,,,القاهرة,,,,,,,True,,Sitemap ثم صفحة منتج,https://www.zahranstores.com/en/moulinex-blendfroce-blender-800watt-2liters-xl-chopper-lm42x2eg,,,لم يُرصد,بانتظار أول رصد سعر,0,,,True,يحتاج تأكيد صفحة المنتج,Exact product URL in Zahran Stores public sitemap; stock not asserted,2026-07-30T00:00:00,2026-07-30T00:00:00
CASH-65634F0BC19B31,VAR-8589FB63184140|EG-079|STORE,MAP-D018D7935E52C7E8,VAR-8589FB63184140,EG-079,,,EGP,,,,,,,,,,,القاهرة,,,,,,,True,,Sitemap ثم صفحة منتج,https://www.zahranstores.com/en/moulinex-blendforce-blender-800watt-glass-jar-2liters-grinder-chopper-lm4358eg,,,لم يُرصد,بانتظار أول رصد سعر,0,,,True,يحتاج تأكيد صفحة المنتج,Exact product URL in Zahran Stores public sitemap; stock not asserted,2026-07-30T00:00:00,2026-07-30T00:00:00
CASH-4352D0AE6EAC2E,VAR-55C4DEC18C2454|EG-079|STORE,MAP-6DE3118A240F7B7D,VAR-55C4DEC18C2454,EG-079,,,EGP,,,,,,,,,,,القاهرة,,,,,,,True,,Sitemap ثم صفحة منتج,https://www.zahranstores.com/en/moulinex-high-speed-blender-perfect-mix-1200w-2l-glass-jar-lm871d10,,,لم يُرصد,بانتظار أول رصد سعر,0,,,True,يحتاج تأكيد صفحة المنتج,Exact product URL in Zahran Stores public sitemap; stock not asserted,2026-07-30T00:00:00,2026-07-30T00:00:00
CASH-9E36E1D7F171D3,VAR-11BECD2F3060FA|EG-079|STORE,MAP-2AFACAE33E267BFF,VAR-11BECD2F3060FA,EG-079,,,EGP,,,,,,,,,,,القاهرة,,,,,,,True,,Sitemap ثم صفحة منتج,https://www.zahranstores.com/en/moulinex-turbomix-plus-hand-blender-350watt-beaker-800ml-dd1001eg,,,لم يُرصد,بانتظار أول رصد سعر,0,,,True,يحتاج تأكيد صفحة المنتج,Exact product URL in Zahran Stores public sitemap; stock not asserted,2026-07-30T00:00:00,2026-07-30T00:00:00
CASH-B4C5932D5FE428,VAR-B356131C0D1252|EG-079|STORE,MAP-B882F009235CBAAC,VAR-B356131C0D1252,EG-079,,,EGP,,,,,,,,,,,القاهرة,,,,,,,True,,Sitemap ثم صفحة منتج,https://www.zahranstores.com/en/moulinex-turbomix-plus-hand-blender-stainless-steel-foot-350watt-beaker-800ml-dd1011eg,,,لم يُرصد,بانتظار أول رصد سعر,0,,,True,يحتاج تأكيد صفحة المنتج,Exact product URL in Zahran Stores public sitemap; stock not asserted,2026-07-30T00:00:00,2026-07-30T00:00:00
CASH-4B593B22FD2FFB,VAR-02A18405C31312|EG-079|STORE,MAP-4D7F8CE84079349A,VAR-02A18405C31312,EG-079,,,EGP,,,,,,,,,,,القاهرة,,,,,,,True,,Sitemap ثم صفحة منتج,https://www.zahranstores.com/en/moulinex-optichef-hand-blender-1000-watts-10-speeds-white-dd6411eg,,,لم يُرصد,بانتظار أول رصد سعر,0,,,True,يحتاج تأكيد صفحة المنتج,Exact product URL in Zahran Stores public sitemap; stock not asserted,2026-07-30T00:00:00,2026-07-30T00:00:00
CASH-24B853BC5FFF2A,VAR-AFC17A6337ECCF|EG-079|STORE,MAP-1DF09F7507F97A5D,VAR-AFC17A6337ECCF,EG-079,,,EGP,,,,,,,,,,,القاهرة,,,,,,,True,,Sitemap ثم صفحة منتج,https://www.zahranstores.com/en/moulinex-optichef-hand-blender-1000watt-12-functions-500ml-chopper-white-dd6551eg,,,لم يُرصد,بانتظار أول رصد سعر,0,,,True,يحتاج تأكيد صفحة المنتج,Exact product URL in Zahran Stores public sitemap; stock not asserted,2026-07-30T00:00:00,2026-07-30T00:00:00
CASH-EE1E3465A44F57,VAR-601343BC2072C4|EG-079|STORE,MAP-913B381B0DF5A837,VAR-601343BC2072C4,EG-079,,,EGP,,,,,,,,,,,القاهرة,,,,,,,True,,Sitemap ثم صفحة منتج,https://www.zahranstores.com/en/moulinex-optichef-hand-blender-1000watt-15functions-500ml-chopper-whisk-black-dd6552eg,,,لم يُرصد,بانتظار أول رصد سعر,0,,,True,يحتاج تأكيد صفحة المنتج,Exact product URL in Zahran Stores public sitemap; stock not asserted,2026-07-30T00:00:00,2026-07-30T00:00:00
CASH-7FCE824E88C6BC,VAR-4CF36436825209|EG-079|STORE,MAP-B0A83D21030D47D7,VAR-4CF36436825209,EG-079,,,EGP,,,,,,,,,,,القاهرة,,,,,,,True,,Sitemap ثم صفحة منتج,https://www.zahranstores.com/en/moulinex-optichef-hand-blender-1000watt-17functions-chopper-800ml-beaker-whisk-black-dd6554eg,,,لم يُرصد,بانتظار أول رصد سعر,0,,,True,يحتاج تأكيد صفحة المنتج,Exact product URL in Zahran Stores public sitemap; stock not asserted,2026-07-30T00:00:00,2026-07-30T00:00:00
CASH-AFD78545E0CA5E,VAR-23EFCE8A08F879|EG-079|STORE,MAP-D66CE8C7981AA0DC,VAR-23EFCE8A08F879,EG-079,,,EGP,,,,,,,,,,,القاهرة,,,,,,,True,,Sitemap ثم صفحة منتج,https://www.zahranstores.com/en/moulinex-quickchef-hand-blender-1000w-chopper-500ml-beaker-800ml-3in1-20-speeds-stainless-steel-foot-dd673810,,,لم يُرصد,بانتظار أول رصد سعر,0,,,True,يحتاج تأكيد صفحة المنتج,Exact product URL in Zahran Stores public sitemap; stock not asserted,2026-07-30T00:00:00,2026-07-30T00:00:00
CASH-95143F957BDD88,VAR-B99202026564E7|EG-013|STORE,MAP-F9137C8B270F4DE4,VAR-B99202026564E7,EG-013,,,EGP,,,,,,,,,,,القاهرة,,,,,,,True,,اكتشاف من صفحة فئة,https://btech.com/en/c/large-home-appliances/dishwashers,,,لم يُرصد,بانتظار أول رصد سعر,0,,,True,يحتاج اكتشاف رابط المنتج,,2026-07-30T00:00:00,2026-07-30T00:00:00
CASH-6CD3121902710F,VAR-0DAB00B782C088|EG-013|STORE,MAP-988AEF30A681DCCD,VAR-0DAB00B782C088,EG-013,,,EGP,,,,,,,,,,,القاهرة,,,,,,,True,,اكتشاف من صفحة فئة,https://btech.com/en/c/large-home-appliances/dishwashers,,,لم يُرصد,بانتظار أول رصد سعر,0,,,True,يحتاج اكتشاف رابط المنتج,,2026-07-30T00:00:00,2026-07-30T00:00:00
CASH-7DA5951B9CD018,VAR-80E06E2DF94ABD|EG-013|STORE,MAP-28F344A1E45FAF08,VAR-80E06E2DF94ABD,EG-013,,,EGP,,,,,,,,,,,القاهرة,,,,,,,True,,اكتشاف من صفحة فئة,https://btech.com/en/c/large-home-appliances/dishwashers,,,لم يُرصد,بانتظار أول رصد سعر,0,,,True,يحتاج اكتشاف رابط المنتج,,2026-07-30T00:00:00,2026-07-30T00:00:00
CASH-DCF5AF9F1286DA,VAR-65E46C9A3BCDF4|EG-013|STORE,MAP-93D58A310A034EC4,VAR-65E46C9A3BCDF4,EG-013,,,EGP,,,,,,,,,,,القاهرة,,,,,,,True,,اكتشاف من صفحة فئة,https://btech.com/en/c/large-home-appliances/dishwashers,,,لم يُرصد,بانتظار أول رصد سعر,0,,,True,يحتاج اكتشاف رابط المنتج,,2026-07-30T00:00:00,2026-07-30T00:00:00
CASH-97AF0A6313F627,VAR-A3A05A7404B42A|EG-013|STORE,MAP-A056C2FE2B1D822F,VAR-A3A05A7404B42A,EG-013,,,EGP,,,,,,,,,,,القاهرة,,,,,,,True,,اكتشاف من صفحة فئة,https://btech.com/en/c/large-home-appliances/dishwashers,,,لم يُرصد,بانتظار أول رصد سعر,0,,,True,يحتاج اكتشاف رابط المنتج,,2026-07-30T00:00:00,2026-07-30T00:00:00
CASH-C191CBB128425B,VAR-BCB8ABEA863897|EG-013|STORE,MAP-84547BDDAA2B6175,VAR-BCB8ABEA863897,EG-013,,,EGP,,,,,,,,,,,القاهرة,,,,,,,True,,اكتشاف من صفحة فئة,https://btech.com/en/c/large-home-appliances/dishwashers,,,لم يُرصد,بانتظار أول رصد سعر,0,,,True,يحتاج اكتشاف رابط المنتج,,2026-07-30T00:00:00,2026-07-30T00:00:00
CASH-5FCC4697EACEC7,VAR-720273D0F73E76|EG-013|STORE,MAP-266E1A3A43851952,VAR-720273D0F73E76,EG-013,,,EGP,,,,,,,,,,,القاهرة,,,,,,,True,,اكتشاف من صفحة فئة,https://btech.com/en/c/large-home-appliances/dishwashers,,,لم يُرصد,بانتظار أول رصد سعر,0,,,True,يحتاج اكتشاف رابط المنتج,,2026-07-30T00:00:00,2026-07-30T00:00:00
CASH-30592F3D084E07,VAR-E0CEB3B1A118C7|EG-013|STORE,MAP-94DC9CD3B06AFC82,VAR-E0CEB3B1A118C7,EG-013,,,EGP,,,,,,,,,,,القاهرة,,,,,,,True,,اكتشاف من صفحة فئة,https://btech.com/en/c/large-home-appliances/dishwashers,,,لم يُرصد,بانتظار أول رصد سعر,0,,,True,يحتاج اكتشاف رابط المنتج,,2026-07-30T00:00:00,2026-07-30T00:00:00
CASH-19BE2080BA0436,VAR-A38365C183AE30|EG-013|STORE,MAP-DA6878E317F45EB0,VAR-A38365C183AE30,EG-013,,,EGP,,,,,,,,,,,القاهرة,,,,,,,True,,اكتشاف من صفحة فئة,https://btech.com/en/c/large-home-appliances/dishwashers,,,لم يُرصد,بانتظار أول رصد سعر,0,,,True,يحتاج اكتشاف رابط المنتج,,2026-07-30T00:00:00,2026-07-30T00:00:00
CASH-6A3F01788360AC,VAR-D8274BD90E0421|EG-013|STORE,MAP-F2F586665E5EF203,VAR-D8274BD90E0421,EG-013,,,EGP,,,,,,,,,,,القاهرة,,,,,,,True,,اكتشاف من صفحة فئة,https://btech.com/en/c/large-home-appliances/dishwashers,,,لم يُرصد,بانتظار أول رصد سعر,0,,,True,يحتاج اكتشاف رابط المنتج,,2026-07-30T00:00:00,2026-07-30T00:00:00
CASH-3BA255A2719B80,VAR-29A5DF6CBB8A72|EG-013|STORE,MAP-9C934078D5E084DA,VAR-29A5DF6CBB8A72,EG-013,,,EGP,,,,,,,,,,,القاهرة,,,,,,,True,,اكتشاف من صفحة فئة,https://btech.com/en/c/large-home-appliances/dishwashers,,,لم يُرصد,بانتظار أول رصد سعر,0,,,True,يحتاج اكتشاف رابط المنتج,,2026-07-30T00:00:00,2026-07-30T00:00:00
CASH-DDFC789B7D1206,VAR-A650A8D51D0909|EG-013|STORE,MAP-2B1B42012586C29C,VAR-A650A8D51D0909,EG-013,,,EGP,,,,,,,,,,,القاهرة,,,,,,,True,,اكتشاف من صفحة فئة,https://btech.com/en/c/large-home-appliances/dishwashers,,,لم يُرصد,بانتظار أول رصد سعر,0,,,True,يحتاج اكتشاف رابط المنتج,,2026-07-30T00:00:00,2026-07-30T00:00:00
CASH-87D1EC4BF7038C,VAR-C7259EB1F7FDCA|EG-013|STORE,MAP-E15F6E5BB2AEECE0,VAR-C7259EB1F7FDCA,EG-013,,,EGP,,,,,,,,,,,القاهرة,,,,,,,True,,اكتشاف من صفحة فئة,https://btech.com/en/c/large-home-appliances/dishwashers,,,لم يُرصد,بانتظار أول رصد سعر,0,,,True,يحتاج اكتشاف رابط المنتج,,2026-07-30T00:00:00,2026-07-30T00:00:00
CASH-887671ECBFE4D0,VAR-EF58AE2377EA68|EG-013|STORE,MAP-D5DEA3306D9920C2,VAR-EF58AE2377EA68,EG-013,,,EGP,,,,,,,,,,,القاهرة,,,,,,,True,,اكتشاف من صفحة فئة,https://btech.com/en/c/large-home-appliances/dishwashers,,,لم يُرصد,بانتظار أول رصد سعر,0,,,True,يحتاج اكتشاف رابط المنتج,,2026-07-30T00:00:00,2026-07-30T00:00:00
CASH-6BE96673FADBF7,VAR-E7123E773ABD9B|EG-013|STORE,MAP-0EDBB55A26F15A18,VAR-E7123E773ABD9B,EG-013,,,EGP,,,,,,,,,,,القاهرة,,,,,,,True,,اكتشاف من صفحة فئة,https://btech.com/en/c/large-home-appliances/dishwashers,,,لم يُرصد,بانتظار أول رصد سعر,0,,,True,يحتاج اكتشاف رابط المنتج,,2026-07-30T00:00:00,2026-07-30T00:00:00
CASH-450D4022C1C2D2,VAR-B97FD0EEAC2262|EG-013|STORE,MAP-9E39FD4A9FE4DFFE,VAR-B97FD0EEAC2262,EG-013,,,EGP,,,,,,,,,,,القاهرة,,,,,,,True,,اكتشاف من صفحة فئة,https://btech.com/en/c/large-home-appliances/dishwashers,,,لم يُرصد,بانتظار أول رصد سعر,0,,,True,يحتاج اكتشاف رابط المنتج,,2026-07-30T00:00:00,2026-07-30T00:00:00
CASH-E56A54460A13CF,VAR-DAA8E1B3BD8761|EG-013|STORE,MAP-6AB8E66946B0CA61,VAR-DAA8E1B3BD8761,EG-013,,,EGP,,,,,,,,,,,القاهرة,,,,,,,True,,اكتشاف من صفحة فئة,https://btech.com/en/c/large-home-appliances/dishwashers,,,لم يُرصد,بانتظار أول رصد سعر,0,,,True,يحتاج اكتشاف رابط المنتج,,2026-07-30T00:00:00,2026-07-30T00:00:00
CASH-40010DBA8291E4,VAR-4FFC1AA4514D76|EG-013|STORE,MAP-F02B579112A0E9B3,VAR-4FFC1AA4514D76,EG-013,,,EGP,,,,,,,,,,,القاهرة,,,,,,,True,,اكتشاف من صفحة فئة,https://btech.com/en/c/large-home-appliances/dishwashers,,,لم يُرصد,بانتظار أول رصد سعر,0,,,True,يحتاج اكتشاف رابط المنتج,,2026-07-30T00:00:00,2026-07-30T00:00:00
CASH-19D267202C84B8,VAR-7A2AC517771614|EG-013|STORE,MAP-557F593D960B8BC1,VAR-7A2AC517771614,EG-013,,,EGP,,,,,,,,,,,القاهرة,,,,,,,True,,اكتشاف من صفحة فئة,https://btech.com/en/c/large-home-appliances/dishwashers,,,لم يُرصد,بانتظار أول رصد سعر,0,,,True,يحتاج اكتشاف رابط المنتج,,2026-07-30T00:00:00,2026-07-30T00:00:00
CASH-FE01C18C438894,VAR-627D9BCADA1E31|EG-013|STORE,MAP-E848C9AAD2591454,VAR-627D9BCADA1E31,EG-013,,,EGP,,,,,,,,,,,القاهرة,,,,,,,True,,اكتشاف من صفحة فئة,https://btech.com/en/c/large-home-appliances/dishwashers,,,لم يُرصد,بانتظار أول رصد سعر,0,,,True,يحتاج اكتشاف رابط المنتج,,2026-07-30T00:00:00,2026-07-30T00:00:00
CASH-BF46062653F930,VAR-BDDF7B936BB646|EG-013|STORE,MAP-F033B7E1EB933BF6,VAR-BDDF7B936BB646,EG-013,,,EGP,,,,,,,,,,,القاهرة,,,,,,,True,,اكتشاف من صفحة فئة,https://btech.com/en/c/large-home-appliances/washing-machines-dryers/b/bosch,,,لم يُرصد,بانتظار أول رصد سعر,0,,,True,يحتاج اكتشاف رابط المنتج,,2026-07-30T00:00:00,2026-07-30T00:00:00
CASH-B3916F347C8492,VAR-5141646D51FB7D|EG-013|STORE,MAP-6854F2E146E5D1C1,VAR-5141646D51FB7D,EG-013,,,EGP,,,,,,,,,,,القاهرة,,,,,,,True,,HTML/JSON-LD,https://btech.com/en/p/50dc46bc-45b8-4505-a3f2-0c2475c69cf7,,,لم يُرصد,بانتظار أول رصد سعر,0,,,True,جاهز لأول رصد,"Catalogue title: Bosch Inverter Front Load Washing Machine, 9 kg, Grey - WGA244Z1EG",2026-07-30T00:00:00,2026-07-30T00:00:00
CASH-BE80E919F9685C,VAR-F8F3F40E5BF3E5|EG-013|STORE,MAP-2D77C69A195F5D5D,VAR-F8F3F40E5BF3E5,EG-013,,,EGP,,,,,,,,,,,القاهرة,,,,,,,True,,اكتشاف من صفحة فئة,https://btech.com/en/c/large-home-appliances/washing-machines-dryers/b/bosch,,,لم يُرصد,بانتظار أول رصد سعر,0,,,True,يحتاج اكتشاف رابط المنتج,,2026-07-30T00:00:00,2026-07-30T00:00:00
CASH-FB9365687D332B,VAR-6EC006DEA2593B|EG-013|STORE,MAP-66B78A349BCE4E95,VAR-6EC006DEA2593B,EG-013,,,EGP,,,,,,,,,,,القاهرة,,,,,,,True,,اكتشاف من صفحة فئة,https://btech.com/en/c/large-home-appliances/washing-machines-dryers/b/bosch,,,لم يُرصد,بانتظار أول رصد سعر,0,,,True,يحتاج اكتشاف رابط المنتج,,2026-07-30T00:00:00,2026-07-30T00:00:00
CASH-AAD9058DE53538,VAR-3A8118FD61756C|EG-013|STORE,MAP-091E08321F7B5B65,VAR-3A8118FD61756C,EG-013,,,EGP,,,,,,,,,,,القاهرة,,,,,,,True,,HTML/JSON-LD,https://btech.com/en/p/bosch-series-8-washing-machine-9kg-silver-inox-wgb2440xeg,,,لم يُرصد,بانتظار أول رصد سعر,0,,,True,جاهز لأول رصد,"Catalogue title: Bosch Front Load Washing Machine, 9 kg, Silver - WGB2440XEG",2026-07-30T00:00:00,2026-07-30T00:00:00
CASH-ACE71204A8FF5D,VAR-07D0B65CB1C0FC|EG-013|STORE,MAP-885C9ED27C129310,VAR-07D0B65CB1C0FC,EG-013,,,EGP,,,,,,,,,,,القاهرة,,,,,,,True,,اكتشاف من صفحة فئة,https://btech.com/en/c/large-home-appliances/washing-machines-dryers/b/bosch,,,لم يُرصد,بانتظار أول رصد سعر,0,,,True,يحتاج اكتشاف رابط المنتج,,2026-07-30T00:00:00,2026-07-30T00:00:00
CASH-782CA5A0E67D2F,VAR-7936EA2D26BD62|EG-013|STORE,MAP-C5E70674F9EDBD7D,VAR-7936EA2D26BD62,EG-013,,,EGP,,,,,,,,,,,القاهرة,,,,,,,True,,اكتشاف من صفحة فئة,https://btech.com/en/c/large-home-appliances/washing-machines-dryers/b/bosch,,,لم يُرصد,بانتظار أول رصد سعر,0,,,True,يحتاج اكتشاف رابط المنتج,,2026-07-30T00:00:00,2026-07-30T00:00:00
CASH-553ADA88036BA8,VAR-1AA484AA3F13E2|EG-013|STORE,MAP-5D79D49CCE8313DE,VAR-1AA484AA3F13E2,EG-013,,,EGP,,,,,,,,,,,القاهرة,,,,,,,True,,HTML/JSON-LD,https://btech.com/en/p/8d72f770-49e6-45b2-a366-dedef13016e1,,,لم يُرصد,بانتظار أول رصد سعر,0,,,True,جاهز لأول رصد,"Catalogue title: Bosch Series 6 Front Load Washing Machine, 10 kg, Silver Inox - WGK254ZXEG",2026-07-30T00:00:00,2026-07-30T00:00:00
CASH-8BD95938AEE3D2,VAR-3266AD2CF6594F|EG-013|STORE,MAP-F7304F554E815FA8,VAR-3266AD2CF6594F,EG-013,,,EGP,,,,,,,,,,,القاهرة,,,,,,,True,,اكتشاف من صفحة فئة,https://btech.com/en/c/large-home-appliances/washing-machines-dryers/b/bosch,,,لم يُرصد,بانتظار أول رصد سعر,0,,,True,يحتاج اكتشاف رابط المنتج,,2026-07-30T00:00:00,2026-07-30T00:00:00
CASH-87954CFD8B21F5,VAR-CA026888370F56|EG-013|STORE,MAP-1EB642DFD805CA10,VAR-CA026888370F56,EG-013,,,EGP,,,,,,,,,,,القاهرة,,,,,,,True,,اكتشاف من صفحة فئة,https://btech.com/en/c/large-home-appliances/washing-machines-dryers/b/bosch,,,لم يُرصد,بانتظار أول رصد سعر,0,,,True,يحتاج اكتشاف رابط المنتج,,2026-07-30T00:00:00,2026-07-30T00:00:00
CASH-F7187578A5669C,VAR-70FBD489A5ED3A|EG-013|STORE,MAP-6CAD226BA3671324,VAR-70FBD489A5ED3A,EG-013,,,EGP,,,,,,,,,,,القاهرة,,,,,,,True,,اكتشاف من صفحة فئة,https://btech.com/en/c/large-home-appliances/washing-machines-dryers/b/fresh,,,لم يُرصد,بانتظار أول رصد سعر,0,,,True,يحتاج اكتشاف رابط المنتج,تم دمج 2 أدلة لنفس المنتج والمتجر.,2026-07-30T00:00:00,2026-07-30T00:00:00
CASH-228B1C68F771E3,VAR-82134526AD04DF|EG-013|STORE,MAP-5F0CA470664DC2F6,VAR-82134526AD04DF,EG-013,,,EGP,,,,,,,,,,,القاهرة,,,,,,,True,,HTML/JSON-LD,https://btech.com/en/p/fresh-tl-wm-7kg-f12sl-13518,,,لم يُرصد,بانتظار أول رصد سعر,0,,,True,جاهز لأول رصد,"Catalogue title: Fresh F12SL-13518 Top Load washing Machine, 7 kg, Silver",2026-07-30T00:00:00,2026-07-30T00:00:00
CASH-69D6E07E5ECC92,VAR-7ECAB79436962A|EG-013|STORE,MAP-BDF0F1133F4FC6FC,VAR-7ECAB79436962A,EG-013,,,EGP,,,,,,,,,,,القاهرة,,,,,,,True,,اكتشاف من صفحة فئة,https://btech.com/en/c/large-home-appliances/washing-machines-dryers/b/fresh,,,لم يُرصد,بانتظار أول رصد سعر,0,,,True,يحتاج اكتشاف رابط المنتج,تم دمج 2 أدلة لنفس المنتج والمتجر.,2026-07-30T00:00:00,2026-07-30T00:00:00
CASH-5A9BBFF825B071,VAR-829C8608F73B02|EG-013|STORE,MAP-F5990CE38FDB0D37,VAR-829C8608F73B02,EG-013,,,EGP,,,,,,,,,,,القاهرة,,,,,,,True,,اكتشاف من صفحة فئة,https://btech.com/en/c/large-home-appliances/washing-machines-dryers/b/fresh,,,لم يُرصد,بانتظار أول رصد سعر,0,,,True,يحتاج اكتشاف رابط المنتج,,2026-07-30T00:00:00,2026-07-30T00:00:00
CASH-3D3DE4E28F0EE7,VAR-545B96488943B2|EG-013|STORE,MAP-647BC8698A555FE4,VAR-545B96488943B2,EG-013,,,EGP,,,,,,,,,,,القاهرة,,,,,,,True,,اكتشاف من صفحة فئة,https://btech.com/en/c/large-home-appliances/washing-machines-dryers/b/fresh,,,لم يُرصد,بانتظار أول رصد سعر,0,,,True,يحتاج اكتشاف رابط المنتج,,2026-07-30T00:00:00,2026-07-30T00:00:00
CASH-F43AF8417C9566,VAR-69119B4D1EAC26|EG-013|STORE,MAP-1AC626E9C425F15F,VAR-69119B4D1EAC26,EG-013,,,EGP,,,,,,,,,,,القاهرة,,,,,,,True,,HTML/JSON-LD,https://btech.com/en/p/fa2cb5b6-3f17-4845-b9f7-e13cab496d43,,,لم يُرصد,بانتظار أول رصد سعر,0,,,True,جاهز لأول رصد,"Catalogue title: Fresh Top Load washing Machine, 5 kg, Silver - FTM5S",2026-07-30T00:00:00,2026-07-30T00:00:00
CASH-41A623E9BA90B2,VAR-DBD317A5CD5D79|EG-013|STORE,MAP-12317C84475F646D,VAR-DBD317A5CD5D79,EG-013,,,EGP,,,,,,,,,,,القاهرة,,,,,,,True,,اكتشاف من صفحة فئة,https://btech.com/en/c/large-home-appliances/washing-machines-dryers/b/fresh,,,لم يُرصد,بانتظار أول رصد سعر,0,,,True,يحتاج اكتشاف رابط المنتج,تم دمج 2 أدلة لنفس المنتج والمتجر.,2026-07-30T00:00:00,2026-07-30T00:00:00
CASH-7C716D7DF6941C,VAR-899862D14C99E6|EG-013|STORE,MAP-4A050D1C7E0494A7,VAR-899862D14C99E6,EG-013,,,EGP,,,,,,,,,,,القاهرة,,,,,,,True,,HTML/JSON-LD,https://btech.com/en/p/fresh-top-load-washing-machine-10kg-fws1000na,,,لم يُرصد,بانتظار أول رصد سعر,0,,,True,جاهز لأول رصد,"Catalogue title: Fresh Jumbo Elegant Top Load Half Automatic Washing Machine, 10 kg, White - FWS1000NA - 500002004",2026-07-30T00:00:00,2026-07-30T00:00:00
CASH-39576C3A3A02B9,VAR-7D202BB8EE928E|EG-013|STORE,MAP-0D02D5A860CD0E2C,VAR-7D202BB8EE928E,EG-013,,,EGP,,,,,,,,,,,القاهرة,,,,,,,True,,HTML/JSON-LD,https://btech.com/en/p/04816292-7658-4159-845f-0af6740d57cd,,,لم يُرصد,بانتظار أول رصد سعر,0,,,True,جاهز لأول رصد,"Catalogue title: Fresh Top Load Half Automatic Washing Machine, 4 kg, White - FWS400ND",2026-07-30T00:00:00,2026-07-30T00:00:00
CASH-8B06B7014AE654,VAR-BA4FDB46269586|EG-013|STORE,MAP-D19CAA42F238B057,VAR-BA4FDB46269586,EG-013,,,EGP,,,,,,,,,,,القاهرة,,,,,,,True,,اكتشاف من صفحة فئة,https://btech.com/en/c/large-home-appliances/washing-machines-dryers/b/fresh,,,لم يُرصد,بانتظار أول رصد سعر,0,,,True,يحتاج اكتشاف رابط المنتج,تم دمج 2 أدلة لنفس المنتج والمتجر.,2026-07-30T00:00:00,2026-07-30T00:00:00
CASH-A4422234983792,VAR-1E28E8D4F30091|EG-013|STORE,MAP-10EDE3A00217706C,VAR-1E28E8D4F30091,EG-013,,,EGP,,,,,,,,,,,القاهرة,,,,,,,True,,HTML/JSON-LD,https://btech.com/en/p/fresh-top-wash-machine-dryer-14kg-fwt14000nd,,,لم يُرصد,بانتظار أول رصد سعر,0,,,True,جاهز لأول رصد,"Catalogue title: Fresh FWT14000ND Top Load Half Automatic Washing Machine, 14 kg, White",2026-07-30T00:00:00,2026-07-30T00:00:00
CASH-E6EDD431A6602B,VAR-2B6EF4A960011D|EG-013|STORE,MAP-B173C1739D51E249,VAR-2B6EF4A960011D,EG-013,,,EGP,,,,,,,,,,,القاهرة,,,,,,,True,,اكتشاف من صفحة فئة,https://btech.com/en/c/large-home-appliances/washing-machines-dryers/b/fresh,,,لم يُرصد,بانتظار أول رصد سعر,0,,,True,يحتاج اكتشاف رابط المنتج,تم دمج 2 أدلة لنفس المنتج والمتجر.,2026-07-30T00:00:00,2026-07-30T00:00:00
CASH-A3A03069A315F2,VAR-449F87FFBD078C|EG-013|STORE,MAP-AB24F352110A8F85,VAR-449F87FFBD078C,EG-013,,,EGP,,,,,,,,,,,القاهرة,,,,,,,True,,HTML/JSON-LD,https://btech.com/en/p/fresh-top-wash-machine-dryer-8kg-fwt8000nb,,,لم يُرصد,بانتظار أول رصد سعر,0,,,True,جاهز لأول رصد,"Catalogue title: Fresh FWT8000NB Top Load Half Automatic Washing Machine, 8 kg, White",2026-07-30T00:00:00,2026-07-30T00:00:00
CASH-6438C06AE61F2E,VAR-922C8C6CAB2E30|EG-013|STORE,MAP-079F0323CF35AC3C,VAR-922C8C6CAB2E30,EG-013,,,EGP,,,,,,,,,,,القاهرة,,,,,,,True,,اكتشاف من صفحة فئة,https://btech.com/en/c/large-home-appliances/washing-machines-dryers/b/fresh,,,لم يُرصد,بانتظار أول رصد سعر,0,,,True,يحتاج اكتشاف رابط المنتج,تم دمج 2 أدلة لنفس المنتج والمتجر.,2026-07-30T00:00:00,2026-07-30T00:00:00
CASH-A09DD66091A31B,VAR-409DCA82FE191E|EG-013|STORE,MAP-16C5D310DE27CC07,VAR-409DCA82FE191E,EG-013,,,EGP,,,,,,,,,,,القاهرة,,,,,,,True,,HTML/JSON-LD,https://btech.com/en/p/fresh-smart-toploading-washer-7-kg-swm-700,,,لم يُرصد,بانتظار أول رصد سعر,0,,,True,جاهز لأول رصد,"Catalogue title: Fresh Smart Top Load Manual Washing Machine, 7 kg, White - SWM 700",2026-07-30T00:00:00,2026-07-30T00:00:00
CASH-2A0ADD35B830FA,VAR-6D850230F35CC6|EG-013|STORE,MAP-4BF007526A4ECB27,VAR-6D850230F35CC6,EG-013,,,EGP,,,,,,,,,,,القاهرة,,,,,,,True,,اكتشاف من صفحة فئة,https://btech.com/en/c/large-home-appliances/washing-machines-dryers/b/fresh,,,لم يُرصد,بانتظار أول رصد سعر,0,,,True,يحتاج اكتشاف رابط المنتج,تم دمج 2 أدلة لنفس المنتج والمتجر.,2026-07-30T00:00:00,2026-07-30T00:00:00
CASH-7C21F4A273F26B,VAR-2A909F7E987F45|EG-013|STORE,MAP-7136DA64EF04726C,VAR-2A909F7E987F45,EG-013,,,EGP,,,,,,,,,,,القاهرة,,,,,,,True,,اكتشاف من صفحة فئة,https://btech.com/en/c/large-home-appliances/washing-machines-dryers/b/fresh,,,لم يُرصد,بانتظار أول رصد سعر,0,,,True,يحتاج اكتشاف رابط المنتج,,2026-07-30T00:00:00,2026-07-30T00:00:00
CASH-4BEE24BA65D52A,VAR-F159A5BF703FFA|EG-013|STORE,MAP-6D9BC12F655BC059,VAR-F159A5BF703FFA,EG-013,,,EGP,,,,,,,,,,,القاهرة,,,,,,,True,,اكتشاف من صفحة فئة,https://btech.com/en/c/large-home-appliances/washing-machines-dryers/b/fresh,,,لم يُرصد,بانتظار أول رصد سعر,0,,,True,يحتاج اكتشاف رابط المنتج,تم دمج 2 أدلة لنفس المنتج والمتجر.,2026-07-30T00:00:00,2026-07-30T00:00:00
CASH-4525FDA53D039F,VAR-A7006EB90B3814|EG-013|STORE,MAP-BD6401F681DBFC74,VAR-A7006EB90B3814,EG-013,,,EGP,,,,,,,,,,,القاهرة,,,,,,,True,,HTML/JSON-LD,https://btech.com/en/p/fresh-fantasia-toploading-washer-6-kg-twm600,,,لم يُرصد,بانتظار أول رصد سعر,0,,,True,جاهز لأول رصد,"Catalogue title: Fresh Fantasia Top Load Half Automatic Washing Machine, 6 kg, White - TWM600",2026-07-30T00:00:00,2026-07-30T00:00:00
CASH-D5BC9497284960,VAR-EF8764AD31B76A|EG-013|STORE,MAP-4E2972CED9CEA0C7,VAR-EF8764AD31B76A,EG-013,,,EGP,,,,,,,,,,,القاهرة,,,,,,,True,,اكتشاف من صفحة فئة,https://btech.com/en/c/large-home-appliances/washing-machines-dryers/b/fresh,,,لم يُرصد,بانتظار أول رصد سعر,0,,,True,يحتاج اكتشاف رابط المنتج,تم دمج 2 أدلة لنفس المنتج والمتجر.,2026-07-30T00:00:00,2026-07-30T00:00:00
CASH-EF47D3C56CE777,VAR-7605EB6615DAF7|EG-013|STORE,MAP-98F6FD375D720566,VAR-7605EB6615DAF7,EG-013,,,EGP,,,,,,,,,,,القاهرة,,,,,,,True,,اكتشاف من صفحة فئة,https://btech.com/en/c/large-home-appliances/washing-machines-dryers/b/fresh,,,لم يُرصد,بانتظار أول رصد سعر,0,,,True,يحتاج اكتشاف رابط المنتج,,2026-07-30T00:00:00,2026-07-30T00:00:00
CASH-77D8139927182E,VAR-6EEB5933DC51B5|EG-013|STORE,MAP-526A8C5EB3F71713,VAR-6EEB5933DC51B5,EG-013,,,EGP,,,,,,,,,,,القاهرة,,,,,,,True,,اكتشاف من صفحة فئة,https://btech.com/en/c/large-home-appliances/washing-machines-dryers/b/fresh,,,لم يُرصد,بانتظار أول رصد سعر,0,,,True,يحتاج اكتشاف رابط المنتج,,2026-07-30T00:00:00,2026-07-30T00:00:00
CASH-4129CCB5880087,VAR-C29C07B4D9C2E8|EG-013|STORE,MAP-5E86F4D79B88E620,VAR-C29C07B4D9C2E8,EG-013,,,EGP,,,,,,,,,,,القاهرة,,,,,,,True,,اكتشاف من صفحة فئة,https://btech.com/en/c/large-home-appliances/washing-machines-dryers/b/fresh,,,لم يُرصد,بانتظار أول رصد سعر,0,,,True,يحتاج اكتشاف رابط المنتج,,2026-07-30T00:00:00,2026-07-30T00:00:00
CASH-2FE73E910E5158,VAR-DA80F5267B2203|EG-013|STORE,MAP-98779E5A1C14A89F,VAR-DA80F5267B2203,EG-013,,,EGP,,,,,,,,,,,القاهرة,,,,,,,True,,اكتشاف من صفحة فئة,https://btech.com/en/c/large-home-appliances/washing-machines-dryers/b/fresh,,,لم يُرصد,بانتظار أول رصد سعر,0,,,True,يحتاج اكتشاف رابط المنتج,,2026-07-30T00:00:00,2026-07-30T00:00:00
CASH-F66B2EAB2A8FF7,VAR-CD2BDF67ED0BF0|EG-013|STORE,MAP-C2284A2A61073B53,VAR-CD2BDF67ED0BF0,EG-013,,,EGP,,,,,,,,,,,القاهرة,,,,,,,True,,اكتشاف من صفحة فئة,https://btech.com/en/c/large-home-appliances/washing-machines-dryers/b/fresh,,,لم يُرصد,بانتظار أول رصد سعر,0,,,True,يحتاج اكتشاف رابط المنتج,,2026-07-30T00:00:00,2026-07-30T00:00:00
CASH-F8513CA79429BB,VAR-4985B2BB3C6A68|EG-013|STORE,MAP-D95D124FB17F8624,VAR-4985B2BB3C6A68,EG-013,,,EGP,,,,,,,,,,,القاهرة,,,,,,,True,,اكتشاف من صفحة فئة,https://btech.com/en/c/large-home-appliances/washing-machines-dryers/b/fresh,,,لم يُرصد,بانتظار أول رصد سعر,0,,,True,يحتاج اكتشاف رابط المنتج,,2026-07-30T00:00:00,2026-07-30T00:00:00
CASH-2A9A1C7BB4A7AD,VAR-9ECB35AD662E4D|EG-013|STORE,MAP-DB8F7374FD1ED78F,VAR-9ECB35AD662E4D,EG-013,,,EGP,,,,,,,,,,,القاهرة,,,,,,,True,,اكتشاف من صفحة فئة,https://btech.com/en/c/large-home-appliances/washing-machines-dryers/b/fresh,,,لم يُرصد,بانتظار أول رصد سعر,0,,,True,يحتاج اكتشاف رابط المنتج,,2026-07-30T00:00:00,2026-07-30T00:00:00
CASH-2AB69350B95CD4,VAR-81740EA63DF3F2|EG-013|STORE,MAP-E324EA6587BE526B,VAR-81740EA63DF3F2,EG-013,,,EGP,,,,,,,,,,,القاهرة,,,,,,,True,,اكتشاف من صفحة فئة,https://btech.com/en/c/large-home-appliances/washing-machines-dryers/b/fresh,,,لم يُرصد,بانتظار أول رصد سعر,0,,,True,يحتاج اكتشاف رابط المنتج,,2026-07-30T00:00:00,2026-07-30T00:00:00
CASH-3E139461B9A296,VAR-5690ACD5315C19|EG-013|STORE,MAP-2C989E11B4087826,VAR-5690ACD5315C19,EG-013,,,EGP,,,,,,,,,,,القاهرة,,,,,,,True,,HTML/JSON-LD,https://btech.com/en/p/haier-front-load-inverter-washing-machine-8kg-silver-hw80-bp14929as6,,,لم يُرصد,بانتظار أول رصد سعر,0,,,True,جاهز لأول رصد,"Catalogue title: Haier Inverter Front Load Washing Machine, 8 kg, Silver - HW80-BP14929AS6",2026-07-30T00:00:00,2026-07-30T00:00:00
CASH-899E26EB76379D,VAR-77689CCD593F83|EG-013|STORE,MAP-93AA429417A39C00,VAR-77689CCD593F83,EG-013,,,EGP,,,,,,,,,,,القاهرة,,,,,,,True,,HTML/JSON-LD,https://btech.com/en/p/haier-top-load-washing-machine-13kg-dark-silver-hwm130316s8,,,لم يُرصد,بانتظار أول رصد سعر,0,,,True,جاهز لأول رصد,"Catalogue title: Haier Top Load washing Machine, 13 kg, Dark Silver - HWM130-316S8",2026-07-30T00:00:00,2026-07-30T00:00:00
CASH-9605856838AE54,VAR-71FEBF99001C7A|EG-013|STORE,MAP-5A7344BEA6954509,VAR-71FEBF99001C7A,EG-013,,,EGP,,,,,,,,,,,القاهرة,,,,,,,True,,اكتشاف من صفحة فئة,https://btech.com/en/c/large-home-appliances/washing-machines-dryers/top-load-washing-machines,,,لم يُرصد,بانتظار أول رصد سعر,0,,,True,يحتاج اكتشاف رابط المنتج,,2026-07-30T00:00:00,2026-07-30T00:00:00
CASH-0E9FF6E5CC394D,VAR-D2CD9F7C4E399E|EG-013|STORE,MAP-51B2F2AFED4E7C94,VAR-D2CD9F7C4E399E,EG-013,,,EGP,,,,,,,,,,,القاهرة,,,,,,,True,,HTML/JSON-LD,https://btech.com/en/p/c305fbd7-e533-49f5-ba18-e46bfe1aa3ed,,,لم يُرصد,بانتظار أول رصد سعر,0,,,True,جاهز لأول رصد,"Catalogue title: LG Inverter Front Load Washing Machine, 10 kg, Essence Silver - F4X5RYG23",2026-07-30T00:00:00,2026-07-30T00:00:00
CASH-2462D72F1B8A5F,VAR-0FA72CA99A252B|EG-013|STORE,MAP-FE1F4E2E9285997F,VAR-0FA72CA99A252B,EG-013,,,EGP,,,,,,,,,,,القاهرة,,,,,,,True,,HTML/JSON-LD,https://btech.com/en/p/0c42d0b7-7b78-4b57-b43c-8328769d1649,,,لم يُرصد,بانتظار أول رصد سعر,0,,,True,جاهز لأول رصد,"Catalogue title: LG Inverter Front Load Washing Machine, 10 kg, Essence Graphite - F4X5RYG24",2026-07-30T00:00:00,2026-07-30T00:00:00
CASH-7892F240CCFBC9,VAR-D5C1CC9AD07B22|EG-013|STORE,MAP-416E583CC79342A0,VAR-D5C1CC9AD07B22,EG-013,,,EGP,,,,,,,,,,,القاهرة,,,,,,,True,,HTML/JSON-LD,https://btech.com/en/p/lg-inverterwashing-machine-7kg-platinum-silver-f4y2qyg6p,,,لم يُرصد,بانتظار أول رصد سعر,0,,,True,جاهز لأول رصد,"Catalogue title: LG Inverter Front Load Washing Machine, 7 kg, Platinum Silver - F4Y2QYG6P",2026-07-30T00:00:00,2026-07-30T00:00:00
CASH-FC56E13F105D36,VAR-9AD0BC30318C9D|EG-013|STORE,MAP-62CB2CA6652F4026,VAR-9AD0BC30318C9D,EG-013,,,EGP,,,,,,,,,,,القاهرة,,,,,,,True,,HTML/JSON-LD,https://btech.com/en/p/lg-front-load-inverter-washing-machine-8kg-black-f4y2tyg6x,,,لم يُرصد,بانتظار أول رصد سعر,0,,,True,جاهز لأول رصد,"Catalogue title: LG Inverter Front Load Washing Machine, 8 kg, Onyx Black - F4Y2TYG6X",2026-07-30T00:00:00,2026-07-30T00:00:00
CASH-5650FF8F39456C,VAR-85127AD9551B4B|EG-013|STORE,MAP-2158A083B925548D,VAR-85127AD9551B4B,EG-013,,,EGP,,,,,,,,,,,القاهرة,,,,,,,True,,HTML/JSON-LD,https://btech.com/en/p/lg-13kg-inverter-washing-machine-t1388nehgb-abmpeec,,,لم يُرصد,بانتظار أول رصد سعر,0,,,True,جاهز لأول رصد,"Catalogue title: LG Inverter Top Load Washing Machine, 13 kg, Black - T1388NEHGB.ABMPEEC",2026-07-30T00:00:00,2026-07-30T00:00:00
CASH-2A39ECF43A23E0,VAR-67A0B49322C81F|EG-013|STORE,MAP-BBCD7F70F7FB5AFB,VAR-67A0B49322C81F,EG-013,,,EGP,,,,,,,,,,,القاهرة,,,,,,,True,,اكتشاف من صفحة فئة,https://btech.com/en/c/large-home-appliances/washing-machines-dryers/top-load-washing-machines,,,لم يُرصد,بانتظار أول رصد سعر,0,,,True,يحتاج اكتشاف رابط المنتج,,2026-07-30T00:00:00,2026-07-30T00:00:00
CASH-E804C84580AFD2,VAR-0A3F40EFE0E925|EG-013|STORE,MAP-8DF8D135069493E8,VAR-0A3F40EFE0E925,EG-013,,,EGP,,,,,,,,,,,القاهرة,,,,,,,True,,HTML/JSON-LD,https://btech.com/en/p/f7f0a708-ed92-400f-bb75-66ed9a43f61d,,,لم يُرصد,بانتظار أول رصد سعر,0,,,True,جاهز لأول رصد,"Catalogue title: LG Inverter Top Load Washing Machine, 17 kg, Middle Black - T17V1NDHG2",2026-07-30T00:00:00,2026-07-30T00:00:00
CASH-50879126E6D96D,VAR-48A364724322C5|EG-013|STORE,MAP-66752E3836B09FB3,VAR-48A364724322C5,EG-013,,,EGP,,,,,,,,,,,القاهرة,,,,,,,True,,اكتشاف من صفحة فئة,https://btech.com/en/c/large-home-appliances/washing-machines-dryers/top-load-washing-machines,,,لم يُرصد,بانتظار أول رصد سعر,0,,,True,يحتاج اكتشاف رابط المنتج,,2026-07-30T00:00:00,2026-07-30T00:00:00
CASH-F240AE47F0EA11,VAR-42799C1609BCA4|EG-013|STORE,MAP-7327245AC6BE428E,VAR-42799C1609BCA4,EG-013,,,EGP,,,,,,,,,,,القاهرة,,,,,,,True,,HTML/JSON-LD,https://btech.com/en/p/cfc0d860-1c24-409c-95c2-22e9e5d4f619,,,لم يُرصد,بانتظار أول رصد سعر,0,,,True,جاهز لأول رصد,"Catalogue title: Midea Inverter Front Load Washing Machine, 8 kg, Silver Titanium - MF110W80B\\TT",2026-07-30T00:00:00,2026-07-30T00:00:00
CASH-65E0C655776F26,VAR-226DD8F8024464|EG-013|STORE,MAP-C91CC1EE0A210013,VAR-226DD8F8024464,EG-013,,,EGP,,,,,,,,,,,القاهرة,,,,,,,True,,HTML/JSON-LD,https://btech.com/en/p/samsung-automatic-washing-machine-9kg-ww90t4040cx1as,,,لم يُرصد,بانتظار أول رصد سعر,0,,,True,جاهز لأول رصد,"Catalogue title: Samsung WW90T4040CX1AS Front Load Washing Machine, 9 kg, Silver",2026-07-30T00:00:00,2026-07-30T00:00:00
CASH-E75EBC69358262,VAR-4AC304D20E3EFD|EG-013|STORE,MAP-0C120B372E2379BD,VAR-4AC304D20E3EFD,EG-013,,,EGP,,,,,,,,,,,القاهرة,,,,,,,True,,اكتشاف من صفحة فئة,https://btech.com/en/c/large-home-appliances/washing-machines-dryers/b/sharp,,,لم يُرصد,بانتظار أول رصد سعر,0,,,True,يحتاج اكتشاف رابط المنتج,,2026-07-30T00:00:00,2026-07-30T00:00:00
CASH-C531F1C2E67A0F,VAR-49E0BE9C80B65F|EG-013|STORE,MAP-3AFBAAA2EF1752D9,VAR-49E0BE9C80B65F,EG-013,,,EGP,,,,,,,,,,,القاهرة,,,,,,,True,,اكتشاف من صفحة فئة,https://btech.com/en/c/large-home-appliances/washing-machines-dryers/b/sharp,,,لم يُرصد,بانتظار أول رصد سعر,0,,,True,يحتاج اكتشاف رابط المنتج,,2026-07-30T00:00:00,2026-07-30T00:00:00
CASH-C07502DA17A6AF,VAR-CBAC927C1C7142|EG-013|STORE,MAP-65682CC439BF327B,VAR-CBAC927C1C7142,EG-013,,,EGP,,,,,,,,,,,القاهرة,,,,,,,True,,اكتشاف من صفحة فئة,https://btech.com/en/c/large-home-appliances/washing-machines-dryers/b/sharp,,,لم يُرصد,بانتظار أول رصد سعر,0,,,True,يحتاج اكتشاف رابط المنتج,,2026-07-30T00:00:00,2026-07-30T00:00:00
CASH-AD0E8D4CF53C89,VAR-4735414B2AF206|EG-013|STORE,MAP-CFDFE811975272D9,VAR-4735414B2AF206,EG-013,,,EGP,,,,,,,,,,,القاهرة,,,,,,,True,,اكتشاف من صفحة فئة,https://btech.com/en/c/large-home-appliances/washing-machines-dryers/b/sharp,,,لم يُرصد,بانتظار أول رصد سعر,0,,,True,يحتاج اكتشاف رابط المنتج,,2026-07-30T00:00:00,2026-07-30T00:00:00
CASH-B9FBAC1CEF5F84,VAR-99B440A3A6AA8B|EG-013|STORE,MAP-66F1D08AE93CC568,VAR-99B440A3A6AA8B,EG-013,,,EGP,,,,,,,,,,,القاهرة,,,,,,,True,,اكتشاف من صفحة فئة,https://btech.com/en/c/large-home-appliances/washing-machines-dryers/b/sharp,,,لم يُرصد,بانتظار أول رصد سعر,0,,,True,يحتاج اكتشاف رابط المنتج,,2026-07-30T00:00:00,2026-07-30T00:00:00
CASH-14F3FAD48F56B3,VAR-32FDD8492031BD|EG-013|STORE,MAP-EE1249D26B3678E8,VAR-32FDD8492031BD,EG-013,,,EGP,,,,,,,,,,,القاهرة,,,,,,,True,,اكتشاف من صفحة فئة,https://btech.com/en/c/large-home-appliances/washing-machines-dryers/b/sharp,,,لم يُرصد,بانتظار أول رصد سعر,0,,,True,يحتاج اكتشاف رابط المنتج,,2026-07-30T00:00:00,2026-07-30T00:00:00
CASH-2CB573C26A34C2,VAR-1CA65D5110E5D2|EG-013|STORE,MAP-6AF15193BC9EBBA5,VAR-1CA65D5110E5D2,EG-013,,,EGP,,,,,,,,,,,القاهرة,,,,,,,True,,اكتشاف من صفحة فئة,https://btech.com/en/c/large-home-appliances/washing-machines-dryers/b/sharp,,,لم يُرصد,بانتظار أول رصد سعر,0,,,True,يحتاج اكتشاف رابط المنتج,,2026-07-30T00:00:00,2026-07-30T00:00:00
CASH-93C0592882BEF6,VAR-886DC889D332F0|EG-013|STORE,MAP-666EB1FFC3A315EC,VAR-886DC889D332F0,EG-013,,,EGP,,,,,,,,,,,القاهرة,,,,,,,True,,اكتشاف من صفحة فئة,https://btech.com/en/c/large-home-appliances/washing-machines-dryers/b/sharp,,,لم يُرصد,بانتظار أول رصد سعر,0,,,True,يحتاج اكتشاف رابط المنتج,,2026-07-30T00:00:00,2026-07-30T00:00:00
CASH-A50F929A32AB95,VAR-74A8438062E430|EG-013|STORE,MAP-A62396909DF23CDE,VAR-74A8438062E430,EG-013,,,EGP,,,,,,,,,,,القاهرة,,,,,,,True,,اكتشاف من صفحة فئة,https://btech.com/en/c/large-home-appliances/washing-machines-dryers/b/sharp,,,لم يُرصد,بانتظار أول رصد سعر,0,,,True,يحتاج اكتشاف رابط المنتج,,2026-07-30T00:00:00,2026-07-30T00:00:00
CASH-8E9A0CF47C7F88,VAR-76CC1F3AB6C6E3|EG-013|STORE,MAP-7B96F1C018A356BB,VAR-76CC1F3AB6C6E3,EG-013,,,EGP,,,,,,,,,,,القاهرة,,,,,,,True,,اكتشاف من صفحة فئة,https://btech.com/en/c/large-home-appliances/washing-machines-dryers/b/sharp,,,لم يُرصد,بانتظار أول رصد سعر,0,,,True,يحتاج اكتشاف رابط المنتج,,2026-07-30T00:00:00,2026-07-30T00:00:00
CASH-9026E49894D914,VAR-45C08F7400CB9A|EG-013|STORE,MAP-EA80F2BAAE2F6D3D,VAR-45C08F7400CB9A,EG-013,,,EGP,,,,,,,,,,,القاهرة,,,,,,,True,,اكتشاف من صفحة فئة,https://btech.com/en/c/large-home-appliances/washing-machines-dryers/b/sharp,,,لم يُرصد,بانتظار أول رصد سعر,0,,,True,يحتاج اكتشاف رابط المنتج,,2026-07-30T00:00:00,2026-07-30T00:00:00
CASH-B0BD71B4091C96,VAR-B4709C1E43FAED|EG-013|STORE,MAP-6C77EC424DFA28E2,VAR-B4709C1E43FAED,EG-013,,,EGP,,,,,,,,,,,القاهرة,,,,,,,True,,اكتشاف من صفحة فئة,https://btech.com/en/c/large-home-appliances/washing-machines-dryers/b/sharp,,,لم يُرصد,بانتظار أول رصد سعر,0,,,True,يحتاج اكتشاف رابط المنتج,,2026-07-30T00:00:00,2026-07-30T00:00:00
CASH-F66A124BB36A0C,VAR-046534BA766C71|EG-013|STORE,MAP-7E97CE24FFF9AF67,VAR-046534BA766C71,EG-013,,,EGP,,,,,,,,,,,القاهرة,,,,,,,True,,اكتشاف من صفحة فئة,https://btech.com/en/c/large-home-appliances/washing-machines-dryers/b/sharp,,,لم يُرصد,بانتظار أول رصد سعر,0,,,True,يحتاج اكتشاف رابط المنتج,,2026-07-30T00:00:00,2026-07-30T00:00:00
CASH-0E1E577CE07AF3,VAR-2E5CB048BC6662|EG-013|STORE,MAP-6F1E996BFD4FB0F5,VAR-2E5CB048BC6662,EG-013,,,EGP,,,,,,,,,,,القاهرة,,,,,,,True,,اكتشاف من صفحة فئة,https://btech.com/en/c/large-home-appliances/washing-machines-dryers/b/sharp,,,لم يُرصد,بانتظار أول رصد سعر,0,,,True,يحتاج اكتشاف رابط المنتج,,2026-07-30T00:00:00,2026-07-30T00:00:00
CASH-66D83D59703895,VAR-F36F161CB95C4E|EG-013|STORE,MAP-B02B71106758795E,VAR-F36F161CB95C4E,EG-013,,,EGP,,,,,,,,,,,القاهرة,,,,,,,True,,HTML/JSON-LD,https://btech.com/en/p/sharp-top-load-washing-machine-15kg-es-td15gbkp,,,لم يُرصد,بانتظار أول رصد سعر,0,,,True,جاهز لأول رصد,"Catalogue title: Sharp ES-TD15GBKP Inverter Top Load Washing Machine, 15 kg, Black",2026-07-30T00:00:00,2026-07-30T00:00:00
CASH-9117284B9DE226,VAR-FF92E1C843FBAE|EG-013|STORE,MAP-9F1DE04450A5D311,VAR-FF92E1C843FBAE,EG-013,,,EGP,,,,,,,,,,,القاهرة,,,,,,,True,,اكتشاف من صفحة فئة,https://btech.com/en/c/large-home-appliances/washing-machines-dryers/b/sharp,,,لم يُرصد,بانتظار أول رصد سعر,0,,,True,يحتاج اكتشاف رابط المنتج,تم دمج 2 أدلة لنفس المنتج والمتجر.,2026-07-30T00:00:00,2026-07-30T00:00:00
CASH-B4303305EC2FC9,VAR-71C16CB339D60A|EG-013|STORE,MAP-F59FAC0614CD8859,VAR-71C16CB339D60A,EG-013,,,EGP,,,,,,,,,,,القاهرة,,,,,,,True,,اكتشاف من صفحة فئة,https://btech.com/en/c/large-home-appliances/washing-machines-dryers/b/sharp,,,لم يُرصد,بانتظار أول رصد سعر,0,,,True,يحتاج اكتشاف رابط المنتج,,2026-07-30T00:00:00,2026-07-30T00:00:00
CASH-69D0E93C7FCEDB,VAR-8C0773A85DE1A0|EG-013|STORE,MAP-26115EC61AB11A5E,VAR-8C0773A85DE1A0,EG-013,,,EGP,,,,,,,,,,,القاهرة,,,,,,,True,,اكتشاف من صفحة فئة,https://btech.com/en/c/large-home-appliances/washing-machines-dryers/b/sharp,,,لم يُرصد,بانتظار أول رصد سعر,0,,,True,يحتاج اكتشاف رابط المنتج,,2026-07-30T00:00:00,2026-07-30T00:00:00
CASH-CAB6233CA43F6B,VAR-6BBAA55EB88499|EG-013|STORE,MAP-9E98F3B5CF41F138,VAR-6BBAA55EB88499,EG-013,,,EGP,,,,,,,,,,,القاهرة,,,,,,,True,,اكتشاف من صفحة فئة,https://btech.com/en/c/large-home-appliances/washing-machines-dryers/b/sharp,,,لم يُرصد,بانتظار أول رصد سعر,0,,,True,يحتاج اكتشاف رابط المنتج,,2026-07-30T00:00:00,2026-07-30T00:00:00
CASH-3FB11347C05723,VAR-58A3E5E95165EF|EG-013|STORE,MAP-E8161888E832C66D,VAR-58A3E5E95165EF,EG-013,,,EGP,,,,,,,,,,,القاهرة,,,,,,,True,,اكتشاف من صفحة فئة,https://btech.com/en/c/large-home-appliances/washing-machines-dryers/b/sharp,,,لم يُرصد,بانتظار أول رصد سعر,0,,,True,يحتاج اكتشاف رابط المنتج,,2026-07-30T00:00:00,2026-07-30T00:00:00
CASH-54EC1650D90A00,VAR-E112B7C492E3C7|EG-013|STORE,MAP-157D26D1EE2C8138,VAR-E112B7C492E3C7,EG-013,,,EGP,,,,,,,,,,,القاهرة,,,,,,,True,,HTML/JSON-LD,https://btech.com/en/p/tornado-top-washing-machine-10kg-white-black-tmh-hs10cp-wk,,,لم يُرصد,بانتظار أول رصد سعر,0,,,True,جاهز لأول رصد,"Catalogue title: Tornado Twin Tub Half Automatic Washing Machine, 10 kg, Black - TMH-HS10CP(WK)",2026-07-30T00:00:00,2026-07-30T00:00:00
CASH-C43377E4D8C3A1,VAR-E8BFA27C31DA31|EG-013|STORE,MAP-B53871CDEBEDE28B,VAR-E8BFA27C31DA31,EG-013,,,EGP,,,,,,,,,,,القاهرة,,,,,,,True,,اكتشاف من صفحة فئة,https://btech.com/en/c/large-home-appliances/washing-machines-dryers/b/tornado,,,لم يُرصد,بانتظار أول رصد سعر,0,,,True,يحتاج اكتشاف رابط المنتج,تم دمج 2 أدلة لنفس المنتج والمتجر.,2026-07-30T00:00:00,2026-07-30T00:00:00
CASH-6D0E0E3B94A4F4,VAR-4D00B3F0600FC8|EG-013|STORE,MAP-545BD1727127E6D1,VAR-4D00B3F0600FC8,EG-013,,,EGP,,,,,,,,,,,القاهرة,,,,,,,True,,اكتشاف من صفحة فئة,https://btech.com/en/c/large-home-appliances/washing-machines-dryers/b/tornado,,,لم يُرصد,بانتظار أول رصد سعر,0,,,True,يحتاج اكتشاف رابط المنتج,,2026-07-30T00:00:00,2026-07-30T00:00:00
CASH-96F264F7BC67ED,VAR-74F74CD194CF3D|EG-013|STORE,MAP-E4C992006A21EDB1,VAR-74F74CD194CF3D,EG-013,,,EGP,,,,,,,,,,,القاهرة,,,,,,,True,,اكتشاف من صفحة فئة,https://btech.com/en/c/large-home-appliances/washing-machines-dryers/b/tornado,,,لم يُرصد,بانتظار أول رصد سعر,0,,,True,يحتاج اكتشاف رابط المنتج,,2026-07-30T00:00:00,2026-07-30T00:00:00
CASH-37F62346457D25,VAR-167E90460C3E39|EG-013|STORE,MAP-B208DD52CBB88819,VAR-167E90460C3E39,EG-013,,,EGP,,,,,,,,,,,القاهرة,,,,,,,True,,اكتشاف من صفحة فئة,https://btech.com/en/c/large-home-appliances/washing-machines-dryers/b/tornado,,,لم يُرصد,بانتظار أول رصد سعر,0,,,True,يحتاج اكتشاف رابط المنتج,,2026-07-30T00:00:00,2026-07-30T00:00:00
CASH-47021893ED5D77,VAR-3EFC1C9ED4AEFC|EG-013|STORE,MAP-FF24E8991E63ACD5,VAR-3EFC1C9ED4AEFC,EG-013,,,EGP,,,,,,,,,,,القاهرة,,,,,,,True,,اكتشاف من صفحة فئة,https://btech.com/en/c/large-home-appliances/washing-machines-dryers/b/tornado,,,لم يُرصد,بانتظار أول رصد سعر,0,,,True,يحتاج اكتشاف رابط المنتج,,2026-07-30T00:00:00,2026-07-30T00:00:00
CASH-2DEEDADC1563E3,VAR-F1C690EE42FD52|EG-013|STORE,MAP-AB09B0BF3FC5071F,VAR-F1C690EE42FD52,EG-013,,,EGP,,,,,,,,,,,القاهرة,,,,,,,True,,اكتشاف من صفحة فئة,https://btech.com/en/c/large-home-appliances/washing-machines-dryers/b/tornado,,,لم يُرصد,بانتظار أول رصد سعر,0,,,True,يحتاج اكتشاف رابط المنتج,,2026-07-30T00:00:00,2026-07-30T00:00:00
CASH-E27F5451E8A541,VAR-6FCCA25464E8B9|EG-013|STORE,MAP-DFC140D0CE40A154,VAR-6FCCA25464E8B9,EG-013,,,EGP,,,,,,,,,,,القاهرة,,,,,,,True,,HTML/JSON-LD,https://btech.com/en/p/05d5a4f4-ee66-43ea-8f7f-685df5597921,,,لم يُرصد,بانتظار أول رصد سعر,0,,,True,جاهز لأول رصد,"Catalogue title: Tornado Top Load washing Machine, 8 kg, Silver - TWT-TLN08LSL",2026-07-30T00:00:00,2026-07-30T00:00:00
CASH-89BEA1AB41EFDF,VAR-509DF721C03F40|EG-013|STORE,MAP-ADE72220EA111E1A,VAR-509DF721C03F40,EG-013,,,EGP,,,,,,,,,,,القاهرة,,,,,,,True,,اكتشاف من صفحة فئة,https://btech.com/en/c/large-home-appliances/washing-machines-dryers/b/tornado,,,لم يُرصد,بانتظار أول رصد سعر,0,,,True,يحتاج اكتشاف رابط المنتج,تم دمج 2 أدلة لنفس المنتج والمتجر.,2026-07-30T00:00:00,2026-07-30T00:00:00
CASH-F88730E0115612,VAR-0D7EF7D994F2B9|EG-013|STORE,MAP-3B058628695C576A,VAR-0D7EF7D994F2B9,EG-013,,,EGP,,,,,,,,,,,القاهرة,,,,,,,True,,اكتشاف من صفحة فئة,https://btech.com/en/c/large-home-appliances/washing-machines-dryers/b/tornado,,,لم يُرصد,بانتظار أول رصد سعر,0,,,True,يحتاج اكتشاف رابط المنتج,,2026-07-30T00:00:00,2026-07-30T00:00:00
CASH-ABA78C9A63F586,VAR-CB3BC5D296BF3D|EG-013|STORE,MAP-9A2886AD595F6D9C,VAR-CB3BC5D296BF3D,EG-013,,,EGP,,,,,,,,,,,القاهرة,,,,,,,True,,اكتشاف من صفحة فئة,https://btech.com/en/c/large-home-appliances/washing-machines-dryers/b/tornado,,,لم يُرصد,بانتظار أول رصد سعر,0,,,True,يحتاج اكتشاف رابط المنتج,,2026-07-30T00:00:00,2026-07-30T00:00:00
CASH-4E265589FF9ADB,VAR-D19977A3D2D8EB|EG-013|STORE,MAP-9D17DDB2B61EA0D2,VAR-D19977A3D2D8EB,EG-013,,,EGP,,,,,,,,,,,القاهرة,,,,,,,True,,اكتشاف من صفحة فئة,https://btech.com/en/c/large-home-appliances/washing-machines-dryers/b/tornado,,,لم يُرصد,بانتظار أول رصد سعر,0,,,True,يحتاج اكتشاف رابط المنتج,,2026-07-30T00:00:00,2026-07-30T00:00:00
CASH-396F2D814938E2,VAR-77700EA2A4069C|EG-013|STORE,MAP-B898390AFD050BA4,VAR-77700EA2A4069C,EG-013,,,EGP,,,,,,,,,,,القاهرة,,,,,,,True,,اكتشاف من صفحة فئة,https://btech.com/en/c/large-home-appliances/washing-machines-dryers/b/tornado,,,لم يُرصد,بانتظار أول رصد سعر,0,,,True,يحتاج اكتشاف رابط المنتج,,2026-07-30T00:00:00,2026-07-30T00:00:00
CASH-61E91A68F9AF22,VAR-2AC61806916DE8|EG-013|STORE,MAP-1912BAB3DCB45FCD,VAR-2AC61806916DE8,EG-013,,,EGP,,,,,,,,,,,القاهرة,,,,,,,True,,اكتشاف من صفحة فئة,https://btech.com/en/c/large-home-appliances/washing-machines-dryers/b/tornado,,,لم يُرصد,بانتظار أول رصد سعر,0,,,True,يحتاج اكتشاف رابط المنتج,,2026-07-30T00:00:00,2026-07-30T00:00:00
CASH-09E4F98168973C,VAR-EC744F68E96A57|EG-013|STORE,MAP-F3F301B45A23837C,VAR-EC744F68E96A57,EG-013,,,EGP,,,,,,,,,,,القاهرة,,,,,,,True,,اكتشاف من صفحة فئة,https://btech.com/en/c/large-home-appliances/washing-machines-dryers/b/toshiba,,,لم يُرصد,بانتظار أول رصد سعر,0,,,True,يحتاج اكتشاف رابط المنتج,,2026-07-30T00:00:00,2026-07-30T00:00:00
CASH-8D0770EBD339F0,VAR-FAD4C92C215A22|EG-013|STORE,MAP-10AC2800AA0628FA,VAR-FAD4C92C215A22,EG-013,,,EGP,,,,,,,,,,,القاهرة,,,,,,,True,,اكتشاف من صفحة فئة,https://btech.com/en/c/large-home-appliances/washing-machines-dryers/b/toshiba,,,لم يُرصد,بانتظار أول رصد سعر,0,,,True,يحتاج اكتشاف رابط المنتج,,2026-07-30T00:00:00,2026-07-30T00:00:00
CASH-3406282E24AE43,VAR-8756387695B002|EG-013|STORE,MAP-45156AA5DC98FA16,VAR-8756387695B002,EG-013,,,EGP,,,,,,,,,,,القاهرة,,,,,,,True,,اكتشاف من صفحة فئة,https://btech.com/en/c/large-home-appliances/washing-machines-dryers/b/toshiba,,,لم يُرصد,بانتظار أول رصد سعر,0,,,True,يحتاج اكتشاف رابط المنتج,,2026-07-30T00:00:00,2026-07-30T00:00:00
CASH-FC7E8FCA25FF5F,VAR-0B449527E440A2|EG-013|STORE,MAP-687D3396D2B75851,VAR-0B449527E440A2,EG-013,,,EGP,,,,,,,,,,,القاهرة,,,,,,,True,,اكتشاف من صفحة فئة,https://btech.com/en/c/large-home-appliances/washing-machines-dryers/b/toshiba,,,لم يُرصد,بانتظار أول رصد سعر,0,,,True,يحتاج اكتشاف رابط المنتج,,2026-07-30T00:00:00,2026-07-30T00:00:00
CASH-CA45203B587A8D,VAR-27D56539E15FB0|EG-013|STORE,MAP-341693A7625587A0,VAR-27D56539E15FB0,EG-013,,,EGP,,,,,,,,,,,القاهرة,,,,,,,True,,اكتشاف من صفحة فئة,https://btech.com/en/c/large-home-appliances/washing-machines-dryers/b/toshiba,,,لم يُرصد,بانتظار أول رصد سعر,0,,,True,يحتاج اكتشاف رابط المنتج,,2026-07-30T00:00:00,2026-07-30T00:00:00
CASH-B0A5701C4C3838,VAR-1BDCD1425FF4E1|EG-013|STORE,MAP-71C17B5CCADC8C9F,VAR-1BDCD1425FF4E1,EG-013,,,EGP,,,,,,,,,,,القاهرة,,,,,,,True,,HTML/JSON-LD,https://btech.com/en/p/toshiba-washingmachine-13kg-inverter-dk1300kupeg,,,لم يُرصد,بانتظار أول رصد سعر,0,,,True,جاهز لأول رصد,"Catalogue title: Toshiba Inverter Top Load Washing Machine, 13 kg, Silver - AW-DK1300KUPEG",2026-07-30T00:00:00,2026-07-30T00:00:00
CASH-ED0F008223B6FF,VAR-9059A68F10755F|EG-013|STORE,MAP-2947BFB1B126322A,VAR-9059A68F10755F,EG-013,,,EGP,,,,,,,,,,,القاهرة,,,,,,,True,,اكتشاف من صفحة فئة,https://btech.com/en/c/large-home-appliances/washing-machines-dryers/b/toshiba,,,لم يُرصد,بانتظار أول رصد سعر,0,,,True,يحتاج اكتشاف رابط المنتج,تم دمج 2 أدلة لنفس المنتج والمتجر.,2026-07-30T00:00:00,2026-07-30T00:00:00
CASH-A38022CD01A929,VAR-C69B97E97E7DEE|EG-013|STORE,MAP-CDC0F3AD591F6B7C,VAR-C69B97E97E7DEE,EG-013,,,EGP,,,,,,,,,,,القاهرة,,,,,,,True,,اكتشاف من صفحة فئة,https://btech.com/en/c/large-home-appliances/washing-machines-dryers/b/toshiba,,,لم يُرصد,بانتظار أول رصد سعر,0,,,True,يحتاج اكتشاف رابط المنتج,,2026-07-30T00:00:00,2026-07-30T00:00:00
CASH-95627C85AC9111,VAR-9525004CBA8134|EG-013|STORE,MAP-0DB37FDC39089B8D,VAR-9525004CBA8134,EG-013,,,EGP,,,,,,,,,,,القاهرة,,,,,,,True,,HTML/JSON-LD,https://btech.com/en/p/toshiba-top-load-inverter-washing-machine-13kg-silver-aw-duk1300kupeg,,,لم يُرصد,بانتظار أول رصد سعر,0,,,True,جاهز لأول رصد,"Catalogue title: Toshiba Inverter Top Load Washing Machine, 13 kg, Silver - AW-DUK1300KUPEG(MK)",2026-07-30T00:00:00,2026-07-30T00:00:00
CASH-6FCBAC4DD9ECC8,VAR-DBD3D0454C5E0D|EG-013|STORE,MAP-8EA7FBFE599FE60F,VAR-DBD3D0454C5E0D,EG-013,,,EGP,,,,,,,,,,,القاهرة,,,,,,,True,,اكتشاف من صفحة فئة,https://btech.com/en/c/large-home-appliances/washing-machines-dryers/b/toshiba,,,لم يُرصد,بانتظار أول رصد سعر,0,,,True,يحتاج اكتشاف رابط المنتج,تم دمج 2 أدلة لنفس المنتج والمتجر.,2026-07-30T00:00:00,2026-07-30T00:00:00
CASH-D49FB1B334A75F,VAR-1B6A681C9D2E0B|EG-013|STORE,MAP-0CC81DB81D324F27,VAR-1B6A681C9D2E0B,EG-013,,,EGP,,,,,,,,,,,القاهرة,,,,,,,True,,HTML/JSON-LD,https://btech.com/en/p/toshiba-tl-wm-9kg-aw-j900dupeg,,,لم يُرصد,بانتظار أول رصد سعر,0,,,True,جاهز لأول رصد,"Catalogue title: Toshiba Top Load washing Machine, 9 kg, Silver - AW-J900DUPEG",2026-07-30T00:00:00,2026-07-30T00:00:00
CASH-5323CCB3D64EC4,VAR-6D1945A3AE67E8|EG-013|STORE,MAP-6532D589C47EA289,VAR-6D1945A3AE67E8,EG-013,,,EGP,,,,,,,,,,,القاهرة,,,,,,,True,,اكتشاف من صفحة فئة,https://btech.com/en/c/large-home-appliances/washing-machines-dryers/b/toshiba,,,لم يُرصد,بانتظار أول رصد سعر,0,,,True,يحتاج اكتشاف رابط المنتج,تم دمج 2 أدلة لنفس المنتج والمتجر.,2026-07-30T00:00:00,2026-07-30T00:00:00
CASH-DD9EBB84C46472,VAR-576BBF8D587F0C|EG-013|STORE,MAP-EBB7B3E495D9B316,VAR-576BBF8D587F0C,EG-013,,,EGP,,,,,,,,,,,القاهرة,,,,,,,True,,اكتشاف من صفحة فئة,https://btech.com/en/c/large-home-appliances/washing-machines-dryers/b/toshiba,,,لم يُرصد,بانتظار أول رصد سعر,0,,,True,يحتاج اكتشاف رابط المنتج,,2026-07-30T00:00:00,2026-07-30T00:00:00
CASH-2F0F0B1AF6DA79,VAR-6F9B002B73E576|EG-013|STORE,MAP-8707319E163837DF,VAR-6F9B002B73E576,EG-013,,,EGP,,,,,,,,,,,القاهرة,,,,,,,True,,اكتشاف من صفحة فئة,https://btech.com/en/c/large-home-appliances/washing-machines-dryers/b/toshiba,,,لم يُرصد,بانتظار أول رصد سعر,0,,,True,يحتاج اكتشاف رابط المنتج,,2026-07-30T00:00:00,2026-07-30T00:00:00
CASH-97495EE9A7334E,VAR-31124F241999F4|EG-013|STORE,MAP-C941A591FD5AAE6D,VAR-31124F241999F4,EG-013,,,EGP,,,,,,,,,,,القاهرة,,,,,,,True,,HTML/JSON-LD,https://btech.com/en/p/toshiba-top-washing-machine-11kg-awuk1100hupeg,,,لم يُرصد,بانتظار أول رصد سعر,0,,,True,جاهز لأول رصد,"Catalogue title: Toshiba Top Load washing Machine, 11 kg, Silver - AWUK1100HUPEG",2026-07-30T00:00:00,2026-07-30T00:00:00
CASH-4C23FF951E5838,VAR-658214DF126572|EG-013|STORE,MAP-7B78ED9EF7BFB077,VAR-658214DF126572,EG-013,,,EGP,,,,,,,,,,,القاهرة,,,,,,,True,,اكتشاف من صفحة فئة,https://btech.com/en/c/large-home-appliances/washing-machines-dryers/b/toshiba,,,لم يُرصد,بانتظار أول رصد سعر,0,,,True,يحتاج اكتشاف رابط المنتج,تم دمج 2 أدلة لنفس المنتج والمتجر.,2026-07-30T00:00:00,2026-07-30T00:00:00
CASH-A123C654BF5357,VAR-F9DB51E6B953B0|EG-013|STORE,MAP-9716F8E33BE92A49,VAR-F9DB51E6B953B0,EG-013,,,EGP,,,,,,,,,,,القاهرة,,,,,,,True,,اكتشاف من صفحة فئة,https://btech.com/en/c/large-home-appliances/washing-machines-dryers/b/toshiba,,,لم يُرصد,بانتظار أول رصد سعر,0,,,True,يحتاج اكتشاف رابط المنتج,,2026-07-30T00:00:00,2026-07-30T00:00:00
CASH-3CCBBC005D17CA,VAR-195C718281E367|EG-013|STORE,MAP-76333AC3798A6CF2,VAR-195C718281E367,EG-013,,,EGP,,,,,,,,,,,القاهرة,,,,,,,True,,اكتشاف من صفحة فئة,https://btech.com/en/c/large-home-appliances/washing-machines-dryers/b/toshiba,,,لم يُرصد,بانتظار أول رصد سعر,0,,,True,يحتاج اكتشاف رابط المنتج,,2026-07-30T00:00:00,2026-07-30T00:00:00
CASH-02B7747BCE7CC3,VAR-8CFE0EEEFAFF4B|EG-013|STORE,MAP-6EE61508FD2FFE2A,VAR-8CFE0EEEFAFF4B,EG-013,,,EGP,,,,,,,,,,,القاهرة,,,,,,,True,,HTML/JSON-LD,https://btech.com/en/p/7a2cd1ca-bc4f-440e-96f2-750baf864e12,,,لم يُرصد,بانتظار أول رصد سعر,0,,,True,جاهز لأول رصد,"Catalogue title: Toshiba T21 Inverter Front Load Washing Machine, 10.5 kg, Morandy Grey - TW-T21BU115UWEG(MG)",2026-07-30T00:00:00,2026-07-30T00:00:00
CASH-B025130DD92323,VAR-516DADEF16ACE8|EG-013|STORE,MAP-7C5117B82BEFA953,VAR-516DADEF16ACE8,EG-013,,,EGP,,,,,,,,,,,القاهرة,,,,,,,True,,اكتشاف من صفحة فئة,https://btech.com/en/c/large-home-appliances/washing-machines-dryers/b/toshiba,,,لم يُرصد,بانتظار أول رصد سعر,0,,,True,يحتاج اكتشاف رابط المنتج,,2026-07-30T00:00:00,2026-07-30T00:00:00
CASH-1C703D22F40E12,VAR-8E7873D74FA11F|EG-013|STORE,MAP-DB6457CC3FFD8F29,VAR-8E7873D74FA11F,EG-013,,,EGP,,,,,,,,,,,القاهرة,,,,,,,True,,HTML/JSON-LD,https://btech.com/en/p/toshiba-t21-invrter-washingmachine-8-5kg-silver-twbl90a4egss,,,لم يُرصد,بانتظار أول رصد سعر,0,,,True,جاهز لأول رصد,"Catalogue title: Toshiba Inverter Front Load Washing Machine, 8.5 kg, Silver - TW-T21BU95UWEG(MG)",2026-07-30T00:00:00,2026-07-30T00:00:00
CASH-2504078B1E5AE2,VAR-B1B94C184430C1|EG-013|STORE,MAP-07353DE73ED8CC5B,VAR-B1B94C184430C1,EG-013,,,EGP,,,,,,,,,,,القاهرة,,,,,,,True,,اكتشاف من صفحة فئة,https://btech.com/en/c/large-home-appliances/washing-machines-dryers/b/toshiba,,,لم يُرصد,بانتظار أول رصد سعر,0,,,True,يحتاج اكتشاف رابط المنتج,,2026-07-30T00:00:00,2026-07-30T00:00:00
CASH-77B37E56E6632A,VAR-2AC33E9B18F491|EG-013|STORE,MAP-03044D7C6B4EE370,VAR-2AC33E9B18F491,EG-013,,,EGP,,,,,,,,,,,القاهرة,,,,,,,True,,اكتشاف من صفحة فئة,https://btech.com/en/c/large-home-appliances/washing-machines-dryers/b/toshiba,,,لم يُرصد,بانتظار أول رصد سعر,0,,,True,يحتاج اكتشاف رابط المنتج,,2026-07-30T00:00:00,2026-07-30T00:00:00
CASH-631A4992B4A80D,VAR-4F33CE03EC96FF|EG-013|STORE,MAP-B87DE499BC3619EB,VAR-4F33CE03EC96FF,EG-013,,,EGP,,,,,,,,,,,القاهرة,,,,,,,True,,اكتشاف من صفحة فئة,https://btech.com/en/c/large-home-appliances/washing-machines-dryers/b/toshiba,,,لم يُرصد,بانتظار أول رصد سعر,0,,,True,يحتاج اكتشاف رابط المنتج,,2026-07-30T00:00:00,2026-07-30T00:00:00
CASH-D6F739F39E2B04,VAR-7649214DA3533E|EG-013|STORE,MAP-E47685A9A464FBD5,VAR-7649214DA3533E,EG-013,,,EGP,,,,,,,,,,,القاهرة,,,,,,,True,,اكتشاف من صفحة فئة,https://btech.com/en/c/large-home-appliances/washing-machines-dryers/b/toshiba,,,لم يُرصد,بانتظار أول رصد سعر,0,,,True,يحتاج اكتشاف رابط المنتج,,2026-07-30T00:00:00,2026-07-30T00:00:00
CASH-FD89092CFFD8A7,VAR-D75D7BE8501705|EG-013|STORE,MAP-C22254B56927CB8C,VAR-D75D7BE8501705,EG-013,,,EGP,,,,,,,,,,,القاهرة,,,,,,,True,,اكتشاف من صفحة فئة,https://btech.com/en/c/large-home-appliances/washing-machines-dryers/b/toshiba,,,لم يُرصد,بانتظار أول رصد سعر,0,,,True,يحتاج اكتشاف رابط المنتج,,2026-07-30T00:00:00,2026-07-30T00:00:00
CASH-6355D959EAF666,VAR-B8900FCC548B5C|EG-013|STORE,MAP-71EFFCB508C46384,VAR-B8900FCC548B5C,EG-013,,,EGP,,,,,,,,,,,القاهرة,,,,,,,True,,HTML/JSON-LD,https://btech.com/en/p/white-point-top-load-washing-machine-9kg-darkgrey-wptl9dbtea,,,لم يُرصد,بانتظار أول رصد سعر,0,,,True,جاهز لأول رصد,"Catalogue title: White Point Top Load washing Machine, 9 kg, Dark Grey - WPTL9DBTEA",2026-07-30T00:00:00,2026-07-30T00:00:00
CASH-3607BC3310A6D0,VAR-CC5C37CB5A6F84|EG-013|STORE,MAP-7076943FB7891915,VAR-CC5C37CB5A6F84,EG-013,,,EGP,,,,,,,,,,,القاهرة,,,,,,,True,,اكتشاف من صفحة فئة,https://btech.com/en/c/large-home-appliances/washing-machines-dryers/top-load-washing-machines,,,لم يُرصد,بانتظار أول رصد سعر,0,,,True,يحتاج اكتشاف رابط المنتج,,2026-07-30T00:00:00,2026-07-30T00:00:00
CASH-FF4DCBDA6F5692,VAR-438DB97B3E0C7F|EG-013|STORE,MAP-0C6841248CC84E86,VAR-438DB97B3E0C7F,EG-013,,,EGP,,,,,,,,,,,القاهرة,,,,,,,True,,HTML/JSON-LD,https://btech.com/en/p/af27f330-bd4e-47a3-a65e-3700a166dd2e,,,لم يُرصد,بانتظار أول رصد سعر,0,,,True,جاهز لأول رصد,"Catalogue title: Zanussi Inverter Front Load Washing Machine, 9 kg, Black - TC2ZWF9221SD7",2026-07-30T00:00:00,2026-07-30T00:00:00
CASH-9C38C2D40DE851,VAR-9387E41408729E|EG-013|STORE,MAP-8DAB3047EF8B5ED3,VAR-9387E41408729E,EG-013,,,EGP,,,,,,,,,,,القاهرة,,,,,,,True,,HTML/JSON-LD,https://btech.com/en/p/923c4259-58d2-4081-bb09-64baab277a9a,,,لم يُرصد,بانتظار أول رصد سعر,0,,,True,جاهز لأول رصد,"Catalogue title: Zanussi Inverter Front Load Washing Machine, 9 kg, Dark Gray - TC2ZWF9221SD7",2026-07-30T00:00:00,2026-07-30T00:00:00
CASH-60B0CAF4A09E8F,VAR-B86603E882B93B|EG-013|STORE,MAP-9757E65D491D3335,VAR-B86603E882B93B,EG-013,,,EGP,,,,,,,,,,,القاهرة,,,,,,,True,,HTML/JSON-LD,https://btech.com/en/p/zanussi-perlamax-washing-machine-7kg-silver-zwf7240ss5,,,لم يُرصد,بانتظار أول رصد سعر,0,,,True,جاهز لأول رصد,"Catalogue title: Zanussi ZWF7240SS5 Front Load Washing Machine, 7 kg, Silver",2026-07-30T00:00:00,2026-07-30T00:00:00
CASH-50EF4481AF8A12,VAR-BD662B5311F023|EG-013|STORE,MAP-50B1753EB7C63EFB,VAR-BD662B5311F023,EG-013,,,EGP,,,,,,,,,,,القاهرة,,,,,,,True,,HTML/JSON-LD,https://btech.com/en/p/zanussi-steammax-washing-machine-8kg-black-zwf8221bl8,,,لم يُرصد,بانتظار أول رصد سعر,0,,,True,جاهز لأول رصد,"Catalogue title: Zanussi SteamMax Inverter Front Load Washing Machine, 8 kg, Black - ZWF8221BL8",2026-07-30T00:00:00,2026-07-30T00:00:00
CASH-0E65DBB5720C84,VAR-F7F3127F4185B0|EG-013|STORE,MAP-AEE22AEFC1709E8E,VAR-F7F3127F4185B0,EG-013,,,EGP,,,,,,,,,,,القاهرة,,,,,,,True,,HTML/JSON-LD,https://btech.com/en/p/zanussi-steammax-washing-machine-8kg-silver-zwf8221sl8,,,لم يُرصد,بانتظار أول رصد سعر,0,,,True,جاهز لأول رصد,"Catalogue title: Zanussi SteamMax Inverter Front Load Washing Machine, 8 kg, Silver - ZWF8221SL8",2026-07-30T00:00:00,2026-07-30T00:00:00
CASH-9B7B2E88083BF4,VAR-531760A04B2427|EG-013|STORE,MAP-533D30786286EAD0,VAR-531760A04B2427,EG-013,,,EGP,,,,,,,,,,,القاهرة,,,,,,,True,,HTML/JSON-LD,https://btech.com/en/p/zanussi-perlamax-washing-machine-8-kg-black-zwf8240bs5,,,لم يُرصد,بانتظار أول رصد سعر,0,,,True,جاهز لأول رصد,"Catalogue title: Zanussi Perlamax Front Load Washing Machine, 8 kg, Black - ZWF8240BS5",2026-07-30T00:00:00,2026-07-30T00:00:00
CASH-285850A6C0C449,VAR-8C5296BD7B0943|EG-013|STORE,MAP-C2801E25101AAD1D,VAR-8C5296BD7B0943,EG-013,,,EGP,,,,,,,,,,,القاهرة,,,,,,,True,,HTML/JSON-LD,https://btech.com/en/p/zanussi-perlamax-washing-machine-8-kg-silver-zwf8240ss6,,,لم يُرصد,بانتظار أول رصد سعر,0,,,True,جاهز لأول رصد,"Catalogue title: Zanussi Perlamax Front Load Washing Machine, 8 kg, Silver - ZWF8240SS6",2026-07-30T00:00:00,2026-07-30T00:00:00
CASH-114D39AD75F85A,VAR-47287067038DF8|EG-013|STORE,MAP-2096F9CA1F1441B3,VAR-47287067038DF8,EG-013,,,EGP,,,,,,,,,,,القاهرة,,,,,,,True,,اكتشاف من صفحة فئة,https://btech.com/en/c/small-home-appliances/kettles-coffee-makers/electric-kettles,,,لم يُرصد,بانتظار أول رصد سعر,0,,,True,يحتاج اكتشاف رابط المنتج,,2026-07-30T00:00:00,2026-07-30T00:00:00
CASH-6E049F772E6DE2,VAR-BB7395ACA80DF8|EG-013|STORE,MAP-CA3A4F40432A70AB,VAR-BB7395ACA80DF8,EG-013,,,EGP,,,,,,,,,,,القاهرة,,,,,,,True,,اكتشاف من صفحة فئة,https://btech.com/en/c/small-home-appliances/kettles-coffee-makers/electric-kettles,,,لم يُرصد,بانتظار أول رصد سعر,0,,,True,يحتاج اكتشاف رابط المنتج,,2026-07-30T00:00:00,2026-07-30T00:00:00
CASH-49E6E4D736BBA2,VAR-F13E2F565C2136|EG-013|STORE,MAP-BA3FD79285346210,VAR-F13E2F565C2136,EG-013,,,EGP,,,,,,,,,,,القاهرة,,,,,,,True,,اكتشاف من صفحة فئة,https://btech.com/en/c/small-home-appliances/kettles-coffee-makers/electric-kettles,,,لم يُرصد,بانتظار أول رصد سعر,0,,,True,يحتاج اكتشاف رابط المنتج,,2026-07-30T00:00:00,2026-07-30T00:00:00
CASH-013B2F53A36E4F,VAR-8220B9365138FD|EG-013|STORE,MAP-DDE202602E43FF0B,VAR-8220B9365138FD,EG-013,,,EGP,,,,,,,,,,,القاهرة,,,,,,,True,,اكتشاف من صفحة فئة,https://btech.com/en/c/small-home-appliances/kettles-coffee-makers/electric-kettles,,,لم يُرصد,بانتظار أول رصد سعر,0,,,True,يحتاج اكتشاف رابط المنتج,,2026-07-30T00:00:00,2026-07-30T00:00:00
CASH-F0B1B382ECAEEC,VAR-BF9CF59993B541|EG-013|STORE,MAP-D46D5C7A963CF9F0,VAR-BF9CF59993B541,EG-013,,,EGP,,,,,,,,,,,القاهرة,,,,,,,True,,اكتشاف من صفحة فئة,https://btech.com/en/c/small-home-appliances/kettles-coffee-makers/electric-kettles,,,لم يُرصد,بانتظار أول رصد سعر,0,,,True,يحتاج اكتشاف رابط المنتج,,2026-07-30T00:00:00,2026-07-30T00:00:00
CASH-1F156E3BBECF63,VAR-1C1C6188CDCBCA|EG-013|STORE,MAP-A3D87F4F0EEE15D0,VAR-1C1C6188CDCBCA,EG-013,,,EGP,,,,,,,,,,,القاهرة,,,,,,,True,,اكتشاف من صفحة فئة,https://btech.com/en/c/small-home-appliances/kettles-coffee-makers/electric-kettles,,,لم يُرصد,بانتظار أول رصد سعر,0,,,True,يحتاج اكتشاف رابط المنتج,,2026-07-30T00:00:00,2026-07-30T00:00:00
CASH-74AAF2CEB9E1DA,VAR-01B80E24B7C799|EG-013|STORE,MAP-1E024C162EB5AFF3,VAR-01B80E24B7C799,EG-013,,,EGP,,,,,,,,,,,القاهرة,,,,,,,True,,اكتشاف من صفحة فئة,https://btech.com/en/c/small-home-appliances/kettles-coffee-makers/electric-kettles,,,لم يُرصد,بانتظار أول رصد سعر,0,,,True,يحتاج اكتشاف رابط المنتج,,2026-07-30T00:00:00,2026-07-30T00:00:00
CASH-A13A90C967BE15,VAR-E8DF34796F2F92|EG-013|STORE,MAP-ABDCD2311D2087DE,VAR-E8DF34796F2F92,EG-013,,,EGP,,,,,,,,,,,القاهرة,,,,,,,True,,اكتشاف من صفحة فئة,https://btech.com/en/c/small-home-appliances/kettles-coffee-makers/electric-kettles,,,لم يُرصد,بانتظار أول رصد سعر,0,,,True,يحتاج اكتشاف رابط المنتج,,2026-07-30T00:00:00,2026-07-30T00:00:00
CASH-DA9A875DD67BF0,VAR-6BFA2D10CB0B95|EG-013|STORE,MAP-5E9070A960ABBA31,VAR-6BFA2D10CB0B95,EG-013,,,EGP,,,,,,,,,,,القاهرة,,,,,,,True,,اكتشاف من صفحة فئة,https://btech.com/en/c/small-home-appliances/kettles-coffee-makers/electric-kettles,,,لم يُرصد,بانتظار أول رصد سعر,0,,,True,يحتاج اكتشاف رابط المنتج,,2026-07-30T00:00:00,2026-07-30T00:00:00
CASH-893486AAFDF700,VAR-D7AF4C14061E41|EG-013|STORE,MAP-6D0CF16475AD8CE9,VAR-D7AF4C14061E41,EG-013,,,EGP,,,,,,,,,,,القاهرة,,,,,,,True,,اكتشاف من صفحة فئة,https://btech.com/en/c/small-home-appliances/kettles-coffee-makers/electric-kettles,,,لم يُرصد,بانتظار أول رصد سعر,0,,,True,يحتاج اكتشاف رابط المنتج,,2026-07-30T00:00:00,2026-07-30T00:00:00
CASH-D8CC193AD29D54,VAR-8071F571F2BDEA|EG-013|STORE,MAP-E6CA6EE43AECDE01,VAR-8071F571F2BDEA,EG-013,,,EGP,,,,,,,,,,,القاهرة,,,,,,,True,,اكتشاف من صفحة فئة,https://btech.com/en/c/small-home-appliances/kettles-coffee-makers/electric-kettles,,,لم يُرصد,بانتظار أول رصد سعر,0,,,True,يحتاج اكتشاف رابط المنتج,,2026-07-30T00:00:00,2026-07-30T00:00:00
CASH-7B7F7358A1D3AE,VAR-75ECC533E1986F|EG-013|STORE,MAP-44E3C76361A78766,VAR-75ECC533E1986F,EG-013,,,EGP,,,,,,,,,,,القاهرة,,,,,,,True,,اكتشاف من صفحة فئة,https://btech.com/en/c/small-home-appliances/kettles-coffee-makers/electric-kettles,,,لم يُرصد,بانتظار أول رصد سعر,0,,,True,يحتاج اكتشاف رابط المنتج,,2026-07-30T00:00:00,2026-07-30T00:00:00
CASH-F0633D18B81C1F,VAR-0993D2440AC828|EG-013|STORE,MAP-E53AE2854B96DE07,VAR-0993D2440AC828,EG-013,,,EGP,,,,,,,,,,,القاهرة,,,,,,,True,,اكتشاف من صفحة فئة,https://btech.com/en/c/small-home-appliances/kettles-coffee-makers/electric-kettles,,,لم يُرصد,بانتظار أول رصد سعر,0,,,True,يحتاج اكتشاف رابط المنتج,,2026-07-30T00:00:00,2026-07-30T00:00:00
CASH-6EA73FC6DEC3DC,VAR-E80CF243696F4C|EG-013|STORE,MAP-F30942844751BD35,VAR-E80CF243696F4C,EG-013,,,EGP,,,,,,,,,,,القاهرة,,,,,,,True,,اكتشاف من صفحة فئة,https://btech.com/en/c/small-home-appliances/kettles-coffee-makers/electric-kettles,,,لم يُرصد,بانتظار أول رصد سعر,0,,,True,يحتاج اكتشاف رابط المنتج,,2026-07-30T00:00:00,2026-07-30T00:00:00
CASH-55995DD774F7B3,VAR-D52ACB19162E0A|EG-013|STORE,MAP-BFF8DC9F64FACCAA,VAR-D52ACB19162E0A,EG-013,,,EGP,,,,,,,,,,,القاهرة,,,,,,,True,,اكتشاف من صفحة فئة,https://btech.com/en/c/small-home-appliances/kettles-coffee-makers/electric-kettles,,,لم يُرصد,بانتظار أول رصد سعر,0,,,True,يحتاج اكتشاف رابط المنتج,,2026-07-30T00:00:00,2026-07-30T00:00:00
CASH-3A8197FB4E1373,VAR-D2A007B772D67E|EG-013|STORE,MAP-26D81995A1732FAE,VAR-D2A007B772D67E,EG-013,,,EGP,,,,,,,,,,,القاهرة,,,,,,,True,,اكتشاف من صفحة فئة,https://btech.com/en/c/small-home-appliances/kettles-coffee-makers/electric-kettles,,,لم يُرصد,بانتظار أول رصد سعر,0,,,True,يحتاج اكتشاف رابط المنتج,,2026-07-30T00:00:00,2026-07-30T00:00:00
CASH-F63D26C125D125,VAR-1B2FB392BAC4B4|EG-013|STORE,MAP-81D115DB8A6AD8FD,VAR-1B2FB392BAC4B4,EG-013,,,EGP,,,,,,,,,,,القاهرة,,,,,,,True,,اكتشاف من صفحة فئة,https://btech.com/en/c/small-home-appliances/kettles-coffee-makers/electric-kettles,,,لم يُرصد,بانتظار أول رصد سعر,0,,,True,يحتاج اكتشاف رابط المنتج,,2026-07-30T00:00:00,2026-07-30T00:00:00
CASH-BAC21972F1F883,VAR-D873457645ECC1|EG-013|STORE,MAP-5751D8BA2A2CC93F,VAR-D873457645ECC1,EG-013,,,EGP,,,,,,,,,,,القاهرة,,,,,,,True,,اكتشاف من صفحة فئة,https://btech.com/en/c/small-home-appliances/kettles-coffee-makers/electric-kettles,,,لم يُرصد,بانتظار أول رصد سعر,0,,,True,يحتاج اكتشاف رابط المنتج,,2026-07-30T00:00:00,2026-07-30T00:00:00
CASH-33C32C8E4459A8,VAR-9DF10BF5D254DD|EG-079|STORE,MAP-305B5B182D89BBBE,VAR-9DF10BF5D254DD,EG-079,,,EGP,,,,,,,,,,,القاهرة,,,,,,,True,,Sitemap ثم صفحة منتج,https://www.zahranstores.com/en/tefal-double-layer-kettle-15-l-1500-watt-ko1408e0,,,لم يُرصد,بانتظار أول رصد سعر,0,,,True,يحتاج تأكيد صفحة المنتج,Exact product URL in Zahran Stores public sitemap; stock not asserted,2026-07-30T00:00:00,2026-07-30T00:00:00
CASH-9B7386AAEF06A1,VAR-ACFB10204907BD|EG-013|STORE,MAP-E3A98F24A9A94B5A,VAR-ACFB10204907BD,EG-013,,,EGP,,,,,,,,,,,القاهرة,,,,,,,True,,اكتشاف من صفحة فئة,https://btech.com/en/c/small-home-appliances/kettles-coffee-makers/electric-kettles,,,لم يُرصد,بانتظار أول رصد سعر,0,,,True,يحتاج اكتشاف رابط المنتج,,2026-07-30T00:00:00,2026-07-30T00:00:00
CASH-CB1A8609E4B41C,VAR-546A01A206A32A|EG-013|STORE,MAP-63BD298C97057D14,VAR-546A01A206A32A,EG-013,,,EGP,,,,,,,,,,,القاهرة,,,,,,,True,,اكتشاف من صفحة فئة,https://btech.com/en/c/small-home-appliances/kettles-coffee-makers/electric-kettles,,,لم يُرصد,بانتظار أول رصد سعر,0,,,True,يحتاج اكتشاف رابط المنتج,,2026-07-30T00:00:00,2026-07-30T00:00:00
CASH-0294F51DFB3674,VAR-D75AB94D786C13|EG-013|STORE,MAP-E8457FA9FB6CFAF6,VAR-D75AB94D786C13,EG-013,,,EGP,,,,,,,,,,,القاهرة,,,,,,,True,,اكتشاف من صفحة فئة,https://btech.com/en/c/small-home-appliances/fryers/air-fryers,,,لم يُرصد,بانتظار أول رصد سعر,0,,,True,يحتاج اكتشاف رابط المنتج,,2026-07-30T00:00:00,2026-07-30T00:00:00
CASH-EE1CD091D91055,VAR-31499761DA1CA1|EG-013|STORE,MAP-343F1F5D0319CF6B,VAR-31499761DA1CA1,EG-013,,,EGP,,,,,,,,,,,القاهرة,,,,,,,True,,اكتشاف من صفحة فئة,https://btech.com/en/c/small-home-appliances/fryers/air-fryers,,,لم يُرصد,بانتظار أول رصد سعر,0,,,True,يحتاج اكتشاف رابط المنتج,,2026-07-30T00:00:00,2026-07-30T00:00:00
CASH-F0496B14C9BF40,VAR-C5FA70EAA46861|EG-013|STORE,MAP-B06F7DB7E267484A,VAR-C5FA70EAA46861,EG-013,,,EGP,,,,,,,,,,,القاهرة,,,,,,,True,,اكتشاف من صفحة فئة,https://btech.com/en/c/small-home-appliances/fryers/air-fryers,,,لم يُرصد,بانتظار أول رصد سعر,0,,,True,يحتاج اكتشاف رابط المنتج,,2026-07-30T00:00:00,2026-07-30T00:00:00
CASH-F77983AB270F54,VAR-415A4AF42C3DAC|EG-013|STORE,MAP-E3C4DD465CA7B92C,VAR-415A4AF42C3DAC,EG-013,,,EGP,,,,,,,,,,,القاهرة,,,,,,,True,,اكتشاف من صفحة فئة,https://btech.com/en/c/small-home-appliances/fryers/air-fryers,,,لم يُرصد,بانتظار أول رصد سعر,0,,,True,يحتاج اكتشاف رابط المنتج,,2026-07-30T00:00:00,2026-07-30T00:00:00
CASH-6CDC4FAFA8D884,VAR-83CF9B6C2E6DE1|EG-013|STORE,MAP-031915AB0AAED6C9,VAR-83CF9B6C2E6DE1,EG-013,,,EGP,,,,,,,,,,,القاهرة,,,,,,,True,,اكتشاف من صفحة فئة,https://btech.com/en/c/small-home-appliances/fryers/air-fryers,,,لم يُرصد,بانتظار أول رصد سعر,0,,,True,يحتاج اكتشاف رابط المنتج,,2026-07-30T00:00:00,2026-07-30T00:00:00
CASH-C8065D09D07F3D,VAR-1F670C6B61BD3C|EG-013|STORE,MAP-F8CB7064E54CFA1F,VAR-1F670C6B61BD3C,EG-013,,,EGP,,,,,,,,,,,القاهرة,,,,,,,True,,اكتشاف من صفحة فئة,https://btech.com/en/c/small-home-appliances/fryers/air-fryers,,,لم يُرصد,بانتظار أول رصد سعر,0,,,True,يحتاج اكتشاف رابط المنتج,,2026-07-30T00:00:00,2026-07-30T00:00:00
CASH-C93E3B927D4142,VAR-A61CEC8FA06AF1|EG-013|STORE,MAP-774B0BF885BC66E9,VAR-A61CEC8FA06AF1,EG-013,,,EGP,,,,,,,,,,,القاهرة,,,,,,,True,,اكتشاف من صفحة فئة,https://btech.com/en/c/small-home-appliances/fryers/air-fryers,,,لم يُرصد,بانتظار أول رصد سعر,0,,,True,يحتاج اكتشاف رابط المنتج,,2026-07-30T00:00:00,2026-07-30T00:00:00
CASH-977A671680286E,VAR-F1183AA3FCB92A|EG-013|STORE,MAP-6C3241CFD690C218,VAR-F1183AA3FCB92A,EG-013,,,EGP,,,,,,,,,,,القاهرة,,,,,,,True,,اكتشاف من صفحة فئة,https://btech.com/en/c/small-home-appliances/fryers/air-fryers,,,لم يُرصد,بانتظار أول رصد سعر,0,,,True,يحتاج اكتشاف رابط المنتج,,2026-07-30T00:00:00,2026-07-30T00:00:00
CASH-036511A434DCA6,VAR-3DC7268BAC8964|EG-013|STORE,MAP-5DDC60120AA7AFDF,VAR-3DC7268BAC8964,EG-013,,,EGP,,,,,,,,,,,القاهرة,,,,,,,True,,اكتشاف من صفحة فئة,https://btech.com/en/c/small-home-appliances/fryers/air-fryers,,,لم يُرصد,بانتظار أول رصد سعر,0,,,True,يحتاج اكتشاف رابط المنتج,,2026-07-30T00:00:00,2026-07-30T00:00:00
CASH-0A6F9539B657F1,VAR-2D08D87313C39E|EG-013|STORE,MAP-675DBE871EA3739D,VAR-2D08D87313C39E,EG-013,,,EGP,,,,,,,,,,,القاهرة,,,,,,,True,,اكتشاف من صفحة فئة,https://btech.com/en/c/small-home-appliances/fryers/air-fryers,,,لم يُرصد,بانتظار أول رصد سعر,0,,,True,يحتاج اكتشاف رابط المنتج,,2026-07-30T00:00:00,2026-07-30T00:00:00
CASH-15B03C8F03B81D,VAR-01635113034FEE|EG-013|STORE,MAP-019218CDE86DD38F,VAR-01635113034FEE,EG-013,,,EGP,,,,,,,,,,,القاهرة,,,,,,,True,,اكتشاف من صفحة فئة,https://btech.com/en/c/small-home-appliances/fryers/air-fryers,,,لم يُرصد,بانتظار أول رصد سعر,0,,,True,يحتاج اكتشاف رابط المنتج,,2026-07-30T00:00:00,2026-07-30T00:00:00
CASH-D5E2D28AFE0BB0,VAR-0F7E115C404125|EG-013|STORE,MAP-695932D2665C37CE,VAR-0F7E115C404125,EG-013,,,EGP,,,,,,,,,,,القاهرة,,,,,,,True,,اكتشاف من صفحة فئة,https://btech.com/en/c/small-home-appliances/fryers/air-fryers,,,لم يُرصد,بانتظار أول رصد سعر,0,,,True,يحتاج اكتشاف رابط المنتج,,2026-07-30T00:00:00,2026-07-30T00:00:00
CASH-14EC9FE25CEE70,VAR-FC2633EE9153C1|EG-013|STORE,MAP-D28DD0CE0A8ED19E,VAR-FC2633EE9153C1,EG-013,,,EGP,,,,,,,,,,,القاهرة,,,,,,,True,,اكتشاف من صفحة فئة,https://btech.com/en/c/small-home-appliances/fryers/air-fryers,,,لم يُرصد,بانتظار أول رصد سعر,0,,,True,يحتاج اكتشاف رابط المنتج,,2026-07-30T00:00:00,2026-07-30T00:00:00
CASH-90ACAD012263A4,VAR-F36E872C523EC2|EG-013|STORE,MAP-C798F2822B6143D8,VAR-F36E872C523EC2,EG-013,,,EGP,,,,,,,,,,,القاهرة,,,,,,,True,,اكتشاف من صفحة فئة,https://btech.com/en/c/small-home-appliances/fryers/air-fryers,,,لم يُرصد,بانتظار أول رصد سعر,0,,,True,يحتاج اكتشاف رابط المنتج,,2026-07-30T00:00:00,2026-07-30T00:00:00
CASH-BC1252FB04634C,VAR-609D5D3573278B|EG-013|STORE,MAP-A52C093110D0F3D4,VAR-609D5D3573278B,EG-013,,,EGP,,,,,,,,,,,القاهرة,,,,,,,True,,اكتشاف من صفحة فئة,https://btech.com/en/c/small-home-appliances/fryers/air-fryers,,,لم يُرصد,بانتظار أول رصد سعر,0,,,True,يحتاج اكتشاف رابط المنتج,,2026-07-30T00:00:00,2026-07-30T00:00:00
CASH-F4753F6FB87C69,VAR-50C0DBC4A61745|EG-013|STORE,MAP-2E3B64A823FAECCB,VAR-50C0DBC4A61745,EG-013,,,EGP,,,,,,,,,,,القاهرة,,,,,,,True,,اكتشاف من صفحة فئة,https://btech.com/en/c/small-home-appliances/fryers/air-fryers,,,لم يُرصد,بانتظار أول رصد سعر,0,,,True,يحتاج اكتشاف رابط المنتج,,2026-07-30T00:00:00,2026-07-30T00:00:00
CASH-DA1DD7D6C1042D,VAR-4288DCEE36CFF8|EG-013|STORE,MAP-7F8C131619F93059,VAR-4288DCEE36CFF8,EG-013,,,EGP,,,,,,,,,,,القاهرة,,,,,,,True,,اكتشاف من صفحة فئة,https://btech.com/en/c/small-home-appliances/fryers/air-fryers,,,لم يُرصد,بانتظار أول رصد سعر,0,,,True,يحتاج اكتشاف رابط المنتج,,2026-07-30T00:00:00,2026-07-30T00:00:00
CASH-83E0177E2F876C,VAR-553F1F360BF680|EG-013|STORE,MAP-7FEF6A513037EE92,VAR-553F1F360BF680,EG-013,,,EGP,,,,,,,,,,,القاهرة,,,,,,,True,,اكتشاف من صفحة فئة,https://btech.com/en/c/small-home-appliances/fryers/air-fryers,,,لم يُرصد,بانتظار أول رصد سعر,0,,,True,يحتاج اكتشاف رابط المنتج,,2026-07-30T00:00:00,2026-07-30T00:00:00
CASH-84814E2B1D66B6,VAR-F129958D994810|EG-013|STORE,MAP-D8FA002C2BBA20B6,VAR-F129958D994810,EG-013,,,EGP,,,,,,,,,,,القاهرة,,,,,,,True,,اكتشاف من صفحة فئة,https://btech.com/en/c/small-home-appliances/fryers/air-fryers,,,لم يُرصد,بانتظار أول رصد سعر,0,,,True,يحتاج اكتشاف رابط المنتج,,2026-07-30T00:00:00,2026-07-30T00:00:00
CASH-9E25996EAEEE3C,VAR-9911F5665D3D1F|EG-013|STORE,MAP-F98AA619FACD764B,VAR-9911F5665D3D1F,EG-013,,,EGP,,,,,,,,,,,القاهرة,,,,,,,True,,اكتشاف من صفحة فئة,https://btech.com/en/c/small-home-appliances/fryers/air-fryers,,,لم يُرصد,بانتظار أول رصد سعر,0,,,True,يحتاج اكتشاف رابط المنتج,,2026-07-30T00:00:00,2026-07-30T00:00:00
CASH-6E983E24B1D3E2,VAR-CF50C906D8B873|EG-079|STORE,MAP-5B0E3CAF04A6115F,VAR-CF50C906D8B873,EG-079,,,EGP,,,,,,,,,,,القاهرة,,,,,,,True,,Sitemap ثم صفحة منتج,https://www.zahranstores.com/en/tefal-easy-fry-max-hot-air-fryer-5l-capacity-10-programs-digital-ey2458eg-skd,,,لم يُرصد,بانتظار أول رصد سعر,0,,,True,يحتاج تأكيد صفحة المنتج,Exact product URL in Zahran Stores public sitemap; stock not asserted,2026-07-30T00:00:00,2026-07-30T00:00:00
CASH-CB98B27347A88A,VAR-624C42D2988481|EG-079|STORE,MAP-EF29C1AECFE5E25E,VAR-624C42D2988481,EG-079,,,EGP,,,,,,,,,,,القاهرة,,,,,,,True,,Sitemap ثم صفحة منتج,https://www.zahranstores.com/en/tefal-easy-fry-grill-xxl-air-fryer-8-programs-digital-ey8018eg,,,لم يُرصد,بانتظار أول رصد سعر,0,,,True,يحتاج تأكيد صفحة المنتج,Exact product URL in Zahran Stores public sitemap; stock not asserted,2026-07-30T00:00:00,2026-07-30T00:00:00
CASH-C5FE11F61A434A,VAR-424C509234C8C3|EG-079|STORE,MAP-F8E458F637FDBD34,VAR-424C509234C8C3,EG-079,,,EGP,,,,,,,,,,,القاهرة,,,,,,,True,,Sitemap ثم صفحة منتج,https://www.zahranstores.com/en/tefal-easy-fry-grill-xxl-oil-less-fryer-8-programs-stainless-steel-digital-ey801eeg,,,لم يُرصد,بانتظار أول رصد سعر,0,,,True,يحتاج تأكيد صفحة المنتج,Exact product URL in Zahran Stores public sitemap; stock not asserted,2026-07-30T00:00:00,2026-07-30T00:00:00
CASH-648EE4C29A56A8,VAR-8DAEAF8B3412C2|EG-079|STORE,MAP-C988E719A608F373,VAR-8DAEAF8B3412C2,EG-079,,,EGP,,,,,,,,,,,القاهرة,,,,,,,True,,Sitemap ثم صفحة منتج,https://www.zahranstores.com/en/tefal-dual-easy-fry-grill-oil-less-fryer-2700w-2drawers-8programs-auto-off-ey905b10,,,لم يُرصد,بانتظار أول رصد سعر,0,,,True,يحتاج تأكيد صفحة المنتج,Exact product URL in Zahran Stores public sitemap; stock not asserted,2026-07-30T00:00:00,2026-07-30T00:00:00
CASH-C2C5D53CDB00B7,VAR-53216D6E352880|EG-079|STORE,MAP-0367F802A5E2EFAA,VAR-53216D6E352880,EG-079,,,EGP,,,,,,,,,,,القاهرة,,,,,,,True,,Sitemap ثم صفحة منتج,https://www.zahranstores.com/en/moulinex-la-moulinette-chopper-250-ml-800-watt-white-ad5601eg-1137,,,لم يُرصد,بانتظار أول رصد سعر,0,,,True,يحتاج تأكيد صفحة المنتج,Exact product URL in Zahran Stores public sitemap; stock not asserted,2026-07-30T00:00:00,2026-07-30T00:00:00
CASH-88FE47C8000B1D,VAR-9C49DBC656988A|EG-079|STORE,MAP-B816DB493CC371D4,VAR-9C49DBC656988A,EG-079,,,EGP,,,,,,,,,,,القاهرة,,,,,,,True,,Sitemap ثم صفحة منتج,https://www.zahranstores.com/en/moulinex-multi-moulinette-chopper-500-ml-500-watt-white-at7151eg-1135,,,لم يُرصد,بانتظار أول رصد سعر,0,,,True,يحتاج تأكيد صفحة المنتج,Exact product URL in Zahran Stores public sitemap; stock not asserted,2026-07-30T00:00:00,2026-07-30T00:00:00
CASH-34E707253D1457,VAR-6BF0EF9795F3D7|EG-079|STORE,MAP-0B15695DA37A1E05,VAR-6BF0EF9795F3D7,EG-079,,,EGP,,,,,,,,,,,القاهرة,,,,,,,True,,Sitemap ثم صفحة منتج,https://www.zahranstores.com/en/moulinex-multi-moulinette-chopper-with-molokhia-blade-500-ml-500-w-white-at7191eg-1136,,,لم يُرصد,بانتظار أول رصد سعر,0,,,True,يحتاج تأكيد صفحة المنتج,Exact product URL in Zahran Stores public sitemap; stock not asserted,2026-07-30T00:00:00,2026-07-30T00:00:00
CASH-04D96D78B43C5D,VAR-337D7BA59D0A67|EG-013|STORE,MAP-23147C2FDAC33FDA,VAR-337D7BA59D0A67,EG-013,,,EGP,,,,,,,,,,,القاهرة,,,,,,,True,,اكتشاف من صفحة فئة,https://btech.com/en/c/small-home-appliances/kettles-coffee-makers/espresso-machines,,,لم يُرصد,بانتظار أول رصد سعر,0,,,True,يحتاج اكتشاف رابط المنتج,,2026-07-30T00:00:00,2026-07-30T00:00:00
CASH-1D9CA9395E3416,VAR-7AAE71973D2B33|EG-013|STORE,MAP-E3125FCB6E7B7B16,VAR-7AAE71973D2B33,EG-013,,,EGP,,,,,,,,,,,القاهرة,,,,,,,True,,اكتشاف من صفحة فئة,https://btech.com/en/c/small-home-appliances/kettles-coffee-makers/espresso-machines,,,لم يُرصد,بانتظار أول رصد سعر,0,,,True,يحتاج اكتشاف رابط المنتج,,2026-07-30T00:00:00,2026-07-30T00:00:00
CASH-1A43CAEEB0765B,VAR-11D77BC1456C3B|EG-013|STORE,MAP-FD8D307EAA4C0D03,VAR-11D77BC1456C3B,EG-013,,,EGP,,,,,,,,,,,القاهرة,,,,,,,True,,اكتشاف من صفحة فئة,https://btech.com/en/c/small-home-appliances/kettles-coffee-makers/espresso-machines,,,لم يُرصد,بانتظار أول رصد سعر,0,,,True,يحتاج اكتشاف رابط المنتج,,2026-07-30T00:00:00,2026-07-30T00:00:00
CASH-0A76343E98949C,VAR-C6D797134C8678|EG-013|STORE,MAP-A18BA84C8B57F64A,VAR-C6D797134C8678,EG-013,,,EGP,,,,,,,,,,,القاهرة,,,,,,,True,,اكتشاف من صفحة فئة,https://btech.com/en/c/small-home-appliances/kettles-coffee-makers/espresso-machines,,,لم يُرصد,بانتظار أول رصد سعر,0,,,True,يحتاج اكتشاف رابط المنتج,,2026-07-30T00:00:00,2026-07-30T00:00:00
CASH-AEE992C3EC6E7D,VAR-0EF141BF892846|EG-013|STORE,MAP-B55A83DD4AFA7CE1,VAR-0EF141BF892846,EG-013,,,EGP,,,,,,,,,,,القاهرة,,,,,,,True,,اكتشاف من صفحة فئة,https://btech.com/en/c/small-home-appliances/kettles-coffee-makers/espresso-machines,,,لم يُرصد,بانتظار أول رصد سعر,0,,,True,يحتاج اكتشاف رابط المنتج,,2026-07-30T00:00:00,2026-07-30T00:00:00
CASH-AC3DE7A21B5438,VAR-4765ED4FCFB5A9|EG-013|STORE,MAP-301AD8C3DC4410EE,VAR-4765ED4FCFB5A9,EG-013,,,EGP,,,,,,,,,,,القاهرة,,,,,,,True,,اكتشاف من صفحة فئة,https://btech.com/en/c/small-home-appliances/kettles-coffee-makers/espresso-machines,,,لم يُرصد,بانتظار أول رصد سعر,0,,,True,يحتاج اكتشاف رابط المنتج,,2026-07-30T00:00:00,2026-07-30T00:00:00
CASH-464AA3BCDAEA98,VAR-D510B598C90145|EG-013|STORE,MAP-77A4C657D27C882B,VAR-D510B598C90145,EG-013,,,EGP,,,,,,,,,,,القاهرة,,,,,,,True,,اكتشاف من صفحة فئة,https://btech.com/en/c/small-home-appliances/kettles-coffee-makers/espresso-machines,,,لم يُرصد,بانتظار أول رصد سعر,0,,,True,يحتاج اكتشاف رابط المنتج,,2026-07-30T00:00:00,2026-07-30T00:00:00
CASH-6030BD4B482D53,VAR-EE4A91B8FB6A8F|EG-013|STORE,MAP-72DD9D1CF099A19D,VAR-EE4A91B8FB6A8F,EG-013,,,EGP,,,,,,,,,,,القاهرة,,,,,,,True,,اكتشاف من صفحة فئة,https://btech.com/en/c/small-home-appliances/kettles-coffee-makers/espresso-machines,,,لم يُرصد,بانتظار أول رصد سعر,0,,,True,يحتاج اكتشاف رابط المنتج,,2026-07-30T00:00:00,2026-07-30T00:00:00
CASH-DE288CBCA585D1,VAR-0784B8F0EB8936|EG-013|STORE,MAP-245942583E567B1D,VAR-0784B8F0EB8936,EG-013,,,EGP,,,,,,,,,,,القاهرة,,,,,,,True,,اكتشاف من صفحة فئة,https://btech.com/en/c/small-home-appliances/kettles-coffee-makers/espresso-machines,,,لم يُرصد,بانتظار أول رصد سعر,0,,,True,يحتاج اكتشاف رابط المنتج,,2026-07-30T00:00:00,2026-07-30T00:00:00
CASH-3D97028A88A0CA,VAR-0744CD3E3E1C83|EG-079|STORE,MAP-617E69B594B323A5,VAR-0744CD3E3E1C83,EG-079,,,EGP,,,,,,,,,,,القاهرة,,,,,,,True,,Sitemap ثم صفحة منتج,https://www.zahranstores.com/en/moulinex-meat-mincer-hv8-plus-5in1-me682826-1103,,,لم يُرصد,بانتظار أول رصد سعر,0,,,True,يحتاج تأكيد صفحة المنتج,Exact product URL in Zahran Stores public sitemap; stock not asserted,2026-07-30T00:00:00,2026-07-30T00:00:00
CASH-45318B691836F1,VAR-3A85A471963C4A|EG-013|STORE,MAP-39632D96CF9D0565,VAR-3A85A471963C4A,EG-013,,,EGP,,,,,,,,,,,القاهرة,,,,,,,True,,اكتشاف من صفحة فئة,https://btech.com/en/c/small-home-appliances/kettles-coffee-makers/turkish-coffee-makers,,,لم يُرصد,بانتظار أول رصد سعر,0,,,True,يحتاج اكتشاف رابط المنتج,,2026-07-30T00:00:00,2026-07-30T00:00:00
CASH-DF6895DB610C24,VAR-F2888C505679F4|EG-013|STORE,MAP-123D7C2565A69B4A,VAR-F2888C505679F4,EG-013,,,EGP,,,,,,,,,,,القاهرة,,,,,,,True,,اكتشاف من صفحة فئة,https://btech.com/en/c/small-home-appliances/kettles-coffee-makers/turkish-coffee-makers,,,لم يُرصد,بانتظار أول رصد سعر,0,,,True,يحتاج اكتشاف رابط المنتج,,2026-07-30T00:00:00,2026-07-30T00:00:00
CASH-1914FF3841448F,VAR-2A034D2A4CBD36|EG-013|STORE,MAP-103357675E23398C,VAR-2A034D2A4CBD36,EG-013,,,EGP,,,,,,,,,,,القاهرة,,,,,,,True,,اكتشاف من صفحة فئة,https://btech.com/en/c/small-home-appliances/kettles-coffee-makers/turkish-coffee-makers,,,لم يُرصد,بانتظار أول رصد سعر,0,,,True,يحتاج اكتشاف رابط المنتج,,2026-07-30T00:00:00,2026-07-30T00:00:00
CASH-FC664E4F995E63,VAR-730ED4A8A27057|EG-013|STORE,MAP-D8A20E901304695D,VAR-730ED4A8A27057,EG-013,,,EGP,,,,,,,,,,,القاهرة,,,,,,,True,,اكتشاف من صفحة فئة,https://btech.com/en/c/small-home-appliances/kettles-coffee-makers/turkish-coffee-makers,,,لم يُرصد,بانتظار أول رصد سعر,0,,,True,يحتاج اكتشاف رابط المنتج,,2026-07-30T00:00:00,2026-07-30T00:00:00
CASH-4D405255289968,VAR-9DE611D5909E30|EG-013|STORE,MAP-27EEEB12C9E70BE3,VAR-9DE611D5909E30,EG-013,,,EGP,,,,,,,,,,,القاهرة,,,,,,,True,,اكتشاف من صفحة فئة,https://btech.com/en/c/small-home-appliances/kettles-coffee-makers/turkish-coffee-makers,,,لم يُرصد,بانتظار أول رصد سعر,0,,,True,يحتاج اكتشاف رابط المنتج,,2026-07-30T00:00:00,2026-07-30T00:00:00
CASH-2F5530D7C7A12B,VAR-043BDED67DE906|EG-013|STORE,MAP-4DA5BD2DEF2EC921,VAR-043BDED67DE906,EG-013,,,EGP,,,,,,,,,,,القاهرة,,,,,,,True,,اكتشاف من صفحة فئة,https://btech.com/en/c/small-home-appliances/kettles-coffee-makers/turkish-coffee-makers,,,لم يُرصد,بانتظار أول رصد سعر,0,,,True,يحتاج اكتشاف رابط المنتج,,2026-07-30T00:00:00,2026-07-30T00:00:00
CASH-AF9599900C3B0E,VAR-EFE0D0D9A92709|EG-013|STORE,MAP-EB8568C476C28E85,VAR-EFE0D0D9A92709,EG-013,,,EGP,,,,,,,,,,,القاهرة,,,,,,,True,,اكتشاف من صفحة فئة,https://btech.com/en/c/small-home-appliances/kettles-coffee-makers/turkish-coffee-makers,,,لم يُرصد,بانتظار أول رصد سعر,0,,,True,يحتاج اكتشاف رابط المنتج,,2026-07-30T00:00:00,2026-07-30T00:00:00
CASH-A39104BC3B8602,VAR-2A3D6069C26392|EG-013|STORE,MAP-AB3433EB5A15FA38,VAR-2A3D6069C26392,EG-013,,,EGP,,,,,,,,,,,القاهرة,,,,,,,True,,اكتشاف من صفحة فئة,https://btech.com/en/c/small-home-appliances/kettles-coffee-makers/turkish-coffee-makers,,,لم يُرصد,بانتظار أول رصد سعر,0,,,True,يحتاج اكتشاف رابط المنتج,,2026-07-30T00:00:00,2026-07-30T00:00:00
CASH-29A0857E44B064,VAR-E91367661B1A92|EG-013|STORE,MAP-77EAA4F96F29CBB8,VAR-E91367661B1A92,EG-013,,,EGP,,,,,,,,,,,القاهرة,,,,,,,True,,اكتشاف من صفحة فئة,https://btech.com/en/c/small-home-appliances/kettles-coffee-makers/turkish-coffee-makers,,,لم يُرصد,بانتظار أول رصد سعر,0,,,True,يحتاج اكتشاف رابط المنتج,,2026-07-30T00:00:00,2026-07-30T00:00:00
CASH-FB70E312E46F19,VAR-A93916C6CACEFB|EG-013|STORE,MAP-E136A54A5383DF1F,VAR-A93916C6CACEFB,EG-013,,,EGP,,,,,,,,,,,القاهرة,,,,,,,True,,اكتشاف من صفحة فئة,https://btech.com/en/c/small-home-appliances/kettles-coffee-makers/turkish-coffee-makers,,,لم يُرصد,بانتظار أول رصد سعر,0,,,True,يحتاج اكتشاف رابط المنتج,,2026-07-30T00:00:00,2026-07-30T00:00:00
CASH-FD1BDE0FD41EE1,VAR-D9155AA8292B0B|EG-013|STORE,MAP-946F4071BED8D54F,VAR-D9155AA8292B0B,EG-013,,,EGP,,,,,,,,,,,القاهرة,,,,,,,True,,اكتشاف من صفحة فئة,https://btech.com/en/c/small-home-appliances/kettles-coffee-makers/turkish-coffee-makers,,,لم يُرصد,بانتظار أول رصد سعر,0,,,True,يحتاج اكتشاف رابط المنتج,,2026-07-30T00:00:00,2026-07-30T00:00:00
CASH-4A5E565ED32A32,VAR-76E9CC866DD3CC|EG-013|STORE,MAP-BDEBA9E65F337B94,VAR-76E9CC866DD3CC,EG-013,,,EGP,,,,,,,,,,,القاهرة,,,,,,,True,,اكتشاف من صفحة فئة,https://btech.com/en/c/small-home-appliances/kettles-coffee-makers/turkish-coffee-makers,,,لم يُرصد,بانتظار أول رصد سعر,0,,,True,يحتاج اكتشاف رابط المنتج,,2026-07-30T00:00:00,2026-07-30T00:00:00
CASH-22AD33C1AF6FA2,VAR-99459AE9D122D7|EG-013|STORE,MAP-B643DF625C29E481,VAR-99459AE9D122D7,EG-013,,,EGP,,,,,,,,,,,القاهرة,,,,,,,True,,اكتشاف من صفحة فئة,https://btech.com/en/c/small-home-appliances/kettles-coffee-makers/turkish-coffee-makers,,,لم يُرصد,بانتظار أول رصد سعر,0,,,True,يحتاج اكتشاف رابط المنتج,,2026-07-30T00:00:00,2026-07-30T00:00:00
CASH-54C4725AC6261F,VAR-62740BDCFFC89F|EG-013|STORE,MAP-DF1B19AF484D5E6B,VAR-62740BDCFFC89F,EG-013,,,EGP,,,,,,,,,,,القاهرة,,,,,,,True,,اكتشاف من صفحة فئة,https://btech.com/en/c/small-home-appliances/kettles-coffee-makers/turkish-coffee-makers,,,لم يُرصد,بانتظار أول رصد سعر,0,,,True,يحتاج اكتشاف رابط المنتج,,2026-07-30T00:00:00,2026-07-30T00:00:00
CASH-A7C43B898812C6,VAR-33FB8C44208D08|EG-013|STORE,MAP-D07B489993252C5A,VAR-33FB8C44208D08,EG-013,,,EGP,,,,,,,,,,,القاهرة,,,,,,,True,,اكتشاف من صفحة فئة,https://btech.com/en/c/small-home-appliances/kettles-coffee-makers/turkish-coffee-makers,,,لم يُرصد,بانتظار أول رصد سعر,0,,,True,يحتاج اكتشاف رابط المنتج,,2026-07-30T00:00:00,2026-07-30T00:00:00
CASH-BCB1A85FF19E63,VAR-252BF53D95CE0F|EG-013|STORE,MAP-08471234CF656760,VAR-252BF53D95CE0F,EG-013,,,EGP,,,,,,,,,,,القاهرة,,,,,,,True,,اكتشاف من صفحة فئة,https://btech.com/en/c/small-home-appliances/kettles-coffee-makers/turkish-coffee-makers,,,لم يُرصد,بانتظار أول رصد سعر,0,,,True,يحتاج اكتشاف رابط المنتج,,2026-07-30T00:00:00,2026-07-30T00:00:00
CASH-E5404A740269F3,VAR-91B10D2A00A03B|EG-013|STORE,MAP-2FF31A96D146BBF7,VAR-91B10D2A00A03B,EG-013,,,EGP,,,,,,,,,,,القاهرة,,,,,,,True,,اكتشاف من صفحة فئة,https://btech.com/en/c/small-home-appliances/kettles-coffee-makers/turkish-coffee-makers,,,لم يُرصد,بانتظار أول رصد سعر,0,,,True,يحتاج اكتشاف رابط المنتج,,2026-07-30T00:00:00,2026-07-30T00:00:00
CASH-CF53A5FF1997B5,VAR-CB92C32B58C40A|EG-013|STORE,MAP-A2AFA05AFD1D45E6,VAR-CB92C32B58C40A,EG-013,,,EGP,,,,,,,,,,,القاهرة,,,,,,,True,,اكتشاف من صفحة فئة,https://btech.com/en/c/small-home-appliances/kettles-coffee-makers/turkish-coffee-makers,,,لم يُرصد,بانتظار أول رصد سعر,0,,,True,يحتاج اكتشاف رابط المنتج,,2026-07-30T00:00:00,2026-07-30T00:00:00
CASH-D74F0324CED95A,VAR-41167EED40EB21|EG-013|STORE,MAP-05A662969D44CADC,VAR-41167EED40EB21,EG-013,,,EGP,,,,,,,,,,,القاهرة,,,,,,,True,,اكتشاف من صفحة فئة,https://btech.com/en/c/small-home-appliances/kettles-coffee-makers/turkish-coffee-makers,,,لم يُرصد,بانتظار أول رصد سعر,0,,,True,يحتاج اكتشاف رابط المنتج,,2026-07-30T00:00:00,2026-07-30T00:00:00
CASH-06647DF6588988,VAR-C3C70F7E39390C|EG-079|STORE,MAP-62418264BBF46B7A,VAR-C3C70F7E39390C,EG-079,,,EGP,,,,,,,,,,,القاهرة,,,,,,,True,,Sitemap ثم صفحة منتج,https://www.zahranstores.com/en/moulinex-optichef-hand-blender-1000watt-20functions-3l-food-processor-500ml-chopper-whisk-black-dd6553eg,,,لم يُرصد,بانتظار أول رصد سعر,0,,,True,يحتاج تأكيد صفحة المنتج,Exact product URL in Zahran Stores public sitemap; stock not asserted,2026-07-30T00:00:00,2026-07-30T00:00:00
CASH-B8FEA0B6B19AA9,VAR-91A13627E7670D|EG-079|STORE,MAP-164AD96F77955A7B,VAR-91A13627E7670D,EG-079,,,EGP,,,,,,,,,,,القاهرة,,,,,,,True,,Sitemap ثم صفحة منتج,https://www.zahranstores.com/en/moulinex-double-force-food-processor-8attachments-27functions-1000watt-3l-bowl-2l-blender-fp823125,,,لم يُرصد,بانتظار أول رصد سعر,0,,,True,يحتاج تأكيد صفحة المنتج,Exact product URL in Zahran Stores public sitemap; stock not asserted,2026-07-30T00:00:00,2026-07-30T00:00:00
CASH-D5BC0F399EA2F8,VAR-4913F945AC4EB0|EG-079|STORE,MAP-C8AD4386757A4954,VAR-4913F945AC4EB0,EG-079,,,EGP,,,,,,,,,,,القاهرة,,,,,,,True,,Sitemap ثم صفحة منتج,https://www.zahranstores.com/en/moulinex-double-force-food-processor-10attachments-34functions-1000watt-3l-bowl-2l-blender-fp824825,,,لم يُرصد,بانتظار أول رصد سعر,0,,,True,يحتاج تأكيد صفحة المنتج,Exact product URL in Zahran Stores public sitemap; stock not asserted,2026-07-30T00:00:00,2026-07-30T00:00:00
CASH-1A1FDDC1437386,VAR-79226F74E162F4|EG-079|STORE,MAP-BD34D7D5651C34A6,VAR-79226F74E162F4,EG-079,,,EGP,,,,,,,,,,,القاهرة,,,,,,,True,,Sitemap ثم صفحة منتج,https://www.zahranstores.com/en/moulinex-double-force-food-processor-11attachments-36-functions-digital-1000watt-3l-bowl-2l-blender-fp8267,,,لم يُرصد,بانتظار أول رصد سعر,0,,,True,يحتاج تأكيد صفحة المنتج,Exact product URL in Zahran Stores public sitemap; stock not asserted,2026-07-30T00:00:00,2026-07-30T00:00:00
CASH-7CFE03FE7B4634,VAR-DD463ACDA74641|EG-079|STORE,MAP-658AA26682FFC94F,VAR-DD463ACDA74641,EG-079,,,EGP,,,,,,,,,,,القاهرة,,,,,,,True,,Sitemap ثم صفحة منتج,https://www.zahranstores.com/en/moulinex-double-force-food-processor-11attachments-36function-digital-1000watt-3l-bowl-2l-blender-fp8268eg,,,لم يُرصد,بانتظار أول رصد سعر,0,,,True,يحتاج تأكيد صفحة المنتج,Exact product URL in Zahran Stores public sitemap; stock not asserted,2026-07-30T00:00:00,2026-07-30T00:00:00
CASH-58B389384CD131,VAR-7546B1515670EA|EG-079|STORE,MAP-27CF72708B37CA65,VAR-7546B1515670EA,EG-079,,,EGP,,,,,,,,,,,القاهرة,,,,,,,True,,Sitemap ثم صفحة منتج,https://www.zahranstores.com/en/tefal-silence-force-wall-fan-with-remote-control-16-inch-3-speeds-black-vg4151ee,,,لم يُرصد,بانتظار أول رصد سعر,0,,,True,يحتاج تأكيد صفحة المنتج,Exact product URL in Zahran Stores public sitemap; stock not asserted,2026-07-30T00:00:00,2026-07-30T00:00:00
CASH-701B2B57BC9B2A,VAR-C1B2FA68929364|EG-079|STORE,MAP-BA40D8D45675B457,VAR-C1B2FA68929364,EG-079,,,EGP,,,,,,,,,,,القاهرة,,,,,,,True,,Sitemap ثم صفحة منتج,https://www.zahranstores.com/en/tefal-silence-force-stand-fan-with-remote-control-16-inch-black-vg4130ee-1869,,,لم يُرصد,بانتظار أول رصد سعر,0,,,True,يحتاج تأكيد صفحة المنتج,Exact product URL in Zahran Stores public sitemap; stock not asserted,2026-07-30T00:00:00,2026-07-30T00:00:00
CASH-DBC32F5572E0C4,VAR-0B7BE5431B10FC|EG-079|STORE,MAP-1E788321892D795F,VAR-0B7BE5431B10FC,EG-079,,,EGP,,,,,,,,,,,القاهرة,,,,,,,True,,Sitemap ثم صفحة منتج,https://www.zahranstores.com/en/tefal-silence-force-anti-mosquito-repellent-stand-fan-with-remote-control-16-inch-black-vg4135ee-1868,,,لم يُرصد,بانتظار أول رصد سعر,0,,,True,يحتاج تأكيد صفحة المنتج,Exact product URL in Zahran Stores public sitemap; stock not asserted,2026-07-30T00:00:00,2026-07-30T00:00:00
CASH-36A80422E07263,VAR-451B22FED81AA0|EG-013|STORE,MAP-DB8072F9ADEE9A80,VAR-451B22FED81AA0,EG-013,,,EGP,,,,,,,,,,,القاهرة,,,,,,,True,,اكتشاف من صفحة فئة,https://btech.com/en/c/small-home-appliances/kettles-coffee-makers/coffee-grinders,,,لم يُرصد,بانتظار أول رصد سعر,0,,,True,يحتاج اكتشاف رابط المنتج,,2026-07-30T00:00:00,2026-07-30T00:00:00
CASH-60820686ACDFBA,VAR-83534751562D8F|EG-013|STORE,MAP-C4F33786FD1BFA92,VAR-83534751562D8F,EG-013,,,EGP,,,,,,,,,,,القاهرة,,,,,,,True,,اكتشاف من صفحة فئة,https://btech.com/en/c/small-home-appliances/kettles-coffee-makers/coffee-grinders,,,لم يُرصد,بانتظار أول رصد سعر,0,,,True,يحتاج اكتشاف رابط المنتج,,2026-07-30T00:00:00,2026-07-30T00:00:00
CASH-527FAE8E3412C0,VAR-267D3C642E8991|EG-013|STORE,MAP-7A475DF177635314,VAR-267D3C642E8991,EG-013,,,EGP,,,,,,,,,,,القاهرة,,,,,,,True,,اكتشاف من صفحة فئة,https://btech.com/en/c/small-home-appliances/kettles-coffee-makers/coffee-grinders,,,لم يُرصد,بانتظار أول رصد سعر,0,,,True,يحتاج اكتشاف رابط المنتج,,2026-07-30T00:00:00,2026-07-30T00:00:00
CASH-20A784EA8BF54C,VAR-8236000AF9F4D3|EG-013|STORE,MAP-7A1902E25C591542,VAR-8236000AF9F4D3,EG-013,,,EGP,,,,,,,,,,,القاهرة,,,,,,,True,,اكتشاف من صفحة فئة,https://btech.com/en/c/small-home-appliances/kettles-coffee-makers/coffee-grinders,,,لم يُرصد,بانتظار أول رصد سعر,0,,,True,يحتاج اكتشاف رابط المنتج,,2026-07-30T00:00:00,2026-07-30T00:00:00
CASH-CAB481047C3E88,VAR-20C2A2E42C1D09|EG-013|STORE,MAP-28FB70118AEC6A0F,VAR-20C2A2E42C1D09,EG-013,,,EGP,,,,,,,,,,,القاهرة,,,,,,,True,,اكتشاف من صفحة فئة,https://btech.com/en/c/small-home-appliances/kettles-coffee-makers/coffee-grinders,,,لم يُرصد,بانتظار أول رصد سعر,0,,,True,يحتاج اكتشاف رابط المنتج,,2026-07-30T00:00:00,2026-07-30T00:00:00
CASH-837DF23459A78C,VAR-D7CAE44CADA98D|EG-013|STORE,MAP-7F4385DA3C4AD946,VAR-D7CAE44CADA98D,EG-013,,,EGP,,,,,,,,,,,القاهرة,,,,,,,True,,اكتشاف من صفحة فئة,https://btech.com/en/c/small-home-appliances/kettles-coffee-makers/coffee-grinders,,,لم يُرصد,بانتظار أول رصد سعر,0,,,True,يحتاج اكتشاف رابط المنتج,,2026-07-30T00:00:00,2026-07-30T00:00:00
CASH-2192047D04E566,VAR-F3F3A9F2A48622|EG-013|STORE,MAP-88151B092146A635,VAR-F3F3A9F2A48622,EG-013,,,EGP,,,,,,,,,,,القاهرة,,,,,,,True,,اكتشاف من صفحة فئة,https://btech.com/en/c/small-home-appliances/kettles-coffee-makers/coffee-grinders,,,لم يُرصد,بانتظار أول رصد سعر,0,,,True,يحتاج اكتشاف رابط المنتج,,2026-07-30T00:00:00,2026-07-30T00:00:00
CASH-C3DCF72D071E80,VAR-BFE7FC5E60007C|EG-013|STORE,MAP-ABD0FA8A1B53DAD9,VAR-BFE7FC5E60007C,EG-013,,,EGP,,,,,,,,,,,القاهرة,,,,,,,True,,اكتشاف من صفحة فئة,https://btech.com/en/c/small-home-appliances/kettles-coffee-makers/coffee-grinders,,,لم يُرصد,بانتظار أول رصد سعر,0,,,True,يحتاج اكتشاف رابط المنتج,,2026-07-30T00:00:00,2026-07-30T00:00:00
CASH-00BC5EA76C0B01,VAR-D924DC5877A3E6|EG-013|STORE,MAP-1F69BCB7FA1FC854,VAR-D924DC5877A3E6,EG-013,,,EGP,,,,,,,,,,,القاهرة,,,,,,,True,,اكتشاف من صفحة فئة,https://btech.com/en/c/small-home-appliances/kettles-coffee-makers/coffee-grinders,,,لم يُرصد,بانتظار أول رصد سعر,0,,,True,يحتاج اكتشاف رابط المنتج,,2026-07-30T00:00:00,2026-07-30T00:00:00
CASH-EEFC24065CBFFC,VAR-DFCB536E8C7A64|EG-013|STORE,MAP-61DA2F90EFE835F3,VAR-DFCB536E8C7A64,EG-013,,,EGP,,,,,,,,,,,القاهرة,,,,,,,True,,اكتشاف من صفحة فئة,https://btech.com/en/c/small-home-appliances/kettles-coffee-makers/coffee-grinders,,,لم يُرصد,بانتظار أول رصد سعر,0,,,True,يحتاج اكتشاف رابط المنتج,,2026-07-30T00:00:00,2026-07-30T00:00:00
CASH-6865C14431B501,VAR-22A5EA2DA2EDAD|EG-013|STORE,MAP-705DDDB16F4EB14C,VAR-22A5EA2DA2EDAD,EG-013,,,EGP,,,,,,,,,,,القاهرة,,,,,,,True,,HTML/JSON-LD,https://btech.com/en/p/ec8818a0-6b24-451e-af6a-df1624e872af,,,لم يُرصد,بانتظار أول رصد سعر,0,,,True,جاهز لأول رصد,"Catalogue title: Arshia, 1000 Watt, Black Grey - VC112-3367",2026-07-30T00:00:00,2026-07-30T00:00:00
CASH-065095DF8B46AB,VAR-A5D1E0436742E8|EG-013|STORE,MAP-4A2B696E3D02C37A,VAR-A5D1E0436742E8,EG-013,,,EGP,,,,,,,,,,,القاهرة,,,,,,,True,,HTML/JSON-LD,https://btech.com/en/p/bissell-featherweight-vacuum-cleaner-2024e,,,لم يُرصد,بانتظار أول رصد سعر,0,,,True,جاهز لأول رصد,"Catalogue title: Bissell Featherweight Pro 2 in 1 Stick Vacuum Cleaner, 450 Watt, Black Blue - 2024E",2026-07-30T00:00:00,2026-07-30T00:00:00
CASH-69F35662FCCD5F,VAR-5327681E947430|EG-013|STORE,MAP-96949A4D68D36903,VAR-5327681E947430,EG-013,,,EGP,,,,,,,,,,,القاهرة,,,,,,,True,,HTML/JSON-LD,https://btech.com/en/p/bissell-spot-clean-vacuum-cleaner-330w-4720e,,,لم يُرصد,بانتظار أول رصد سعر,0,,,True,جاهز لأول رصد,Catalogue title: Bissell Spot Clean Bagless Canister Vacuum Cleaner Multi Color - 4720E,2026-07-30T00:00:00,2026-07-30T00:00:00
CASH-B1F5425C60F732,VAR-853D51D9050A34|EG-013|STORE,MAP-6A10CC691EE5C8E0,VAR-853D51D9050A34,EG-013,,,EGP,,,,,,,,,,,القاهرة,,,,,,,True,,HTML/JSON-LD,https://btech.com/en/p/bosch-series-4-prohygienic-vacuum-cleaner-2200w-white-bgl38whyg,,,لم يُرصد,بانتظار أول رصد سعر,0,,,True,جاهز لأول رصد,Catalogue title: Bosch Series 4 ProHygienic Canister Vacuum Cleaner White - BGL38WHYG,2026-07-30T00:00:00,2026-07-30T00:00:00
CASH-40F46117323083,VAR-A0A979147B79CA|EG-013|STORE,MAP-E3BF941A8F9D5DBF,VAR-A0A979147B79CA,EG-013,,,EGP,,,,,,,,,,,القاهرة,,,,,,,True,,HTML/JSON-LD,https://btech.com/en/p/hoover-vacuum-cleaner-2000w-black-ttela2000bsc,,,لم يُرصد,بانتظار أول رصد سعر,0,,,True,جاهز لأول رصد,Catalogue title: Hoover Canister Vacuum Cleaner Black - TTELA2000BSC,2026-07-30T00:00:00,2026-07-30T00:00:00
CASH-6EAC33E954FE3D,VAR-9FF7C88276206A|EG-013|STORE,MAP-7B7EEB8BADF940C7,VAR-9FF7C88276206A,EG-013,,,EGP,,,,,,,,,,,القاهرة,,,,,,,True,,HTML/JSON-LD,https://btech.com/en/p/lg-bagless-vacuum-cleaner-2000w-vc5420nntb,,,لم يُرصد,بانتظار أول رصد سعر,0,,,True,جاهز لأول رصد,Catalogue title: LG Canister Vacuum Cleaner Blue - VC5420NNTB,2026-07-30T00:00:00,2026-07-30T00:00:00
CASH-C06BFE598180AD,VAR-87090C31FB11FB|EG-013|STORE,MAP-DFE1246C72E48ED9,VAR-87090C31FB11FB,EG-013,,,EGP,,,,,,,,,,,القاهرة,,,,,,,True,,HTML/JSON-LD,https://btech.com/en/p/lg-bagless-vacuum-cleaner-2000w-vc5420nntr,,,لم يُرصد,بانتظار أول رصد سعر,0,,,True,جاهز لأول رصد,Catalogue title: LG Bagless Canister Vacuum Cleaner Red - VC5420NNTR,2026-07-30T00:00:00,2026-07-30T00:00:00
CASH-505C65357E1CF1,VAR-B8DA8470B2153C|EG-013|STORE,MAP-65B982A29792F50F,VAR-B8DA8470B2153C,EG-013,,,EGP,,,,,,,,,,,القاهرة,,,,,,,True,,HTML/JSON-LD,https://btech.com/en/p/panasonic-bagged-vacuum-cleaner-mccg713-2000w,,,لم يُرصد,بانتظار أول رصد سعر,0,,,True,جاهز لأول رصد,Catalogue title: Panasonic Bagged Canister Vacuum Cleaner Red - MC-CG713,2026-07-30T00:00:00,2026-07-30T00:00:00
CASH-98601700B39F67,VAR-2EDD931803A18C|EG-013|STORE,MAP-32FEEF020E5B652B,VAR-2EDD931803A18C,EG-013,,,EGP,,,,,,,,,,,القاهرة,,,,,,,True,,HTML/JSON-LD,https://btech.com/en/p/panasonic-bagless-vacuum-cleaner-2000w-mc-cl605,,,لم يُرصد,بانتظار أول رصد سعر,0,,,True,جاهز لأول رصد,Catalogue title: Panasonic Bagless Canister Vacuum Cleaner Black - MC-CL605,2026-07-30T00:00:00,2026-07-30T00:00:00
CASH-44461CCA82AFFD,VAR-D9A665FC0497A3|EG-013|STORE,MAP-212B6ABD714FE1F1,VAR-D9A665FC0497A3,EG-013,,,EGP,,,,,,,,,,,القاهرة,,,,,,,True,,HTML/JSON-LD,https://btech.com/en/p/panasonic-drum-vacuum-cleaner-mc-yl635-t747,,,لم يُرصد,بانتظار أول رصد سعر,0,,,True,جاهز لأول رصد,"Catalogue title: Panasonic Drum Vacuum Cleaner, Black - MC-YL635 T747",2026-07-30T00:00:00,2026-07-30T00:00:00
CASH-F1DFC3F5239AE2,VAR-67551EED322002|EG-013|STORE,MAP-DE470A63D8CD834B,VAR-67551EED322002,EG-013,,,EGP,,,,,,,,,,,القاهرة,,,,,,,True,,HTML/JSON-LD,https://btech.com/en/p/samsung-bagged-vacuum-cleaner-2000-watt-blue-vc20m2510wb,,,لم يُرصد,بانتظار أول رصد سعر,0,,,True,جاهز لأول رصد,Catalogue title: Samsung Canister Vacuum Cleaner Blue - VC20M2510WB,2026-07-30T00:00:00,2026-07-30T00:00:00
CASH-DE7C3CCF6FA310,VAR-C9288A86BF2B48|EG-013|STORE,MAP-C3781BD9AACD6C9A,VAR-C9288A86BF2B48,EG-013,,,EGP,,,,,,,,,,,القاهرة,,,,,,,True,,HTML/JSON-LD,https://btech.com/en/p/samsung-bagless-vacuum-cleaner-vcc4540s36,,,لم يُرصد,بانتظار أول رصد سعر,0,,,True,جاهز لأول رصد,Catalogue title: Samsung AirTrack Canister Vacuum Cleaner Blue Black - VCC4540S36,2026-07-30T00:00:00,2026-07-30T00:00:00
CASH-87670B69065544,VAR-5A093BD3A06EA9|EG-013|STORE,MAP-CA453A932308A2EE,VAR-5A093BD3A06EA9,EG-013,,,EGP,,,,,,,,,,,القاهرة,,,,,,,True,,HTML/JSON-LD,https://btech.com/en/p/6f89094d-fc00-4333-a211-cc3312e9027c,,,لم يُرصد,بانتظار أول رصد سعر,0,,,True,جاهز لأول رصد,"Catalogue title: Sokany Steam Cleaner, 3500 Watt, White Black - SK-13082",2026-07-30T00:00:00,2026-07-30T00:00:00
CASH-11577425371636,VAR-943B5676F4F955|EG-079|STORE,MAP-6D9C22D1E2A47C1C,VAR-943B5676F4F955,EG-079,,,EGP,,,,,,,,,,,القاهرة,,,,,,,True,,Sitemap ثم صفحة منتج,https://www.zahranstores.com/en/tefal-compact-power-vacuum-cleaner-bagless-750w-black-and-blue-tw3751eg,,,لم يُرصد,بانتظار أول رصد سعر,0,,,True,يحتاج تأكيد صفحة المنتج,Exact product URL in Zahran Stores public sitemap; stock not asserted,2026-07-30T00:00:00,2026-07-30T00:00:00
CASH-89E29D2ECF3FDF,VAR-16C86B08AB797C|EG-079|STORE,MAP-6E0AEF83971485CA,VAR-16C86B08AB797C,EG-079,,,EGP,,,,,,,,,,,القاهرة,,,,,,,True,,Sitemap ثم صفحة منتج,https://www.zahranstores.com/en/tefal-extent-power-vacuum-cleaner-bagless-890w-black-and-white-tw4835eg,,,لم يُرصد,بانتظار أول رصد سعر,0,,,True,يحتاج تأكيد صفحة المنتج,Exact product URL in Zahran Stores public sitemap; stock not asserted,2026-07-30T00:00:00,2026-07-30T00:00:00
CASH-BF49B502E1AE43,VAR-65931A8DCE3F9E|EG-079|STORE,MAP-6BBC9D3421A5AA5F,VAR-65931A8DCE3F9E,EG-079,,,EGP,,,,,,,,,,,القاهرة,,,,,,,True,,Sitemap ثم صفحة منتج,https://www.zahranstores.com/en/tefal-x-force-handstick-vacuum-cleaner-250w-45min-animal-care-ty2079wo,,,لم يُرصد,بانتظار أول رصد سعر,0,,,True,يحتاج تأكيد صفحة المنتج,Exact product URL in Zahran Stores public sitemap; stock not asserted,2026-07-30T00:00:00,2026-07-30T00:00:00
CASH-5FD037C5F225A1,VAR-F772E1F9D9F5E9|EG-013|STORE,MAP-884D20136A9AFA83,VAR-F772E1F9D9F5E9,EG-013,,,EGP,,,,,,,,,,,القاهرة,,,,,,,True,,HTML/JSON-LD,https://btech.com/en/p/e904b9fb-8dff-4319-bf6a-ce3a0d12897e,,,لم يُرصد,بانتظار أول رصد سعر,0,,,True,جاهز لأول رصد,"Catalogue title: Tefal X-PERT Cordless Stick Vacuum Cleaner, 140 Watt, Black Silver - TY6A35EG",2026-07-30T00:00:00,2026-07-30T00:00:00
CASH-A4C5F528142112,VAR-1AE723AC066BBA|EG-079|STORE,MAP-17B30EC8F006A4B4,VAR-F772E1F9D9F5E9,EG-079,,,EGP,,,,,,,,,,,القاهرة,,,,,,,True,,Sitemap ثم صفحة منتج,https://www.zahranstores.com/en/tefal-x-pert-760-handstick-vacuum-cleaner-140w-044l-45min-ultra-lightweight-ty6a35eg,,,لم يُرصد,بانتظار أول رصد سعر,0,,,True,يحتاج تأكيد صفحة المنتج,Exact product URL in Zahran Stores public sitemap; stock not asserted,2026-07-30T00:00:00,2026-07-30T00:00:00
CASH-8BE3B126982B1B,VAR-F13FFDA1F5A76E|EG-013|STORE,MAP-49D920926150B430,VAR-F13FFDA1F5A76E,EG-013,,,EGP,,,,,,,,,,,القاهرة,,,,,,,True,,HTML/JSON-LD,https://btech.com/en/p/tornado-canister-vacuum-cleaner-1800w-black-maroon-tvc1800md,,,لم يُرصد,بانتظار أول رصد سعر,0,,,True,جاهز لأول رصد,Catalogue title: Tornado Bagged Canister Vacuum Cleaner Black Maroon - TVC-1800MD,2026-07-30T00:00:00,2026-07-30T00:00:00
CASH-36AD027C5AED0C,VAR-E18EF536771264|EG-013|STORE,MAP-8654DDFE4F0B3F15,VAR-E18EF536771264,EG-013,,,EGP,,,,,,,,,,,القاهرة,,,,,,,True,,HTML/JSON-LD,https://btech.com/en/p/727ec358-26d3-4f74-9180-abc07d25f115,,,لم يُرصد,بانتظار أول رصد سعر,0,,,True,جاهز لأول رصد,Catalogue title: Tornado Bagged Canister Vacuum Cleaner Grey - TVC-180SG,2026-07-30T00:00:00,2026-07-30T00:00:00
CASH-CAE48D8064F9FB,VAR-9C5BE20458CEC8|EG-013|STORE,MAP-5B30EC6049980E31,VAR-9C5BE20458CEC8,EG-013,,,EGP,,,,,,,,,,,القاهرة,,,,,,,True,,HTML/JSON-LD,https://btech.com/en/p/ac426585-10d9-4dec-b2c9-ae215a3737ac,,,لم يُرصد,بانتظار أول رصد سعر,0,,,True,جاهز لأول رصد,Catalogue title: Toshiba Bagless Canister Vacuum Cleaner Black - VC-BL200 (B),2026-07-30T00:00:00,2026-07-30T00:00:00
CASH-0A353D82E9A964,VAR-40DC2A11EBE368|EG-013|STORE,MAP-1827DC456CE96060,VAR-40DC2A11EBE368,EG-013,,,EGP,,,,,,,,,,,القاهرة,,,,,,,True,,HTML/JSON-LD,https://btech.com/en/p/toshiba-vacuum-cleaner-1600-watt-red-vc-ea1600se,,,لم يُرصد,بانتظار أول رصد سعر,0,,,True,جاهز لأول رصد,Catalogue title: Toshiba Canister Vacuum Cleaner Red - VC-EA1600SE,2026-07-30T00:00:00,2026-07-30T00:00:00
CASH-13D330F9A0EFC8,VAR-9E6CF2049EDA43|EG-013|STORE,MAP-18A4EB6DFDD7012C,VAR-9E6CF2049EDA43,EG-013,,,EGP,,,,,,,,,,,القاهرة,,,,,,,True,,HTML/JSON-LD,https://btech.com/en/p/b0e084d8-55f5-4fd9-98d4-5aee24e769ae,,,لم يُرصد,بانتظار أول رصد سعر,0,,,True,جاهز لأول رصد,"Catalogue title: Touch El Zenouki Turbine Plus Drum Vacuum Cleaner, Silver - 40808, free chopper gift 700 Watt",2026-07-30T00:00:00,2026-07-30T00:00:00
CASH-E8D50D143CA636,VAR-7F0E047F66226F|EG-013|STORE,MAP-A6E5DFE7F374A2F6,VAR-7F0E047F66226F,EG-013,,,EGP,,,,,,,,,,,القاهرة,,,,,,,True,,اكتشاف من صفحة فئة,https://btech.com/en/c/small-home-appliances/irons,,,لم يُرصد,بانتظار أول رصد سعر,0,,,True,يحتاج اكتشاف رابط المنتج,,2026-07-30T00:00:00,2026-07-30T00:00:00
CASH-987EAD32821BDE,VAR-340B0DD1AB7B7B|EG-013|STORE,MAP-74A711BA9E411323,VAR-340B0DD1AB7B7B,EG-013,,,EGP,,,,,,,,,,,القاهرة,,,,,,,True,,اكتشاف من صفحة فئة,https://btech.com/en/c/small-home-appliances/irons,,,لم يُرصد,بانتظار أول رصد سعر,0,,,True,يحتاج اكتشاف رابط المنتج,,2026-07-30T00:00:00,2026-07-30T00:00:00
CASH-CBDCFAC8FDACF1,VAR-39086BB1EEEA7D|EG-013|STORE,MAP-A0434DCCF1987570,VAR-39086BB1EEEA7D,EG-013,,,EGP,,,,,,,,,,,القاهرة,,,,,,,True,,اكتشاف من صفحة فئة,https://btech.com/en/c/small-home-appliances/irons,,,لم يُرصد,بانتظار أول رصد سعر,0,,,True,يحتاج اكتشاف رابط المنتج,,2026-07-30T00:00:00,2026-07-30T00:00:00
CASH-CF7AF639BA14BD,VAR-34F6349B1FCF02|EG-013|STORE,MAP-ED36B7C18C5FB212,VAR-34F6349B1FCF02,EG-013,,,EGP,,,,,,,,,,,القاهرة,,,,,,,True,,اكتشاف من صفحة فئة,https://btech.com/en/c/small-home-appliances/irons,,,لم يُرصد,بانتظار أول رصد سعر,0,,,True,يحتاج اكتشاف رابط المنتج,,2026-07-30T00:00:00,2026-07-30T00:00:00
CASH-1DA4E79C0122CB,VAR-66B84D5C17B88F|EG-013|STORE,MAP-778B553C9E2A763F,VAR-66B84D5C17B88F,EG-013,,,EGP,,,,,,,,,,,القاهرة,,,,,,,True,,اكتشاف من صفحة فئة,https://btech.com/en/c/small-home-appliances/irons,,,لم يُرصد,بانتظار أول رصد سعر,0,,,True,يحتاج اكتشاف رابط المنتج,,2026-07-30T00:00:00,2026-07-30T00:00:00
CASH-236E06F2F3AADD,VAR-214E70AF6ED96C|EG-013|STORE,MAP-10DE4F2E1E724FFD,VAR-214E70AF6ED96C,EG-013,,,EGP,,,,,,,,,,,القاهرة,,,,,,,True,,اكتشاف من صفحة فئة,https://btech.com/en/c/small-home-appliances/irons,,,لم يُرصد,بانتظار أول رصد سعر,0,,,True,يحتاج اكتشاف رابط المنتج,,2026-07-30T00:00:00,2026-07-30T00:00:00
CASH-13D7227785CE69,VAR-37201787E44870|EG-013|STORE,MAP-93BB9C986D529F2C,VAR-37201787E44870,EG-013,,,EGP,,,,,,,,,,,القاهرة,,,,,,,True,,اكتشاف من صفحة فئة,https://btech.com/en/c/small-home-appliances/irons,,,لم يُرصد,بانتظار أول رصد سعر,0,,,True,يحتاج اكتشاف رابط المنتج,,2026-07-30T00:00:00,2026-07-30T00:00:00
CASH-460D28F0246360,VAR-C02691C3928DE2|EG-013|STORE,MAP-DD690E3E97D840F1,VAR-C02691C3928DE2,EG-013,,,EGP,,,,,,,,,,,القاهرة,,,,,,,True,,اكتشاف من صفحة فئة,https://btech.com/en/c/small-home-appliances/irons,,,لم يُرصد,بانتظار أول رصد سعر,0,,,True,يحتاج اكتشاف رابط المنتج,,2026-07-30T00:00:00,2026-07-30T00:00:00
CASH-D8D15F7B973467,VAR-6726225E609E26|EG-013|STORE,MAP-0922C8CC6771A2CF,VAR-6726225E609E26,EG-013,,,EGP,,,,,,,,,,,القاهرة,,,,,,,True,,اكتشاف من صفحة فئة,https://btech.com/en/c/small-home-appliances/irons,,,لم يُرصد,بانتظار أول رصد سعر,0,,,True,يحتاج اكتشاف رابط المنتج,,2026-07-30T00:00:00,2026-07-30T00:00:00
CASH-88A60E8FA7593E,VAR-5EBA1B5212D475|EG-013|STORE,MAP-E29AC77D8DA75784,VAR-5EBA1B5212D475,EG-013,,,EGP,,,,,,,,,,,القاهرة,,,,,,,True,,اكتشاف من صفحة فئة,https://btech.com/en/c/small-home-appliances/irons,,,لم يُرصد,بانتظار أول رصد سعر,0,,,True,يحتاج اكتشاف رابط المنتج,,2026-07-30T00:00:00,2026-07-30T00:00:00
CASH-8855D2508612DC,VAR-76B67D80A6AEEC|EG-013|STORE,MAP-899371445F79E5F9,VAR-76B67D80A6AEEC,EG-013,,,EGP,,,,,,,,,,,القاهرة,,,,,,,True,,اكتشاف من صفحة فئة,https://btech.com/en/c/small-home-appliances/irons,,,لم يُرصد,بانتظار أول رصد سعر,0,,,True,يحتاج اكتشاف رابط المنتج,,2026-07-30T00:00:00,2026-07-30T00:00:00
CASH-56CDF84C658C0D,VAR-CF608D463564F0|EG-079|STORE,MAP-2682242E6EF13309,VAR-CF608D463564F0,EG-079,,,EGP,,,,,,,,,,,القاهرة,,,,,,,True,,Sitemap ثم صفحة منتج,https://www.zahranstores.com/en/tefal-steam-iron-express-steam-2200-w-blue-boreal-fv2831e2-2329,,,لم يُرصد,بانتظار أول رصد سعر,0,,,True,يحتاج تأكيد صفحة المنتج,Exact product URL in Zahran Stores public sitemap; stock not asserted,2026-07-30T00:00:00,2026-07-30T00:00:00
CASH-0B486625F73DD8,VAR-8FF7F23D7B7D62|EG-013|STORE,MAP-352A8DDBA2B161B8,VAR-CF608D463564F0,EG-013,,,EGP,,,,,,,,,,,القاهرة,,,,,,,True,,اكتشاف من صفحة فئة,https://btech.com/en/c/small-home-appliances/irons,,,لم يُرصد,بانتظار أول رصد سعر,0,,,True,يحتاج اكتشاف رابط المنتج,,2026-07-30T00:00:00,2026-07-30T00:00:00
CASH-82367CB4C995EB,VAR-F5E6853D8AA772|EG-079|STORE,MAP-3AB5CF60AADFBA29,VAR-F5E6853D8AA772,EG-079,,,EGP,,,,,,,,,,,القاهرة,,,,,,,True,,Sitemap ثم صفحة منتج,https://www.zahranstores.com/en/tefal-steam-iron-express-steam-plus-2400-w-port-royal-fv2844e2-2330,,,لم يُرصد,بانتظار أول رصد سعر,0,,,True,يحتاج تأكيد صفحة المنتج,Exact product URL in Zahran Stores public sitemap; stock not asserted,2026-07-30T00:00:00,2026-07-30T00:00:00
CASH-4BC6B13D65FEFE,VAR-15F8FB3380CB00|EG-079|STORE,MAP-3B5C0FA972070810,VAR-15F8FB3380CB00,EG-079,,,EGP,,,,,,,,,,,القاهرة,,,,,,,True,,Sitemap ثم صفحة منتج,https://www.zahranstores.com/en/tefal-easygliss-plus-steam-iron-2700-watt-blue-fv5751e0-2232,,,لم يُرصد,بانتظار أول رصد سعر,0,,,True,يحتاج تأكيد صفحة المنتج,Exact product URL in Zahran Stores public sitemap; stock not asserted,2026-07-30T00:00:00,2026-07-30T00:00:00
CASH-0BEDEF7A7CBFD5,VAR-80DE4C250FFB37|EG-013|STORE,MAP-638BA10474ECECA9,VAR-15F8FB3380CB00,EG-013,,,EGP,,,,,,,,,,,القاهرة,,,,,,,True,,اكتشاف من صفحة فئة,https://btech.com/en/c/small-home-appliances/irons,,,لم يُرصد,بانتظار أول رصد سعر,0,,,True,يحتاج اكتشاف رابط المنتج,,2026-07-30T00:00:00,2026-07-30T00:00:00
CASH-B8A0B170C4F83A,VAR-9DCA3C7E83BF7D|EG-079|STORE,MAP-2F96874F8CC44728,VAR-9DCA3C7E83BF7D,EG-079,,,EGP,,,,,,,,,,,القاهرة,,,,,,,True,,Sitemap ثم صفحة منتج,https://www.zahranstores.com/en/tefal-easygliss-plus-steam-iron-2700-watt-blue-fv5751e2-2259,,,لم يُرصد,بانتظار أول رصد سعر,0,,,True,يحتاج تأكيد صفحة المنتج,Exact product URL in Zahran Stores public sitemap; stock not asserted,2026-07-30T00:00:00,2026-07-30T00:00:00
CASH-414DCCD4470FC0,VAR-AE05ED503CB730|EG-079|STORE,MAP-294B35A384AED6E5,VAR-AE05ED503CB730,EG-079,,,EGP,,,,,,,,,,,القاهرة,,,,,,,True,,Sitemap ثم صفحة منتج,https://www.zahranstores.com/en/tefal-steam-iron-ultragliss-plus-2800w-50-g-minute-black-fv6832e0-1088,,,لم يُرصد,بانتظار أول رصد سعر,0,,,True,يحتاج تأكيد صفحة المنتج,Exact product URL in Zahran Stores public sitemap; stock not asserted,2026-07-30T00:00:00,2026-07-30T00:00:00
CASH-A517881A52ADD3,VAR-F175C844AF024C|EG-079|STORE,MAP-7CAAD64BA84FA3BE,VAR-F175C844AF024C,EG-079,,,EGP,,,,,,,,,,,القاهرة,,,,,,,True,,Sitemap ثم صفحة منتج,https://www.zahranstores.com/en/tefal-puregliss-iron-steamer-3000w-280-gmin-calc-collector-auto-off-fv8082e0,,,لم يُرصد,بانتظار أول رصد سعر,0,,,True,يحتاج تأكيد صفحة المنتج,Exact product URL in Zahran Stores public sitemap; stock not asserted,2026-07-30T00:00:00,2026-07-30T00:00:00
CASH-1F6DBA580CAB7E,VAR-A3AB155DF76B2E|EG-013|STORE,MAP-089E518DC57F6DD1,VAR-A3AB155DF76B2E,EG-013,,,EGP,,,,,,,,,,,القاهرة,,,,,,,True,,اكتشاف من صفحة فئة,https://btech.com/en/c/small-home-appliances/irons,,,لم يُرصد,بانتظار أول رصد سعر,0,,,True,يحتاج اكتشاف رابط المنتج,,2026-07-30T00:00:00,2026-07-30T00:00:00
CASH-9771B048AFEA42,VAR-486D13FD8A3D00|EG-013|STORE,MAP-4E5220E0185CAD13,VAR-486D13FD8A3D00,EG-013,,,EGP,,,,,,,,,,,القاهرة,,,,,,,True,,اكتشاف من صفحة فئة,https://btech.com/en/c/small-home-appliances/irons,,,لم يُرصد,بانتظار أول رصد سعر,0,,,True,يحتاج اكتشاف رابط المنتج,,2026-07-30T00:00:00,2026-07-30T00:00:00
CASH-FD84A4AE6BADAC,VAR-FCFD9B770B7CD7|EG-013|STORE,MAP-2990A82942A5379F,VAR-FCFD9B770B7CD7,EG-013,,,EGP,,,,,,,,,,,القاهرة,,,,,,,True,,اكتشاف من صفحة فئة,https://btech.com/en/c/small-home-appliances/irons,,,لم يُرصد,بانتظار أول رصد سعر,0,,,True,يحتاج اكتشاف رابط المنتج,,2026-07-30T00:00:00,2026-07-30T00:00:00
CASH-525DC0E3D6B817,VAR-8192C32452A824|EG-013|STORE,MAP-1DA385BF0921C469,VAR-8192C32452A824,EG-013,,,EGP,,,,,,,,,,,القاهرة,,,,,,,True,,اكتشاف من صفحة فئة,https://btech.com/en/c/small-home-appliances/irons,,,لم يُرصد,بانتظار أول رصد سعر,0,,,True,يحتاج اكتشاف رابط المنتج,,2026-07-30T00:00:00,2026-07-30T00:00:00
CASH-8B2BA24A058627,VAR-5B2A8DBB610335|EG-013|STORE,MAP-F7A6AC56C8A10625,VAR-5B2A8DBB610335,EG-013,,,EGP,,,,,,,,,,,القاهرة,,,,,,,True,,اكتشاف من صفحة فئة,https://btech.com/en/c/small-home-appliances/irons,,,لم يُرصد,بانتظار أول رصد سعر,0,,,True,يحتاج اكتشاف رابط المنتج,,2026-07-30T00:00:00,2026-07-30T00:00:00
CASH-C8E2810C18007B,VAR-3EDD7F80A4B5D8|EG-013|STORE,MAP-E9A755BCDA50F420,VAR-3EDD7F80A4B5D8,EG-013,,,EGP,,,,,,,,,,,القاهرة,,,,,,,True,,اكتشاف من صفحة فئة,https://btech.com/en/c/small-home-appliances/irons,,,لم يُرصد,بانتظار أول رصد سعر,0,,,True,يحتاج اكتشاف رابط المنتج,,2026-07-30T00:00:00,2026-07-30T00:00:00
CASH-82491032E03857,VAR-6C400BE20CD33D|EG-013|STORE,MAP-C0F51303EC4BEDB1,VAR-6C400BE20CD33D,EG-013,,,EGP,,,,,,,,,,,القاهرة,,,,,,,True,,اكتشاف من صفحة فئة,https://btech.com/en/c/small-home-appliances/irons,,,لم يُرصد,بانتظار أول رصد سعر,0,,,True,يحتاج اكتشاف رابط المنتج,,2026-07-30T00:00:00,2026-07-30T00:00:00
CASH-2C1C758E4250B5,VAR-A8527DE3649583|EG-013|STORE,MAP-1777D3959CF5761F,VAR-A8527DE3649583,EG-013,,,EGP,,,,,,,,,,,القاهرة,,,,,,,True,,اكتشاف من صفحة فئة,https://btech.com/en/c/air-conditioners,,,لم يُرصد,بانتظار أول رصد سعر,0,,,True,يحتاج اكتشاف رابط المنتج,,2026-07-30T00:00:00,2026-07-30T00:00:00
CASH-C9AB9578D4304A,VAR-850D5E26D10A32|EG-013|STORE,MAP-BF9062A364E1D13A,VAR-850D5E26D10A32,EG-013,,,EGP,,,,,,,,,,,القاهرة,,,,,,,True,,HTML/JSON-LD,https://btech.com/en/p/beko-air-conditioner-1-5hp-cooling-inverter-white-bict122xn,,,لم يُرصد,بانتظار أول رصد سعر,0,,,True,جاهز لأول رصد,"Catalogue title: Beko Split Air Conditioner,1.5 horsepower Inverter Motor Only Cooling,White - BICT122XN",2026-07-30T00:00:00,2026-07-30T00:00:00
CASH-1E67ABEB784572,VAR-4B76F765B77BEC|EG-013|STORE,MAP-A9639E2C4B080394,VAR-4B76F765B77BEC,EG-013,,,EGP,,,,,,,,,,,القاهرة,,,,,,,True,,اكتشاف من صفحة فئة,https://btech.com/en/c/air-conditioners,,,لم يُرصد,بانتظار أول رصد سعر,0,,,True,يحتاج اكتشاف رابط المنتج,,2026-07-30T00:00:00,2026-07-30T00:00:00
CASH-1009608C464C10,VAR-99013134BBFDE9|EG-013|STORE,MAP-B6C710FBAECF35E3,VAR-99013134BBFDE9,EG-013,,,EGP,,,,,,,,,,,القاهرة,,,,,,,True,,HTML/JSON-LD,https://btech.com/en/p/carrier-conditioner-1-5hp-38khct12,,,لم يُرصد,بانتظار أول رصد سعر,0,,,True,جاهز لأول رصد,"Catalogue title: Carrier Optimax Split Air Conditioner,1.5 horsepower Only Cooling,White - 38KHCT12",2026-07-30T00:00:00,2026-07-30T00:00:00
CASH-954ED9EE4DD67B,VAR-48EBD24EEBD071|EG-013|STORE,MAP-4D6821B07A949E5C,VAR-48EBD24EEBD071,EG-013,,,EGP,,,,,,,,,,,القاهرة,,,,,,,True,,اكتشاف من صفحة فئة,https://btech.com/en/c/air-conditioners,,,لم يُرصد,بانتظار أول رصد سعر,0,,,True,يحتاج اكتشاف رابط المنتج,,2026-07-30T00:00:00,2026-07-30T00:00:00
CASH-E039A0EC5FD2EC,VAR-40ACE8F8827618|EG-013|STORE,MAP-654EB415DB72B263,VAR-40ACE8F8827618,EG-013,,,EGP,,,,,,,,,,,القاهرة,,,,,,,True,,HTML/JSON-LD,https://btech.com/en/p/carrier-optimax-split-air-conditioner-cooling-only-1-5-hp-53khct12-2022,,,لم يُرصد,بانتظار أول رصد سعر,0,,,True,جاهز لأول رصد,"Catalogue title: Carrier Optimax Split Air Conditioner,1.5 horsepower Only Cooling,White - 53KHCT12",2026-07-30T00:00:00,2026-07-30T00:00:00
CASH-23B34D7C10F017,VAR-D2C4FF3C92A94B|EG-013|STORE,MAP-12D04CE87C20D54A,VAR-D2C4FF3C92A94B,EG-013,,,EGP,,,,,,,,,,,القاهرة,,,,,,,True,,اكتشاف من صفحة فئة,https://btech.com/en/c/air-conditioners,,,لم يُرصد,بانتظار أول رصد سعر,0,,,True,يحتاج اكتشاف رابط المنتج,,2026-07-30T00:00:00,2026-07-30T00:00:00
CASH-2A72EBF7028592,VAR-6211EB932B0624|EG-013|STORE,MAP-4EE33F9D851A447A,VAR-6211EB932B0624,EG-013,,,EGP,,,,,,,,,,,القاهرة,,,,,,,True,,HTML/JSON-LD,https://btech.com/en/p/carrier-spilt-airconditioner-2-25-hp-coo-white-53khct18n-708,,,لم يُرصد,بانتظار أول رصد سعر,0,,,True,جاهز لأول رصد,"Catalogue title: Carrier Optimax Split Air Conditioner,2.25 horsepower Only Cooling,White - 53KHCT18N-708",2026-07-30T00:00:00,2026-07-30T00:00:00
CASH-0970EF053398BB,VAR-B01DEA3D1F5CC1|EG-013|STORE,MAP-7175730DA9FB01DD,VAR-B01DEA3D1F5CC1,EG-013,,,EGP,,,,,,,,,,,القاهرة,,,,,,,True,,اكتشاف من صفحة فئة,https://btech.com/en/c/air-conditioners,,,لم يُرصد,بانتظار أول رصد سعر,0,,,True,يحتاج اكتشاف رابط المنتج,,2026-07-30T00:00:00,2026-07-30T00:00:00
CASH-56A0E2F1706B6D,VAR-3AA6AB3609631C|EG-013|STORE,MAP-7FB8F6888397EA5A,VAR-3AA6AB3609631C,EG-013,,,EGP,,,,,,,,,,,القاهرة,,,,,,,True,,HTML/JSON-LD,https://btech.com/en/p/carrier-optimax-split-air-conditioner-cooling-only-3-hp-53khct24-2022,,,لم يُرصد,بانتظار أول رصد سعر,0,,,True,جاهز لأول رصد,"Catalogue title: Carrier Optimax Split Air Conditioner,3 horsepower Only Cooling,White - 53KHCT24N-708",2026-07-30T00:00:00,2026-07-30T00:00:00
CASH-A7C49FAB5ACAA5,VAR-674A27B2EED4B5|EG-013|STORE,MAP-F7248EFEAC71BDCF,VAR-674A27B2EED4B5,EG-013,,,EGP,,,,,,,,,,,القاهرة,,,,,,,True,,اكتشاف من صفحة فئة,https://btech.com/en/c/air-conditioners,,,لم يُرصد,بانتظار أول رصد سعر,0,,,True,يحتاج اكتشاف رابط المنتج,,2026-07-30T00:00:00,2026-07-30T00:00:00
CASH-E4D190F412A607,VAR-6097E69B669B30|EG-013|STORE,MAP-4081E25370ED598A,VAR-6097E69B669B30,EG-013,,,EGP,,,,,,,,,,,القاهرة,,,,,,,True,,HTML/JSON-LD,https://btech.com/en/p/a0abee78-c9c3-4e6b-981c-0a5c9c0eb49a,,,لم يُرصد,بانتظار أول رصد سعر,0,,,True,جاهز لأول رصد,"Catalogue title: Carrier X Cool Split Air Conditioner,1.5 horsepower Only Cooling,White - KHEFT12N",2026-07-30T00:00:00,2026-07-30T00:00:00
CASH-F3728181B6F9B9,VAR-4349982296BF8F|EG-013|STORE,MAP-BC6E6FB8C643B5C3,VAR-4349982296BF8F,EG-013,,,EGP,,,,,,,,,,,القاهرة,,,,,,,True,,اكتشاف من صفحة فئة,https://btech.com/en/c/air-conditioners,,,لم يُرصد,بانتظار أول رصد سعر,0,,,True,يحتاج اكتشاف رابط المنتج,,2026-07-30T00:00:00,2026-07-30T00:00:00
CASH-EEA14197911DB7,VAR-E43E73DF02F46E|EG-013|STORE,MAP-858F95CA67196463,VAR-E43E73DF02F46E,EG-013,,,EGP,,,,,,,,,,,القاهرة,,,,,,,True,,HTML/JSON-LD,https://btech.com/en/p/3ad97ea7-45c0-44a0-86e8-bd7b0740d0ea,,,لم يُرصد,بانتظار أول رصد سعر,0,,,True,جاهز لأول رصد,"Catalogue title: Fresh Split Air Conditioner,1.25 horsepower Only Cooling,White - FUFW09C/IW AG-R32",2026-07-30T00:00:00,2026-07-30T00:00:00
CASH-8EF4841331D789,VAR-836C7F02A70F9F|EG-013|STORE,MAP-8A71D80E094A501B,VAR-836C7F02A70F9F,EG-013,,,EGP,,,,,,,,,,,القاهرة,,,,,,,True,,اكتشاف من صفحة فئة,https://btech.com/en/c/air-conditioners,,,لم يُرصد,بانتظار أول رصد سعر,0,,,True,يحتاج اكتشاف رابط المنتج,,2026-07-30T00:00:00,2026-07-30T00:00:00
CASH-27EF89759B56B4,VAR-762C1F68089852|EG-013|STORE,MAP-F81A5A032DEE1AB5,VAR-762C1F68089852,EG-013,,,EGP,,,,,,,,,,,القاهرة,,,,,,,True,,HTML/JSON-LD,https://btech.com/en/p/fresh-air-conditioner-1-5-hp-cooling-white-fuf12co32,,,لم يُرصد,بانتظار أول رصد سعر,0,,,True,جاهز لأول رصد,"Catalogue title: Fresh Split Air Conditioner,1.5 horsepower Only Cooling,White - FUF12CO32",2026-07-30T00:00:00,2026-07-30T00:00:00
CASH-B6610DA04089EC,VAR-BDA81CB3069BE6|EG-013|STORE,MAP-902AE6891ABF7F34,VAR-BDA81CB3069BE6,EG-013,,,EGP,,,,,,,,,,,القاهرة,,,,,,,True,,اكتشاف من صفحة فئة,https://btech.com/en/c/air-conditioners,,,لم يُرصد,بانتظار أول رصد سعر,0,,,True,يحتاج اكتشاف رابط المنتج,,2026-07-30T00:00:00,2026-07-30T00:00:00
CASH-E0D42DA7A62E12,VAR-AE87CF43FDCA55|EG-013|STORE,MAP-B816F918B946D4B8,VAR-AE87CF43FDCA55,EG-013,,,EGP,,,,,,,,,,,القاهرة,,,,,,,True,,اكتشاف من صفحة فئة,https://btech.com/en/c/air-conditioners,,,لم يُرصد,بانتظار أول رصد سعر,0,,,True,يحتاج اكتشاف رابط المنتج,,2026-07-30T00:00:00,2026-07-30T00:00:00
CASH-D227A62B26BB28,VAR-CC9E55AC2B777B|EG-013|STORE,MAP-26C58D39FDF127F7,VAR-CC9E55AC2B777B,EG-013,,,EGP,,,,,,,,,,,القاهرة,,,,,,,True,,HTML/JSON-LD,https://btech.com/en/p/fresh-air-conditioner-1-5hp-cooling-fufw12c-iw-ag-2022,,,لم يُرصد,بانتظار أول رصد سعر,0,,,True,جاهز لأول رصد,"Catalogue title: Fresh Split Air Conditioner,1.5 horsepower Only Cooling,White - FUFW12C/IW-AG",2026-07-30T00:00:00,2026-07-30T00:00:00
CASH-C298DC8CB99637,VAR-48AB7782667606|EG-013|STORE,MAP-6B9F29724F95F144,VAR-48AB7782667606,EG-013,,,EGP,,,,,,,,,,,القاهرة,,,,,,,True,,HTML/JSON-LD,https://btech.com/en/p/fresh-portable-airconditioner-2200w-cool-whitepac9kpbwa,,,لم يُرصد,بانتظار أول رصد سعر,0,,,True,جاهز لأول رصد,"Catalogue title: Fresh Portable Air Conditioner Only Cooling,White - PAC9K-PbWA - 500020210",2026-07-30T00:00:00,2026-07-30T00:00:00
CASH-42F03E2112337A,VAR-CAD81F18592A81|EG-013|STORE,MAP-C3B8944CB7AB8D25,VAR-CAD81F18592A81,EG-013,,,EGP,,,,,,,,,,,القاهرة,,,,,,,True,,HTML/JSON-LD,https://btech.com/en/p/unionaire-split-air-conditioner-1-5hp-cooling-only-inverter-motor-white-sifw13c-ip,,,لم يُرصد,بانتظار أول رصد سعر,0,,,True,جاهز لأول رصد,"Catalogue title: Fresh SIFW13C-IP Split Air Conditioner,1.5 horsepower Inverter Motor Only Cooling,White",2026-07-30T00:00:00,2026-07-30T00:00:00
CASH-F66BF846129701,VAR-E1EA541A92D12B|EG-013|STORE,MAP-8147AB5CCE63A201,VAR-E1EA541A92D12B,EG-013,,,EGP,,,,,,,,,,,القاهرة,,,,,,,True,,اكتشاف من صفحة فئة,https://btech.com/en/c/air-conditioners,,,لم يُرصد,بانتظار أول رصد سعر,0,,,True,يحتاج اكتشاف رابط المنتج,,2026-07-30T00:00:00,2026-07-30T00:00:00
CASH-05DBF1A9EB6322,VAR-3C211FE2058D47|EG-013|STORE,MAP-653543BD37EEBA9F,VAR-3C211FE2058D47,EG-013,,,EGP,,,,,,,,,,,القاهرة,,,,,,,True,,اكتشاف من صفحة فئة,https://btech.com/en/c/air-conditioners,,,لم يُرصد,بانتظار أول رصد سعر,0,,,True,يحتاج اكتشاف رابط المنتج,,2026-07-30T00:00:00,2026-07-30T00:00:00
CASH-415045FE0957A9,VAR-683484735E33BF|EG-013|STORE,MAP-353C15597E4AA530,VAR-683484735E33BF,EG-013,,,EGP,,,,,,,,,,,القاهرة,,,,,,,True,,HTML/JSON-LD,https://btech.com/en/p/740d61bb-950a-4907-aaad-e87399053b40,,,لم يُرصد,بانتظار أول رصد سعر,0,,,True,جاهز لأول رصد,"Catalogue title: Haier Split Air Conditioner,1.5 horsepower Inverter Motor Only Cooling,White - HSU-12KCRIC",2026-07-30T00:00:00,2026-07-30T00:00:00
CASH-D5A2DD270CB401,VAR-EAF4AC975B8004|EG-013|STORE,MAP-781C529B9524E119,VAR-EAF4AC975B8004,EG-013,,,EGP,,,,,,,,,,,القاهرة,,,,,,,True,,اكتشاف من صفحة فئة,https://btech.com/en/c/air-conditioners,,,لم يُرصد,بانتظار أول رصد سعر,0,,,True,يحتاج اكتشاف رابط المنتج,,2026-07-30T00:00:00,2026-07-30T00:00:00
CASH-CA07865B33B111,VAR-883474418BB3B8|EG-013|STORE,MAP-604C077A18641436,VAR-883474418BB3B8,EG-013,,,EGP,,,,,,,,,,,القاهرة,,,,,,,True,,HTML/JSON-LD,https://btech.com/en/p/19222ee9-e200-42b4-a3a7-d83a932addf2,,,لم يُرصد,بانتظار أول رصد سعر,0,,,True,جاهز لأول رصد,"Catalogue title: Midea Xtream Pro Split Air Conditioner,1.5 horsepower Only Cooling,White - M1SEFT-12CRN8F-Q8",2026-07-30T00:00:00,2026-07-30T00:00:00
CASH-E8243A7565BC2D,VAR-03BA6603322D73|EG-013|STORE,MAP-989BAD8A54EE812F,VAR-03BA6603322D73,EG-013,,,EGP,,,,,,,,,,,القاهرة,,,,,,,True,,اكتشاف من صفحة فئة,https://btech.com/en/c/air-conditioners,,,لم يُرصد,بانتظار أول رصد سعر,0,,,True,يحتاج اكتشاف رابط المنتج,,2026-07-30T00:00:00,2026-07-30T00:00:00
CASH-00529E169AB8F9,VAR-32E284FEB086CF|EG-013|STORE,MAP-41004401E7D67F2B,VAR-32E284FEB086CF,EG-013,,,EGP,,,,,,,,,,,القاهرة,,,,,,,True,,HTML/JSON-LD,https://btech.com/en/p/fb7b8ee5-dfa9-4d8a-bda4-c57ef845a330,,,لم يُرصد,بانتظار أول رصد سعر,0,,,True,جاهز لأول رصد,"Catalogue title: Midea Xtreme Pro Split Air Conditioner,2.25 horsepower Only Cooling,White - M1SEFT-18CRN8F-Q8",2026-07-30T00:00:00,2026-07-30T00:00:00
CASH-88E800C68BEB64,VAR-D8A2E849011930|EG-013|STORE,MAP-50CEE907C61C1546,VAR-D8A2E849011930,EG-013,,,EGP,,,,,,,,,,,القاهرة,,,,,,,True,,اكتشاف من صفحة فئة,https://btech.com/en/c/air-conditioners,,,لم يُرصد,بانتظار أول رصد سعر,0,,,True,يحتاج اكتشاف رابط المنتج,,2026-07-30T00:00:00,2026-07-30T00:00:00
CASH-F1A7743A735979,VAR-CF77192C2F0073|EG-013|STORE,MAP-CC712129137E0B7E,VAR-CF77192C2F0073,EG-013,,,EGP,,,,,,,,,,,القاهرة,,,,,,,True,,اكتشاف من صفحة فئة,https://btech.com/en/c/air-conditioners,,,لم يُرصد,بانتظار أول رصد سعر,0,,,True,يحتاج اكتشاف رابط المنتج,,2026-07-30T00:00:00,2026-07-30T00:00:00
CASH-6CDE9B7ADE260A,VAR-F5DA1B33A7DC58|EG-013|STORE,MAP-F448D47A50D5868C,VAR-F5DA1B33A7DC58,EG-013,,,EGP,,,,,,,,,,,القاهرة,,,,,,,True,,HTML/JSON-LD,https://btech.com/en/p/midea-air-conditioner-1-5hp-cooling-msct-12cr-2022,,,لم يُرصد,بانتظار أول رصد سعر,0,,,True,جاهز لأول رصد,"Catalogue title: Midea Split Air Conditioner,1.5 horsepower Only Cooling,White - MSCT-12CR",2026-07-30T00:00:00,2026-07-30T00:00:00
CASH-0C593A850A611E,VAR-179CF59795B2F2|EG-013|STORE,MAP-0390B0C4C3AB79E1,VAR-179CF59795B2F2,EG-013,,,EGP,,,,,,,,,,,القاهرة,,,,,,,True,,اكتشاف من صفحة فئة,https://btech.com/en/c/air-conditioners,,,لم يُرصد,بانتظار أول رصد سعر,0,,,True,يحتاج اكتشاف رابط المنتج,,2026-07-30T00:00:00,2026-07-30T00:00:00
CASH-43E2465E14BC82,VAR-253B390E4CA1DD|EG-013|STORE,MAP-AFBF15ECCC1E0EC9,VAR-253B390E4CA1DD,EG-013,,,EGP,,,,,,,,,,,القاهرة,,,,,,,True,,HTML/JSON-LD,https://btech.com/en/p/midea-air-conditioner-2-25-hp-cooling-white-msct18crn,,,لم يُرصد,بانتظار أول رصد سعر,0,,,True,جاهز لأول رصد,"Catalogue title: Midea Split Air Conditioner,2.25 horsepower Only Cooling,White - MSCT18CRN",2026-07-30T00:00:00,2026-07-30T00:00:00
CASH-499AD3C785F72D,VAR-4D89223FAD3324|EG-013|STORE,MAP-0B01806A963F9B2D,VAR-4D89223FAD3324,EG-013,,,EGP,,,,,,,,,,,القاهرة,,,,,,,True,,اكتشاف من صفحة فئة,https://btech.com/en/c/air-conditioners,,,لم يُرصد,بانتظار أول رصد سعر,0,,,True,يحتاج اكتشاف رابط المنتج,,2026-07-30T00:00:00,2026-07-30T00:00:00
CASH-C65E3F6E6E5672,VAR-3000C37ADA18B5|EG-013|STORE,MAP-BBB5AD7DA7ED7993,VAR-3000C37ADA18B5,EG-013,,,EGP,,,,,,,,,,,القاهرة,,,,,,,True,,HTML/JSON-LD,https://btech.com/en/p/sharp-split-air-conditioner-cooling-only-1-5hp-aha12zse,,,لم يُرصد,بانتظار أول رصد سعر,0,,,True,جاهز لأول رصد,"Catalogue title: Sharp AH-A12ZSE Split Air Conditioner,1.5 horsepower Only Cooling,White - AH-A12ZSE",2026-07-30T00:00:00,2026-07-30T00:00:00
CASH-94DFCB6BD3F4E7,VAR-F8B5837BF27EC5|EG-013|STORE,MAP-EA485CC9A7F7E806,VAR-F8B5837BF27EC5,EG-013,,,EGP,,,,,,,,,,,القاهرة,,,,,,,True,,اكتشاف من صفحة فئة,https://btech.com/en/c/air-conditioners,,,لم يُرصد,بانتظار أول رصد سعر,0,,,True,يحتاج اكتشاف رابط المنتج,,2026-07-30T00:00:00,2026-07-30T00:00:00
CASH-1904D36F40AC6F,VAR-9A09CF49C5853B|EG-013|STORE,MAP-7DCE46C3AE90011D,VAR-9A09CF49C5853B,EG-013,,,EGP,,,,,,,,,,,القاهرة,,,,,,,True,,اكتشاف من صفحة فئة,https://btech.com/en/c/air-conditioners,,,لم يُرصد,بانتظار أول رصد سعر,0,,,True,يحتاج اكتشاف رابط المنتج,,2026-07-30T00:00:00,2026-07-30T00:00:00
CASH-E306E792E41EB6,VAR-0DF4A5A99B63CD|EG-013|STORE,MAP-61C14CC84CF361FB,VAR-0DF4A5A99B63CD,EG-013,,,EGP,,,,,,,,,,,القاهرة,,,,,,,True,,HTML/JSON-LD,https://btech.com/en/p/02080b6c-d6f1-4208-8ab9-ed4bfcc91df0,,,لم يُرصد,بانتظار أول رصد سعر,0,,,True,جاهز لأول رصد,"Catalogue title: Unionaire Artify Inverter Split Air Conditioner,1.5 horsepower Inverter Motor Only Cooling,White - INV-ARTO012",2026-07-30T00:00:00,2026-07-30T00:00:00
CASH-200FE3020A6D22,VAR-23A28A4F5D6C39|EG-013|STORE,MAP-0621F467E320D73D,VAR-23A28A4F5D6C39,EG-013,,,EGP,,,,,,,,,,,القاهرة,,,,,,,True,,HTML/JSON-LD,https://btech.com/en/p/beko-microwave-20-liters-black-moc20100bfb,,,لم يُرصد,بانتظار أول رصد سعر,0,,,True,جاهز لأول رصد,"Catalogue title: Beko Microwave with Grill, 20 Liter 700 Watt, Black - MOC20100BFB",2026-07-30T00:00:00,2026-07-30T00:00:00
CASH-A3FEDC92C5A96D,VAR-530AB2F080BB4E|EG-013|STORE,MAP-16F03F971176955D,VAR-530AB2F080BB4E,EG-013,,,EGP,,,,,,,,,,,القاهرة,,,,,,,True,,HTML/JSON-LD,https://btech.com/en/p/fresh-microwave-20-liters-700-watt-mirror-fmw-20mc-sm,,,لم يُرصد,بانتظار أول رصد سعر,0,,,True,جاهز لأول رصد,"Catalogue title: Fresh Microwave with Grill, 20 Liter 700 Watt, Mirror Silver - FMW-20MC-SM",2026-07-30T00:00:00,2026-07-30T00:00:00
CASH-A6F102781E43DF,VAR-B4382BA3141A7F|EG-013|STORE,MAP-BA792AA8076532C3,VAR-B4382BA3141A7F,EG-013,,,EGP,,,,,,,,,,,القاهرة,,,,,,,True,,HTML/JSON-LD,https://btech.com/en/p/84f9d9fa-ec42-4600-ae46-0aa55c27ae5f,,,لم يُرصد,بانتظار أول رصد سعر,0,,,True,جاهز لأول رصد,"Catalogue title: Fresh Solo Microwave Oven, 25 Liter 850 Watt, Black - FMW-25KC-BW",2026-07-30T00:00:00,2026-07-30T00:00:00
CASH-1FAD19693DD437,VAR-15645F5C95908C|EG-013|STORE,MAP-5E754FC4CD4B9039,VAR-15645F5C95908C,EG-013,,,EGP,,,,,,,,,,,القاهرة,,,,,,,True,,HTML/JSON-LD,https://btech.com/en/p/e4b56fcf-73c3-4b75-a715-cebdb319f329,,,لم يُرصد,بانتظار أول رصد سعر,0,,,True,جاهز لأول رصد,"Catalogue title: Fresh Digital Microwave with Grill, 25 Liter 850 Watt, Silver - FMW-25KCG-SW-500020540",2026-07-30T00:00:00,2026-07-30T00:00:00
CASH-BEC352C5F590D8,VAR-62D697BDEED354|EG-013|STORE,MAP-D60A53E6313C12EE,VAR-62D697BDEED354,EG-013,,,EGP,,,,,,,,,,,القاهرة,,,,,,,True,,HTML/JSON-LD,https://btech.com/en/p/54096221-b890-4c3a-8493-c626221bdc78,,,لم يُرصد,بانتظار أول رصد سعر,0,,,True,جاهز لأول رصد,"Catalogue title: Fresh Solo Microwave Oven, 25 Liter 850 Watt, Black Silver - FMW-25MC-BW",2026-07-30T00:00:00,2026-07-30T00:00:00
CASH-5850AEBA81FEB4,VAR-0DE710AF24A4D7|EG-013|STORE,MAP-A1368CC79A3630B7,VAR-0DE710AF24A4D7,EG-013,,,EGP,,,,,,,,,,,القاهرة,,,,,,,True,,HTML/JSON-LD,https://btech.com/en/p/d1c80130-b12c-47cc-8d36-dc1f649dbb3e,,,لم يُرصد,بانتظار أول رصد سعر,0,,,True,جاهز لأول رصد,"Catalogue title: Fresh Solo Microwave, 25 Liter 850 Watt, Silver - FMW-25MC-SW - 500020525",2026-07-30T00:00:00,2026-07-30T00:00:00
CASH-8C3B7EBFC2DFD6,VAR-6B095A149E961E|EG-013|STORE,MAP-A3236418093946B7,VAR-6B095A149E961E,EG-013,,,EGP,,,,,,,,,,,القاهرة,,,,,,,True,,HTML/JSON-LD,https://btech.com/en/p/fresh-microwave-with-grill-36-liters-black-fmw-36kcg-b,,,لم يُرصد,بانتظار أول رصد سعر,0,,,True,جاهز لأول رصد,"Catalogue title: Fresh Microwave with Grill, 36 Liter 1000 Watt, Black - FMW-36KCG-B",2026-07-30T00:00:00,2026-07-30T00:00:00
CASH-7C3ED3AD08A2AF,VAR-047C8B5743BC62|EG-013|STORE,MAP-228E3AB693C9566F,VAR-047C8B5743BC62,EG-013,,,EGP,,,,,,,,,,,القاهرة,,,,,,,True,,HTML/JSON-LD,https://btech.com/en/p/ed503d3a-6ec7-430e-96aa-2acfde6f4c9f,,,لم يُرصد,بانتظار أول رصد سعر,0,,,True,جاهز لأول رصد,"Catalogue title: Jac Solo Microwave, 20 Liter 1200 Watt, Black - MW20-JA11A",2026-07-30T00:00:00,2026-07-30T00:00:00
CASH-6EC3D0A6B78947,VAR-2F35F8E2D853F8|EG-013|STORE,MAP-17CBFA3D84B0F1B9,VAR-2F35F8E2D853F8,EG-013,,,EGP,,,,,,,,,,,القاهرة,,,,,,,True,,HTML/JSON-LD,https://btech.com/en/p/lg-neochef-microwave-oven-grill-42liters-black-mh8265dis,,,لم يُرصد,بانتظار أول رصد سعر,0,,,True,جاهز لأول رصد,"Catalogue title: LG Neo Chef Microwave with Grill, 42 Liter 1200 Watt, Black - MH8265DIS",2026-07-30T00:00:00,2026-07-30T00:00:00
CASH-AA1386F940C098,VAR-675260CEBD4D63|EG-013|STORE,MAP-074CDB630EBF85A3,VAR-675260CEBD4D63,EG-013,,,EGP,,,,,,,,,,,القاهرة,,,,,,,True,,HTML/JSON-LD,https://btech.com/en/p/04a596d4-2846-42e9-a693-32fc5f32d631,,,لم يُرصد,بانتظار أول رصد سعر,0,,,True,جاهز لأول رصد,"Catalogue title: LG Microwave with Grill, 42 Liter 1200 Watt, Silver - MH8295CIS",2026-07-30T00:00:00,2026-07-30T00:00:00
CASH-7A7A97FF18131F,VAR-1EF8584CF1CBBD|EG-013|STORE,MAP-318F8EE0A6F28060,VAR-1EF8584CF1CBBD,EG-013,,,EGP,,,,,,,,,,,القاهرة,,,,,,,True,,HTML/JSON-LD,https://btech.com/en/p/lg-smart-inverter-microwave-with-grill-42-liters-silver-mh8295dis,,,لم يُرصد,بانتظار أول رصد سعر,0,,,True,جاهز لأول رصد,"Catalogue title: LG Smart Microwave with Grill, 42 Liter 1200 Watt, Black Silver - MH8295DIS",2026-07-30T00:00:00,2026-07-30T00:00:00
CASH-8FB4A24785D23A,VAR-D417F0C4624FF5|EG-013|STORE,MAP-649DC339D7295C7D,VAR-D417F0C4624FF5,EG-013,,,EGP,,,,,,,,,,,القاهرة,,,,,,,True,,HTML/JSON-LD,https://btech.com/en/p/fce85074-1ca7-4768-8fbb-bdfe49349379,,,لم يُرصد,بانتظار أول رصد سعر,0,,,True,جاهز لأول رصد,"Catalogue title: Midea Digital Solo Microwave, 25 Liter 900 Watt, Black - AM9P022VB",2026-07-30T00:00:00,2026-07-30T00:00:00
CASH-EFCADC0BFA2DA0,VAR-F7FEFDC0A24BE5|EG-013|STORE,MAP-CADEF66DA6C6E6F9,VAR-F7FEFDC0A24BE5,EG-013,,,EGP,,,,,,,,,,,القاهرة,,,,,,,True,,HTML/JSON-LD,https://btech.com/en/p/samsung-mw4000d-microwave-grill-32l-black-mg32dg4524aggy,,,لم يُرصد,بانتظار أول رصد سعر,0,,,True,جاهز لأول رصد,"Catalogue title: Samsung MW4000D Microwave with Grill, 32 Liter, Black - MG32DG4524AGGY",2026-07-30T00:00:00,2026-07-30T00:00:00
CASH-069AF49A3875E8,VAR-8D86C6826FAE0D|EG-013|STORE,MAP-77E77428762A47C8,VAR-8D86C6826FAE0D,EG-013,,,EGP,,,,,,,,,,,القاهرة,,,,,,,True,,HTML/JSON-LD,https://btech.com/en/p/samsung-microwave-with-grill-40-liters-black-mg40dg5525agsg,,,لم يُرصد,بانتظار أول رصد سعر,0,,,True,جاهز لأول رصد,"Catalogue title: Samsung Microwave with Grill, 40 Liter 1500 Watt, Black - MG40DG5525AGSG",2026-07-30T00:00:00,2026-07-30T00:00:00
CASH-EC1EC9C8E2C14E,VAR-85FAF9485E5E88|EG-013|STORE,MAP-100B932A91C7236F,VAR-85FAF9485E5E88,EG-013,,,EGP,,,,,,,,,,,القاهرة,,,,,,,True,,HTML/JSON-LD,https://btech.com/en/p/sharp-microwave-with-grill-25-liters-1000-watt-silver-r-75mt-s,,,لم يُرصد,بانتظار أول رصد سعر,0,,,True,جاهز لأول رصد,"Catalogue title: Sharp Microwave with Grill, 25 Liter 1000 Watt, Silver - R-75MT(S)",2026-07-30T00:00:00,2026-07-30T00:00:00
CASH-C92EDDDBA29E31,VAR-C60A50130CD545|EG-013|STORE,MAP-AD5076C7D74C7FCC,VAR-C60A50130CD545,EG-013,,,EGP,,,,,,,,,,,القاهرة,,,,,,,True,,HTML/JSON-LD,https://btech.com/en/p/sharp-microwave-grill-34-liter-r-77at-st,,,لم يُرصد,بانتظار أول رصد سعر,0,,,True,جاهز لأول رصد,"Catalogue title: Sharp Microwave with Grill, 34 Liter 1100 Watt, Silver - R-77At-St",2026-07-30T00:00:00,2026-07-30T00:00:00
CASH-84D93C6E1EFCDC,VAR-690DE6BA200EE8|EG-010|STORE,MAP-E73193690FAB1210,VAR-690DE6BA200EE8,EG-010,,,EGP,,,,,,,,,,,القاهرة,,,,,,,True,,HTML/JSON-LD,https://hedeya.com/products/next-2-me-silver-8058664035267,,,لم يُرصد,بانتظار أول رصد سعر,0,,,True,جاهز لأول رصد,,2026-07-30T00:00:00,2026-07-30T00:00:00
CASH-619E5E56A72F38,VAR-C8646E83D32FE7|EG-011|STORE,MAP-3AC10C051970DA78,VAR-C8646E83D32FE7,EG-011,,,EGP,,,,,,,,,,,القاهرة,,,,,,,True,,HTML/JSON-LD,https://shop-ourkids.com/products/%D8%B7%D9%82%D9%85-%D8%B9%D8%B1%D8%A8%D8%A9-%D9%85%D9%8A%D8%A7%D9%81%D9%88-midnight,,,لم يُرصد,بانتظار أول رصد سعر,0,,,True,جاهز لأول رصد,,2026-07-30T00:00:00,2026-07-30T00:00:00
CASH-801020ED9EC7D1,VAR-E9C6A8D1EC53F1|EG-010|STORE,MAP-026C82EA73055FF0,VAR-E9C6A8D1EC53F1,EG-010,,,EGP,,,,,,,,,,,القاهرة,,,,,,,True,,HTML/JSON-LD,https://hedeya.com/products/litetrax-4-travel-system,,,لم يُرصد,بانتظار أول رصد سعر,0,,,True,جاهز لأول رصد,,2026-07-30T00:00:00,2026-07-30T00:00:00
CASH-6EF8CA38132217,VAR-E02F86B14D1524|EG-011|STORE,MAP-A0BD6ABB875629D9,VAR-E02F86B14D1524,EG-011,,,EGP,,,,,,,,,,,القاهرة,,,,,,,True,,HTML/JSON-LD,https://shop-ourkids.com/products/%D8%B9%D8%B1%D8%A8%D9%87-%D8%B7%D9%81%D9%84-%D9%85%D9%8A%D9%88%D8%B2-thunder,,,لم يُرصد,بانتظار أول رصد سعر,0,,,True,جاهز لأول رصد,,2026-07-30T00:00:00,2026-07-30T00:00:00
CASH-0CD0DB502847DD,VAR-52BFBF11B52027|EG-010|STORE,MAP-063E394D6B209668,VAR-52BFBF11B52027,EG-010,,,EGP,,,,,,,,,,,القاهرة,,,,,,,True,,HTML/JSON-LD,https://hedeya.com/products/muze-travel-system,,,لم يُرصد,بانتظار أول رصد سعر,0,,,True,جاهز لأول رصد,,2026-07-30T00:00:00,2026-07-30T00:00:00
CASH-D158075E15F428,VAR-8704CE6245B86D|EG-010|STORE,MAP-30FE9768FF340930,VAR-8704CE6245B86D,EG-010,,,EGP,,,,,,,,,,,القاهرة,,,,,,,True,,HTML/JSON-LD,https://hedeya.com/products/8058664153664-natural-feeling-bottle-250ml,,,لم يُرصد,بانتظار أول رصد سعر,0,,,True,جاهز لأول رصد,,2026-07-30T00:00:00,2026-07-30T00:00:00
CASH-EF2F191BDF76B9,VAR-A2FC7F7D857A4D|EG-010|STORE,MAP-88F33660CB32DB00,VAR-A2FC7F7D857A4D,EG-010,,,EGP,,,,,,,,,,,القاهرة,,,,,,,True,,HTML/JSON-LD,https://hedeya.com/products/8058664153657-natural-feeling-bottle-150ml,,,لم يُرصد,بانتظار أول رصد سعر,0,,,True,جاهز لأول رصد,,2026-07-30T00:00:00,2026-07-30T00:00:00
CASH-A301AE3A491DBD,VAR-EBA8E25E4F4ABD|EG-010|STORE,MAP-45C5926629F8A090,VAR-EBA8E25E4F4ABD,EG-010,,,EGP,,,,,,,,,,,القاهرة,,,,,,,True,,HTML/JSON-LD,https://hedeya.com/products/8058664153619-naturalfeeling-slow-flow-150ml,,,لم يُرصد,بانتظار أول رصد سعر,0,,,True,جاهز لأول رصد,,2026-07-30T00:00:00,2026-07-30T00:00:00
CASH-2189452002839E,VAR-1285513A1FF1B6|EG-010|STORE,MAP-3E79D4580949C056,VAR-1285513A1FF1B6,EG-010,,,EGP,,,,,,,,,,,القاهرة,,,,,,,True,,HTML/JSON-LD,https://hedeya.com/products/8058664153459-natural-feeling-glass-bottle,,,لم يُرصد,بانتظار أول رصد سعر,0,,,True,جاهز لأول رصد,,2026-07-30T00:00:00,2026-07-30T00:00:00
CASH-73336D84846B00,VAR-CC6B91DA32E041|EG-010|STORE,MAP-600CF4441AB56C8D,VAR-CC6B91DA32E041,EG-010,,,EGP,,,,,,,,,,,القاهرة,,,,,,,True,,HTML/JSON-LD,https://hedeya.com/products/8058664153466-natural-feeling-glass-bottle-250ml,,,لم يُرصد,بانتظار أول رصد سعر,0,,,True,جاهز لأول رصد,,2026-07-30T00:00:00,2026-07-30T00:00:00
CASH-F2B1D955BDA86B,VAR-CF0FE7437E8081|EG-010|STORE,MAP-9049DF079D3EC8C7,VAR-CF0FE7437E8081,EG-010,,,EGP,,,,,,,,,,,القاهرة,,,,,,,True,,HTML/JSON-LD,https://hedeya.com/products/8710103868743-anti-colic-bottle-330ml,,,لم يُرصد,بانتظار أول رصد سعر,0,,,True,جاهز لأول رصد,,2026-07-30T00:00:00,2026-07-30T00:00:00
CASH-2D93B842F6C236,VAR-99D558AF74FF45|EG-010|STORE,MAP-BA25158D99C9573A,VAR-99D558AF74FF45,EG-010,,,EGP,,,,,,,,,,,القاهرة,,,,,,,True,,HTML/JSON-LD,https://hedeya.com/products/natural-glass-bottle-240-ml-8710103576631,,,لم يُرصد,بانتظار أول رصد سعر,0,,,True,جاهز لأول رصد,,2026-07-30T00:00:00,2026-07-30T00:00:00
CASH-3682C61E6639AA,VAR-C246024014273C|EG-010|STORE,MAP-9FA26F6B665B8AA2,VAR-C246024014273C,EG-010,,,EGP,,,,,,,,,,,القاهرة,,,,,,,True,,HTML/JSON-LD,https://hedeya.com/products/8720689011648-natural-response-bottle-125-ml-2pcs,,,لم يُرصد,بانتظار أول رصد سعر,0,,,True,جاهز لأول رصد,,2026-07-30T00:00:00,2026-07-30T00:00:00
CASH-9A7D23AD949397,VAR-B9698095E53FC9|EG-010|STORE,MAP-6D483DD56F48D8AD,VAR-B9698095E53FC9,EG-010,,,EGP,,,,,,,,,,,القاهرة,,,,,,,True,,HTML/JSON-LD,https://hedeya.com/products/8720689012355-natural-response-1m-260ml-3pcs,,,لم يُرصد,بانتظار أول رصد سعر,0,,,True,جاهز لأول رصد,,2026-07-30T00:00:00,2026-07-30T00:00:00
CASH-EE343A9178331C,VAR-07F7885AF91A96|EG-010|STORE,MAP-953BA3CAF63866E0,VAR-07F7885AF91A96,EG-010,,,EGP,,,,,,,,,,,القاهرة,,,,,,,True,,HTML/JSON-LD,https://hedeya.com/products/8720689011990-natural-response-3m-330ml-2pcs,,,لم يُرصد,بانتظار أول رصد سعر,0,,,True,جاهز لأول رصد,,2026-07-30T00:00:00,2026-07-30T00:00:00
CASH-D3A9C15D83A7AB,VAR-12DF1F94885C92|EG-010|STORE,MAP-5DB5298BD389978B,VAR-12DF1F94885C92,EG-010,,,EGP,,,,,,,,,,,القاهرة,,,,,,,True,,HTML/JSON-LD,https://hedeya.com/products/8720689011945-natural-response-330ml,,,لم يُرصد,بانتظار أول رصد سعر,0,,,True,جاهز لأول رصد,,2026-07-30T00:00:00,2026-07-30T00:00:00
CASH-1906A0AC61D6AB,VAR-51EE56EF566A36|EG-011|STORE,MAP-B9A52FBEB0FBEF17,VAR-51EE56EF566A36,EG-011,,,EGP,,,,,,,,,,,القاهرة,,,,,,,True,,HTML/JSON-LD,https://shop-ourkids.com/products/chicco-classic-breast-pump,,,لم يُرصد,بانتظار أول رصد سعر,0,,,True,جاهز لأول رصد,,2026-07-30T00:00:00,2026-07-30T00:00:00
CASH-A47D13687F5E86,VAR-562103844681CA|EG-011|STORE,MAP-0AF2807E14097B25,VAR-562103844681CA,EG-011,,,EGP,,,,,,,,,,,القاهرة,,,,,,,True,,HTML/JSON-LD,https://shop-ourkids.com/products/chicco-natural-feeling-bottle-with-breast-pump,,,لم يُرصد,بانتظار أول رصد سعر,0,,,True,جاهز لأول رصد,,2026-07-30T00:00:00,2026-07-30T00:00:00
CASH-9FE59793D8CA3A,VAR-FA84191CD9CB2F|EG-011|STORE,MAP-FA742B27EDDBA820,VAR-FA84191CD9CB2F,EG-011,,,EGP,,,,,,,,,,,القاهرة,,,,,,,True,,HTML/JSON-LD,https://shop-ourkids.com/products/monzafeed-double-digital-breast,,,لم يُرصد,بانتظار أول رصد سعر,0,,,True,جاهز لأول رصد,,2026-07-30T00:00:00,2026-07-30T00:00:00
CASH-AD0110027DBB71,VAR-9AEAFA997A2B71|EG-011|STORE,MAP-6628D03B0C67960C,VAR-9AEAFA997A2B71,EG-011,,,EGP,,,,,,,,,,,القاهرة,,,,,,,True,,HTML/JSON-LD,https://shop-ourkids.com/products/mamino-dp-solofeed-digital-breast-pump,,,لم يُرصد,بانتظار أول رصد سعر,0,,,True,جاهز لأول رصد,,2026-07-30T00:00:00,2026-07-30T00:00:00
CASH-668AD8AEC2BD41,VAR-082F129397612E|EG-011|STORE,MAP-F87CF1540A37CAF9,VAR-082F129397612E,EG-011,,,EGP,,,,,,,,,,,القاهرة,,,,,,,True,,HTML/JSON-LD,https://shop-ourkids.com/products/25220-%D9%84%D8%A7%D9%81%D8%B1%D9%88%D8%AA%D8%A7-%D8%B4%D9%81%D8%A7%D8%B7-%D8%AB%D8%AF%D9%8A-%D9%85%D8%B2%D8%AF%D9%88%D8%AC-%D9%83%D9%87%D8%B1%D8%A8%D8%A7%D8%A1-150%D9%85%D9%84%D9%8A-2-%D8%A7%D9%83%D9%8A%D8%A7%D8%B3-%D9%84%D8%A8%D9%86-%D9%87%D8%AF%D9%8A%D9%87,,,لم يُرصد,بانتظار أول رصد سعر,0,,,True,جاهز لأول رصد,,2026-07-30T00:00:00,2026-07-30T00:00:00
CASH-802BE70C6D95B8,VAR-9407CCF9823D8A|EG-011|STORE,MAP-7689D4A51D3E8428,VAR-9407CCF9823D8A,EG-011,,,EGP,,,,,,,,,,,القاهرة,,,,,,,True,,HTML/JSON-LD,https://shop-ourkids.com/products/tr-2011031tr-%D8%AA%D8%B1%D9%88-%D8%B4%D9%81%D8%A7%D8%B7-%D8%AB%D8%AF%D9%8A-%D9%8A%D8%AF%D9%88%D9%8A-1,,,لم يُرصد,بانتظار أول رصد سعر,0,,,True,جاهز لأول رصد,,2026-07-30T00:00:00,2026-07-30T00:00:00
CASH-1577F53BD41882,VAR-D6C34463D3D95F|EG-011|STORE,MAP-3918C684030187AD,VAR-D6C34463D3D95F,EG-011,,,EGP,,,,,,,,,,,القاهرة,,,,,,,True,,HTML/JSON-LD,https://shop-ourkids.com/products/2024950tr-%D8%B4%D9%81%D8%A7%D8%B7-%D8%A7%D9%84%D8%AB%D8%AF%D9%8A-%D8%AA%D8%B1%D9%88-%D8%AC%D9%88%D9%84%D8%AF-%D8%B3%D9%8A%D9%84%D9%8A%D9%83%D9%88%D9%86-120%D9%85%D9%85,,,لم يُرصد,بانتظار أول رصد سعر,0,,,True,جاهز لأول رصد,,2026-07-30T00:00:00,2026-07-30T00:00:00
CASH-D99CC81559A485,VAR-766F7BD39D7BF5|EG-010|STORE,MAP-5A2FFB90AB1EF8F4,VAR-766F7BD39D7BF5,EG-010,,,EGP,,,,,,,,,,,القاهرة,,,,,,,True,,HTML/JSON-LD,https://hedeya.com/products/8058664109043-fully-twin-stroller,,,لم يُرصد,بانتظار أول رصد سعر,0,,,True,جاهز لأول رصد,,2026-07-30T00:00:00,2026-07-30T00:00:00
CASH-F9BF09B77E0A1B,VAR-474F15C75D803A|EG-010|STORE,MAP-10967DC8F84B3400,VAR-474F15C75D803A,EG-010,,,EGP,,,,,,,,,,,القاهرة,,,,,,,True,,HTML/JSON-LD,https://hedeya.com/products/8058664173051-goody-xplus-dark-shadow,,,لم يُرصد,بانتظار أول رصد سعر,0,,,True,جاهز لأول رصد,,2026-07-30T00:00:00,2026-07-30T00:00:00
CASH-93C313C66DDA92,VAR-1C39BF80A9FED7|EG-010|STORE,MAP-38513176D56A3289,VAR-1C39BF80A9FED7,EG-010,,,EGP,,,,,,,,,,,القاهرة,,,,,,,True,,HTML/JSON-LD,https://hedeya.com/products/8058664125456-ohlala-twin-black,,,لم يُرصد,بانتظار أول رصد سعر,0,,,True,جاهز لأول رصد,,2026-07-30T00:00:00,2026-07-30T00:00:00
CASH-653A6E53C3D53F,VAR-DBAE61EE5694DC|EG-011|STORE,MAP-0360BA1D7148253E,VAR-DBAE61EE5694DC,EG-011,,,EGP,,,,,,,,,,,القاهرة,,,,,,,True,,HTML/JSON-LD,https://shop-ourkids.com/products/%D8%B9%D8%B1%D8%A8%D9%8A%D8%A9-%D8%A7%D8%B7%D9%81%D8%A7%D9%84-%D9%83%D9%8A%D9%88%D8%A8%D9%8A%D8%AA-%D8%A8%D9%84%D8%B3-%D8%A7%D8%B2%D8%B1%D9%82,,,لم يُرصد,بانتظار أول رصد سعر,0,,,True,جاهز لأول رصد,,2026-07-30T00:00:00,2026-07-30T00:00:00
CASH-C058E4A31DEAE3,VAR-0270D758EBA2D8|EG-010|STORE,MAP-D6C0A11D7E5B6D09,VAR-0270D758EBA2D8,EG-010,,,EGP,,,,,,,,,,,القاهرة,,,,,,,True,,HTML/JSON-LD,https://hedeya.com/products/aire-twin-stroller,,,لم يُرصد,بانتظار أول رصد سعر,0,,,True,جاهز لأول رصد,,2026-07-30T00:00:00,2026-07-30T00:00:00
CASH-6B94AA86DCDEA5,VAR-302513700E4BC9|EG-011|STORE,MAP-BB8C45A0581301CC,VAR-302513700E4BC9,EG-011,,,EGP,,,,,,,,,,,القاهرة,,,,,,,True,,HTML/JSON-LD,https://shop-ourkids.com/products/litetrax-four-stroller-shale,,,لم يُرصد,بانتظار أول رصد سعر,0,,,True,جاهز لأول رصد,,2026-07-30T00:00:00,2026-07-30T00:00:00
CASH-DD248D04E79D06,VAR-555E9C6AFD8ABB|EG-010|STORE,MAP-5E4082601A5A67AD,VAR-555E9C6AFD8ABB,EG-010,,,EGP,,,,,,,,,,,القاهرة,,,,,,,True,,HTML/JSON-LD,https://hedeya.com/products/5056080610726-mirus-stroller-lychee,,,لم يُرصد,بانتظار أول رصد سعر,0,,,True,جاهز لأول رصد,,2026-07-30T00:00:00,2026-07-30T00:00:00
CASH-2F44B006B103B1,VAR-1C9906C86B5067|EG-010|STORE,MAP-F8F31CE8074ED739,VAR-1C9906C86B5067,EG-010,,,EGP,,,,,,,,,,,القاهرة,,,,,,,True,,HTML/JSON-LD,https://hedeya.com/products/5056080608013-muze-stroller-cranberry,,,لم يُرصد,بانتظار أول رصد سعر,0,,,True,جاهز لأول رصد,,2026-07-30T00:00:00,2026-07-30T00:00:00
CASH-4A9F8205DE2B2F,VAR-4223451AAC0E3D|EG-011|STORE,MAP-ED4D604CF0119C9D,VAR-4223451AAC0E3D,EG-011,,,EGP,,,,,,,,,,,القاهرة,,,,,,,True,,HTML/JSON-LD,https://shop-ourkids.com/products/%D8%B9%D8%B1%D8%A8%D9%87-%D8%B7%D9%81%D9%84-%D9%85%D9%8A%D9%88%D8%B2-juniper,,,لم يُرصد,بانتظار أول رصد سعر,0,,,True,جاهز لأول رصد,,2026-07-30T00:00:00,2026-07-30T00:00:00
CASH-D3CAEEDF8497EB,VAR-1624E6277684F2|EG-010|STORE,MAP-9692F8632837B59B,VAR-1624E6277684F2,EG-010,,,EGP,,,,,,,,,,,القاهرة,,,,,,,True,,HTML/JSON-LD,https://hedeya.com/products/5056080608617-nitro-lx-stroller-laurel,,,لم يُرصد,بانتظار أول رصد سعر,0,,,True,جاهز لأول رصد,,2026-07-30T00:00:00,2026-07-30T00:00:00
CASH-58538992BEAFAE,VAR-ED86A980AC9316|EG-010|STORE,MAP-41A947B6373E3C15,VAR-ED86A980AC9316,EG-010,,,EGP,,,,,,,,,,,القاهرة,,,,,,,True,,HTML/JSON-LD,https://hedeya.com/products/5056080618029-pact-pro-stroller-pebble,,,لم يُرصد,بانتظار أول رصد سعر,0,,,True,جاهز لأول رصد,,2026-07-30T00:00:00,2026-07-30T00:00:00
CASH-6B69369F6F2132,VAR-C0CAE6BD89F453|EG-011|STORE,MAP-F39D90FE2F020D5E,VAR-C0CAE6BD89F453,EG-011,,,EGP,,,,,,,,,,,القاهرة,,,,,,,True,,HTML/JSON-LD,https://shop-ourkids.com/products/%D8%B9%D8%B1%D8%A8%D8%A9-%D8%B7%D9%81%D9%84-%D8%A8%D8%A7%D9%83%D8%AA-%D8%A8%D8%B1%D9%88-shale,,,لم يُرصد,بانتظار أول رصد سعر,0,,,True,جاهز لأول رصد,,2026-07-30T00:00:00,2026-07-30T00:00:00
CASH-F21633B27ECF89,VAR-F338B83152FB05|EG-010|STORE,MAP-284CA5971A27E46F,VAR-F338B83152FB05,EG-010,,,EGP,,,,,,,,,,,القاهرة,,,,,,,True,,HTML/JSON-LD,https://hedeya.com/products/5056080618166-versatrax-stroller-shale,,,لم يُرصد,بانتظار أول رصد سعر,0,,,True,جاهز لأول رصد,,2026-07-30T00:00:00,2026-07-30T00:00:00
CASH-7B78FBBA34CAA2,VAR-54927B71306123|EG-011|STORE,MAP-2635103D32D468C8,VAR-54927B71306123,EG-011,,,EGP,,,,,,,,,,,القاهرة,,,,,,,True,,HTML/JSON-LD,https://shop-ourkids.com/products/baby-stroller-2,,,لم يُرصد,بانتظار أول رصد سعر,0,,,True,جاهز لأول رصد,,2026-07-30T00:00:00,2026-07-30T00:00:00
CASH-B16EC624D0C6E0,VAR-23F98596279176|EG-010|STORE,MAP-DA61328E14DE98DE,VAR-23F98596279176,EG-010,,,EGP,,,,,,,,,,,القاهرة,,,,,,,True,,HTML/JSON-LD,https://hedeya.com/products/8058664125548-chicco-akita-car-seat,,,لم يُرصد,بانتظار أول رصد سعر,0,,,True,جاهز لأول رصد,,2026-07-30T00:00:00,2026-07-30T00:00:00
CASH-CA8D03F4F39EAE,VAR-B8FDC7282FC236|EG-010|STORE,MAP-6290252C06BCE348,VAR-B8FDC7282FC236,EG-010,,,EGP,,,,,,,,,,,القاهرة,,,,,,,True,,HTML/JSON-LD,https://hedeya.com/products/5056080612867-i-level-car-seat-eclipse,,,لم يُرصد,بانتظار أول رصد سعر,0,,,True,جاهز لأول رصد,,2026-07-30T00:00:00,2026-07-30T00:00:00
CASH-500B55CA6971DF,VAR-FA8461525EFBDF|EG-011|STORE,MAP-C1BE7356E8C99BA1,VAR-FA8461525EFBDF,EG-011,,,EGP,,,,,,,,,,,القاهرة,,,,,,,True,,HTML/JSON-LD,https://shop-ourkids.com/products/%D9%83%D8%B1%D8%B3%D9%89-%D8%B3%D9%8A%D8%A7%D8%B1%D9%87-%D8%A7%D9%89-%D8%B3%D9%86%D8%A7%D8%AC-%D8%AA%D9%88-laurel,,,لم يُرصد,بانتظار أول رصد سعر,0,,,True,جاهز لأول رصد,,2026-07-30T00:00:00,2026-07-30T00:00:00
CASH-18CDA88AF36D4A,VAR-2F1362AFFC72BA|EG-011|STORE,MAP-E715287D1A9053BE,VAR-2F1362AFFC72BA,EG-011,,,EGP,,,,,,,,,,,القاهرة,,,,,,,True,,HTML/JSON-LD,https://shop-ourkids.com/products/5056080605814,,,لم يُرصد,بانتظار أول رصد سعر,0,,,True,جاهز لأول رصد,,2026-07-30T00:00:00,2026-07-30T00:00:00
CASH-B6490C29113307,VAR-16FB73DAD70246|EG-011|STORE,MAP-469829448E6B9250,VAR-16FB73DAD70246,EG-011,,,EGP,,,,,,,,,,,القاهرة,,,,,,,True,,HTML/JSON-LD,https://shop-ourkids.com/products/5056080605791,,,لم يُرصد,بانتظار أول رصد سعر,0,,,True,جاهز لأول رصد,,2026-07-30T00:00:00,2026-07-30T00:00:00
CASH-145FCDD3F0C459,VAR-B252D357E9714D|EG-011|STORE,MAP-17162999C9C7B360,VAR-B252D357E9714D,EG-011,,,EGP,,,,,,,,,,,القاهرة,,,,,,,True,,HTML/JSON-LD,https://shop-ourkids.com/products/946-baby-seat,,,لم يُرصد,بانتظار أول رصد سعر,0,,,True,جاهز لأول رصد,,2026-07-30T00:00:00,2026-07-30T00:00:00
CASH-157008B2D00AB5,VAR-E20750784D622D|EG-011|STORE,MAP-BFA4645E97DFFC8C,VAR-E20750784D622D,EG-011,,,EGP,,,,,,,,,,,القاهرة,,,,,,,True,,HTML/JSON-LD,https://shop-ourkids.com/products/1001-%D9%83%D8%B1%D8%B3%D9%89-%D8%B3%D9%8A%D8%A7%D8%B1%D9%87-%D9%84%D8%A8%D9%86%D9%8A,,,لم يُرصد,بانتظار أول رصد سعر,0,,,True,جاهز لأول رصد,,2026-07-30T00:00:00,2026-07-30T00:00:00
CASH-ABAFB569C9E458,VAR-223A9F6BCC3BD4|EG-011|STORE,MAP-FA9CA770E676968B,VAR-223A9F6BCC3BD4,EG-011,,,EGP,,,,,,,,,,,القاهرة,,,,,,,True,,HTML/JSON-LD,https://shop-ourkids.com/products/z8-%D9%83%D8%B1%D8%B3%D9%8A-%D8%B3%D9%8A%D8%A7%D8%B1%D8%A9-%D8%A7%D9%83%D9%88%D8%A7%D8%AC%D8%B1%D9%8A%D9%86,,,لم يُرصد,بانتظار أول رصد سعر,0,,,True,جاهز لأول رصد,,2026-07-30T00:00:00,2026-07-30T00:00:00
CASH-BB42836FF5ABB5,VAR-93DDE603D2CAF1|EG-012|STORE,MAP-3025333540FCDBA1,VAR-93DDE603D2CAF1,EG-012,,,EGP,,,,,,,,,,,القاهرة,,,,,,,True,,HTML/JSON-LD,https://www.games2egypt.com/Product/40249/asus-rog-ally-gaming-console-512gb,,,لم يُرصد,بانتظار أول رصد سعر,0,,,True,جاهز لأول رصد,,2026-07-30T00:00:00,2026-07-30T00:00:00
CASH-C17980D33C5C38,VAR-52E0587C7E6645|EG-012|STORE,MAP-884BDDF8929319F6,VAR-52E0587C7E6645,EG-012,,,EGP,,,,,,,,,,,القاهرة,,,,,,,True,,HTML/JSON-LD,https://www.games2egypt.com/Product/42640/lenovo-legion-go-s-gaming-handheld-512gb-white,,,لم يُرصد,بانتظار أول رصد سعر,0,,,True,جاهز لأول رصد,,2026-07-30T00:00:00,2026-07-30T00:00:00
CASH-EE5DB3059A7AE2,VAR-117FC9EFD3C227|EG-012|STORE,MAP-931D30771B4D8ECD,VAR-117FC9EFD3C227,EG-012,,,EGP,,,,,,,,,,,القاهرة,,,,,,,True,,HTML/JSON-LD,https://www.games2egypt.com/Product/41927/r36s-retro-handheld-video-game-console-128-gb-purple,,,لم يُرصد,بانتظار أول رصد سعر,0,,,True,جاهز لأول رصد,,2026-07-30T00:00:00,2026-07-30T00:00:00
CASH-D57B7B29F14581,VAR-E286D1DAED39BD|EG-012|STORE,MAP-2B3D0E85276E173B,VAR-E286D1DAED39BD,EG-012,,,EGP,,,,,,,,,,,القاهرة,,,,,,,True,,HTML/JSON-LD,https://store.steampowered.com/steamdeck | https:/www.games2egypt.com/Product/41572/steam-deck-oled-handheld-1tb,,,لم يُرصد,بانتظار أول رصد سعر,0,,,True,جاهز لأول رصد,,2026-07-30T00:00:00,2026-07-30T00:00:00
CASH-AFA17DA7656E7E,VAR-8BAB1568742FEF|EG-012|STORE,MAP-AA4808FC9AF8F283,VAR-8BAB1568742FEF,EG-012,,,EGP,,,,,,,,,,,القاهرة,,,,,,,True,,HTML/JSON-LD,https://store.steampowered.com/steamdeck | https:/www.games2egypt.com/Product/40248/steam-deck-oled-handheld-512gb,,,لم يُرصد,بانتظار أول رصد سعر,0,,,True,جاهز لأول رصد,,2026-07-30T00:00:00,2026-07-30T00:00:00
CASH-243ACF15CFAFA5,VAR-042EC296EF9889|EG-012|STORE,MAP-B2AF6D58C7693A0B,VAR-042EC296EF9889,EG-012,,,EGP,,,,,,,,,,,القاهرة,,,,,,,True,,HTML/JSON-LD,https://www.games2egypt.com/Product/24581/xbox-series-s-console,,,لم يُرصد,بانتظار أول رصد سعر,0,,,True,جاهز لأول رصد,,2026-07-30T00:00:00,2026-07-30T00:00:00
CASH-BA13A3E5BEA6E4,VAR-097096C7C078A8|EG-012|STORE,MAP-75612445E13C0CD1,VAR-097096C7C078A8,EG-012,,,EGP,,,,,,,,,,,القاهرة,,,,,,,True,,HTML/JSON-LD,https://www.games2egypt.com/Product/36282/xbox-series-x-console-%E2%80%93-diablo-iv-digital-bundle-1tb | https:/www.xbox.com/en-US/consoles/xbox-series-x,,,لم يُرصد,بانتظار أول رصد سعر,0,,,True,جاهز لأول رصد,,2026-07-30T00:00:00,2026-07-30T00:00:00
CASH-5637DA80AB044D,VAR-AEC3D109E7B11B|EG-012|STORE,MAP-AB306E8F629278F1,VAR-AEC3D109E7B11B,EG-012,,,EGP,,,,,,,,,,,القاهرة,,,,,,,True,,HTML/JSON-LD,https://www.games2egypt.com/Product/41569/xbox-series-x-console-digital-1tb | https:/www.xbox.com/en-US/consoles/xbox-series-x,,,لم يُرصد,بانتظار أول رصد سعر,0,,,True,جاهز لأول رصد,,2026-07-30T00:00:00,2026-07-30T00:00:00
CASH-74C216CC135683,VAR-376C209E7AA028|EG-012|STORE,MAP-67951498DC40E7B5,VAR-376C209E7AA028,EG-012,,,EGP,,,,,,,,,,,القاهرة,,,,,,,True,,HTML/JSON-LD,https://www.games2egypt.com/Product/24580/xbox-series-x-console | https:/www.xbox.com/en-US/consoles/xbox-series-x,,,لم يُرصد,بانتظار أول رصد سعر,0,,,True,جاهز لأول رصد,,2026-07-30T00:00:00,2026-07-30T00:00:00
CASH-B83E977C215AEC,VAR-EB142A6F852C89|EG-012|STORE,MAP-52814C81F9E44A3D,VAR-EB142A6F852C89,EG-012,,,EGP,,,,,,,,,,,القاهرة,,,,,,,True,,HTML/JSON-LD,https://www.games2egypt.com/Product/34930/xbox-series-x-console-%E2%80%93-forza-horizon-5-bundle-1tb | https:/www.xbox.com/en-US/consoles/xbox-series-x,,,لم يُرصد,بانتظار أول رصد سعر,0,,,True,جاهز لأول رصد,,2026-07-30T00:00:00,2026-07-30T00:00:00
CASH-3EF361ED554232,VAR-CC25D9F31C25A1|EG-013|STORE,MAP-62FC7A0A239D5232,VAR-CC25D9F31C25A1,EG-013,,,EGP,,,,,,,,,,,القاهرة,,,,,,,True,,اكتشاف من صفحة فئة,https://btech.com/en/c/gaming-area/consoles,,,لم يُرصد,بانتظار أول رصد سعر,0,,,True,يحتاج اكتشاف رابط المنتج,,2026-07-30T00:00:00,2026-07-30T00:00:00
CASH-13248CE04F3E4F,VAR-CAA93682764B73|EG-012|STORE,MAP-271AADADF4961D52,VAR-CAA93682764B73,EG-012,,,EGP,,,,,,,,,,,القاهرة,,,,,,,True,,HTML/JSON-LD,https://www.games2egypt.com/Product/42289/nintendo-switch-2-console-digital-code-mario-kart-world-bundle | https:/www.nintendo.com/us/gaming-systems/switch-2,,,لم يُرصد,بانتظار أول رصد سعر,0,,,True,جاهز لأول رصد,,2026-07-30T00:00:00,2026-07-30T00:00:00
CASH-3228A3E72C88CE,VAR-A1645DE24E22DB|EG-012|STORE,MAP-70B79E5ACA5AACD7,VAR-A1645DE24E22DB,EG-012,,,EGP,,,,,,,,,,,القاهرة,,,,,,,True,,HTML/JSON-LD,https://www.games2egypt.com/Product/43550/nintendo-switch-2-console-physical-mario-kart-world-bundle | https:/www.nintendo.com/us/gaming-systems/switch-2,,,لم يُرصد,بانتظار أول رصد سعر,0,,,True,جاهز لأول رصد,,2026-07-30T00:00:00,2026-07-30T00:00:00
CASH-B43EDD86B87234,VAR-058D3C214D3495|EG-012|STORE,MAP-536FDA24AFF7EA01,VAR-058D3C214D3495,EG-012,,,EGP,,,,,,,,,,,القاهرة,,,,,,,True,,HTML/JSON-LD,https://www.games2egypt.com/Product/40492/nintendo-switch-2-console | https:/www.nintendo.com/us/gaming-systems/switch-2,,,لم يُرصد,بانتظار أول رصد سعر,0,,,True,جاهز لأول رصد,,2026-07-30T00:00:00,2026-07-30T00:00:00
CASH-4E40C0B626748D,VAR-79B8D70C9CB5F4|EG-012|STORE,MAP-14BD395F2B452329,VAR-79B8D70C9CB5F4,EG-012,,,EGP,,,,,,,,,,,القاهرة,,,,,,,True,,HTML/JSON-LD,https://www.games2egypt.com/Product/36401/nintendo-switch-oled-console-mario-red-edition,,,لم يُرصد,بانتظار أول رصد سعر,0,,,True,جاهز لأول رصد,,2026-07-30T00:00:00,2026-07-30T00:00:00
CASH-3A1AFC23F646F7,VAR-8E22E1A9BE2219|EG-012|STORE,MAP-83EF4BCC981822BE,VAR-8E22E1A9BE2219,EG-012,,,EGP,,,,,,,,,,,القاهرة,,,,,,,True,,HTML/JSON-LD,https://www.games2egypt.com/Product/25790/nintendo-switch-console-oled-model-red-and-blue,,,لم يُرصد,بانتظار أول رصد سعر,0,,,True,جاهز لأول رصد,,2026-07-30T00:00:00,2026-07-30T00:00:00
CASH-5FA88C50DEA623,VAR-203E5C68EB30AA|EG-012|STORE,MAP-1D10ECB019806B7D,VAR-203E5C68EB30AA,EG-012,,,EGP,,,,,,,,,,,القاهرة,,,,,,,True,,HTML/JSON-LD,https://www.games2egypt.com/Product/32267/nintendo-switch-oled-console-legend-of-zelda,,,لم يُرصد,بانتظار أول رصد سعر,0,,,True,جاهز لأول رصد,,2026-07-30T00:00:00,2026-07-30T00:00:00
CASH-24CBD7EE86D397,VAR-0405A77B8B7941|EG-012|STORE,MAP-A6FF697C2090A8F4,VAR-0405A77B8B7941,EG-012,,,EGP,,,,,,,,,,,القاهرة,,,,,,,True,,HTML/JSON-LD,https://www.games2egypt.com/Product/27152/nintendo-switch-oled-console-white-used,,,لم يُرصد,بانتظار أول رصد سعر,0,,,True,جاهز لأول رصد,,2026-07-30T00:00:00,2026-07-30T00:00:00
CASH-5520247CDF15CE,VAR-D853ECD1A03453|EG-012|STORE,MAP-7211689EDA3FA33D,VAR-D853ECD1A03453,EG-012,,,EGP,,,,,,,,,,,القاهرة,,,,,,,True,,HTML/JSON-LD,https://www.games2egypt.com/Product/27153/nintendo-switch-console-animal-crossing-new-horizons-edition-v2-used,,,لم يُرصد,بانتظار أول رصد سعر,0,,,True,جاهز لأول رصد,,2026-07-30T00:00:00,2026-07-30T00:00:00
CASH-72F020D2A7E6CB,VAR-F8DCD5E23913B9|EG-013|STORE,MAP-5C9038C67DCCED0A,VAR-F8DCD5E23913B9,EG-013,,,EGP,,,,,,,,,,,القاهرة,,,,,,,True,,اكتشاف من صفحة فئة,https://btech.com/en/c/gaming-area/consoles,,,لم يُرصد,بانتظار أول رصد سعر,0,,,True,يحتاج اكتشاف رابط المنتج,,2026-07-30T00:00:00,2026-07-30T00:00:00
CASH-4CA05BA2C16567,VAR-A46DFAC61612E1|EG-013|STORE,MAP-F89A76BCB493266D,VAR-A46DFAC61612E1,EG-013,,,EGP,,,,,,,,,,,القاهرة,,,,,,,True,,اكتشاف من صفحة فئة,https://btech.com/en/c/gaming-area/consoles,,,لم يُرصد,بانتظار أول رصد سعر,0,,,True,يحتاج اكتشاف رابط المنتج,,2026-07-30T00:00:00,2026-07-30T00:00:00
CASH-BCBE528FF741EB,VAR-3F6C8C10868C27|EG-013|STORE,MAP-3317043C3171E9FC,VAR-3F6C8C10868C27,EG-013,,,EGP,,,,,,,,,,,القاهرة,,,,,,,True,,اكتشاف من صفحة فئة,https://btech.com/en/c/gaming-area/consoles,,,لم يُرصد,بانتظار أول رصد سعر,0,,,True,يحتاج اكتشاف رابط المنتج,,2026-07-30T00:00:00,2026-07-30T00:00:00
CASH-130444E85AD27D,VAR-CC4B928D5C4DB7|EG-013|STORE,MAP-B60305AB68C2AB75,VAR-CC4B928D5C4DB7,EG-013,,,EGP,,,,,,,,,,,القاهرة,,,,,,,True,,اكتشاف من صفحة فئة,https://btech.com/en/c/gaming-area/consoles,,,لم يُرصد,بانتظار أول رصد سعر,0,,,True,يحتاج اكتشاف رابط المنتج,,2026-07-30T00:00:00,2026-07-30T00:00:00
CASH-F5FC4A5ABEB7A4,VAR-0F3C392738CB18|EG-013|STORE,MAP-19CFB7A6ABB1CA4B,VAR-0F3C392738CB18,EG-013,,,EGP,,,,,,,,,,,القاهرة,,,,,,,True,,اكتشاف من صفحة فئة,https://btech.com/en/c/gaming-area/consoles,,,لم يُرصد,بانتظار أول رصد سعر,0,,,True,يحتاج اكتشاف رابط المنتج,,2026-07-30T00:00:00,2026-07-30T00:00:00
CASH-F95F953F431027,VAR-75C7A8A456E75A|EG-012|STORE,MAP-B2F58596104AA098,VAR-75C7A8A456E75A,EG-012,,,EGP,,,,,,,,,,,القاهرة,,,,,,,True,,HTML/JSON-LD,https://www.games2egypt.com/Product/40342/playstation-5-pro-console-2tb-1y-warranty | https:/www.playstation.com/en-us/ps5/ps5-pro,,,لم يُرصد,بانتظار أول رصد سعر,0,,,True,جاهز لأول رصد,,2026-07-30T00:00:00,2026-07-30T00:00:00
CASH-C4DDF4174826A8,VAR-88785BBD831B24|EG-013|STORE,MAP-0006C476F27CE76A,VAR-88785BBD831B24,EG-013,,,EGP,,,,,,,,,,,القاهرة,,,,,,,True,,اكتشاف من صفحة فئة,https://btech.com/en/c/gaming-area/consoles,,,لم يُرصد,بانتظار أول رصد سعر,0,,,True,يحتاج اكتشاف رابط المنتج,,2026-07-30T00:00:00,2026-07-30T00:00:00
CASH-3528C254BBCD41,VAR-69510380C9F402|EG-012|STORE,MAP-C3361F16DBDBB3AE,VAR-69510380C9F402,EG-012,,,EGP,,,,,,,,,,,القاهرة,,,,,,,True,,HTML/JSON-LD,https://www.games2egypt.com/Product/44282/sony-playstation-5-slim-console-digital-edition-825-gb-1y-warranty | https:/www.playstation.com/en-us/ps5,,,لم يُرصد,بانتظار أول رصد سعر,0,,,True,جاهز لأول رصد,,2026-07-30T00:00:00,2026-07-30T00:00:00
CASH-7298A5D0E4F904,VAR-A0E0B5BB6A0B22|EG-012|STORE,MAP-97691E100245C415,VAR-A0E0B5BB6A0B22,EG-012,,,EGP,,,,,,,,,,,القاهرة,,,,,,,True,,HTML/JSON-LD,https://www.games2egypt.com/Product/35796/sony-playstation-5-slim-console-disc-edition-1tb-1y-warranty | https:/www.playstation.com/en-us/ps5,,,لم يُرصد,بانتظار أول رصد سعر,0,,,True,جاهز لأول رصد,,2026-07-30T00:00:00,2026-07-30T00:00:00
CASH-793FDD17E3E1F4,VAR-80E9B0211BECFF|EG-012|STORE,MAP-48790EBD63F36E8C,VAR-80E9B0211BECFF,EG-012,,,EGP,,,,,,,,,,,القاهرة,,,,,,,True,,HTML/JSON-LD,https://www.games2egypt.com/Product/44020/playstation-5-slim-disc-edition-console-%E2%80%93-ghost-of-yotei-gold-limited-edition-bundle-international-version-1tb | https:/www.playstation.com/en-us/ps5,,,لم يُرصد,بانتظار أول رصد سعر,0,,,True,جاهز لأول رصد,,2026-07-30T00:00:00,2026-07-30T00:00:00
CASH-D48D2559D5C84B,VAR-7644618000E038|EG-013|STORE,MAP-32F184CB1437C0E6,VAR-7644618000E038,EG-013,,,EGP,,,,,,,,,,,القاهرة,,,,,,,True,,اكتشاف من صفحة فئة,https://btech.com/en/c/gaming-area/consoles,,,لم يُرصد,بانتظار أول رصد سعر,0,,,True,يحتاج اكتشاف رابط المنتج,,2026-07-30T00:00:00,2026-07-30T00:00:00
CASH-8F8D5E479010AF,VAR-9A191C58CC9AB9|EG-013|STORE,MAP-C0558758BD5A56C3,VAR-9A191C58CC9AB9,EG-013,,,EGP,,,,,,,,,,,القاهرة,,,,,,,True,,اكتشاف من صفحة فئة,https://btech.com/en/c/gaming-area/consoles,,,لم يُرصد,بانتظار أول رصد سعر,0,,,True,يحتاج اكتشاف رابط المنتج,,2026-07-30T00:00:00,2026-07-30T00:00:00
CASH-61533AFFE30359,VAR-5BD122F12DEC64|EG-013|STORE,MAP-63518170692E71AF,VAR-5BD122F12DEC64,EG-013,,,EGP,,,,,,,,,,,القاهرة,,,,,,,True,,اكتشاف من صفحة فئة,https://btech.com/en/c/gaming-area/consoles,,,لم يُرصد,بانتظار أول رصد سعر,0,,,True,يحتاج اكتشاف رابط المنتج,,2026-07-30T00:00:00,2026-07-30T00:00:00
CASH-F60E1C5ED4B318,VAR-865AD3130B42C2|EG-013|STORE,MAP-4D3BE549DBA5C334,VAR-865AD3130B42C2,EG-013,,,EGP,,,,,,,,,,,القاهرة,,,,,,,True,,اكتشاف من صفحة فئة,https://btech.com/en/c/gaming-area/consoles,,,لم يُرصد,بانتظار أول رصد سعر,0,,,True,يحتاج اكتشاف رابط المنتج,,2026-07-30T00:00:00,2026-07-30T00:00:00
CASH-25E72EA0C8C0FC,VAR-92BC9053E8D78D|EG-013|STORE,MAP-676D9116E97CA8F8,VAR-92BC9053E8D78D,EG-013,,,EGP,,,,,,,,,,,القاهرة,,,,,,,True,,اكتشاف من صفحة فئة,https://btech.com/en/c/gaming-area/consoles,,,لم يُرصد,بانتظار أول رصد سعر,0,,,True,يحتاج اكتشاف رابط المنتج,,2026-07-30T00:00:00,2026-07-30T00:00:00
CASH-7E8778339D9F72,VAR-B760C4DED1DEBD|EG-013|STORE,MAP-073DDFBD86A938E3,VAR-B760C4DED1DEBD,EG-013,,,EGP,,,,,,,,,,,القاهرة,,,,,,,True,,اكتشاف من صفحة فئة,https://btech.com/en/c/gaming-area/consoles,,,لم يُرصد,بانتظار أول رصد سعر,0,,,True,يحتاج اكتشاف رابط المنتج,,2026-07-30T00:00:00,2026-07-30T00:00:00
CASH-7E54C07FEB36E7,VAR-9CE68D537467CE|EG-013|STORE,MAP-84108D076371DADB,VAR-9CE68D537467CE,EG-013,,,EGP,,,,,,,,,,,القاهرة,,,,,,,True,,اكتشاف من صفحة فئة,https://btech.com/en/c/gaming-area/consoles,,,لم يُرصد,بانتظار أول رصد سعر,0,,,True,يحتاج اكتشاف رابط المنتج,,2026-07-30T00:00:00,2026-07-30T00:00:00
CASH-B5661649B22482,VAR-84166B5C0E42F4|EG-013|STORE,MAP-5086304268BD622E,VAR-84166B5C0E42F4,EG-013,,,EGP,,,,,,,,,,,القاهرة,,,,,,,True,,اكتشاف من صفحة فئة,https://btech.com/en/c/gaming-area/consoles,,,لم يُرصد,بانتظار أول رصد سعر,0,,,True,يحتاج اكتشاف رابط المنتج,,2026-07-30T00:00:00,2026-07-30T00:00:00
CASH-8637FE9A204E85,VAR-3F56C5AFA7AE39|EG-013|STORE,MAP-1994453C8C7953D3,VAR-3F56C5AFA7AE39,EG-013,,,EGP,,,,,,,,,,,القاهرة,,,,,,,True,,اكتشاف من صفحة فئة,https://btech.com/en/c/gaming-area/consoles,,,لم يُرصد,بانتظار أول رصد سعر,0,,,True,يحتاج اكتشاف رابط المنتج,,2026-07-30T00:00:00,2026-07-30T00:00:00
CASH-434467881AA4EF,VAR-651FB928FBDB71|EG-013|STORE,MAP-BDDC20B971DE68E3,VAR-651FB928FBDB71,EG-013,,,EGP,,,,,,,,,,,القاهرة,,,,,,,True,,اكتشاف من صفحة فئة,https://btech.com/en/c/gaming-area/consoles,,,لم يُرصد,بانتظار أول رصد سعر,0,,,True,يحتاج اكتشاف رابط المنتج,,2026-07-30T00:00:00,2026-07-30T00:00:00
CASH-DE511FC6DB6E86,VAR-9171C53BC7B702|EG-012|STORE,MAP-CAE3A0187499507B,VAR-9171C53BC7B702,EG-012,,,EGP,,,,,,,,,,,القاهرة,,,,,,,True,,HTML/JSON-LD,https://www.games2egypt.com/Product/45088/xbox-elite-wireless-controller-series-2-used,,,لم يُرصد,بانتظار أول رصد سعر,0,,,True,جاهز لأول رصد,,2026-07-30T00:00:00,2026-07-30T00:00:00
CASH-3E5576FF2D9A43,VAR-CED7C123BBF486|EG-012|STORE,MAP-15A290A97C465CB2,VAR-CED7C123BBF486,EG-012,,,EGP,,,,,,,,,,,القاهرة,,,,,,,True,,HTML/JSON-LD,https://www.games2egypt.com/Product/46756/xbox-series-xs-wireless-controller-%E2%80%93-ice-breaker-special-edition-open-sealed,,,لم يُرصد,بانتظار أول رصد سعر,0,,,True,جاهز لأول رصد,,2026-07-30T00:00:00,2026-07-30T00:00:00
CASH-79D456F5487934,VAR-38D9A840D6F925|EG-012|STORE,MAP-F51E6A8F276D325E,VAR-38D9A840D6F925,EG-012,,,EGP,,,,,,,,,,,القاهرة,,,,,,,True,,HTML/JSON-LD,https://www.games2egypt.com/Product/46584/xbox-series-xs-wireless-controller-%E2%80%93-nocturnal-vapor-special-edition,,,لم يُرصد,بانتظار أول رصد سعر,0,,,True,جاهز لأول رصد,,2026-07-30T00:00:00,2026-07-30T00:00:00
CASH-1BE0D2E1C09D0C,VAR-EC1589871DBB75|EG-012|STORE,MAP-C9BAA14EE97B0EF8,VAR-EC1589871DBB75,EG-012,,,EGP,,,,,,,,,,,القاهرة,,,,,,,True,,HTML/JSON-LD,https://www.games2egypt.com/Product/46686/xbox-series-xs-wireless-controller-%E2%80%93-pulse-ciphre-special-edition,,,لم يُرصد,بانتظار أول رصد سعر,0,,,True,جاهز لأول رصد,,2026-07-30T00:00:00,2026-07-30T00:00:00
CASH-26719B514CA720,VAR-E438A4BEDF9777|EG-012|STORE,MAP-D9B70F7A26D36327,VAR-E438A4BEDF9777,EG-012,,,EGP,,,,,,,,,,,القاهرة,,,,,,,True,,HTML/JSON-LD,https://www.games2egypt.com/Product/41162/xbox-wireless-controller-sky-cipher-special-edition,,,لم يُرصد,بانتظار أول رصد سعر,0,,,True,جاهز لأول رصد,,2026-07-30T00:00:00,2026-07-30T00:00:00
CASH-7B3D84E9823A9E,VAR-D97DD46A4AD892|EG-012|STORE,MAP-6B5F9EEFD6B99351,VAR-D97DD46A4AD892,EG-012,,,EGP,,,,,,,,,,,القاهرة,,,,,,,True,,HTML/JSON-LD,https://www.games2egypt.com/Product/24605/xbox-series-xs-controller-white,,,لم يُرصد,بانتظار أول رصد سعر,0,,,True,جاهز لأول رصد,,2026-07-30T00:00:00,2026-07-30T00:00:00
CASH-D58E43B1915313,VAR-51A2AF280A6E3B|EG-012|STORE,MAP-36A3329A4F3AE63A,VAR-51A2AF280A6E3B,EG-012,,,EGP,,,,,,,,,,,القاهرة,,,,,,,True,,HTML/JSON-LD,https://www.games2egypt.com/Product/42182/ps5-dualsense-edge-wireless-controller-with-a-case-of-accessories-black,,,لم يُرصد,بانتظار أول رصد سعر,0,,,True,جاهز لأول رصد,,2026-07-30T00:00:00,2026-07-30T00:00:00
CASH-E9BF0CDDA7ACB0,VAR-F1A6E10F1068F4|EG-012|STORE,MAP-713FA669436994F2,VAR-F1A6E10F1068F4,EG-012,,,EGP,,,,,,,,,,,القاهرة,,,,,,,True,,HTML/JSON-LD,https://www.games2egypt.com/Product/40485/dualsense-ps5-controller-chroma-pearl,,,لم يُرصد,بانتظار أول رصد سعر,0,,,True,جاهز لأول رصد,,2026-07-30T00:00:00,2026-07-30T00:00:00
CASH-B8643C9D18B74A,VAR-6D42CC13C63E24|EG-012|STORE,MAP-BDE26FFA6CB7B021,VAR-6D42CC13C63E24,EG-012,,,EGP,,,,,,,,,,,القاهرة,,,,,,,True,,HTML/JSON-LD,https://www.games2egypt.com/Product/40483/dualsense-ps5-controller-chroma-teal,,,لم يُرصد,بانتظار أول رصد سعر,0,,,True,جاهز لأول رصد,,2026-07-30T00:00:00,2026-07-30T00:00:00
CASH-30769CE491E296,VAR-ADE143638D8BAD|EG-012|STORE,MAP-575C6856D2B53AE9,VAR-ADE143638D8BAD,EG-012,,,EGP,,,,,,,,,,,القاهرة,,,,,,,True,,HTML/JSON-LD,https://www.games2egypt.com/Product/26168/dualsense-ps5-controller-galactic-purple,,,لم يُرصد,بانتظار أول رصد سعر,0,,,True,جاهز لأول رصد,,2026-07-30T00:00:00,2026-07-30T00:00:00
CASH-DFBB7EAAA132CD,VAR-47D6881CDF3B10|EG-012|STORE,MAP-99975FE1470AA9C4,VAR-47D6881CDF3B10,EG-012,,,EGP,,,,,,,,,,,القاهرة,,,,,,,True,,HTML/JSON-LD,https://www.games2egypt.com/Product/46084/dualsense-ps5-controller-%E2%80%93-god-of-war-20th-anniversary-edition,,,لم يُرصد,بانتظار أول رصد سعر,0,,,True,جاهز لأول رصد,,2026-07-30T00:00:00,2026-07-30T00:00:00
CASH-30CC80C49FB494,VAR-A9EC8E3DA2B936|EG-012|STORE,MAP-266C3BCEDF8CA92A,VAR-A9EC8E3DA2B936,EG-012,,,EGP,,,,,,,,,,,القاهرة,,,,,,,True,,HTML/JSON-LD,https://www.games2egypt.com/Product/30311/dualsense-ps5-controller-starlight-blue-open-sealed,,,لم يُرصد,بانتظار أول رصد سعر,0,,,True,جاهز لأول رصد,,2026-07-30T00:00:00,2026-07-30T00:00:00
CASH-A1C1028B305D70,VAR-64FA5C0E452E99|EG-012|STORE,MAP-5730BBC85892A54E,VAR-64FA5C0E452E99,EG-012,,,EGP,,,,,,,,,,,القاهرة,,,,,,,True,,HTML/JSON-LD,https://www.games2egypt.com/Product/46082/dualsense-ps5-controller-techno-red,,,لم يُرصد,بانتظار أول رصد سعر,0,,,True,جاهز لأول رصد,,2026-07-30T00:00:00,2026-07-30T00:00:00
CASH-937FC2B55CBB52,VAR-C6F1134BF4BA94|EG-012|STORE,MAP-8AED718C7D67F712,VAR-C6F1134BF4BA94,EG-012,,,EGP,,,,,,,,,,,القاهرة,,,,,,,True,,HTML/JSON-LD,https://www.games2egypt.com/Product/35795/dualsense-ps5-controller-volcanic-red,,,لم يُرصد,بانتظار أول رصد سعر,0,,,True,جاهز لأول رصد,,2026-07-30T00:00:00,2026-07-30T00:00:00
CASH-38EC71710FED39,VAR-3B2BAB633BEC00|EG-012|STORE,MAP-126E7AC38D6577D5,VAR-3B2BAB633BEC00,EG-012,,,EGP,,,,,,,,,,,القاهرة,,,,,,,True,,HTML/JSON-LD,https://www.games2egypt.com/Product/38894/ea-sports-fc-25-standard-edition-xbox,,,لم يُرصد,بانتظار أول رصد سعر,0,,,True,جاهز لأول رصد,,2026-07-30T00:00:00,2026-07-30T00:00:00
CASH-C0912DAD19D38E,VAR-4D2CD7F7BF5623|EG-012|STORE,MAP-E807785C031A157D,VAR-4D2CD7F7BF5623,EG-012,,,EGP,,,,,,,,,,,القاهرة,,,,,,,True,,HTML/JSON-LD,https://www.games2egypt.com/Product/46267/forza-horizon-6-standard-edition-xbox-series-xs-pc,,,لم يُرصد,بانتظار أول رصد سعر,0,,,True,جاهز لأول رصد,,2026-07-30T00:00:00,2026-07-30T00:00:00
CASH-95047521E52C54,VAR-EADE00FC10AD5C|EG-012|STORE,MAP-B6184BCBED255FA9,VAR-EADE00FC10AD5C,EG-012,,,EGP,,,,,,,,,,,القاهرة,,,,,,,True,,HTML/JSON-LD,https://www.games2egypt.com/Product/46270/forza-horizon-6-deluxe-edition-xbox-series-xs-pc,,,لم يُرصد,بانتظار أول رصد سعر,0,,,True,جاهز لأول رصد,,2026-07-30T00:00:00,2026-07-30T00:00:00
CASH-78E56DC61BD0B5,VAR-70E159BD284EC9|EG-012|STORE,MAP-820DD025FC12AAF1,VAR-70E159BD284EC9,EG-012,,,EGP,,,,,,,,,,,القاهرة,,,,,,,True,,HTML/JSON-LD,https://www.games2egypt.com/Product/46271/forza-horizon-6-premium-edition-xbox-series-xs-pc,,,لم يُرصد,بانتظار أول رصد سعر,0,,,True,جاهز لأول رصد,,2026-07-30T00:00:00,2026-07-30T00:00:00
CASH-C19EB77C8FD507,VAR-FF13952FF9CB51|EG-012|STORE,MAP-2E2D16476C004713,VAR-FF13952FF9CB51,EG-012,,,EGP,,,,,,,,,,,القاهرة,,,,,,,True,,HTML/JSON-LD,https://www.games2egypt.com/Product/31997/the-last-of-us%E2%84%A2-part-i-deluxe-edition,,,لم يُرصد,بانتظار أول رصد سعر,0,,,True,جاهز لأول رصد,,2026-07-30T00:00:00,2026-07-30T00:00:00
CASH-E855D51D7BEA21,VAR-162575F7F9F1E7|EG-012|STORE,MAP-90C4B77ADA2FAFE0,VAR-162575F7F9F1E7,EG-012,,,EGP,,,,,,,,,,,القاهرة,,,,,,,True,,HTML/JSON-LD,https://www.games2egypt.com/Product/46315/tales-of-arise-beyond-the-dawn-edition-nintendo-switch-2,,,لم يُرصد,بانتظار أول رصد سعر,0,,,True,جاهز لأول رصد,,2026-07-30T00:00:00,2026-07-30T00:00:00
CASH-6E041524DBFAD7,VAR-44A640A2110A37|EG-012|STORE,MAP-2D0CFB8822EE30EB,VAR-44A640A2110A37,EG-012,,,EGP,,,,,,,,,,,القاهرة,,,,,,,True,,HTML/JSON-LD,https://www.games2egypt.com/Product/43868/the-elder-scrolls-iv-oblivion-remastered-deluxe-edition-ps5,,,لم يُرصد,بانتظار أول رصد سعر,0,,,True,جاهز لأول رصد,,2026-07-30T00:00:00,2026-07-30T00:00:00
CASH-81BFA257C10F26,VAR-51A74D47720AC2|EG-012|STORE,MAP-FF544B3F8B26422F,VAR-51A74D47720AC2,EG-012,,,EGP,,,,,,,,,,,القاهرة,,,,,,,True,,HTML/JSON-LD,https://www.games2egypt.com/Product/43113/onimusha-way-of-the-sword-ps5,,,لم يُرصد,بانتظار أول رصد سعر,0,,,True,جاهز لأول رصد,,2026-07-30T00:00:00,2026-07-30T00:00:00
CASH-D80A89E755B07C,VAR-97B6BAF8D01655|EG-012|STORE,MAP-E62743D9BC171475,VAR-97B6BAF8D01655,EG-012,,,EGP,,,,,,,,,,,القاهرة,,,,,,,True,,HTML/JSON-LD,https://www.games2egypt.com/Product/45416/resident-evil-requiem-deluxe-edition-ps5,,,لم يُرصد,بانتظار أول رصد سعر,0,,,True,جاهز لأول رصد,,2026-07-30T00:00:00,2026-07-30T00:00:00
CASH-4D315628A3F072,VAR-6E689002DDC1D1|EG-012|STORE,MAP-D4B7ABE92988BE12,VAR-6E689002DDC1D1,EG-012,,,EGP,,,,,,,,,,,القاهرة,,,,,,,True,,HTML/JSON-LD,https://www.games2egypt.com/Product/26760/it-takes-two-nintendo-switch,,,لم يُرصد,بانتظار أول رصد سعر,0,,,True,جاهز لأول رصد,,2026-07-30T00:00:00,2026-07-30T00:00:00
CASH-121B6F8BA3DD37,VAR-FA96A490B0D951|EG-012|STORE,MAP-B29DD621B40388C3,VAR-FA96A490B0D951,EG-012,,,EGP,,,,,,,,,,,القاهرة,,,,,,,True,,HTML/JSON-LD,https://www.games2egypt.com/Product/42507/ea-sports-fc%E2%80%AF26-arabic-and-english-ps5,,,لم يُرصد,بانتظار أول رصد سعر,0,,,True,جاهز لأول رصد,,2026-07-30T00:00:00,2026-07-30T00:00:00
CASH-4C53F3DFE76918,VAR-D7B0DF3C9B9FB9|EG-012|STORE,MAP-E54B2198941FE8F5,VAR-D7B0DF3C9B9FB9,EG-012,,,EGP,,,,,,,,,,,القاهرة,,,,,,,True,,HTML/JSON-LD,https://www.games2egypt.com/Product/42203/ea-sports-fc%E2%80%AF26-ps5,,,لم يُرصد,بانتظار أول رصد سعر,0,,,True,جاهز لأول رصد,,2026-07-30T00:00:00,2026-07-30T00:00:00
CASH-A3A709EFCFFD9C,VAR-48DF7BBD5483AB|EG-012|STORE,MAP-61F37833689A783B,VAR-48DF7BBD5483AB,EG-012,,,EGP,,,,,,,,,,,القاهرة,,,,,,,True,,HTML/JSON-LD,https://www.games2egypt.com/Product/32303/alan-wake-2-deluxe-edition-ps5,,,لم يُرصد,بانتظار أول رصد سعر,0,,,True,جاهز لأول رصد,,2026-07-30T00:00:00,2026-07-30T00:00:00
CASH-AEB7F5DA73B3BF,VAR-D6D5C0AD1F02A6|EG-012|STORE,MAP-3082F61B79923489,VAR-D6D5C0AD1F02A6,EG-012,,,EGP,,,,,,,,,,,القاهرة,,,,,,,True,,HTML/JSON-LD,https://www.games2egypt.com/Product/26736/flintlock-the-siege-of-dawn-deluxe-edition-ps5,,,لم يُرصد,بانتظار أول رصد سعر,0,,,True,جاهز لأول رصد,,2026-07-30T00:00:00,2026-07-30T00:00:00
CASH-2DB2079F5514BD,VAR-33188E4A33EBB1|EG-012|STORE,MAP-168E4487FEB68C28,VAR-33188E4A33EBB1,EG-012,,,EGP,,,,,,,,,,,القاهرة,,,,,,,True,,HTML/JSON-LD,https://www.games2egypt.com/Product/43290/007-first-light-ps5,,,لم يُرصد,بانتظار أول رصد سعر,0,,,True,جاهز لأول رصد,,2026-07-30T00:00:00,2026-07-30T00:00:00
CASH-A77C9CF0F258F2,VAR-EBE832008B5D37|EG-012|STORE,MAP-C26475C2DB782F81,VAR-EBE832008B5D37,EG-012,,,EGP,,,,,,,,,,,القاهرة,,,,,,,True,,HTML/JSON-LD,https://www.games2egypt.com/Product/42704/minecraft-dungeons-hero-edition-nintendo-switch-used,,,لم يُرصد,بانتظار أول رصد سعر,0,,,True,جاهز لأول رصد,,2026-07-30T00:00:00,2026-07-30T00:00:00
CASH-5ACD495832F3AC,VAR-C2818F7445836D|EG-012|STORE,MAP-1916428EF1C1105B,VAR-C2818F7445836D,EG-012,,,EGP,,,,,,,,,,,القاهرة,,,,,,,True,,HTML/JSON-LD,https://www.games2egypt.com/Product/22997/astral-chain-nintendo-switch,,,لم يُرصد,بانتظار أول رصد سعر,0,,,True,جاهز لأول رصد,,2026-07-30T00:00:00,2026-07-30T00:00:00
CASH-5583A16E4B86F6,VAR-F78BEC1DD6E447|EG-012|STORE,MAP-4791DF198C2AA202,VAR-F78BEC1DD6E447,EG-012,,,EGP,,,,,,,,,,,القاهرة,,,,,,,True,,HTML/JSON-LD,https://www.games2egypt.com/Product/43266/kirby-and-the-forgotten-land-nintendo-switch-2-edition-star-crossed-world,,,لم يُرصد,بانتظار أول رصد سعر,0,,,True,جاهز لأول رصد,,2026-07-30T00:00:00,2026-07-30T00:00:00
CASH-5BA20F673E1BB0,VAR-2D18117100B378|EG-012|STORE,MAP-6195B19C67A20247,VAR-2D18117100B378,EG-012,,,EGP,,,,,,,,,,,القاهرة,,,,,,,True,,HTML/JSON-LD,https://www.games2egypt.com/Product/44388/mario-tennis-fever-nintendo-switch-2,,,لم يُرصد,بانتظار أول رصد سعر,0,,,True,جاهز لأول رصد,,2026-07-30T00:00:00,2026-07-30T00:00:00
CASH-A843A78C9DE45C,VAR-BDC5D2AC7C8F67|EG-012|STORE,MAP-2350FC001F4BC532,VAR-BDC5D2AC7C8F67,EG-012,,,EGP,,,,,,,,,,,القاهرة,,,,,,,True,,HTML/JSON-LD,https://www.games2egypt.com/Product/28097/metroid-prime-remastered-nintendo-switch,,,لم يُرصد,بانتظار أول رصد سعر,0,,,True,جاهز لأول رصد,,2026-07-30T00:00:00,2026-07-30T00:00:00
CASH-DC9A07103EBE93,VAR-87F50C3BDECBF0|EG-012|STORE,MAP-F78FCCDB64CB8E78,VAR-87F50C3BDECBF0,EG-012,,,EGP,,,,,,,,,,,القاهرة,,,,,,,True,,HTML/JSON-LD,https://www.games2egypt.com/Product/43277/pokemon-legends-z-a-nintendo-switch-2,,,لم يُرصد,بانتظار أول رصد سعر,0,,,True,جاهز لأول رصد,,2026-07-30T00:00:00,2026-07-30T00:00:00
CASH-DA81EB43EA6EC6,VAR-23475D593F03C7|EG-012|STORE,MAP-81533218203C628F,VAR-23475D593F03C7,EG-012,,,EGP,,,,,,,,,,,القاهرة,,,,,,,True,,HTML/JSON-LD,https://www.games2egypt.com/Product/45567/pokemon-pokopia-nintendo-switch-2,,,لم يُرصد,بانتظار أول رصد سعر,0,,,True,جاهز لأول رصد,,2026-07-30T00:00:00,2026-07-30T00:00:00
CASH-58573DA1004609,VAR-6A5660A4BEA746|EG-012|STORE,MAP-00C036D36AB59AF9,VAR-6A5660A4BEA746,EG-012,,,EGP,,,,,,,,,,,القاهرة,,,,,,,True,,HTML/JSON-LD,https://www.games2egypt.com/Product/25187/gta-v-grand-theft-auto-v-xbox-series-x,,,لم يُرصد,بانتظار أول رصد سعر,0,,,True,جاهز لأول رصد,,2026-07-30T00:00:00,2026-07-30T00:00:00
CASH-F51AE51D186E06,VAR-915A7B8D891844|EG-012|STORE,MAP-24A360E36965E7C4,VAR-915A7B8D891844,EG-012,,,EGP,,,,,,,,,,,القاهرة,,,,,,,True,,HTML/JSON-LD,https://www.games2egypt.com/Product/44383/nioh-3-ps5,,,لم يُرصد,بانتظار أول رصد سعر,0,,,True,جاهز لأول رصد,,2026-07-30T00:00:00,2026-07-30T00:00:00
CASH-3326C2189395F1,VAR-63A296C949EE2D|EG-012|STORE,MAP-2C8478353604B51F,VAR-63A296C949EE2D,EG-012,,,EGP,,,,,,,,,,,القاهرة,,,,,,,True,,HTML/JSON-LD,https://www.games2egypt.com/Product/46088/directive-8020-deluxe-edition-ps5,,,لم يُرصد,بانتظار أول رصد سعر,0,,,True,جاهز لأول رصد,,2026-07-30T00:00:00,2026-07-30T00:00:00
CASH-CC8194E83B08ED,VAR-BAA233998A2A54|EG-012|STORE,MAP-4B5B6FE8C4CE0A84,VAR-BAA233998A2A54,EG-012,,,EGP,,,,,,,,,,,القاهرة,,,,,,,True,,HTML/JSON-LD,https://www.games2egypt.com/Product/44890/hello-neighbor-2-deluxe-edition-ps5,,,لم يُرصد,بانتظار أول رصد سعر,0,,,True,جاهز لأول رصد,,2026-07-30T00:00:00,2026-07-30T00:00:00
CASH-8CDC3B35F6A3CF,VAR-4BCF462A7B0C21|EG-012|STORE,MAP-7177F1DF1462F8BE,VAR-4BCF462A7B0C21,EG-012,,,EGP,,,,,,,,,,,القاهرة,,,,,,,True,,HTML/JSON-LD,https://www.games2egypt.com/Product/46237/assassins-creed-black-flag-resynced-launch-edition-ps5,,,لم يُرصد,بانتظار أول رصد سعر,0,,,True,جاهز لأول رصد,,2026-07-30T00:00:00,2026-07-30T00:00:00
CASH-ED83900C2B7D47,VAR-478987525779B3|EG-013|STORE,MAP-080285A4B96EAD65,VAR-478987525779B3,EG-013,,,EGP,,,,,,,,,,,القاهرة,,,,,,,True,,اكتشاف من صفحة فئة,https://btech.com/en/c/gaming-area/gaming-accessories/gaming-headphones,,,لم يُرصد,بانتظار أول رصد سعر,0,,,True,يحتاج اكتشاف رابط المنتج,,2026-07-30T00:00:00,2026-07-30T00:00:00
CASH-3D4696E009AF23,VAR-E0544E4806D258|EG-013|STORE,MAP-F5D889FA773843FB,VAR-E0544E4806D258,EG-013,,,EGP,,,,,,,,,,,القاهرة,,,,,,,True,,اكتشاف من صفحة فئة,https://btech.com/en/c/gaming-area/gaming-accessories/gaming-headphones,,,لم يُرصد,بانتظار أول رصد سعر,0,,,True,يحتاج اكتشاف رابط المنتج,,2026-07-30T00:00:00,2026-07-30T00:00:00
CASH-6BE7588B6E4418,VAR-C679611DE42D48|EG-013|STORE,MAP-BA25EFC1A9D7BCA4,VAR-C679611DE42D48,EG-013,,,EGP,,,,,,,,,,,القاهرة,,,,,,,True,,اكتشاف من صفحة فئة,https://btech.com/en/c/gaming-area/gaming-accessories/gaming-headphones,,,لم يُرصد,بانتظار أول رصد سعر,0,,,True,يحتاج اكتشاف رابط المنتج,,2026-07-30T00:00:00,2026-07-30T00:00:00
CASH-C31012EA192EF7,VAR-243D152DCFA8EE|EG-013|STORE,MAP-28046C878473BB21,VAR-243D152DCFA8EE,EG-013,,,EGP,,,,,,,,,,,القاهرة,,,,,,,True,,اكتشاف من صفحة فئة,https://btech.com/en/c/gaming-area/gaming-accessories/gaming-headphones,,,لم يُرصد,بانتظار أول رصد سعر,0,,,True,يحتاج اكتشاف رابط المنتج,,2026-07-30T00:00:00,2026-07-30T00:00:00
CASH-25A8986C0E7B9E,VAR-16DFD4E32A5928|EG-013|STORE,MAP-F6A8A1566BF9E450,VAR-16DFD4E32A5928,EG-013,,,EGP,,,,,,,,,,,القاهرة,,,,,,,True,,اكتشاف من صفحة فئة,https://btech.com/en/c/gaming-area/gaming-accessories/gaming-headphones,,,لم يُرصد,بانتظار أول رصد سعر,0,,,True,يحتاج اكتشاف رابط المنتج,,2026-07-30T00:00:00,2026-07-30T00:00:00
CASH-8654648B3D4EC2,VAR-3CF8ADD298A070|EG-013|STORE,MAP-40636903A79DE18E,VAR-3CF8ADD298A070,EG-013,,,EGP,,,,,,,,,,,القاهرة,,,,,,,True,,اكتشاف من صفحة فئة,https://btech.com/en/c/gaming-area/gaming-accessories/gaming-headphones,,,لم يُرصد,بانتظار أول رصد سعر,0,,,True,يحتاج اكتشاف رابط المنتج,,2026-07-30T00:00:00,2026-07-30T00:00:00
CASH-FBA05DDB41CF28,VAR-14B6F20A1FCC78|EG-013|STORE,MAP-B7F21FCCD66B41B6,VAR-14B6F20A1FCC78,EG-013,,,EGP,,,,,,,,,,,القاهرة,,,,,,,True,,اكتشاف من صفحة فئة,https://btech.com/en/c/gaming-area/gaming-accessories/gaming-headphones,,,لم يُرصد,بانتظار أول رصد سعر,0,,,True,يحتاج اكتشاف رابط المنتج,,2026-07-30T00:00:00,2026-07-30T00:00:00
CASH-FFADD35087686D,VAR-C5850DDC052E65|EG-013|STORE,MAP-CED60272E23C9FE0,VAR-C5850DDC052E65,EG-013,,,EGP,,,,,,,,,,,القاهرة,,,,,,,True,,اكتشاف من صفحة فئة,https://btech.com/en/c/gaming-area/gaming-accessories/gaming-headphones,,,لم يُرصد,بانتظار أول رصد سعر,0,,,True,يحتاج اكتشاف رابط المنتج,,2026-07-30T00:00:00,2026-07-30T00:00:00
CASH-C94B9A88298E6E,VAR-B26E55AC395C45|EG-013|STORE,MAP-12BA58AA89F29A4B,VAR-B26E55AC395C45,EG-013,,,EGP,,,,,,,,,,,القاهرة,,,,,,,True,,اكتشاف من صفحة فئة,https://btech.com/en/c/gaming-area/gaming-accessories/gaming-headphones,,,لم يُرصد,بانتظار أول رصد سعر,0,,,True,يحتاج اكتشاف رابط المنتج,,2026-07-30T00:00:00,2026-07-30T00:00:00
CASH-2CE83E1C957C7F,VAR-0C564DC7CB64BE|EG-013|STORE,MAP-0D8D90B52D3E394D,VAR-0C564DC7CB64BE,EG-013,,,EGP,,,,,,,,,,,القاهرة,,,,,,,True,,اكتشاف من صفحة فئة,https://btech.com/en/c/gaming-area/gaming-accessories/gaming-headphones,,,لم يُرصد,بانتظار أول رصد سعر,0,,,True,يحتاج اكتشاف رابط المنتج,,2026-07-30T00:00:00,2026-07-30T00:00:00
CASH-046AA982F815D9,VAR-5608DA91EBC08F|EG-013|STORE,MAP-F25F868E75B3D362,VAR-5608DA91EBC08F,EG-013,,,EGP,,,,,,,,,,,القاهرة,,,,,,,True,,اكتشاف من صفحة فئة,https://btech.com/en/c/gaming-area/gaming-accessories/gaming-headphones,,,لم يُرصد,بانتظار أول رصد سعر,0,,,True,يحتاج اكتشاف رابط المنتج,,2026-07-30T00:00:00,2026-07-30T00:00:00
CASH-FA7AC50317EBB9,VAR-5E06C9C8FA2526|EG-013|STORE,MAP-11227408C6D577E4,VAR-5E06C9C8FA2526,EG-013,,,EGP,,,,,,,,,,,القاهرة,,,,,,,True,,اكتشاف من صفحة فئة,https://btech.com/en/c/gaming-area/gaming-accessories/gaming-headphones,,,لم يُرصد,بانتظار أول رصد سعر,0,,,True,يحتاج اكتشاف رابط المنتج,,2026-07-30T00:00:00,2026-07-30T00:00:00
CASH-15F2B367DE23EA,VAR-885C37ABE6E2E7|EG-013|STORE,MAP-F613BB3511746D25,VAR-885C37ABE6E2E7,EG-013,,,EGP,,,,,,,,,,,القاهرة,,,,,,,True,,اكتشاف من صفحة فئة,https://btech.com/en/c/gaming-area/gaming-accessories/gaming-headphones,,,لم يُرصد,بانتظار أول رصد سعر,0,,,True,يحتاج اكتشاف رابط المنتج,,2026-07-30T00:00:00,2026-07-30T00:00:00
CASH-01C0E936858E56,VAR-FD6566DBB3DC4C|EG-013|STORE,MAP-90B7CB30A7D1E313,VAR-FD6566DBB3DC4C,EG-013,,,EGP,,,,,,,,,,,القاهرة,,,,,,,True,,اكتشاف من صفحة فئة,https://btech.com/en/c/gaming-area/gaming-accessories/gaming-headphones,,,لم يُرصد,بانتظار أول رصد سعر,0,,,True,يحتاج اكتشاف رابط المنتج,,2026-07-30T00:00:00,2026-07-30T00:00:00
CASH-32E94A0DE7F21C,VAR-118C8B0E1E3CCC|EG-012|STORE,MAP-2C10801EC8B06A2A,VAR-118C8B0E1E3CCC,EG-012,,,EGP,,,,,,,,,,,القاهرة,,,,,,,True,,HTML/JSON-LD,https://www.games2egypt.com/Product/44873/onikuma-gt806-rgb-tri-mode-wireless-gaming-headset-black,,,لم يُرصد,بانتظار أول رصد سعر,0,,,True,جاهز لأول رصد,,2026-07-30T00:00:00,2026-07-30T00:00:00
CASH-A5FEBAF0A2429A,VAR-4505F754416CD4|EG-013|STORE,MAP-E7ABE5097BB66016,VAR-4505F754416CD4,EG-013,,,EGP,,,,,,,,,,,القاهرة,,,,,,,True,,اكتشاف من صفحة فئة,https://btech.com/en/c/gaming-area/gaming-accessories/gaming-headphones,,,لم يُرصد,بانتظار أول رصد سعر,0,,,True,يحتاج اكتشاف رابط المنتج,,2026-07-30T00:00:00,2026-07-30T00:00:00
CASH-445905D03DFC6A,VAR-FFAA99614DCBE5|EG-013|STORE,MAP-5DDEDBF5FBF44F81,VAR-FFAA99614DCBE5,EG-013,,,EGP,,,,,,,,,,,القاهرة,,,,,,,True,,اكتشاف من صفحة فئة,https://btech.com/en/c/gaming-area/gaming-accessories/gaming-headphones,,,لم يُرصد,بانتظار أول رصد سعر,0,,,True,يحتاج اكتشاف رابط المنتج,,2026-07-30T00:00:00,2026-07-30T00:00:00
CASH-10AE7F1C75BA4E,VAR-24891C5CB50BC9|EG-013|STORE,MAP-BB461141859EB574,VAR-24891C5CB50BC9,EG-013,,,EGP,,,,,,,,,,,القاهرة,,,,,,,True,,اكتشاف من صفحة فئة,https://btech.com/en/c/gaming-area/gaming-accessories/gaming-headphones,,,لم يُرصد,بانتظار أول رصد سعر,0,,,True,يحتاج اكتشاف رابط المنتج,,2026-07-30T00:00:00,2026-07-30T00:00:00
CASH-17D9B474B28934,VAR-4B0AF624BCD572|EG-013|STORE,MAP-580978C0AFFC30D1,VAR-4B0AF624BCD572,EG-013,,,EGP,,,,,,,,,,,القاهرة,,,,,,,True,,اكتشاف من صفحة فئة,https://btech.com/en/c/gaming-area/gaming-accessories/gaming-headphones,,,لم يُرصد,بانتظار أول رصد سعر,0,,,True,يحتاج اكتشاف رابط المنتج,,2026-07-30T00:00:00,2026-07-30T00:00:00
CASH-4F3D92209BAC1B,VAR-B3D2054B775F52|EG-013|STORE,MAP-C4B3A8CF04E925C1,VAR-B3D2054B775F52,EG-013,,,EGP,,,,,,,,,,,القاهرة,,,,,,,True,,اكتشاف من صفحة فئة,https://btech.com/en/c/gaming-area/gaming-accessories/gaming-headphones,,,لم يُرصد,بانتظار أول رصد سعر,0,,,True,يحتاج اكتشاف رابط المنتج,,2026-07-30T00:00:00,2026-07-30T00:00:00
CASH-D7ABDF9E492F88,VAR-77ADFB971236E1|EG-013|STORE,MAP-7FC61338A7D304A4,VAR-77ADFB971236E1,EG-013,,,EGP,,,,,,,,,,,القاهرة,,,,,,,True,,اكتشاف من صفحة فئة,https://btech.com/en/c/gaming-area/gaming-accessories/gaming-headphones,,,لم يُرصد,بانتظار أول رصد سعر,0,,,True,يحتاج اكتشاف رابط المنتج,,2026-07-30T00:00:00,2026-07-30T00:00:00
CASH-2069602A5BF013,VAR-96DAC319116C9E|EG-013|STORE,MAP-1A830119BE170982,VAR-96DAC319116C9E,EG-013,,,EGP,,,,,,,,,,,القاهرة,,,,,,,True,,اكتشاف من صفحة فئة,https://btech.com/en/c/gaming-area/gaming-accessories/gaming-mouses,,,لم يُرصد,بانتظار أول رصد سعر,0,,,True,يحتاج اكتشاف رابط المنتج,,2026-07-30T00:00:00,2026-07-30T00:00:00
CASH-3351B896F4AB85,VAR-E04F3554079084|EG-013|STORE,MAP-6ED70511312D95AB,VAR-E04F3554079084,EG-013,,,EGP,,,,,,,,,,,القاهرة,,,,,,,True,,اكتشاف من صفحة فئة,https://btech.com/en/c/gaming-area/gaming-accessories/gaming-mouses,,,لم يُرصد,بانتظار أول رصد سعر,0,,,True,يحتاج اكتشاف رابط المنتج,,2026-07-30T00:00:00,2026-07-30T00:00:00
CASH-1A24620699052D,VAR-03ECE2C7AB9C38|EG-013|STORE,MAP-685F6EB66B252493,VAR-03ECE2C7AB9C38,EG-013,,,EGP,,,,,,,,,,,القاهرة,,,,,,,True,,اكتشاف من صفحة فئة,https://btech.com/en/c/gaming-area/gaming-accessories/gaming-mouses,,,لم يُرصد,بانتظار أول رصد سعر,0,,,True,يحتاج اكتشاف رابط المنتج,,2026-07-30T00:00:00,2026-07-30T00:00:00
CASH-7A50F650F97685,VAR-7A9D0E8EEE529B|EG-013|STORE,MAP-4703209BC498F138,VAR-7A9D0E8EEE529B,EG-013,,,EGP,,,,,,,,,,,القاهرة,,,,,,,True,,اكتشاف من صفحة فئة,https://btech.com/en/c/gaming-area/gaming-accessories/gaming-mouses,,,لم يُرصد,بانتظار أول رصد سعر,0,,,True,يحتاج اكتشاف رابط المنتج,,2026-07-30T00:00:00,2026-07-30T00:00:00
CASH-4B0149B6CDA3A5,VAR-5FBB42BF9BE606|EG-013|STORE,MAP-6A8126F843D7AED6,VAR-5FBB42BF9BE606,EG-013,,,EGP,,,,,,,,,,,القاهرة,,,,,,,True,,اكتشاف من صفحة فئة,https://btech.com/en/c/gaming-area/gaming-accessories/gaming-mouses,,,لم يُرصد,بانتظار أول رصد سعر,0,,,True,يحتاج اكتشاف رابط المنتج,,2026-07-30T00:00:00,2026-07-30T00:00:00
CASH-E98FDCC87F7BA5,VAR-21D2EB992B587F|EG-013|STORE,MAP-1EA5093D5E69068E,VAR-21D2EB992B587F,EG-013,,,EGP,,,,,,,,,,,القاهرة,,,,,,,True,,اكتشاف من صفحة فئة,https://btech.com/en/c/gaming-area/gaming-accessories/gaming-mouses,,,لم يُرصد,بانتظار أول رصد سعر,0,,,True,يحتاج اكتشاف رابط المنتج,,2026-07-30T00:00:00,2026-07-30T00:00:00
CASH-83238E5379300A,VAR-47F3DE05BA59A1|EG-013|STORE,MAP-ED395ABFFB2F267C,VAR-47F3DE05BA59A1,EG-013,,,EGP,,,,,,,,,,,القاهرة,,,,,,,True,,اكتشاف من صفحة فئة,https://btech.com/en/c/gaming-area/gaming-accessories/gaming-mouses,,,لم يُرصد,بانتظار أول رصد سعر,0,,,True,يحتاج اكتشاف رابط المنتج,,2026-07-30T00:00:00,2026-07-30T00:00:00
CASH-74047DAEA7F191,VAR-73AF7CF4B548D5|EG-013|STORE,MAP-519C65554377903C,VAR-73AF7CF4B548D5,EG-013,,,EGP,,,,,,,,,,,القاهرة,,,,,,,True,,اكتشاف من صفحة فئة,https://btech.com/en/c/gaming-area/gaming-accessories/gaming-mouses,,,لم يُرصد,بانتظار أول رصد سعر,0,,,True,يحتاج اكتشاف رابط المنتج,,2026-07-30T00:00:00,2026-07-30T00:00:00
CASH-1B73C5B6B57996,VAR-34856A67F6E9BB|EG-013|STORE,MAP-94875D9B5C70F33F,VAR-34856A67F6E9BB,EG-013,,,EGP,,,,,,,,,,,القاهرة,,,,,,,True,,اكتشاف من صفحة فئة,https://btech.com/en/c/gaming-area/gaming-accessories/gaming-mouses,,,لم يُرصد,بانتظار أول رصد سعر,0,,,True,يحتاج اكتشاف رابط المنتج,,2026-07-30T00:00:00,2026-07-30T00:00:00
CASH-71C8FF75E0BA01,VAR-3F01FF2C4F05C4|EG-013|STORE,MAP-ADF8F5E9803C4321,VAR-3F01FF2C4F05C4,EG-013,,,EGP,,,,,,,,,,,القاهرة,,,,,,,True,,اكتشاف من صفحة فئة,https://btech.com/en/c/gaming-area/gaming-accessories/gaming-mouses,,,لم يُرصد,بانتظار أول رصد سعر,0,,,True,يحتاج اكتشاف رابط المنتج,,2026-07-30T00:00:00,2026-07-30T00:00:00
CASH-B39AD38E2BB513,VAR-5DC6314F90E4F3|EG-013|STORE,MAP-C22ED69EC99944D1,VAR-5DC6314F90E4F3,EG-013,,,EGP,,,,,,,,,,,القاهرة,,,,,,,True,,اكتشاف من صفحة فئة,https://btech.com/en/c/gaming-area/gaming-accessories/gaming-mouses,,,لم يُرصد,بانتظار أول رصد سعر,0,,,True,يحتاج اكتشاف رابط المنتج,,2026-07-30T00:00:00,2026-07-30T00:00:00
CASH-CFED8F39D483F1,VAR-29CF25F1214FDD|EG-013|STORE,MAP-E3D5B92242CD9AA6,VAR-29CF25F1214FDD,EG-013,,,EGP,,,,,,,,,,,القاهرة,,,,,,,True,,اكتشاف من صفحة فئة,https://btech.com/en/c/gaming-area/gaming-accessories/gaming-mouses,,,لم يُرصد,بانتظار أول رصد سعر,0,,,True,يحتاج اكتشاف رابط المنتج,,2026-07-30T00:00:00,2026-07-30T00:00:00
CASH-BBED04ED389C5B,VAR-D92C1F237AF5BC|EG-013|STORE,MAP-2F3D6F1DC36E5DC4,VAR-D92C1F237AF5BC,EG-013,,,EGP,,,,,,,,,,,القاهرة,,,,,,,True,,اكتشاف من صفحة فئة,https://btech.com/en/c/gaming-area/gaming-accessories/gaming-mouses,,,لم يُرصد,بانتظار أول رصد سعر,0,,,True,يحتاج اكتشاف رابط المنتج,,2026-07-30T00:00:00,2026-07-30T00:00:00
CASH-9944FB9818C3F1,VAR-140E534735292C|EG-013|STORE,MAP-9565D2962A1DAB62,VAR-140E534735292C,EG-013,,,EGP,,,,,,,,,,,القاهرة,,,,,,,True,,اكتشاف من صفحة فئة,https://btech.com/en/c/gaming-area/gaming-accessories/gaming-mouses,,,لم يُرصد,بانتظار أول رصد سعر,0,,,True,يحتاج اكتشاف رابط المنتج,,2026-07-30T00:00:00,2026-07-30T00:00:00
CASH-3897F5C6FC28F5,VAR-38CEA45D7ADF01|EG-013|STORE,MAP-10892F70E27C797E,VAR-38CEA45D7ADF01,EG-013,,,EGP,,,,,,,,,,,القاهرة,,,,,,,True,,اكتشاف من صفحة فئة,https://btech.com/en/c/gaming-area/gaming-accessories/gaming-mouses,,,لم يُرصد,بانتظار أول رصد سعر,0,,,True,يحتاج اكتشاف رابط المنتج,,2026-07-30T00:00:00,2026-07-30T00:00:00
CASH-D25F1C4D15C631,VAR-FE81B4C9DE6439|EG-013|STORE,MAP-8BF44F4141033BBC,VAR-FE81B4C9DE6439,EG-013,,,EGP,,,,,,,,,,,القاهرة,,,,,,,True,,اكتشاف من صفحة فئة,https://btech.com/en/c/gaming-area/gaming-accessories/gaming-mouses,,,لم يُرصد,بانتظار أول رصد سعر,0,,,True,يحتاج اكتشاف رابط المنتج,,2026-07-30T00:00:00,2026-07-30T00:00:00
CASH-8937BB5276ABF9,VAR-AB660EE57868B3|EG-013|STORE,MAP-8473D2EB49A12DB0,VAR-AB660EE57868B3,EG-013,,,EGP,,,,,,,,,,,القاهرة,,,,,,,True,,اكتشاف من صفحة فئة,https://btech.com/en/c/gaming-area/gaming-accessories/gaming-mouses,,,لم يُرصد,بانتظار أول رصد سعر,0,,,True,يحتاج اكتشاف رابط المنتج,,2026-07-30T00:00:00,2026-07-30T00:00:00
CASH-72FE504318BAE4,VAR-F91991AFC289EA|EG-013|STORE,MAP-198794EACF930529,VAR-F91991AFC289EA,EG-013,,,EGP,,,,,,,,,,,القاهرة,,,,,,,True,,اكتشاف من صفحة فئة,https://btech.com/en/c/gaming-area/gaming-accessories/gaming-mouses,,,لم يُرصد,بانتظار أول رصد سعر,0,,,True,يحتاج اكتشاف رابط المنتج,,2026-07-30T00:00:00,2026-07-30T00:00:00
CASH-ABE00D48D6BA21,VAR-6CD58973E59E77|EG-013|STORE,MAP-E9749502B536B76A,VAR-6CD58973E59E77,EG-013,,,EGP,,,,,,,,,,,القاهرة,,,,,,,True,,اكتشاف من صفحة فئة,https://btech.com/en/c/gaming-area/gaming-accessories/gaming-mouses,,,لم يُرصد,بانتظار أول رصد سعر,0,,,True,يحتاج اكتشاف رابط المنتج,,2026-07-30T00:00:00,2026-07-30T00:00:00
CASH-940F469ACF9AC1,VAR-CC406C7C5F8E4F|EG-084|STORE,MAP-0246AA5F9C6109E6,VAR-CC406C7C5F8E4F,EG-084,,,EGP,,,,,,,,,,,القاهرة,,,,,,,True,,HTML/JSON-LD,https://shamystores.com/products/playstation-vr2-japan-version,,,لم يُرصد,بانتظار أول رصد سعر,0,,,True,جاهز لأول رصد,,2026-07-30T00:00:00,2026-07-30T00:00:00
CASH-5F6B2FE81D8F46,VAR-2EEE475E4B2B2D|EG-012|STORE,MAP-7AE2A6375F952B02,VAR-2EEE475E4B2B2D,EG-012,,,EGP,,,,,,,,,,,القاهرة,,,,,,,True,,HTML/JSON-LD,https://www.games2egypt.com/Product/35839/clementoni-marvel-avengers-glitter-puzzle-104pc,,,لم يُرصد,بانتظار أول رصد سعر,0,,,True,جاهز لأول رصد,,2026-07-30T00:00:00,2026-07-30T00:00:00
CASH-02C3942053F7C6,VAR-8BE555E1798663|EG-012|STORE,MAP-24B92BC57EDA4F91,VAR-8BE555E1798663,EG-012,,,EGP,,,,,,,,,,,القاهرة,,,,,,,True,,HTML/JSON-LD,https://www.games2egypt.com/Product/36050/trefl-10-in-1-harry-potter-puzzle-43-35-20,,,لم يُرصد,بانتظار أول رصد سعر,0,,,True,جاهز لأول رصد,,2026-07-30T00:00:00,2026-07-30T00:00:00
CASH-A6D53BFFBC5F73,VAR-CC34EC1444BD00|EG-012|STORE,MAP-FB7B8F5205177FE7,VAR-CC34EC1444BD00,EG-012,,,EGP,,,,,,,,,,,القاهرة,,,,,,,True,,HTML/JSON-LD,https://www.games2egypt.com/Product/36047/trefl-4-in-1-spider-man-puzzle-70-54-48-35,,,لم يُرصد,بانتظار أول رصد سعر,0,,,True,جاهز لأول رصد,,2026-07-30T00:00:00,2026-07-30T00:00:00
CASH-DBBF0C400AC98F,VAR-85624A38EB3CF0|EG-012|STORE,MAP-658240B9978AF3BD,VAR-85624A38EB3CF0,EG-012,,,EGP,,,,,,,,,,,القاهرة,,,,,,,True,,HTML/JSON-LD,https://www.games2egypt.com/Product/46312/panini-fifa-world-cup-2026-adrenalyn-xl-trading-card-premium-pack,,,لم يُرصد,بانتظار أول رصد سعر,0,,,True,جاهز لأول رصد,,2026-07-30T00:00:00,2026-07-30T00:00:00
CASH-F2EFB2CB07EA13,VAR-61ECCE62BDEAF5|EG-012|STORE,MAP-B4D64B8B189822D4,VAR-61ECCE62BDEAF5,EG-012,,,EGP,,,,,,,,,,,القاهرة,,,,,,,True,,HTML/JSON-LD,https://www.games2egypt.com/Product/39087/panini-lol-surprise-sticker-collection-single-pack,,,لم يُرصد,بانتظار أول رصد سعر,0,,,True,جاهز لأول رصد,,2026-07-30T00:00:00,2026-07-30T00:00:00
CASH-D2BB659D56E9A1,VAR-FBF202DB3E6349|EG-012|STORE,MAP-A48D281597540136,VAR-FBF202DB3E6349,EG-012,,,EGP,,,,,,,,,,,القاهرة,,,,,,,True,,HTML/JSON-LD,https://www.games2egypt.com/Product/46307/panini-fifa-world-cup-2026-adrenalyn-xl-trading-card-starter-pack,,,لم يُرصد,بانتظار أول رصد سعر,0,,,True,جاهز لأول رصد,,2026-07-30T00:00:00,2026-07-30T00:00:00
CASH-B614D42A8DBD99,VAR-E72057F69D4E00|EG-012|STORE,MAP-E5C9366CA833D318,VAR-E72057F69D4E00,EG-012,,,EGP,,,,,,,,,,,القاهرة,,,,,,,True,,HTML/JSON-LD,https://www.games2egypt.com/Product/36295/nilco-taco-2-card-game,,,لم يُرصد,بانتظار أول رصد سعر,0,,,True,جاهز لأول رصد,,2026-07-30T00:00:00,2026-07-30T00:00:00
CASH-D1DEA1208C3266,VAR-397E05A359BE2F|EG-012|STORE,MAP-8678FBA00CB175A7,VAR-397E05A359BE2F,EG-012,,,EGP,,,,,,,,,,,القاهرة,,,,,,,True,,HTML/JSON-LD,https://www.games2egypt.com/Product/41234/uno-playing-card-game,,,لم يُرصد,بانتظار أول رصد سعر,0,,,True,جاهز لأول رصد,,2026-07-30T00:00:00,2026-07-30T00:00:00
CASH-12A880EBC46526,VAR-6A61F4A7CF83C9|EG-172|STORE,MAP-360C4A546CBD9401,VAR-6A61F4A7CF83C9,EG-172,,,EGP,,,,,,,,,,,القاهرة,,,,,,,False,,HTML/JSON-LD,https://www.hobbycorneregypt.com/products/dran-sword,,,لم يُرصد,بانتظار أول رصد سعر,0,,,True,جاهز لأول رصد,,2026-07-30T00:00:00,2026-07-30T00:00:00
CASH-CAEB4FE1EC671B,VAR-8DE692759565B7|EG-172|STORE,MAP-EA70E34D86F7BBC6,VAR-8DE692759565B7,EG-172,,,EGP,,,,,,,,,,,القاهرة,,,,,,,False,,HTML/JSON-LD,https://www.hobbycorneregypt.com/products/dranbrave-s6,,,لم يُرصد,بانتظار أول رصد سعر,0,,,True,جاهز لأول رصد,,2026-07-30T00:00:00,2026-07-30T00:00:00
CASH-2B0BD807F89B5D,VAR-C80A6F77013EB9|EG-172|STORE,MAP-D991A2746842CE4B,VAR-C80A6F77013EB9,EG-172,,,EGP,,,,,,,,,,,القاهرة,,,,,,,False,,HTML/JSON-LD,https://www.hobbycorneregypt.com/products/dranbuster-starter-set,,,لم يُرصد,بانتظار أول رصد سعر,0,,,True,جاهز لأول رصد,,2026-07-30T00:00:00,2026-07-30T00:00:00
CASH-951C8702613DA4,VAR-B8951E779E6A0C|EG-172|STORE,MAP-2D482F3FC63EB84E,VAR-B8951E779E6A0C,EG-172,,,EGP,,,,,,,,,,,القاهرة,,,,,,,False,,HTML/JSON-LD,https://www.hobbycorneregypt.com/products/dranzerspiral-3-80t,,,لم يُرصد,بانتظار أول رصد سعر,0,,,True,جاهز لأول رصد,,2026-07-30T00:00:00,2026-07-30T00:00:00
CASH-DA357965EE61D6,VAR-20DB8679DE1AF7|EG-172|STORE,MAP-B433949AE661662D,VAR-20DB8679DE1AF7,EG-172,,,EGP,,,,,,,,,,,القاهرة,,,,,,,False,,HTML/JSON-LD,https://www.hobbycorneregypt.com/products/scythe-incendio-starter-pack-top-and-launcher,,,لم يُرصد,بانتظار أول رصد سعر,0,,,True,جاهز لأول رصد,,2026-07-30T00:00:00,2026-07-30T00:00:00
CASH-DA10EBB1D06E14,VAR-E3F68B654DEC46|EG-172|STORE,MAP-85256DF03498191E,VAR-E3F68B654DEC46,EG-172,,,EGP,,,,,,,,,,,القاهرة,,,,,,,False,,HTML/JSON-LD,https://www.hobbycorneregypt.com/products/arrow-mysterious-starter-pack-top-and-launcher,,,لم يُرصد,بانتظار أول رصد سعر,0,,,True,جاهز لأول رصد,,2026-07-30T00:00:00,2026-07-30T00:00:00
CASH-FA509CC713A0E6,VAR-CB9D825B8A2FAE|EG-172|STORE,MAP-A2DD944C2A643903,VAR-CB9D825B8A2FAE,EG-172,,,EGP,,,,,,,,,,,القاهرة,,,,,,,False,,HTML/JSON-LD,https://www.hobbycorneregypt.com/products/random-booster-whalewave-select,,,لم يُرصد,بانتظار أول رصد سعر,0,,,True,جاهز لأول رصد,,2026-07-30T00:00:00,2026-07-30T00:00:00
CASH-93F3E647299EF5,VAR-9DFA63728F761B|EG-172|STORE,MAP-B9A198D9214A2318,VAR-9DFA63728F761B,EG-172,,,EGP,,,,,,,,,,,القاهرة,,,,,,,False,,HTML/JSON-LD,https://www.hobbycorneregypt.com/products/wizard-arc,,,لم يُرصد,بانتظار أول رصد سعر,0,,,True,جاهز لأول رصد,,2026-07-30T00:00:00,2026-07-30T00:00:00
CASH-DA4FBFCCD4EC4F,VAR-0E76538B90FB29|EG-012|STORE,MAP-23C026B2D3E66454,VAR-0E76538B90FB29,EG-012,,,EGP,,,,,,,,,,,القاهرة,,,,,,,True,,HTML/JSON-LD,https://www.games2egypt.com/Product/46416/mohamed-salah-world-cup-2026-liverpool-no-11-action-figure,,,لم يُرصد,بانتظار أول رصد سعر,0,,,True,جاهز لأول رصد,,2026-07-30T00:00:00,2026-07-30T00:00:00
CASH-28450A621F5899,VAR-F85EC76646D2BA|EG-012|STORE,MAP-75724DCEDE700A96,VAR-F85EC76646D2BA,EG-012,,,EGP,,,,,,,,,,,القاهرة,,,,,,,True,,HTML/JSON-LD,https://www.games2egypt.com/Product/35154/funko-pop-animation-demon-slayer-7th-form-inosuke-hashibira-exc,,,لم يُرصد,بانتظار أول رصد سعر,0,,,True,جاهز لأول رصد,,2026-07-30T00:00:00,2026-07-30T00:00:00
CASH-2D03CB294B33FB,VAR-5D7BDA7E70EBE7|EG-012|STORE,MAP-472F6E32CFA79BE7,VAR-5D7BDA7E70EBE7,EG-012,,,EGP,,,,,,,,,,,القاهرة,,,,,,,True,,HTML/JSON-LD,https://www.games2egypt.com/Product/35125/funko-pop-heroes-shazam-eugene,,,لم يُرصد,بانتظار أول رصد سعر,0,,,True,جاهز لأول رصد,,2026-07-30T00:00:00,2026-07-30T00:00:00
CASH-B70F94436A5EF3,VAR-EE4B80D8B8A73B|EG-012|STORE,MAP-29C9388D65B4F6B2,VAR-EE4B80D8B8A73B,EG-012,,,EGP,,,,,,,,,,,القاهرة,,,,,,,True,,HTML/JSON-LD,https://www.games2egypt.com/Product/29176/funko-pop-attack-on-titan-hange,,,لم يُرصد,بانتظار أول رصد سعر,0,,,True,جاهز لأول رصد,,2026-07-30T00:00:00,2026-07-30T00:00:00
CASH-40A4DD7E2CC43E,VAR-3AEAB36026F857|EG-012|STORE,MAP-3174351A78DB4405,VAR-3AEAB36026F857,EG-012,,,EGP,,,,,,,,,,,القاهرة,,,,,,,True,,HTML/JSON-LD,https://www.games2egypt.com/Product/36747/funko-pop-anime-avatar-the-last-airbender-king-bumi-exc,,,لم يُرصد,بانتظار أول رصد سعر,0,,,True,جاهز لأول رصد,,2026-07-30T00:00:00,2026-07-30T00:00:00
CASH-DA66A13433E262,VAR-A54ECFF05C250F|EG-012|STORE,MAP-A26BE8E17E290608,VAR-A54ECFF05C250F,EG-012,,,EGP,,,,,,,,,,,القاهرة,,,,,,,True,,HTML/JSON-LD,https://www.games2egypt.com/Product/42254/funko-pop-league-of-legends-lucian,,,لم يُرصد,بانتظار أول رصد سعر,0,,,True,جاهز لأول رصد,,2026-07-30T00:00:00,2026-07-30T00:00:00
CASH-26B71F6D75A9E0,VAR-C24B526FEE6983|EG-012|STORE,MAP-C832B07C9343E3C7,VAR-C24B526FEE6983,EG-012,,,EGP,,,,,,,,,,,القاهرة,,,,,,,True,,HTML/JSON-LD,https://www.games2egypt.com/Product/27716/funko-pop-squid-game-masked-worker-1226,,,لم يُرصد,بانتظار أول رصد سعر,0,,,True,جاهز لأول رصد,,2026-07-30T00:00:00,2026-07-30T00:00:00
CASH-86623E471DBC44,VAR-3A8459A77D6081|EG-012|STORE,MAP-E08A180B103D2215,VAR-3A8459A77D6081,EG-012,,,EGP,,,,,,,,,,,القاهرة,,,,,,,True,,HTML/JSON-LD,https://www.games2egypt.com/Product/31327/funko-pop-the-boys-queen-maeve,,,لم يُرصد,بانتظار أول رصد سعر,0,,,True,جاهز لأول رصد,,2026-07-30T00:00:00,2026-07-30T00:00:00
CASH-BDB6401163276D,VAR-F7E95EE63C2CD3|EG-012|STORE,MAP-40DAB27EFA9ACA5A,VAR-F7E95EE63C2CD3,EG-012,,,EGP,,,,,,,,,,,القاهرة,,,,,,,True,,HTML/JSON-LD,https://www.games2egypt.com/Product/43508/funko-pop-disney-russell-1479,,,لم يُرصد,بانتظار أول رصد سعر,0,,,True,جاهز لأول رصد,,2026-07-30T00:00:00,2026-07-30T00:00:00
CASH-308CCFE056B083,VAR-E9E5E339B564B2|EG-012|STORE,MAP-3A4CA322CC189E5B,VAR-E9E5E339B564B2,EG-012,,,EGP,,,,,,,,,,,القاهرة,,,,,,,True,,HTML/JSON-LD,https://www.games2egypt.com/Product/35093/funko-pop-marvel-infinity-warps-soldier-supreme,,,لم يُرصد,بانتظار أول رصد سعر,0,,,True,جاهز لأول رصد,,2026-07-30T00:00:00,2026-07-30T00:00:00
CASH-18B8C69AFD5A64,VAR-51D878D2CCC5AD|EG-012|STORE,MAP-ABDF8DB4362D26D3,VAR-51D878D2CCC5AD,EG-012,,,EGP,,,,,,,,,,,القاهرة,,,,,,,True,,HTML/JSON-LD,https://www.games2egypt.com/Product/42256/funko-pop-league-of-legends-viego,,,لم يُرصد,بانتظار أول رصد سعر,0,,,True,جاهز لأول رصد,,2026-07-30T00:00:00,2026-07-30T00:00:00
CASH-783C041B77A43B,VAR-75AF24A1FFECAE|EG-012|STORE,MAP-445FC57867D06E49,VAR-75AF24A1FFECAE,EG-012,,,EGP,,,,,,,,,,,القاهرة,,,,,,,True,,HTML/JSON-LD,https://www.games2egypt.com/Product/38834/marvel-legends-bruce-banner-avengers-infinity-war-action-figure,,,لم يُرصد,بانتظار أول رصد سعر,0,,,True,جاهز لأول رصد,,2026-07-30T00:00:00,2026-07-30T00:00:00
CASH-2B63947DA269BE,VAR-F99473E2E7A7DC|EG-012|STORE,MAP-B523832D24A3175E,VAR-F99473E2E7A7DC,EG-012,,,EGP,,,,,,,,,,,القاهرة,,,,,,,True,,HTML/JSON-LD,https://www.games2egypt.com/Product/38831/marvel-legends-jean-grey-x-men-97-action-figure,,,لم يُرصد,بانتظار أول رصد سعر,0,,,True,جاهز لأول رصد,,2026-07-30T00:00:00,2026-07-30T00:00:00
CASH-4866C7258F3963,VAR-E2CABE8BC1A9F7|EG-012|STORE,MAP-92D45D1F94E0FA86,VAR-E2CABE8BC1A9F7,EG-012,,,EGP,,,,,,,,,,,القاهرة,,,,,,,True,,HTML/JSON-LD,https://www.games2egypt.com/Product/38835/marvel-legends-spider-man-captain-america-civil-war-action-figure,,,لم يُرصد,بانتظار أول رصد سعر,0,,,True,جاهز لأول رصد,,2026-07-30T00:00:00,2026-07-30T00:00:00
CASH-FEB99D05AED5C0,VAR-2315D8CEF80370|EG-012|STORE,MAP-E2EADC0B79EED1B7,VAR-2315D8CEF80370,EG-012,,,EGP,,,,,,,,,,,القاهرة,,,,,,,True,,HTML/JSON-LD,https://www.games2egypt.com/Product/38801/marvel-legends-wolverine-action-figure,,,لم يُرصد,بانتظار أول رصد سعر,0,,,True,جاهز لأول رصد,,2026-07-30T00:00:00,2026-07-30T00:00:00
CASH-C073EF799F163C,VAR-191BFC7ED402DD|EG-012|STORE,MAP-9D9DE376D3308B82,VAR-191BFC7ED402DD,EG-012,,,EGP,,,,,,,,,,,القاهرة,,,,,,,True,,HTML/JSON-LD,https://www.games2egypt.com/Product/32206/mcfarlane-toys-dc-multiverse-superman-action-figure-15-cm,,,لم يُرصد,بانتظار أول رصد سعر,0,,,True,جاهز لأول رصد,,2026-07-30T00:00:00,2026-07-30T00:00:00
CASH-243E4A4E4B5DE6,VAR-B6E6C9ADECAE0B|EG-012|STORE,MAP-1CCCC7F953807BCE,VAR-B6E6C9ADECAE0B,EG-012,,,EGP,,,,,,,,,,,القاهرة,,,,,,,True,,HTML/JSON-LD,https://www.games2egypt.com/Product/40106/dc-multiverse-the-riddler-batman-forever-action-figure,,,لم يُرصد,بانتظار أول رصد سعر,0,,,True,جاهز لأول رصد,,2026-07-30T00:00:00,2026-07-30T00:00:00
CASH-0371A9E5B99BB8,VAR-9C1338662CE9DC|EG-012|STORE,MAP-F8E7082BDE161165,VAR-9C1338662CE9DC,EG-012,,,EGP,,,,,,,,,,,القاهرة,,,,,,,True,,HTML/JSON-LD,https://www.games2egypt.com/Product/27682/lego-monkie-kid%E2%80%99s-staff-creations-309-pieces-80030,,,لم يُرصد,بانتظار أول رصد سعر,0,,,True,جاهز لأول رصد,,2026-07-30T00:00:00,2026-07-30T00:00:00
CASH-AFABEC86FACA52,VAR-8A900CC3C0111A|EG-012|STORE,MAP-A27E8954FC846658,VAR-8A900CC3C0111A,EG-012,,,EGP,,,,,,,,,,,القاهرة,,,,,,,True,,HTML/JSON-LD,https://www.games2egypt.com/Product/27679/lego-ninjago-ninja-action-toy-building-kit-140-pieces-71760,,,لم يُرصد,بانتظار أول رصد سعر,0,,,True,جاهز لأول رصد,,2026-07-30T00:00:00,2026-07-30T00:00:00
CASH-A5C8BBB1E5A8EB,VAR-E307ACD3C15434|EG-012|STORE,MAP-FA41DF270E3A54D0,VAR-E307ACD3C15434,EG-012,,,EGP,,,,,,,,,,,القاهرة,,,,,,,True,,HTML/JSON-LD,https://www.games2egypt.com/Product/27675/lego-marvel-spider-man-vs-mysterio%E2%80%99s-drone-attack-building-kit-73-pieces,,,لم يُرصد,بانتظار أول رصد سعر,0,,,True,جاهز لأول رصد,,2026-07-30T00:00:00,2026-07-30T00:00:00
CASH-992BD61DD21BB8,VAR-FDB05AAAEE54E4|EG-012|STORE,MAP-4CE2B7B8031A9CBC,VAR-FDB05AAAEE54E4,EG-012,,,EGP,,,,,,,,,,,القاهرة,,,,,,,True,,HTML/JSON-LD,https://www.games2egypt.com/Product/27670/lego-minecraft-the-coral-reef-hands-on-minecraft-marine-toy-92-pieces-21164,,,لم يُرصد,بانتظار أول رصد سعر,0,,,True,جاهز لأول رصد,,2026-07-30T00:00:00,2026-07-30T00:00:00
CASH-44B0F4A75CC6E5,VAR-8715E6448474AA|EG-012|STORE,MAP-3CEDC9285A1DAFEC,VAR-8715E6448474AA,EG-012,,,EGP,,,,,,,,,,,القاهرة,,,,,,,True,,HTML/JSON-LD,https://www.games2egypt.com/Product/27641/lego-shooting-star-wars-the-mandalorian-gunship-98-pieces-75321,,,لم يُرصد,بانتظار أول رصد سعر,0,,,True,جاهز لأول رصد,,2026-07-30T00:00:00,2026-07-30T00:00:00
CASH-8FC4ECAFD8ED3C,VAR-7979D50C19229C|EG-012|STORE,MAP-A484A17F70BCFF19,VAR-7979D50C19229C,EG-012,,,EGP,,,,,,,,,,,القاهرة,,,,,,,True,,HTML/JSON-LD,https://www.games2egypt.com/Product/27673/lego-ninjago-zane%E2%80%99s-ninja-action-toy-building-kit-95-pieces-71761,,,لم يُرصد,بانتظار أول رصد سعر,0,,,True,جاهز لأول رصد,,2026-07-30T00:00:00,2026-07-30T00:00:00
CASH-9B968A71D4625B,VAR-95F76546183A9A|EG-172|STORE,MAP-497412DC322C090F,VAR-95F76546183A9A,EG-172,,,EGP,,,,,,,,,,,القاهرة,,,,,,,False,,HTML/JSON-LD,https://www.hobbycorneregypt.com/products/1-100-fm-forbidden-gundam,,,لم يُرصد,بانتظار أول رصد سعر,0,,,True,جاهز لأول رصد,,2026-07-30T00:00:00,2026-07-30T00:00:00
CASH-89401537C49C08,VAR-0A46AAFE52F4B3|EG-172|STORE,MAP-C874A24E00B79913,VAR-0A46AAFE52F4B3,EG-172,,,EGP,,,,,,,,,,,القاهرة,,,,,,,False,,HTML/JSON-LD,https://www.hobbycorneregypt.com/products/1-144-hgce-force-impulse,,,لم يُرصد,بانتظار أول رصد سعر,0,,,True,جاهز لأول رصد,,2026-07-30T00:00:00,2026-07-30T00:00:00
CASH-49326EDA01E06F,VAR-911083AFDA2CB0|EG-172|STORE,MAP-275F797F62BBF82E,VAR-911083AFDA2CB0,EG-172,,,EGP,,,,,,,,,,,القاهرة,,,,,,,False,,HTML/JSON-LD,https://www.hobbycorneregypt.com/products/mgsd-freedom,,,لم يُرصد,بانتظار أول رصد سعر,0,,,True,جاهز لأول رصد,,2026-07-30T00:00:00,2026-07-30T00:00:00
CASH-8ED9B5EF60B827,VAR-D1D203052B5004|EG-172|STORE,MAP-F0EDB64082DB00E7,VAR-D1D203052B5004,EG-172,,,EGP,,,,,,,,,,,القاهرة,,,,,,,False,,HTML/JSON-LD,https://www.hobbycorneregypt.com/products/mg-g-3-ver-2-0,,,لم يُرصد,بانتظار أول رصد سعر,0,,,True,جاهز لأول رصد,,2026-07-30T00:00:00,2026-07-30T00:00:00
CASH-415A9F23058BAB,VAR-82BBCFB4FE28A8|EG-172|STORE,MAP-1EB1C88D2108264A,VAR-82BBCFB4FE28A8,EG-172,,,EGP,,,,,,,,,,,القاهرة,,,,,,,False,,HTML/JSON-LD,https://www.hobbycorneregypt.com/products/1-144-hg-mazinger-z-infinity-ver,,,لم يُرصد,بانتظار أول رصد سعر,0,,,True,جاهز لأول رصد,,2026-07-30T00:00:00,2026-07-30T00:00:00
CASH-F89E5C07384064,VAR-97376BEE771371|EG-172|STORE,MAP-B37618C28DDA3772,VAR-97376BEE771371,EG-172,,,EGP,,,,,,,,,,,القاهرة,,,,,,,False,,HTML/JSON-LD,https://www.hobbycorneregypt.com/products/sdex-standard-rising-freedom,,,لم يُرصد,بانتظار أول رصد سعر,0,,,True,جاهز لأول رصد,,2026-07-30T00:00:00,2026-07-30T00:00:00
CASH-718C43FF34A125,VAR-4DBF2ACAF2AAFF|EG-172|STORE,MAP-D45AF3C890BA9925,VAR-4DBF2ACAF2AAFF,EG-172,,,EGP,,,,,,,,,,,القاهرة,,,,,,,False,,HTML/JSON-LD,https://www.hobbycorneregypt.com/products/1-144-hguc-rx-93-nu-gundam,,,لم يُرصد,بانتظار أول رصد سعر,0,,,True,جاهز لأول رصد,,2026-07-30T00:00:00,2026-07-30T00:00:00
CASH-AE682914B21F66,VAR-6A3716AD511A7C|EG-172|STORE,MAP-6699664BEE3BB069,VAR-6A3716AD511A7C,EG-172,,,EGP,,,,,,,,,,,القاهرة,,,,,,,False,,HTML/JSON-LD,https://www.hobbycorneregypt.com/products/figure-rise-standard-amplified-the-winged-dragon-of-ra,,,لم يُرصد,بانتظار أول رصد سعر,0,,,True,جاهز لأول رصد,,2026-07-30T00:00:00,2026-07-30T00:00:00
CASH-EC019142FDE4C7,VAR-DDEB5FCCBD3B16|EG-172|STORE,MAP-3FAD843D6228B53E,VAR-DDEB5FCCBD3B16,EG-172,,,EGP,,,,,,,,,,,القاهرة,,,,,,,False,,HTML/JSON-LD,https://www.hobbycorneregypt.com/products/1-100-mg-wing-gundam-zero-endless-waltz-ver-ka,,,لم يُرصد,بانتظار أول رصد سعر,0,,,True,جاهز لأول رصد,,2026-07-30T00:00:00,2026-07-30T00:00:00
CASH-94217FCA93161B,VAR-5D67C5942476FB|EG-172|STORE,MAP-86C0FD8150C2C2BB,VAR-5D67C5942476FB,EG-172,,,EGP,,,,,,,,,,,القاهرة,,,,,,,False,,HTML/JSON-LD,https://www.hobbycorneregypt.com/products/british-cruiser-tank-a34-comet,,,لم يُرصد,بانتظار أول رصد سعر,0,,,True,جاهز لأول رصد,,2026-07-30T00:00:00,2026-07-30T00:00:00
CASH-A4E4A71CB27E0D,VAR-A3F8B0783A894A|EG-172|STORE,MAP-D0F169BC2DBB270A,VAR-A3F8B0783A894A,EG-172,,,EGP,,,,,,,,,,,القاهرة,,,,,,,False,,HTML/JSON-LD,https://www.hobbycorneregypt.com/products/british-flamethrower-tank-churchill-crocodile,,,لم يُرصد,بانتظار أول رصد سعر,0,,,True,جاهز لأول رصد,,2026-07-30T00:00:00,2026-07-30T00:00:00
CASH-B1DC8BFC8A63A0,VAR-3589AEC6675F99|EG-172|STORE,MAP-D9BB297A04B1219D,VAR-3589AEC6675F99,EG-172,,,EGP,,,,,,,,,,,القاهرة,,,,,,,False,,HTML/JSON-LD,https://www.hobbycorneregypt.com/products/1-24-gma-t-50,,,لم يُرصد,بانتظار أول رصد سعر,0,,,True,جاهز لأول رصد,,2026-07-30T00:00:00,2026-07-30T00:00:00
CASH-33D3BE2AEA1A0C,VAR-A0C89BB7B4ABF9|EG-172|STORE,MAP-5035FB0827DC45EE,VAR-A0C89BB7B4ABF9,EG-172,,,EGP,,,,,,,,,,,القاهرة,,,,,,,False,,HTML/JSON-LD,https://www.hobbycorneregypt.com/products/stealth-fighter-lockheed-martin-f-35a,,,لم يُرصد,بانتظار أول رصد سعر,0,,,True,جاهز لأول رصد,,2026-07-30T00:00:00,2026-07-30T00:00:00
CASH-C8EA57D195C984,VAR-8FAF0B8CC7DC75|EG-172|STORE,MAP-E59D6201DE34E24B,VAR-8FAF0B8CC7DC75,EG-172,,,EGP,,,,,,,,,,,القاهرة,,,,,,,False,,HTML/JSON-LD,https://www.hobbycorneregypt.com/products/fighter-lockheed-p-38f-g-lightning,,,لم يُرصد,بانتظار أول رصد سعر,0,,,True,جاهز لأول رصد,,2026-07-30T00:00:00,2026-07-30T00:00:00
CASH-DA1D92B1BDB887,VAR-F882B9292B2CC0|EG-172|STORE,MAP-B80514962A5A5A9B,VAR-F882B9292B2CC0,EG-172,,,EGP,,,,,,,,,,,القاهرة,,,,,,,False,,HTML/JSON-LD,https://www.hobbycorneregypt.com/products/u-s-main-battle-tank-m1a1-abrams,,,لم يُرصد,بانتظار أول رصد سعر,0,,,True,جاهز لأول رصد,,2026-07-30T00:00:00,2026-07-30T00:00:00
CASH-8D3EFC604D5E37,VAR-49C31C23BCC6E3|EG-172|STORE,MAP-258F1871847CFE19,VAR-49C31C23BCC6E3,EG-172,,,EGP,,,,,,,,,,,القاهرة,,,,,,,False,,HTML/JSON-LD,https://www.hobbycorneregypt.com/products/1-24-mclaren-senna,,,لم يُرصد,بانتظار أول رصد سعر,0,,,True,جاهز لأول رصد,,2026-07-30T00:00:00,2026-07-30T00:00:00
CASH-6B5BD2BD5AE268,VAR-9945C072CEC6C9|EG-172|STORE,MAP-1D58D023913AA38F,VAR-9945C072CEC6C9,EG-172,,,EGP,,,,,,,,,,,القاهرة,,,,,,,False,,HTML/JSON-LD,https://www.hobbycorneregypt.com/products/1-24-nissan-gt-r,,,لم يُرصد,بانتظار أول رصد سعر,0,,,True,جاهز لأول رصد,,2026-07-30T00:00:00,2026-07-30T00:00:00
CASH-B3ED04D6735A3F,VAR-E3899526E8A8F7|EG-172|STORE,MAP-A9A78B3A3A1EE361,VAR-E3899526E8A8F7,EG-172,,,EGP,,,,,,,,,,,القاهرة,,,,,,,False,,HTML/JSON-LD,https://www.hobbycorneregypt.com/products/1-24-nissan-z-rz34-fairlady-z,,,لم يُرصد,بانتظار أول رصد سعر,0,,,True,جاهز لأول رصد,,2026-07-30T00:00:00,2026-07-30T00:00:00
CASH-5B2E1FBD4F3382,VAR-72D35FC3F1F5CD|EG-172|STORE,MAP-E1133C3868F12165,VAR-72D35FC3F1F5CD,EG-172,,,EGP,,,,,,,,,,,القاهرة,,,,,,,False,,HTML/JSON-LD,https://www.hobbycorneregypt.com/products/1-24-porsche-911-gt3-rs-992,,,لم يُرصد,بانتظار أول رصد سعر,0,,,True,جاهز لأول رصد,,2026-07-30T00:00:00,2026-07-30T00:00:00
CASH-CCF110435A4956,VAR-AF853AF79607BD|EG-172|STORE,MAP-A68F4555D665E419,VAR-AF853AF79607BD,EG-172,,,EGP,,,,,,,,,,,القاهرة,,,,,,,False,,HTML/JSON-LD,https://www.hobbycorneregypt.com/products/1-24-subaru-zc6-brz-street-custom,,,لم يُرصد,بانتظار أول رصد سعر,0,,,True,جاهز لأول رصد,,2026-07-30T00:00:00,2026-07-30T00:00:00
CASH-0ADB936E56631A,VAR-264BCF7F08ACAE|EG-172|STORE,MAP-ED2BC8E71D8D93E1,VAR-264BCF7F08ACAE,EG-172,,,EGP,,,,,,,,,,,القاهرة,,,,,,,False,,HTML/JSON-LD,https://www.hobbycorneregypt.com/products/1-24-toyota-gazoo-racing-ts050-hybrid,,,لم يُرصد,بانتظار أول رصد سعر,0,,,True,جاهز لأول رصد,,2026-07-30T00:00:00,2026-07-30T00:00:00
CASH-646E71225A70A2,VAR-0A02ED4BDE5E0A|EG-013|STORE,MAP-92792C63C6F2CEEB,VAR-0A02ED4BDE5E0A,EG-013,,,EGP,,,,,,,,,,,القاهرة,,,,,,,True,,اكتشاف من صفحة فئة,https://btech.com/en/c/electronics/smart-homes-security/door-bells-intercoms,,,لم يُرصد,بانتظار أول رصد سعر,0,,,True,يحتاج اكتشاف رابط المنتج,,2026-07-30T00:00:00,2026-07-30T00:00:00
CASH-B7F31EAFB76484,VAR-E9460C741AEEBB|EG-013|STORE,MAP-D8CAA5420FBC55A3,VAR-E9460C741AEEBB,EG-013,,,EGP,,,,,,,,,,,القاهرة,,,,,,,True,,اكتشاف من صفحة فئة,https://btech.com/en/c/electronics/smart-homes-security/door-bells-intercoms,,,لم يُرصد,بانتظار أول رصد سعر,0,,,True,يحتاج اكتشاف رابط المنتج,,2026-07-30T00:00:00,2026-07-30T00:00:00
CASH-E76B3E3092BF80,VAR-9A549CE4F22ACF|EG-013|STORE,MAP-EA81847CEA50C71F,VAR-9A549CE4F22ACF,EG-013,,,EGP,,,,,,,,,,,القاهرة,,,,,,,True,,اكتشاف من صفحة فئة,https://btech.com/en/c/electronics/smart-homes-security/door-bells-intercoms,,,لم يُرصد,بانتظار أول رصد سعر,0,,,True,يحتاج اكتشاف رابط المنتج,,2026-07-30T00:00:00,2026-07-30T00:00:00
CASH-C61A648FB38650,VAR-234D73DAC056D6|EG-013|STORE,MAP-728F06C3060CFFBE,VAR-234D73DAC056D6,EG-013,,,EGP,,,,,,,,,,,القاهرة,,,,,,,True,,اكتشاف من صفحة فئة,https://btech.com/en/c/electronics/smart-homes-security/door-bells-intercoms,,,لم يُرصد,بانتظار أول رصد سعر,0,,,True,يحتاج اكتشاف رابط المنتج,,2026-07-30T00:00:00,2026-07-30T00:00:00
CASH-F6F230EA9B6C2F,VAR-A1FE5CE23D86E0|EG-013|STORE,MAP-0189A3E273A50BFC,VAR-A1FE5CE23D86E0,EG-013,,,EGP,,,,,,,,,,,القاهرة,,,,,,,True,,اكتشاف من صفحة فئة,https://btech.com/en/c/electronics/smart-homes-security/door-bells-intercoms,,,لم يُرصد,بانتظار أول رصد سعر,0,,,True,يحتاج اكتشاف رابط المنتج,,2026-07-30T00:00:00,2026-07-30T00:00:00
CASH-2FD6EF219006E8,VAR-D978077FE7ABE6|EG-013|STORE,MAP-EB087E58CFF9373E,VAR-D978077FE7ABE6,EG-013,,,EGP,,,,,,,,,,,القاهرة,,,,,,,True,,اكتشاف من صفحة فئة,https://btech.com/en/c/electronics/smart-homes-security/door-bells-intercoms,,,لم يُرصد,بانتظار أول رصد سعر,0,,,True,يحتاج اكتشاف رابط المنتج,,2026-07-30T00:00:00,2026-07-30T00:00:00
CASH-DE66B4BACDDB38,VAR-BE61EB7E249475|EG-013|STORE,MAP-446EDBA9F772481B,VAR-BE61EB7E249475,EG-013,,,EGP,,,,,,,,,,,القاهرة,,,,,,,True,,اكتشاف من صفحة فئة,https://btech.com/en/c/electronics/smart-homes-security/door-bells-intercoms,,,لم يُرصد,بانتظار أول رصد سعر,0,,,True,يحتاج اكتشاف رابط المنتج,,2026-07-30T00:00:00,2026-07-30T00:00:00
CASH-2AD75DC8B89638,VAR-1CF093417A7E0A|EG-013|STORE,MAP-6A92763E42207B32,VAR-1CF093417A7E0A,EG-013,,,EGP,,,,,,,,,,,القاهرة,,,,,,,True,,اكتشاف من صفحة فئة,https://btech.com/en/c/electronics/smart-homes-security/door-bells-intercoms,,,لم يُرصد,بانتظار أول رصد سعر,0,,,True,يحتاج اكتشاف رابط المنتج,,2026-07-30T00:00:00,2026-07-30T00:00:00
CASH-BE55767D138052,VAR-99D98A6A218599|EG-013|STORE,MAP-4E960827F3E0F881,VAR-99D98A6A218599,EG-013,,,EGP,,,,,,,,,,,القاهرة,,,,,,,True,,اكتشاف من صفحة فئة,https://btech.com/en/c/electronics/smart-homes-security/door-bells-intercoms,,,لم يُرصد,بانتظار أول رصد سعر,0,,,True,يحتاج اكتشاف رابط المنتج,,2026-07-30T00:00:00,2026-07-30T00:00:00
CASH-F94CF298758B5F,VAR-CF5BC59C8C35D2|EG-013|STORE,MAP-B33E195A6190AD29,VAR-CF5BC59C8C35D2,EG-013,,,EGP,,,,,,,,,,,القاهرة,,,,,,,True,,اكتشاف من صفحة فئة,https://btech.com/en/c/electronics/smart-homes-security/door-bells-intercoms,,,لم يُرصد,بانتظار أول رصد سعر,0,,,True,يحتاج اكتشاف رابط المنتج,,2026-07-30T00:00:00,2026-07-30T00:00:00
CASH-EDFF9423B9E766,VAR-EBCAEECCA19055|EG-013|STORE,MAP-F41BCC88F21FABEF,VAR-EBCAEECCA19055,EG-013,,,EGP,,,,,,,,,,,القاهرة,,,,,,,True,,اكتشاف من صفحة فئة,https://btech.com/en/c/electronics/smart-homes-security/door-bells-intercoms,,,لم يُرصد,بانتظار أول رصد سعر,0,,,True,يحتاج اكتشاف رابط المنتج,,2026-07-30T00:00:00,2026-07-30T00:00:00
CASH-D434055E19B57A,VAR-435F6ABFE8E620|EG-013|STORE,MAP-8731F8F98B182EC8,VAR-435F6ABFE8E620,EG-013,,,EGP,,,,,,,,,,,القاهرة,,,,,,,True,,اكتشاف من صفحة فئة,https://btech.com/en/c/electronics/smart-homes-security/door-bells-intercoms,,,لم يُرصد,بانتظار أول رصد سعر,0,,,True,يحتاج اكتشاف رابط المنتج,,2026-07-30T00:00:00,2026-07-30T00:00:00
CASH-845313E2527B24,VAR-A0CC61897F1D36|EG-013|STORE,MAP-4E3BFD9F54201237,VAR-A0CC61897F1D36,EG-013,,,EGP,,,,,,,,,,,القاهرة,,,,,,,True,,اكتشاف من صفحة فئة,https://btech.com/en/c/electronics/smart-homes-security/door-bells-intercoms,,,لم يُرصد,بانتظار أول رصد سعر,0,,,True,يحتاج اكتشاف رابط المنتج,,2026-07-30T00:00:00,2026-07-30T00:00:00
CASH-A187B4ED96BECC,VAR-9B5896C68618F2|EG-013|STORE,MAP-7391E061D6B72A50,VAR-9B5896C68618F2,EG-013,,,EGP,,,,,,,,,,,القاهرة,,,,,,,True,,اكتشاف من صفحة فئة,https://btech.com/en/c/electronics/smart-homes-security/door-bells-intercoms,,,لم يُرصد,بانتظار أول رصد سعر,0,,,True,يحتاج اكتشاف رابط المنتج,,2026-07-30T00:00:00,2026-07-30T00:00:00
CASH-3A41F7FB90D38D,VAR-27B6309C0006DA|EG-013|STORE,MAP-F73D8B2A9510EFF3,VAR-27B6309C0006DA,EG-013,,,EGP,,,,,,,,,,,القاهرة,,,,,,,True,,اكتشاف من صفحة فئة,https://btech.com/en/c/tvs-projectors/satellite-equipment/streaming-devices,,,لم يُرصد,بانتظار أول رصد سعر,0,,,True,يحتاج اكتشاف رابط المنتج,,2026-07-30T00:00:00,2026-07-30T00:00:00
CASH-BDCA541F7A8197,VAR-28D4C5762C04AA|EG-013|STORE,MAP-16DA76139824CBED,VAR-28D4C5762C04AA,EG-013,,,EGP,,,,,,,,,,,القاهرة,,,,,,,True,,اكتشاف من صفحة فئة,https://btech.com/en/c/tvs-projectors/satellite-equipment/streaming-devices,,,لم يُرصد,بانتظار أول رصد سعر,0,,,True,يحتاج اكتشاف رابط المنتج,,2026-07-30T00:00:00,2026-07-30T00:00:00
CASH-033862F94E3964,VAR-2B5249E39AAC9C|EG-013|STORE,MAP-AA7E9A792D0A2AC5,VAR-2B5249E39AAC9C,EG-013,,,EGP,,,,,,,,,,,القاهرة,,,,,,,True,,اكتشاف من صفحة فئة,https://btech.com/en/c/tvs-projectors/satellite-equipment/streaming-devices,,,لم يُرصد,بانتظار أول رصد سعر,0,,,True,يحتاج اكتشاف رابط المنتج,,2026-07-30T00:00:00,2026-07-30T00:00:00
CASH-15528347028675,VAR-0502D6DB046106|EG-013|STORE,MAP-000CB0533DEE7DB3,VAR-0502D6DB046106,EG-013,,,EGP,,,,,,,,,,,القاهرة,,,,,,,True,,اكتشاف من صفحة فئة,https://btech.com/en/c/tvs-projectors/satellite-equipment/streaming-devices,,,لم يُرصد,بانتظار أول رصد سعر,0,,,True,يحتاج اكتشاف رابط المنتج,,2026-07-30T00:00:00,2026-07-30T00:00:00
CASH-A1E3B4A59E5249,VAR-5056CFBC6FA427|EG-013|STORE,MAP-54151C8197330627,VAR-5056CFBC6FA427,EG-013,,,EGP,,,,,,,,,,,القاهرة,,,,,,,True,,اكتشاف من صفحة فئة,https://btech.com/en/c/tvs-projectors/satellite-equipment/streaming-devices,,,لم يُرصد,بانتظار أول رصد سعر,0,,,True,يحتاج اكتشاف رابط المنتج,,2026-07-30T00:00:00,2026-07-30T00:00:00
CASH-AA1051A1158A6C,VAR-BBC0E765C7A80C|EG-013|STORE,MAP-63B2DFC172B76145,VAR-BBC0E765C7A80C,EG-013,,,EGP,,,,,,,,,,,القاهرة,,,,,,,True,,HTML/JSON-LD,https://btech.com/en/p/199250e5-12bd-4ac4-b37a-a7443c103930,,,لم يُرصد,بانتظار أول رصد سعر,0,,,True,جاهز لأول رصد,,2026-07-30T00:00:00,2026-07-30T00:00:00
CASH-01AF237FE93803,VAR-C3D418139EB151|EG-013|STORE,MAP-834ADDB0A4C18DAA,VAR-C3D418139EB151,EG-013,,,EGP,,,,,,,,,,,القاهرة,,,,,,,True,,اكتشاف من صفحة فئة,https://btech.com/en/c/tvs-projectors/satellite-equipment/streaming-devices,,,لم يُرصد,بانتظار أول رصد سعر,0,,,True,يحتاج اكتشاف رابط المنتج,,2026-07-30T00:00:00,2026-07-30T00:00:00
CASH-85ED57479035DA,VAR-E76910465D7131|EG-013|STORE,MAP-AF1CB42B16FCCFFA,VAR-E76910465D7131,EG-013,,,EGP,,,,,,,,,,,القاهرة,,,,,,,True,,اكتشاف من صفحة فئة,https://btech.com/en/c/tvs-projectors/satellite-equipment/streaming-devices,,,لم يُرصد,بانتظار أول رصد سعر,0,,,True,يحتاج اكتشاف رابط المنتج,,2026-07-30T00:00:00,2026-07-30T00:00:00
CASH-E20EB30DBABB95,VAR-99A50C0275A43A|EG-013|STORE,MAP-3F205D5EC71B6D72,VAR-99A50C0275A43A,EG-013,,,EGP,,,,,,,,,,,القاهرة,,,,,,,True,,HTML/JSON-LD,https://btech.com/en/p/xiaomi-s-3rd-gen-tv-box-4k-uhd-32gb-2gb-ram-black-pfj4191eu,,,لم يُرصد,بانتظار أول رصد سعر,0,,,True,جاهز لأول رصد,,2026-07-30T00:00:00,2026-07-30T00:00:00
CASH-E3D09771E25387,VAR-7D07A6AAF539F8|EG-013|STORE,MAP-0685ECA7AD891267,VAR-7D07A6AAF539F8,EG-013,,,EGP,,,,,,,,,,,القاهرة,,,,,,,True,,اكتشاف من صفحة فئة,https://btech.com/en/c/tvs-projectors/satellite-equipment/streaming-devices,,,لم يُرصد,بانتظار أول رصد سعر,0,,,True,يحتاج اكتشاف رابط المنتج,,2026-07-30T00:00:00,2026-07-30T00:00:00
CASH-E32DAB51D24FFF,VAR-46906BCCC8BC5D|EG-013|STORE,MAP-61ED63557C87016E,VAR-46906BCCC8BC5D,EG-013,,,EGP,,,,,,,,,,,القاهرة,,,,,,,True,,HTML/JSON-LD,https://btech.com/en/p/ad2d74ef-1fa5-4101-8742-52ccbf66ea6c,,,لم يُرصد,بانتظار أول رصد سعر,0,,,True,جاهز لأول رصد,,2026-07-30T00:00:00,2026-07-30T00:00:00
CASH-3370E83B16B54F,VAR-95BB1FA2BD3A33|EG-013|STORE,MAP-01850082BDF6ACBE,VAR-95BB1FA2BD3A33,EG-013,,,EGP,,,,,,,,,,,القاهرة,,,,,,,True,,اكتشاف من صفحة فئة,https://btech.com/en/c/tvs-projectors/projectors,,,لم يُرصد,بانتظار أول رصد سعر,0,,,True,يحتاج اكتشاف رابط المنتج,,2026-07-30T00:00:00,2026-07-30T00:00:00
CASH-53BEAC52EBB528,VAR-741C72BBAFEA36|EG-013|STORE,MAP-981A1AB7144F53A5,VAR-741C72BBAFEA36,EG-013,,,EGP,,,,,,,,,,,القاهرة,,,,,,,True,,اكتشاف من صفحة فئة,https://btech.com/en/c/tvs-projectors/projectors,,,لم يُرصد,بانتظار أول رصد سعر,0,,,True,يحتاج اكتشاف رابط المنتج,,2026-07-30T00:00:00,2026-07-30T00:00:00
CASH-FD11C37FD37540,VAR-42139B6CEB173B|EG-013|STORE,MAP-EF19BF17D390A1A7,VAR-42139B6CEB173B,EG-013,,,EGP,,,,,,,,,,,القاهرة,,,,,,,True,,اكتشاف من صفحة فئة,https://btech.com/en/c/tvs-projectors/projectors,,,لم يُرصد,بانتظار أول رصد سعر,0,,,True,يحتاج اكتشاف رابط المنتج,,2026-07-30T00:00:00,2026-07-30T00:00:00
CASH-A7F3931AEB6DFE,VAR-3374FB62073091|EG-013|STORE,MAP-F523D9320C530234,VAR-3374FB62073091,EG-013,,,EGP,,,,,,,,,,,القاهرة,,,,,,,True,,اكتشاف من صفحة فئة,https://btech.com/en/c/tvs-projectors/projectors,,,لم يُرصد,بانتظار أول رصد سعر,0,,,True,يحتاج اكتشاف رابط المنتج,,2026-07-30T00:00:00,2026-07-30T00:00:00
CASH-E000E1A0D3CFDB,VAR-0914064D549A1E|EG-013|STORE,MAP-FEDB84451F200C5D,VAR-0914064D549A1E,EG-013,,,EGP,,,,,,,,,,,القاهرة,,,,,,,True,,اكتشاف من صفحة فئة,https://btech.com/en/c/tvs-projectors/projectors,,,لم يُرصد,بانتظار أول رصد سعر,0,,,True,يحتاج اكتشاف رابط المنتج,,2026-07-30T00:00:00,2026-07-30T00:00:00
CASH-B891B436ACF15E,VAR-422096C8EC4C14|EG-013|STORE,MAP-E62C3F092FDE7E41,VAR-422096C8EC4C14,EG-013,,,EGP,,,,,,,,,,,القاهرة,,,,,,,True,,اكتشاف من صفحة فئة,https://btech.com/en/c/tvs-projectors/projectors,,,لم يُرصد,بانتظار أول رصد سعر,0,,,True,يحتاج اكتشاف رابط المنتج,,2026-07-30T00:00:00,2026-07-30T00:00:00
CASH-CB3C8FF1E7D2D4,VAR-C416A2083CDC8E|EG-013|STORE,MAP-43DB730246F78259,VAR-C416A2083CDC8E,EG-013,,,EGP,,,,,,,,,,,القاهرة,,,,,,,True,,HTML/JSON-LD,https://btech.com/en/p/b1cdd9c0-a658-4de6-98ee-9eb3438b5de5,,,لم يُرصد,بانتظار أول رصد سعر,0,,,True,جاهز لأول رصد,,2026-07-30T00:00:00,2026-07-30T00:00:00
CASH-F323A890E96975,VAR-D4E25C579AEA83|EG-013|STORE,MAP-C8D89CAFAE15B871,VAR-D4E25C579AEA83,EG-013,,,EGP,,,,,,,,,,,القاهرة,,,,,,,True,,اكتشاف من صفحة فئة,https://btech.com/en/c/tvs-projectors/projectors,,,لم يُرصد,بانتظار أول رصد سعر,0,,,True,يحتاج اكتشاف رابط المنتج,,2026-07-30T00:00:00,2026-07-30T00:00:00
CASH-D573B37CD749BA,VAR-AC09BA2D6DE9ED|EG-013|STORE,MAP-1D966F76BA15750B,VAR-AC09BA2D6DE9ED,EG-013,,,EGP,,,,,,,,,,,القاهرة,,,,,,,True,,اكتشاف من صفحة فئة,https://btech.com/en/c/tvs-projectors/projectors,,,لم يُرصد,بانتظار أول رصد سعر,0,,,True,يحتاج اكتشاف رابط المنتج,,2026-07-30T00:00:00,2026-07-30T00:00:00
CASH-6557B2D863048B,VAR-9C0D841FDAECCC|EG-013|STORE,MAP-5EB61A059FAF4237,VAR-9C0D841FDAECCC,EG-013,,,EGP,,,,,,,,,,,القاهرة,,,,,,,True,,اكتشاف من صفحة فئة,https://btech.com/en/c/tvs-projectors/projectors,,,لم يُرصد,بانتظار أول رصد سعر,0,,,True,يحتاج اكتشاف رابط المنتج,,2026-07-30T00:00:00,2026-07-30T00:00:00
CASH-E867963AB19B9C,VAR-7BBAC07AEC53F6|EG-013|STORE,MAP-D873277F4D543528,VAR-7BBAC07AEC53F6,EG-013,,,EGP,,,,,,,,,,,القاهرة,,,,,,,True,,اكتشاف من صفحة فئة,https://btech.com/en/c/tvs-projectors/projectors,,,لم يُرصد,بانتظار أول رصد سعر,0,,,True,يحتاج اكتشاف رابط المنتج,,2026-07-30T00:00:00,2026-07-30T00:00:00
CASH-D625AB047C1BC9,VAR-551C47CB95E04E|EG-013|STORE,MAP-AB70DDEBF968F4ED,VAR-551C47CB95E04E,EG-013,,,EGP,,,,,,,,,,,القاهرة,,,,,,,True,,اكتشاف من صفحة فئة,https://btech.com/en/c/tvs-projectors/projectors,,,لم يُرصد,بانتظار أول رصد سعر,0,,,True,يحتاج اكتشاف رابط المنتج,,2026-07-30T00:00:00,2026-07-30T00:00:00
CASH-5EA97E5110CEA4,VAR-973BA2237C979B|EG-013|STORE,MAP-3212D53595E83CBD,VAR-973BA2237C979B,EG-013,,,EGP,,,,,,,,,,,القاهرة,,,,,,,True,,اكتشاف من صفحة فئة,https://btech.com/en/c/tvs-projectors/projectors,,,لم يُرصد,بانتظار أول رصد سعر,0,,,True,يحتاج اكتشاف رابط المنتج,,2026-07-30T00:00:00,2026-07-30T00:00:00
CASH-6E658324852D41,VAR-89683BB269B33A|EG-013|STORE,MAP-475D5628856F3B10,VAR-89683BB269B33A,EG-013,,,EGP,,,,,,,,,,,القاهرة,,,,,,,True,,اكتشاف من صفحة فئة,https://btech.com/en/c/tvs-projectors/televisions,,,لم يُرصد,بانتظار أول رصد سعر,0,,,True,يحتاج اكتشاف رابط المنتج,,2026-07-30T00:00:00,2026-07-30T00:00:00
CASH-ADFCF295DC55A6,VAR-902980B334113D|EG-013|STORE,MAP-CFC1CCC1134442B4,VAR-902980B334113D,EG-013,,,EGP,,,,,,,,,,,القاهرة,,,,,,,True,,اكتشاف من صفحة فئة,https://btech.com/en/c/tvs-projectors/televisions,,,لم يُرصد,بانتظار أول رصد سعر,0,,,True,يحتاج اكتشاف رابط المنتج,,2026-07-30T00:00:00,2026-07-30T00:00:00
CASH-677ABC8098ACF4,VAR-5D8610F3B3A064|EG-013|STORE,MAP-D7D029A7B93B6B22,VAR-5D8610F3B3A064,EG-013,,,EGP,,,,,,,,,,,القاهرة,,,,,,,True,,اكتشاف من صفحة فئة,https://btech.com/en/c/tvs-projectors/televisions,,,لم يُرصد,بانتظار أول رصد سعر,0,,,True,يحتاج اكتشاف رابط المنتج,,2026-07-30T00:00:00,2026-07-30T00:00:00
CASH-B590D70F40FF1C,VAR-9928B209BFE996|EG-013|STORE,MAP-43CE2793199CBC0D,VAR-9928B209BFE996,EG-013,,,EGP,,,,,,,,,,,القاهرة,,,,,,,True,,HTML/JSON-LD,https://btech.com/en/p/haier-55-4k-uhd-smart-led-tv-built-in-receiver-h55k80eu,,,لم يُرصد,بانتظار أول رصد سعر,0,,,True,جاهز لأول رصد,,2026-07-30T00:00:00,2026-07-30T00:00:00
CASH-0867401A8C991B,VAR-E606AD7E78997D|EG-013|STORE,MAP-BA6FA0C4C6A069D3,VAR-E606AD7E78997D,EG-013,,,EGP,,,,,,,,,,,القاهرة,,,,,,,True,,HTML/JSON-LD,https://btech.com/en/p/1fd96d5c-d524-464f-b111-1aba7683862d,,,لم يُرصد,بانتظار أول رصد سعر,0,,,True,جاهز لأول رصد,,2026-07-30T00:00:00,2026-07-30T00:00:00
CASH-9D0E6022C528D1,VAR-C597C245A930E9|EG-013|STORE,MAP-D2D26BF8762BFE30,VAR-C597C245A930E9,EG-013,,,EGP,,,,,,,,,,,القاهرة,,,,,,,True,,اكتشاف من صفحة فئة,https://btech.com/en/c/tvs-projectors/televisions/b/hisense,,,لم يُرصد,بانتظار أول رصد سعر,0,,,True,يحتاج اكتشاف رابط المنتج,,2026-07-30T00:00:00,2026-07-30T00:00:00
CASH-B61BB684AA3B7B,VAR-61C35BDCA11FCB|EG-013|STORE,MAP-6F9E6F301F9D417B,VAR-61C35BDCA11FCB,EG-013,,,EGP,,,,,,,,,,,القاهرة,,,,,,,True,,اكتشاف من صفحة فئة,https://btech.com/en/c/tvs-projectors/televisions/b/hisense,,,لم يُرصد,بانتظار أول رصد سعر,0,,,True,يحتاج اكتشاف رابط المنتج,,2026-07-30T00:00:00,2026-07-30T00:00:00
CASH-E8BE2EFC36CBAC,VAR-A01AA38A39D997|EG-013|STORE,MAP-B8165A00DFF2F855,VAR-A01AA38A39D997,EG-013,,,EGP,,,,,,,,,,,القاهرة,,,,,,,True,,اكتشاف من صفحة فئة,https://btech.com/en/c/tvs-projectors/televisions/b/hisense,,,لم يُرصد,بانتظار أول رصد سعر,0,,,True,يحتاج اكتشاف رابط المنتج,,2026-07-30T00:00:00,2026-07-30T00:00:00
CASH-D427CDA3E206DD,VAR-5C6D637C098FEC|EG-013|STORE,MAP-330D67C0B27CACDC,VAR-5C6D637C098FEC,EG-013,,,EGP,,,,,,,,,,,القاهرة,,,,,,,True,,اكتشاف من صفحة فئة,https://btech.com/en/c/tvs-projectors/televisions/b/hisense,,,لم يُرصد,بانتظار أول رصد سعر,0,,,True,يحتاج اكتشاف رابط المنتج,,2026-07-30T00:00:00,2026-07-30T00:00:00
CASH-8E2776336EA409,VAR-A97FB74B788368|EG-013|STORE,MAP-4DA1EC19E9B7F805,VAR-A97FB74B788368,EG-013,,,EGP,,,,,,,,,,,القاهرة,,,,,,,True,,HTML/JSON-LD,https://btech.com/en/p/0d87d83f-2126-426e-98bf-7d59c3a984a4,,,لم يُرصد,بانتظار أول رصد سعر,0,,,True,جاهز لأول رصد,,2026-07-30T00:00:00,2026-07-30T00:00:00
CASH-A99C43E6861C37,VAR-B4CDD759136E73|EG-013|STORE,MAP-421C0C16BDAF47DD,VAR-B4CDD759136E73,EG-013,,,EGP,,,,,,,,,,,القاهرة,,,,,,,True,,اكتشاف من صفحة فئة,https://btech.com/en/c/tvs-projectors/televisions/b/hisense,,,لم يُرصد,بانتظار أول رصد سعر,0,,,True,يحتاج اكتشاف رابط المنتج,,2026-07-30T00:00:00,2026-07-30T00:00:00
CASH-ED07C654F56F56,VAR-4358133EA1B492|EG-013|STORE,MAP-190C047EFA995F8D,VAR-4358133EA1B492,EG-013,,,EGP,,,,,,,,,,,القاهرة,,,,,,,True,,HTML/JSON-LD,https://btech.com/en/p/hisense-55-4k-uhd-smart-qled-tv-55a7eg2,,,لم يُرصد,بانتظار أول رصد سعر,0,,,True,جاهز لأول رصد,,2026-07-30T00:00:00,2026-07-30T00:00:00
CASH-D1A800D9E59902,VAR-41E0DCE26F51D7|EG-013|STORE,MAP-EFF4AC3FB6E2E4C2,VAR-41E0DCE26F51D7,EG-013,,,EGP,,,,,,,,,,,القاهرة,,,,,,,True,,اكتشاف من صفحة فئة,https://btech.com/en/c/tvs-projectors/televisions/b/hisense,,,لم يُرصد,بانتظار أول رصد سعر,0,,,True,يحتاج اكتشاف رابط المنتج,,2026-07-30T00:00:00,2026-07-30T00:00:00
CASH-46D6DD4187F5DE,VAR-034E875834E234|EG-013|STORE,MAP-B4171BFD5CA2562B,VAR-034E875834E234,EG-013,,,EGP,,,,,,,,,,,القاهرة,,,,,,,True,,اكتشاف من صفحة فئة,https://btech.com/en/c/tvs-projectors/televisions/b/hisense,,,لم يُرصد,بانتظار أول رصد سعر,0,,,True,يحتاج اكتشاف رابط المنتج,,2026-07-30T00:00:00,2026-07-30T00:00:00
CASH-CEAB3FCE290B39,VAR-481E6E8C2D6812|EG-013|STORE,MAP-AFD83953FAF417C8,VAR-481E6E8C2D6812,EG-013,,,EGP,,,,,,,,,,,القاهرة,,,,,,,True,,HTML/JSON-LD,https://btech.com/en/p/b8b39c2f-1819-4f24-a57e-3db9653e454f,,,لم يُرصد,بانتظار أول رصد سعر,0,,,True,جاهز لأول رصد,,2026-07-30T00:00:00,2026-07-30T00:00:00
CASH-5EDD1C616E4583,VAR-298965A8E37017|EG-013|STORE,MAP-0BDCDC77859FB1C4,VAR-298965A8E37017,EG-013,,,EGP,,,,,,,,,,,القاهرة,,,,,,,True,,HTML/JSON-LD,https://btech.com/en/p/ad5761dd-0a3b-4c96-a6e5-bc43e1e6f181,,,لم يُرصد,بانتظار أول رصد سعر,0,,,True,جاهز لأول رصد,,2026-07-30T00:00:00,2026-07-30T00:00:00
CASH-98549BFD2643A4,VAR-0B7D394F511F3E|EG-013|STORE,MAP-4333589D82B37143,VAR-0B7D394F511F3E,EG-013,,,EGP,,,,,,,,,,,القاهرة,,,,,,,True,,اكتشاف من صفحة فئة,https://btech.com/en/c/tvs-projectors/televisions/b/hisense,,,لم يُرصد,بانتظار أول رصد سعر,0,,,True,يحتاج اكتشاف رابط المنتج,تم دمج 2 أدلة لنفس المنتج والمتجر.,2026-07-30T00:00:00,2026-07-30T00:00:00
CASH-A26471BA2876CC,VAR-BA3E34920055EA|EG-013|STORE,MAP-B28B3C158E2ACBFD,VAR-BA3E34920055EA,EG-013,,,EGP,,,,,,,,,,,القاهرة,,,,,,,True,,اكتشاف من صفحة فئة,https://btech.com/en/c/tvs-projectors/televisions/b/hisense,,,لم يُرصد,بانتظار أول رصد سعر,0,,,True,يحتاج اكتشاف رابط المنتج,,2026-07-30T00:00:00,2026-07-30T00:00:00
CASH-0D73F43BF6A9C8,VAR-C00BFA25CA0A2F|EG-013|STORE,MAP-62C5D038C1AA905C,VAR-C00BFA25CA0A2F,EG-013,,,EGP,,,,,,,,,,,القاهرة,,,,,,,True,,اكتشاف من صفحة فئة,https://btech.com/en/c/tvs-projectors/televisions/b/hisense,,,لم يُرصد,بانتظار أول رصد سعر,0,,,True,يحتاج اكتشاف رابط المنتج,,2026-07-30T00:00:00,2026-07-30T00:00:00
CASH-811EA444C9BDAD,VAR-F54F48C6E79124|EG-013|STORE,MAP-247E562FD1E2026A,VAR-F54F48C6E79124,EG-013,,,EGP,,,,,,,,,,,القاهرة,,,,,,,True,,اكتشاف من صفحة فئة,https://btech.com/en/c/tvs-projectors/televisions/b/hisense,,,لم يُرصد,بانتظار أول رصد سعر,0,,,True,يحتاج اكتشاف رابط المنتج,,2026-07-30T00:00:00,2026-07-30T00:00:00
CASH-130E2684E4507D,VAR-B6E7677DEEA0E8|EG-013|STORE,MAP-092776CFA7806B8C,VAR-B6E7677DEEA0E8,EG-013,,,EGP,,,,,,,,,,,القاهرة,,,,,,,True,,HTML/JSON-LD,https://btech.com/en/p/8150ce17-d599-4bf0-ad61-753af468cd1c,,,لم يُرصد,بانتظار أول رصد سعر,0,,,True,جاهز لأول رصد,,2026-07-30T00:00:00,2026-07-30T00:00:00
CASH-BC121297F9047A,VAR-AF49459D5D7178|EG-013|STORE,MAP-816191D15406A6B2,VAR-AF49459D5D7178,EG-013,,,EGP,,,,,,,,,,,القاهرة,,,,,,,True,,اكتشاف من صفحة فئة,https://btech.com/en/c/tvs-projectors/televisions/b/hisense,,,لم يُرصد,بانتظار أول رصد سعر,0,,,True,يحتاج اكتشاف رابط المنتج,,2026-07-30T00:00:00,2026-07-30T00:00:00
CASH-A410470AC0C950,VAR-0F61AFD45FE415|EG-013|STORE,MAP-D4944B822D1A45C8,VAR-0F61AFD45FE415,EG-013,,,EGP,,,,,,,,,,,القاهرة,,,,,,,True,,اكتشاف من صفحة فئة,https://btech.com/en/c/tvs-projectors/televisions/b/hisense,,,لم يُرصد,بانتظار أول رصد سعر,0,,,True,يحتاج اكتشاف رابط المنتج,,2026-07-30T00:00:00,2026-07-30T00:00:00
CASH-42A0A838CC8980,VAR-D1D256F3EB7826|EG-013|STORE,MAP-6BDFD897E49143D6,VAR-D1D256F3EB7826,EG-013,,,EGP,,,,,,,,,,,القاهرة,,,,,,,True,,HTML/JSON-LD,https://btech.com/en/p/86d5068b-728c-4280-b34e-1196567e36fe,,,لم يُرصد,بانتظار أول رصد سعر,0,,,True,جاهز لأول رصد,,2026-07-30T00:00:00,2026-07-30T00:00:00
CASH-D366CE343DB11D,VAR-040C5F6FA29FF5|EG-013|STORE,MAP-71BF24A461FD2DC6,VAR-040C5F6FA29FF5,EG-013,,,EGP,,,,,,,,,,,القاهرة,,,,,,,True,,اكتشاف من صفحة فئة,https://btech.com/en/c/tvs-projectors/televisions/b/hisense,,,لم يُرصد,بانتظار أول رصد سعر,0,,,True,يحتاج اكتشاف رابط المنتج,,2026-07-30T00:00:00,2026-07-30T00:00:00
CASH-D281B9FF61960D,VAR-FF2872F796A72B|EG-013|STORE,MAP-17DFB4D4EF99FC0D,VAR-FF2872F796A72B,EG-013,,,EGP,,,,,,,,,,,القاهرة,,,,,,,True,,اكتشاف من صفحة فئة,https://btech.com/en/c/tvs-projectors/televisions/b/hisense,,,لم يُرصد,بانتظار أول رصد سعر,0,,,True,يحتاج اكتشاف رابط المنتج,,2026-07-30T00:00:00,2026-07-30T00:00:00
CASH-E7CD53897124F9,VAR-B489CD22AFAF91|EG-013|STORE,MAP-F531140A8C496F4F,VAR-B489CD22AFAF91,EG-013,,,EGP,,,,,,,,,,,القاهرة,,,,,,,True,,اكتشاف من صفحة فئة,https://btech.com/en/c/tvs-projectors/televisions/b/lg,,,لم يُرصد,بانتظار أول رصد سعر,0,,,True,يحتاج اكتشاف رابط المنتج,تم دمج 2 أدلة لنفس المنتج والمتجر.,2026-07-30T00:00:00,2026-07-30T00:00:00
CASH-80F94385B467EC,VAR-50A7637125F87E|EG-013|STORE,MAP-038F91EEAD1A29DA,VAR-50A7637125F87E,EG-013,,,EGP,,,,,,,,,,,القاهرة,,,,,,,True,,اكتشاف من صفحة فئة,https://btech.com/en/c/tvs-projectors/televisions/b/lg,,,لم يُرصد,بانتظار أول رصد سعر,0,,,True,يحتاج اكتشاف رابط المنتج,,2026-07-30T00:00:00,2026-07-30T00:00:00
CASH-B8ECCC174B0F71,VAR-26E5F0BADA264D|EG-013|STORE,MAP-8BEF0097D9AF30AF,VAR-26E5F0BADA264D,EG-013,,,EGP,,,,,,,,,,,القاهرة,,,,,,,True,,اكتشاف من صفحة فئة,https://btech.com/en/c/tvs-projectors/televisions/b/lg,,,لم يُرصد,بانتظار أول رصد سعر,0,,,True,يحتاج اكتشاف رابط المنتج,تم دمج 2 أدلة لنفس المنتج والمتجر.,2026-07-30T00:00:00,2026-07-30T00:00:00
CASH-A491B42CF0C0BE,VAR-89F5D55AE694AF|EG-013|STORE,MAP-6A6A15091804A15F,VAR-89F5D55AE694AF,EG-013,,,EGP,,,,,,,,,,,القاهرة,,,,,,,True,,اكتشاف من صفحة فئة,https://btech.com/en/c/tvs-projectors/televisions/b/lg,,,لم يُرصد,بانتظار أول رصد سعر,0,,,True,يحتاج اكتشاف رابط المنتج,,2026-07-30T00:00:00,2026-07-30T00:00:00
CASH-97FCE9AF7306CC,VAR-5BF58EF9DDDA6C|EG-013|STORE,MAP-B2E42B93FB5B6362,VAR-5BF58EF9DDDA6C,EG-013,,,EGP,,,,,,,,,,,القاهرة,,,,,,,True,,اكتشاف من صفحة فئة,https://btech.com/en/c/tvs-projectors/televisions/b/lg,,,لم يُرصد,بانتظار أول رصد سعر,0,,,True,يحتاج اكتشاف رابط المنتج,,2026-07-30T00:00:00,2026-07-30T00:00:00
CASH-C860E6B495E623,VAR-82F09DAABDB317|EG-013|STORE,MAP-FB0BCC8E339AF706,VAR-82F09DAABDB317,EG-013,,,EGP,,,,,,,,,,,القاهرة,,,,,,,True,,اكتشاف من صفحة فئة,https://btech.com/en/c/tvs-projectors/televisions/b/lg,,,لم يُرصد,بانتظار أول رصد سعر,0,,,True,يحتاج اكتشاف رابط المنتج,,2026-07-30T00:00:00,2026-07-30T00:00:00
CASH-6F7559BE2B4978,VAR-09DBB6A26B8A0D|EG-013|STORE,MAP-888EBB0099160B79,VAR-09DBB6A26B8A0D,EG-013,,,EGP,,,,,,,,,,,القاهرة,,,,,,,True,,اكتشاف من صفحة فئة,https://btech.com/en/c/tvs-projectors/televisions/b/lg,,,لم يُرصد,بانتظار أول رصد سعر,0,,,True,يحتاج اكتشاف رابط المنتج,,2026-07-30T00:00:00,2026-07-30T00:00:00
CASH-67F98E080FC575,VAR-3F31E74AE404EA|EG-013|STORE,MAP-9F67373EC52A2EBE,VAR-3F31E74AE404EA,EG-013,,,EGP,,,,,,,,,,,القاهرة,,,,,,,True,,اكتشاف من صفحة فئة,https://btech.com/en/c/tvs-projectors/televisions/b/lg,,,لم يُرصد,بانتظار أول رصد سعر,0,,,True,يحتاج اكتشاف رابط المنتج,,2026-07-30T00:00:00,2026-07-30T00:00:00
CASH-585F3F47E93660,VAR-BB0F6649D74384|EG-013|STORE,MAP-2B56CAC2B66708F2,VAR-BB0F6649D74384,EG-013,,,EGP,,,,,,,,,,,القاهرة,,,,,,,True,,اكتشاف من صفحة فئة,https://btech.com/en/c/tvs-projectors/televisions/b/lg,,,لم يُرصد,بانتظار أول رصد سعر,0,,,True,يحتاج اكتشاف رابط المنتج,,2026-07-30T00:00:00,2026-07-30T00:00:00
CASH-353108149425F4,VAR-C688DFCEBC5295|EG-013|STORE,MAP-6B4CE2AF7CB6EC94,VAR-C688DFCEBC5295,EG-013,,,EGP,,,,,,,,,,,القاهرة,,,,,,,True,,اكتشاف من صفحة فئة,https://btech.com/en/c/tvs-projectors/televisions/b/lg,,,لم يُرصد,بانتظار أول رصد سعر,0,,,True,يحتاج اكتشاف رابط المنتج,,2026-07-30T00:00:00,2026-07-30T00:00:00
CASH-1282D930A2C27D,VAR-F8798498AA68CB|EG-013|STORE,MAP-6B32BC1D6B179D24,VAR-F8798498AA68CB,EG-013,,,EGP,,,,,,,,,,,القاهرة,,,,,,,True,,اكتشاف من صفحة فئة,https://btech.com/en/c/tvs-projectors/televisions/b/lg,,,لم يُرصد,بانتظار أول رصد سعر,0,,,True,يحتاج اكتشاف رابط المنتج,,2026-07-30T00:00:00,2026-07-30T00:00:00
CASH-3ACD39CD2C84B5,VAR-8EF89311173138|EG-013|STORE,MAP-A85DA4B2DD9C1814,VAR-8EF89311173138,EG-013,,,EGP,,,,,,,,,,,القاهرة,,,,,,,True,,اكتشاف من صفحة فئة,https://btech.com/en/c/tvs-projectors/televisions/b/lg,,,لم يُرصد,بانتظار أول رصد سعر,0,,,True,يحتاج اكتشاف رابط المنتج,,2026-07-30T00:00:00,2026-07-30T00:00:00
CASH-3FF99961C4E047,VAR-A2F59BABA07DC3|EG-013|STORE,MAP-02DAF66B5EF05FE7,VAR-A2F59BABA07DC3,EG-013,,,EGP,,,,,,,,,,,القاهرة,,,,,,,True,,اكتشاف من صفحة فئة,https://btech.com/en/c/tvs-projectors/televisions/b/lg,,,لم يُرصد,بانتظار أول رصد سعر,0,,,True,يحتاج اكتشاف رابط المنتج,,2026-07-30T00:00:00,2026-07-30T00:00:00
CASH-FA0076C6AF2F3D,VAR-5B2C18158D0EE1|EG-013|STORE,MAP-4DE4805D92FDDEDD,VAR-5B2C18158D0EE1,EG-013,,,EGP,,,,,,,,,,,القاهرة,,,,,,,True,,اكتشاف من صفحة فئة,https://btech.com/en/c/tvs-projectors/televisions/b/lg,,,لم يُرصد,بانتظار أول رصد سعر,0,,,True,يحتاج اكتشاف رابط المنتج,,2026-07-30T00:00:00,2026-07-30T00:00:00
CASH-8558EC9471C97E,VAR-75C0E2DA9F2B23|EG-013|STORE,MAP-78F78107CF0E988A,VAR-75C0E2DA9F2B23,EG-013,,,EGP,,,,,,,,,,,القاهرة,,,,,,,True,,HTML/JSON-LD,https://btech.com/en/p/lg-55-inch-4k-smart-qned-tv-receiver-55qned80t6b,,,لم يُرصد,بانتظار أول رصد سعر,0,,,True,جاهز لأول رصد,,2026-07-30T00:00:00,2026-07-30T00:00:00
CASH-6653C32AB1EAA1,VAR-4C3D4EE3343D85|EG-013|STORE,MAP-A4C917DF62C5A988,VAR-4C3D4EE3343D85,EG-013,,,EGP,,,,,,,,,,,القاهرة,,,,,,,True,,اكتشاف من صفحة فئة,https://btech.com/en/c/tvs-projectors/televisions/b/lg,,,لم يُرصد,بانتظار أول رصد سعر,0,,,True,يحتاج اكتشاف رابط المنتج,,2026-07-30T00:00:00,2026-07-30T00:00:00
CASH-1818D8D7AC69F5,VAR-D707D9B5F365BB|EG-013|STORE,MAP-CF144D034441EE5A,VAR-D707D9B5F365BB,EG-013,,,EGP,,,,,,,,,,,القاهرة,,,,,,,True,,اكتشاف من صفحة فئة,https://btech.com/en/c/tvs-projectors/televisions/b/lg,,,لم يُرصد,بانتظار أول رصد سعر,0,,,True,يحتاج اكتشاف رابط المنتج,,2026-07-30T00:00:00,2026-07-30T00:00:00
CASH-687E98BC0056E4,VAR-3D4F01626DD3EE|EG-013|STORE,MAP-95C2C0DBB297073A,VAR-3D4F01626DD3EE,EG-013,,,EGP,,,,,,,,,,,القاهرة,,,,,,,True,,HTML/JSON-LD,https://btech.com/en/p/lg-55-inch-4k-smart-tv-built-in-receiver-55ur78006ll,,,لم يُرصد,بانتظار أول رصد سعر,0,,,True,جاهز لأول رصد,,2026-07-30T00:00:00,2026-07-30T00:00:00
CASH-6CDBE9E2520FE5,VAR-B668BF682707F4|EG-013|STORE,MAP-5782C43CEE368794,VAR-B668BF682707F4,EG-013,,,EGP,,,,,,,,,,,القاهرة,,,,,,,True,,اكتشاف من صفحة فئة,https://btech.com/en/c/tvs-projectors/televisions/b/lg,,,لم يُرصد,بانتظار أول رصد سعر,0,,,True,يحتاج اكتشاف رابط المنتج,,2026-07-30T00:00:00,2026-07-30T00:00:00
CASH-BDB0CF0A4BE611,VAR-259CBFEFA6ABFC|EG-013|STORE,MAP-45F7055CF1FA0A14,VAR-259CBFEFA6ABFC,EG-013,,,EGP,,,,,,,,,,,القاهرة,,,,,,,True,,اكتشاف من صفحة فئة,https://btech.com/en/c/tvs-projectors/televisions/b/lg,,,لم يُرصد,بانتظار أول رصد سعر,0,,,True,يحتاج اكتشاف رابط المنتج,,2026-07-30T00:00:00,2026-07-30T00:00:00
CASH-BC48F095A0975A,VAR-11AFE99A1AD026|EG-013|STORE,MAP-735E3CB58406ACB1,VAR-11AFE99A1AD026,EG-013,,,EGP,,,,,,,,,,,القاهرة,,,,,,,True,,اكتشاف من صفحة فئة,https://btech.com/en/c/tvs-projectors/televisions/b/lg,,,لم يُرصد,بانتظار أول رصد سعر,0,,,True,يحتاج اكتشاف رابط المنتج,,2026-07-30T00:00:00,2026-07-30T00:00:00
CASH-156FEB8C20CA4B,VAR-6809A68ECF639D|EG-013|STORE,MAP-5D29E22747C5B2C7,VAR-6809A68ECF639D,EG-013,,,EGP,,,,,,,,,,,القاهرة,,,,,,,True,,اكتشاف من صفحة فئة,https://btech.com/en/c/tvs-projectors/televisions/b/lg,,,لم يُرصد,بانتظار أول رصد سعر,0,,,True,يحتاج اكتشاف رابط المنتج,تم دمج 2 أدلة لنفس المنتج والمتجر.,2026-07-30T00:00:00,2026-07-30T00:00:00
CASH-CCBAD6C0E3A995,VAR-C275A91D9DC1FC|EG-013|STORE,MAP-5E15F77BA2CC4599,VAR-C275A91D9DC1FC,EG-013,,,EGP,,,,,,,,,,,القاهرة,,,,,,,True,,اكتشاف من صفحة فئة,https://btech.com/en/c/tvs-projectors/televisions/b/lg,,,لم يُرصد,بانتظار أول رصد سعر,0,,,True,يحتاج اكتشاف رابط المنتج,,2026-07-30T00:00:00,2026-07-30T00:00:00
CASH-9B5486D6D2ED82,VAR-26037702821D03|EG-013|STORE,MAP-77A4F79478CE33DC,VAR-26037702821D03,EG-013,,,EGP,,,,,,,,,,,القاهرة,,,,,,,True,,اكتشاف من صفحة فئة,https://btech.com/en/c/tvs-projectors/televisions/b/lg,,,لم يُرصد,بانتظار أول رصد سعر,0,,,True,يحتاج اكتشاف رابط المنتج,,2026-07-30T00:00:00,2026-07-30T00:00:00
CASH-B13D6DA29F379D,VAR-BE3F9519D2B602|EG-013|STORE,MAP-60E1768704024987,VAR-BE3F9519D2B602,EG-013,,,EGP,,,,,,,,,,,القاهرة,,,,,,,True,,اكتشاف من صفحة فئة,https://btech.com/en/c/tvs-projectors/televisions/b/lg,,,لم يُرصد,بانتظار أول رصد سعر,0,,,True,يحتاج اكتشاف رابط المنتج,,2026-07-30T00:00:00,2026-07-30T00:00:00
CASH-5A31ECB680F31F,VAR-07A2682C159CE9|EG-013|STORE,MAP-EFC088047EBA2D6F,VAR-07A2682C159CE9,EG-013,,,EGP,,,,,,,,,,,القاهرة,,,,,,,True,,اكتشاف من صفحة فئة,https://btech.com/en/c/tvs-projectors/televisions/b/lg,,,لم يُرصد,بانتظار أول رصد سعر,0,,,True,يحتاج اكتشاف رابط المنتج,,2026-07-30T00:00:00,2026-07-30T00:00:00
CASH-CB07C2613F8066,VAR-F4A137B5095FFC|EG-013|STORE,MAP-72045FAA733C695A,VAR-F4A137B5095FFC,EG-013,,,EGP,,,,,,,,,,,القاهرة,,,,,,,True,,اكتشاف من صفحة فئة,https://btech.com/en/c/tvs-projectors/televisions/b/lg,,,لم يُرصد,بانتظار أول رصد سعر,0,,,True,يحتاج اكتشاف رابط المنتج,,2026-07-30T00:00:00,2026-07-30T00:00:00
CASH-F1EA7DF1FDDA39,VAR-6A8208154B1DE0|EG-013|STORE,MAP-09AD751759E42A6C,VAR-6A8208154B1DE0,EG-013,,,EGP,,,,,,,,,,,القاهرة,,,,,,,True,,اكتشاف من صفحة فئة,https://btech.com/en/c/tvs-projectors/televisions/b/lg,,,لم يُرصد,بانتظار أول رصد سعر,0,,,True,يحتاج اكتشاف رابط المنتج,,2026-07-30T00:00:00,2026-07-30T00:00:00
CASH-D954EBE4953D8D,VAR-436D4523D6A786|EG-013|STORE,MAP-3766CA4575C0470C,VAR-436D4523D6A786,EG-013,,,EGP,,,,,,,,,,,القاهرة,,,,,,,True,,اكتشاف من صفحة فئة,https://btech.com/en/c/tvs-projectors/televisions/b/lg,,,لم يُرصد,بانتظار أول رصد سعر,0,,,True,يحتاج اكتشاف رابط المنتج,,2026-07-30T00:00:00,2026-07-30T00:00:00
CASH-026DFCD7A2A0D4,VAR-0642E5397BF5CA|EG-013|STORE,MAP-5A57833064E9083D,VAR-0642E5397BF5CA,EG-013,,,EGP,,,,,,,,,,,القاهرة,,,,,,,True,,اكتشاف من صفحة فئة,https://btech.com/en/c/tvs-projectors/televisions/b/lg,,,لم يُرصد,بانتظار أول رصد سعر,0,,,True,يحتاج اكتشاف رابط المنتج,,2026-07-30T00:00:00,2026-07-30T00:00:00
CASH-763F33663BB1E8,VAR-484F9279BC8D23|EG-013|STORE,MAP-ACEBE29A7973D47E,VAR-484F9279BC8D23,EG-013,,,EGP,,,,,,,,,,,القاهرة,,,,,,,True,,اكتشاف من صفحة فئة,https://btech.com/en/c/tvs-projectors/televisions/b/lg,,,لم يُرصد,بانتظار أول رصد سعر,0,,,True,يحتاج اكتشاف رابط المنتج,,2026-07-30T00:00:00,2026-07-30T00:00:00
CASH-DD0792054F93A4,VAR-2B6923FE1003A1|EG-013|STORE,MAP-C3E0D9A61577B5AD,VAR-2B6923FE1003A1,EG-013,,,EGP,,,,,,,,,,,القاهرة,,,,,,,True,,اكتشاف من صفحة فئة,https://btech.com/en/c/tvs-projectors/televisions/b/lg,,,لم يُرصد,بانتظار أول رصد سعر,0,,,True,يحتاج اكتشاف رابط المنتج,,2026-07-30T00:00:00,2026-07-30T00:00:00
CASH-FE08CD882D231C,VAR-AADD9FE8FCC989|EG-013|STORE,MAP-09B8401D33B11046,VAR-AADD9FE8FCC989,EG-013,,,EGP,,,,,,,,,,,القاهرة,,,,,,,True,,اكتشاف من صفحة فئة,https://btech.com/en/c/tvs-projectors/televisions/b/lg,,,لم يُرصد,بانتظار أول رصد سعر,0,,,True,يحتاج اكتشاف رابط المنتج,,2026-07-30T00:00:00,2026-07-30T00:00:00
CASH-804DDEE0E4C967,VAR-CB3FBDE5E6D203|EG-013|STORE,MAP-2E9BF458A11E836D,VAR-CB3FBDE5E6D203,EG-013,,,EGP,,,,,,,,,,,القاهرة,,,,,,,True,,اكتشاف من صفحة فئة,https://btech.com/en/c/tvs-projectors/televisions/b/lg,,,لم يُرصد,بانتظار أول رصد سعر,0,,,True,يحتاج اكتشاف رابط المنتج,تم دمج 2 أدلة لنفس المنتج والمتجر.,2026-07-30T00:00:00,2026-07-30T00:00:00
CASH-C99F2D895DB85D,VAR-D537B6DE600799|EG-013|STORE,MAP-2EC74ADE713326FA,VAR-D537B6DE600799,EG-013,,,EGP,,,,,,,,,,,القاهرة,,,,,,,True,,HTML/JSON-LD,https://btech.com/en/p/lg-55-4k-smart-oled-tv-oled55cs6la,,,لم يُرصد,بانتظار أول رصد سعر,0,,,True,جاهز لأول رصد,,2026-07-30T00:00:00,2026-07-30T00:00:00
CASH-8009823AF62FC3,VAR-98E112CC8160B6|EG-013|STORE,MAP-D6E2124E6494A54D,VAR-98E112CC8160B6,EG-013,,,EGP,,,,,,,,,,,القاهرة,,,,,,,True,,اكتشاف من صفحة فئة,https://btech.com/en/c/tvs-projectors/televisions/b/lg,,,لم يُرصد,بانتظار أول رصد سعر,0,,,True,يحتاج اكتشاف رابط المنتج,,2026-07-30T00:00:00,2026-07-30T00:00:00
CASH-1328D732677C3C,VAR-67225F98308D1B|EG-013|STORE,MAP-F43C8C0C31B3C3CE,VAR-67225F98308D1B,EG-013,,,EGP,,,,,,,,,,,القاهرة,,,,,,,True,,اكتشاف من صفحة فئة,https://btech.com/en/c/tvs-projectors/televisions/b/lg,,,لم يُرصد,بانتظار أول رصد سعر,0,,,True,يحتاج اكتشاف رابط المنتج,,2026-07-30T00:00:00,2026-07-30T00:00:00
CASH-41D0EFE3D07558,VAR-C87C98F90B741C|EG-013|STORE,MAP-73DA4A9F6F926983,VAR-C87C98F90B741C,EG-013,,,EGP,,,,,,,,,,,القاهرة,,,,,,,True,,اكتشاف من صفحة فئة,https://btech.com/en/c/tvs-projectors/televisions/b/samsung,,,لم يُرصد,بانتظار أول رصد سعر,0,,,True,يحتاج اكتشاف رابط المنتج,تم دمج 2 أدلة لنفس المنتج والمتجر.,2026-07-30T00:00:00,2026-07-30T00:00:00
CASH-E5B212B2ABE06F,VAR-C288E293B35ED9|EG-013|STORE,MAP-40C277D96D50237B,VAR-C288E293B35ED9,EG-013,,,EGP,,,,,,,,,,,القاهرة,,,,,,,True,,اكتشاف من صفحة فئة,https://btech.com/en/c/tvs-projectors/televisions/b/samsung,,,لم يُرصد,بانتظار أول رصد سعر,0,,,True,يحتاج اكتشاف رابط المنتج,تم دمج 2 أدلة لنفس المنتج والمتجر.,2026-07-30T00:00:00,2026-07-30T00:00:00
CASH-9C75BF26BF0518,VAR-F2C766D50632F5|EG-013|STORE,MAP-7D3A184BAAB42E4D,VAR-F2C766D50632F5,EG-013,,,EGP,,,,,,,,,,,القاهرة,,,,,,,True,,اكتشاف من صفحة فئة,https://btech.com/en/c/tvs-projectors/televisions/b/samsung,,,لم يُرصد,بانتظار أول رصد سعر,0,,,True,يحتاج اكتشاف رابط المنتج,,2026-07-30T00:00:00,2026-07-30T00:00:00
CASH-9FD4E79AFD8DAE,VAR-6D6C8BE7BB4167|EG-013|STORE,MAP-A3E6220397C06792,VAR-6D6C8BE7BB4167,EG-013,,,EGP,,,,,,,,,,,القاهرة,,,,,,,True,,اكتشاف من صفحة فئة,https://btech.com/en/c/tvs-projectors/televisions/b/samsung,,,لم يُرصد,بانتظار أول رصد سعر,0,,,True,يحتاج اكتشاف رابط المنتج,,2026-07-30T00:00:00,2026-07-30T00:00:00
CASH-82895BE4E511B9,VAR-4FB60524E4C35D|EG-013|STORE,MAP-D1C629A91D2F9239,VAR-4FB60524E4C35D,EG-013,,,EGP,,,,,,,,,,,القاهرة,,,,,,,True,,اكتشاف من صفحة فئة,https://btech.com/en/c/tvs-projectors/televisions/b/samsung,,,لم يُرصد,بانتظار أول رصد سعر,0,,,True,يحتاج اكتشاف رابط المنتج,,2026-07-30T00:00:00,2026-07-30T00:00:00
CASH-1CDAE9B28A5AB9,VAR-21F14D4E10CA3D|EG-013|STORE,MAP-83A874AE6AAF60AD,VAR-21F14D4E10CA3D,EG-013,,,EGP,,,,,,,,,,,القاهرة,,,,,,,True,,اكتشاف من صفحة فئة,https://btech.com/en/c/tvs-projectors/televisions/b/samsung,,,لم يُرصد,بانتظار أول رصد سعر,0,,,True,يحتاج اكتشاف رابط المنتج,,2026-07-30T00:00:00,2026-07-30T00:00:00
CASH-EDDF4BDFAEDE23,VAR-EBE4BF69A389E2|EG-013|STORE,MAP-DCCE4349ED4E82CE,VAR-EBE4BF69A389E2,EG-013,,,EGP,,,,,,,,,,,القاهرة,,,,,,,True,,اكتشاف من صفحة فئة,https://btech.com/en/c/tvs-projectors/televisions/b/samsung,,,لم يُرصد,بانتظار أول رصد سعر,0,,,True,يحتاج اكتشاف رابط المنتج,,2026-07-30T00:00:00,2026-07-30T00:00:00
CASH-8EE2707CECD1A2,VAR-B1A83EB9DD9C50|EG-013|STORE,MAP-4C70B81227262BF7,VAR-B1A83EB9DD9C50,EG-013,,,EGP,,,,,,,,,,,القاهرة,,,,,,,True,,اكتشاف من صفحة فئة,https://btech.com/en/c/tvs-projectors/televisions/b/samsung,,,لم يُرصد,بانتظار أول رصد سعر,0,,,True,يحتاج اكتشاف رابط المنتج,تم دمج 2 أدلة لنفس المنتج والمتجر.,2026-07-30T00:00:00,2026-07-30T00:00:00
CASH-0B5F7A905E7950,VAR-0C4545E063CBFA|EG-013|STORE,MAP-72253FC15C2752E3,VAR-0C4545E063CBFA,EG-013,,,EGP,,,,,,,,,,,القاهرة,,,,,,,True,,اكتشاف من صفحة فئة,https://btech.com/en/c/tvs-projectors/televisions/b/samsung,,,لم يُرصد,بانتظار أول رصد سعر,0,,,True,يحتاج اكتشاف رابط المنتج,تم دمج 2 أدلة لنفس المنتج والمتجر.,2026-07-30T00:00:00,2026-07-30T00:00:00
CASH-F94768DF64396C,VAR-DE2E2EC7FF42A0|EG-013|STORE,MAP-110198D948BC651A,VAR-DE2E2EC7FF42A0,EG-013,,,EGP,,,,,,,,,,,القاهرة,,,,,,,True,,HTML/JSON-LD,https://btech.com/en/p/samsung-55-4k-smart-led-55au7000,,,لم يُرصد,بانتظار أول رصد سعر,0,,,True,جاهز لأول رصد,,2026-07-30T00:00:00,2026-07-30T00:00:00
CASH-5A41BB69669C28,VAR-58A1B4CD882E30|EG-013|STORE,MAP-D9192CDE3FC477BD,VAR-58A1B4CD882E30,EG-013,,,EGP,,,,,,,,,,,القاهرة,,,,,,,True,,HTML/JSON-LD,https://btech.com/en/p/samsung-55-4k-uhd-smart-led-tv-built-in-receiver-55du7000-ii,,,لم يُرصد,بانتظار أول رصد سعر,0,,,True,جاهز لأول رصد,,2026-07-30T00:00:00,2026-07-30T00:00:00
CASH-986A2A48B9A414,VAR-379931CB1BBCD5|EG-013|STORE,MAP-C98524F5D7D944A7,VAR-379931CB1BBCD5,EG-013,,,EGP,,,,,,,,,,,القاهرة,,,,,,,True,,HTML/JSON-LD,https://btech.com/en/p/samsung-55-4k-uhd-smart-led-tv-built-in-receiver-55du8000,,,لم يُرصد,بانتظار أول رصد سعر,0,,,True,جاهز لأول رصد,,2026-07-30T00:00:00,2026-07-30T00:00:00
CASH-69395D0D7C4AD1,VAR-5377C41F5AF3EE|EG-013|STORE,MAP-84C82FD7D9224A34,VAR-5377C41F5AF3EE,EG-013,,,EGP,,,,,,,,,,,القاهرة,,,,,,,True,,HTML/JSON-LD,https://btech.com/en/p/samsung-frame-tv-55-inch-4k-uhd-smart-qled-receiver-55ls03fa,,,لم يُرصد,بانتظار أول رصد سعر,0,,,True,جاهز لأول رصد,,2026-07-30T00:00:00,2026-07-30T00:00:00
CASH-20A3CC35B29DCF,VAR-62CABAE1B13443|EG-013|STORE,MAP-6991006FDFC99D5B,VAR-62CABAE1B13443,EG-013,,,EGP,,,,,,,,,,,القاهرة,,,,,,,True,,اكتشاف من صفحة فئة,https://btech.com/en/c/tvs-projectors/televisions/b/samsung,,,لم يُرصد,بانتظار أول رصد سعر,0,,,True,يحتاج اكتشاف رابط المنتج,,2026-07-30T00:00:00,2026-07-30T00:00:00
CASH-2BC1A6BDFBCAC5,VAR-5801895B466A54|EG-013|STORE,MAP-DD2C62FFB86F5B8B,VAR-5801895B466A54,EG-013,,,EGP,,,,,,,,,,,القاهرة,,,,,,,True,,اكتشاف من صفحة فئة,https://btech.com/en/c/tvs-projectors/televisions/b/samsung,,,لم يُرصد,بانتظار أول رصد سعر,0,,,True,يحتاج اكتشاف رابط المنتج,,2026-07-30T00:00:00,2026-07-30T00:00:00
CASH-3DB3B7D37E8907,VAR-C21D49AB28D887|EG-013|STORE,MAP-8A435C70C712F15B,VAR-C21D49AB28D887,EG-013,,,EGP,,,,,,,,,,,القاهرة,,,,,,,True,,اكتشاف من صفحة فئة,https://btech.com/en/c/tvs-projectors/televisions/b/samsung,,,لم يُرصد,بانتظار أول رصد سعر,0,,,True,يحتاج اكتشاف رابط المنتج,,2026-07-30T00:00:00,2026-07-30T00:00:00
CASH-801E27315BD9F8,VAR-BF65DFC8A99B86|EG-013|STORE,MAP-2DC1D15B57DF438B,VAR-BF65DFC8A99B86,EG-013,,,EGP,,,,,,,,,,,القاهرة,,,,,,,True,,اكتشاف من صفحة فئة,https://btech.com/en/c/tvs-projectors/televisions/b/samsung,,,لم يُرصد,بانتظار أول رصد سعر,0,,,True,يحتاج اكتشاف رابط المنتج,,2026-07-30T00:00:00,2026-07-30T00:00:00
CASH-FB0AD9FFD4ABAE,VAR-697191D4C40ED8|EG-013|STORE,MAP-F3A984D767B1CB84,VAR-697191D4C40ED8,EG-013,,,EGP,,,,,,,,,,,القاهرة,,,,,,,True,,اكتشاف من صفحة فئة,https://btech.com/en/c/tvs-projectors/televisions/b/samsung,,,لم يُرصد,بانتظار أول رصد سعر,0,,,True,يحتاج اكتشاف رابط المنتج,,2026-07-30T00:00:00,2026-07-30T00:00:00
CASH-E663E43085C070,VAR-327E41D90F2015|EG-013|STORE,MAP-C281F97167567BF9,VAR-327E41D90F2015,EG-013,,,EGP,,,,,,,,,,,القاهرة,,,,,,,True,,اكتشاف من صفحة فئة,https://btech.com/en/c/tvs-projectors/televisions/b/samsung,,,لم يُرصد,بانتظار أول رصد سعر,0,,,True,يحتاج اكتشاف رابط المنتج,,2026-07-30T00:00:00,2026-07-30T00:00:00
CASH-52767864152623,VAR-386A1D054E6AD9|EG-013|STORE,MAP-B5E3DE377E3DDAD8,VAR-386A1D054E6AD9,EG-013,,,EGP,,,,,,,,,,,القاهرة,,,,,,,True,,اكتشاف من صفحة فئة,https://btech.com/en/c/tvs-projectors/televisions/b/samsung,,,لم يُرصد,بانتظار أول رصد سعر,0,,,True,يحتاج اكتشاف رابط المنتج,تم دمج 2 أدلة لنفس المنتج والمتجر.,2026-07-30T00:00:00,2026-07-30T00:00:00
CASH-AC2596B91C06F4,VAR-90EB1A64B1DB20|EG-013|STORE,MAP-1FCED6E5FD410903,VAR-90EB1A64B1DB20,EG-013,,,EGP,,,,,,,,,,,القاهرة,,,,,,,True,,اكتشاف من صفحة فئة,https://btech.com/en/c/tvs-projectors/televisions/b/samsung,,,لم يُرصد,بانتظار أول رصد سعر,0,,,True,يحتاج اكتشاف رابط المنتج,تم دمج 2 أدلة لنفس المنتج والمتجر.,2026-07-30T00:00:00,2026-07-30T00:00:00
CASH-3848DC9FCA406F,VAR-CDA559FF6C1D8D|EG-013|STORE,MAP-7658C9D2A5AB7248,VAR-CDA559FF6C1D8D,EG-013,,,EGP,,,,,,,,,,,القاهرة,,,,,,,True,,اكتشاف من صفحة فئة,https://btech.com/en/c/tvs-projectors/televisions/b/samsung,,,لم يُرصد,بانتظار أول رصد سعر,0,,,True,يحتاج اكتشاف رابط المنتج,,2026-07-30T00:00:00,2026-07-30T00:00:00
CASH-B81A96E6828576,VAR-35B55F059F8516|EG-013|STORE,MAP-AA281365AFB98E10,VAR-35B55F059F8516,EG-013,,,EGP,,,,,,,,,,,القاهرة,,,,,,,True,,اكتشاف من صفحة فئة,https://btech.com/en/c/tvs-projectors/televisions/b/samsung,,,لم يُرصد,بانتظار أول رصد سعر,0,,,True,يحتاج اكتشاف رابط المنتج,,2026-07-30T00:00:00,2026-07-30T00:00:00
CASH-708396CF125D38,VAR-84A455B617B32F|EG-013|STORE,MAP-309E030AFB1EBCBA,VAR-84A455B617B32F,EG-013,,,EGP,,,,,,,,,,,القاهرة,,,,,,,True,,اكتشاف من صفحة فئة,https://btech.com/en/c/tvs-projectors/televisions/b/samsung,,,لم يُرصد,بانتظار أول رصد سعر,0,,,True,يحتاج اكتشاف رابط المنتج,,2026-07-30T00:00:00,2026-07-30T00:00:00
CASH-556457BA4327ED,VAR-96ED2F1082F3C0|EG-013|STORE,MAP-5EC51D40EE71627B,VAR-96ED2F1082F3C0,EG-013,,,EGP,,,,,,,,,,,القاهرة,,,,,,,True,,اكتشاف من صفحة فئة,https://btech.com/en/c/tvs-projectors/televisions/b/samsung,,,لم يُرصد,بانتظار أول رصد سعر,0,,,True,يحتاج اكتشاف رابط المنتج,,2026-07-30T00:00:00,2026-07-30T00:00:00
CASH-7F15CE087234D7,VAR-8C7AB749C0C8F6|EG-013|STORE,MAP-F4EF9165E712B255,VAR-8C7AB749C0C8F6,EG-013,,,EGP,,,,,,,,,,,القاهرة,,,,,,,True,,اكتشاف من صفحة فئة,https://btech.com/en/c/tvs-projectors/televisions/b/samsung,,,لم يُرصد,بانتظار أول رصد سعر,0,,,True,يحتاج اكتشاف رابط المنتج,تم دمج 2 أدلة لنفس المنتج والمتجر.,2026-07-30T00:00:00,2026-07-30T00:00:00
CASH-DAC03CB266D98F,VAR-9D301D187113E9|EG-013|STORE,MAP-D9579B8AB3502BE0,VAR-9D301D187113E9,EG-013,,,EGP,,,,,,,,,,,القاهرة,,,,,,,True,,اكتشاف من صفحة فئة,https://btech.com/en/c/tvs-projectors/televisions/b/samsung,,,لم يُرصد,بانتظار أول رصد سعر,0,,,True,يحتاج اكتشاف رابط المنتج,,2026-07-30T00:00:00,2026-07-30T00:00:00
CASH-9565DB684813F1,VAR-C335124617E528|EG-013|STORE,MAP-78F9ADECA5134EAF,VAR-C335124617E528,EG-013,,,EGP,,,,,,,,,,,القاهرة,,,,,,,True,,اكتشاف من صفحة فئة,https://btech.com/en/c/tvs-projectors/televisions/b/samsung,,,لم يُرصد,بانتظار أول رصد سعر,0,,,True,يحتاج اكتشاف رابط المنتج,تم دمج 2 أدلة لنفس المنتج والمتجر.,2026-07-30T00:00:00,2026-07-30T00:00:00
CASH-06BEAD5680ECB7,VAR-3E850D58FF0CAD|EG-013|STORE,MAP-5FDCF80D9DFD9A8A,VAR-3E850D58FF0CAD,EG-013,,,EGP,,,,,,,,,,,القاهرة,,,,,,,True,,اكتشاف من صفحة فئة,https://btech.com/en/c/tvs-projectors/televisions/b/samsung,,,لم يُرصد,بانتظار أول رصد سعر,0,,,True,يحتاج اكتشاف رابط المنتج,,2026-07-30T00:00:00,2026-07-30T00:00:00
CASH-3B4B799E66AD58,VAR-566D2774957A9D|EG-013|STORE,MAP-C6A629F7E8E21ECF,VAR-566D2774957A9D,EG-013,,,EGP,,,,,,,,,,,القاهرة,,,,,,,True,,اكتشاف من صفحة فئة,https://btech.com/en/c/tvs-projectors/televisions/b/samsung,,,لم يُرصد,بانتظار أول رصد سعر,0,,,True,يحتاج اكتشاف رابط المنتج,,2026-07-30T00:00:00,2026-07-30T00:00:00
CASH-61934A2598A7C3,VAR-6ED90E490CC588|EG-013|STORE,MAP-ADDD879B86169A9C,VAR-6ED90E490CC588,EG-013,,,EGP,,,,,,,,,,,القاهرة,,,,,,,True,,اكتشاف من صفحة فئة,https://btech.com/en/c/tvs-projectors/televisions/b/samsung,,,لم يُرصد,بانتظار أول رصد سعر,0,,,True,يحتاج اكتشاف رابط المنتج,,2026-07-30T00:00:00,2026-07-30T00:00:00
CASH-162B5F6E70D30C,VAR-AF4F14F1948369|EG-013|STORE,MAP-BC568D27CB0313A9,VAR-AF4F14F1948369,EG-013,,,EGP,,,,,,,,,,,القاهرة,,,,,,,True,,HTML/JSON-LD,https://btech.com/en/p/samsung-55inch-smartoled-tv-receiver-qa55s90dawxxy,,,لم يُرصد,بانتظار أول رصد سعر,0,,,True,جاهز لأول رصد,,2026-07-30T00:00:00,2026-07-30T00:00:00
CASH-6C0A841D277AE5,VAR-D94785BEFB11D2|EG-013|STORE,MAP-736A8C4C4E008E82,VAR-D94785BEFB11D2,EG-013,,,EGP,,,,,,,,,,,القاهرة,,,,,,,True,,اكتشاف من صفحة فئة,https://btech.com/en/c/tvs-projectors/televisions/b/samsung,,,لم يُرصد,بانتظار أول رصد سعر,0,,,True,يحتاج اكتشاف رابط المنتج,,2026-07-30T00:00:00,2026-07-30T00:00:00
CASH-38BD5F1C4E0F01,VAR-863854FF34D7AB|EG-013|STORE,MAP-FEA467EEE71D4355,VAR-863854FF34D7AB,EG-013,,,EGP,,,,,,,,,,,القاهرة,,,,,,,True,,اكتشاف من صفحة فئة,https://btech.com/en/c/tvs-projectors/televisions/b/samsung,,,لم يُرصد,بانتظار أول رصد سعر,0,,,True,يحتاج اكتشاف رابط المنتج,,2026-07-30T00:00:00,2026-07-30T00:00:00
CASH-E1786D2D4604F7,VAR-C27B2FBBB94EA1|EG-013|STORE,MAP-659C4ACF54107521,VAR-C27B2FBBB94EA1,EG-013,,,EGP,,,,,,,,,,,القاهرة,,,,,,,True,,اكتشاف من صفحة فئة,https://btech.com/en/c/tvs-projectors/televisions/b/samsung,,,لم يُرصد,بانتظار أول رصد سعر,0,,,True,يحتاج اكتشاف رابط المنتج,,2026-07-30T00:00:00,2026-07-30T00:00:00
CASH-D66B774D5550B0,VAR-6912AABECF311B|EG-013|STORE,MAP-D021F8380A47F3FB,VAR-6912AABECF311B,EG-013,,,EGP,,,,,,,,,,,القاهرة,,,,,,,True,,اكتشاف من صفحة فئة,https://btech.com/en/c/tvs-projectors/televisions/b/samsung,,,لم يُرصد,بانتظار أول رصد سعر,0,,,True,يحتاج اكتشاف رابط المنتج,,2026-07-30T00:00:00,2026-07-30T00:00:00
CASH-2CF8418764E6B5,VAR-70A93AF9337317|EG-013|STORE,MAP-19EE534B16429994,VAR-70A93AF9337317,EG-013,,,EGP,,,,,,,,,,,القاهرة,,,,,,,True,,اكتشاف من صفحة فئة,https://btech.com/en/c/tvs-projectors/televisions,,,لم يُرصد,بانتظار أول رصد سعر,0,,,True,يحتاج اكتشاف رابط المنتج,,2026-07-30T00:00:00,2026-07-30T00:00:00
CASH-7B815563E1ABE8,VAR-8FFB4741392954|EG-013|STORE,MAP-5C9C061CD100F908,VAR-8FFB4741392954,EG-013,,,EGP,,,,,,,,,,,القاهرة,,,,,,,True,,اكتشاف من صفحة فئة,https://btech.com/en/c/tvs-projectors/televisions,,,لم يُرصد,بانتظار أول رصد سعر,0,,,True,يحتاج اكتشاف رابط المنتج,,2026-07-30T00:00:00,2026-07-30T00:00:00
CASH-33CB1B12639E8F,VAR-DAA863BADAB4EA|EG-013|STORE,MAP-FC6D02C209408957,VAR-DAA863BADAB4EA,EG-013,,,EGP,,,,,,,,,,,القاهرة,,,,,,,True,,اكتشاف من صفحة فئة,https://btech.com/en/c/tvs-projectors/televisions/b/tornado,,,لم يُرصد,بانتظار أول رصد سعر,0,,,True,يحتاج اكتشاف رابط المنتج,,2026-07-30T00:00:00,2026-07-30T00:00:00
CASH-64283CE7D492DB,VAR-FF55013BBF5BA1|EG-013|STORE,MAP-85BE502ED6642630,VAR-FF55013BBF5BA1,EG-013,,,EGP,,,,,,,,,,,القاهرة,,,,,,,True,,اكتشاف من صفحة فئة,https://btech.com/en/c/tvs-projectors/televisions/b/tornado,,,لم يُرصد,بانتظار أول رصد سعر,0,,,True,يحتاج اكتشاف رابط المنتج,,2026-07-30T00:00:00,2026-07-30T00:00:00
CASH-2DD764BBA5111A,VAR-D945CEC9798780|EG-013|STORE,MAP-09B3DA87621754FF,VAR-D945CEC9798780,EG-013,,,EGP,,,,,,,,,,,القاهرة,,,,,,,True,,اكتشاف من صفحة فئة,https://btech.com/en/c/tvs-projectors/televisions/b/tornado,,,لم يُرصد,بانتظار أول رصد سعر,0,,,True,يحتاج اكتشاف رابط المنتج,,2026-07-30T00:00:00,2026-07-30T00:00:00
CASH-A35B6172374C69,VAR-86BFD58E6B250C|EG-013|STORE,MAP-4581282A3341F6AE,VAR-86BFD58E6B250C,EG-013,,,EGP,,,,,,,,,,,القاهرة,,,,,,,True,,اكتشاف من صفحة فئة,https://btech.com/en/c/tvs-projectors/televisions/b/tornado,,,لم يُرصد,بانتظار أول رصد سعر,0,,,True,يحتاج اكتشاف رابط المنتج,,2026-07-30T00:00:00,2026-07-30T00:00:00
CASH-2FF54F6CB24343,VAR-9F611CCC3290EF|EG-013|STORE,MAP-7EEBDCFB05C724CF,VAR-9F611CCC3290EF,EG-013,,,EGP,,,,,,,,,,,القاهرة,,,,,,,True,,اكتشاف من صفحة فئة,https://btech.com/en/c/tvs-projectors/televisions/b/tornado,,,لم يُرصد,بانتظار أول رصد سعر,0,,,True,يحتاج اكتشاف رابط المنتج,,2026-07-30T00:00:00,2026-07-30T00:00:00
CASH-63309C8E03A9E7,VAR-317F9B083ACA84|EG-013|STORE,MAP-3974C15966C0AE8A,VAR-317F9B083ACA84,EG-013,,,EGP,,,,,,,,,,,القاهرة,,,,,,,True,,اكتشاف من صفحة فئة,https://btech.com/en/c/tvs-projectors/televisions/b/tornado,,,لم يُرصد,بانتظار أول رصد سعر,0,,,True,يحتاج اكتشاف رابط المنتج,,2026-07-30T00:00:00,2026-07-30T00:00:00
CASH-9B2F5D34553DE0,VAR-3BD3A2A5F9CD38|EG-013|STORE,MAP-E6A13E5D23FC61F4,VAR-3BD3A2A5F9CD38,EG-013,,,EGP,,,,,,,,,,,القاهرة,,,,,,,True,,اكتشاف من صفحة فئة,https://btech.com/en/c/tvs-projectors/televisions/b/tornado,,,لم يُرصد,بانتظار أول رصد سعر,0,,,True,يحتاج اكتشاف رابط المنتج,,2026-07-30T00:00:00,2026-07-30T00:00:00
CASH-54F7F1ABEA852F,VAR-48AAB77F7662C1|EG-013|STORE,MAP-A79ACD65054BC811,VAR-48AAB77F7662C1,EG-013,,,EGP,,,,,,,,,,,القاهرة,,,,,,,True,,اكتشاف من صفحة فئة,https://btech.com/en/c/tvs-projectors/televisions/b/tornado,,,لم يُرصد,بانتظار أول رصد سعر,0,,,True,يحتاج اكتشاف رابط المنتج,,2026-07-30T00:00:00,2026-07-30T00:00:00
CASH-E49CDC4C60E8E7,VAR-673A4F0B851EAD|EG-013|STORE,MAP-A34B9C15607306E2,VAR-673A4F0B851EAD,EG-013,,,EGP,,,,,,,,,,,القاهرة,,,,,,,True,,اكتشاف من صفحة فئة,https://btech.com/en/c/tvs-projectors/televisions/b/tornado,,,لم يُرصد,بانتظار أول رصد سعر,0,,,True,يحتاج اكتشاف رابط المنتج,,2026-07-30T00:00:00,2026-07-30T00:00:00
CASH-8401222E436012,VAR-64D94535B0AD9A|EG-013|STORE,MAP-BEBDB2C1CDA2F9D3,VAR-64D94535B0AD9A,EG-013,,,EGP,,,,,,,,,,,القاهرة,,,,,,,True,,اكتشاف من صفحة فئة,https://btech.com/en/c/tvs-projectors/televisions/b/tornado,,,لم يُرصد,بانتظار أول رصد سعر,0,,,True,يحتاج اكتشاف رابط المنتج,,2026-07-30T00:00:00,2026-07-30T00:00:00
CASH-A6248324C3CF56,VAR-C95905DCDA079D|EG-013|STORE,MAP-FEDB30A838432DA9,VAR-C95905DCDA079D,EG-013,,,EGP,,,,,,,,,,,القاهرة,,,,,,,True,,اكتشاف من صفحة فئة,https://btech.com/en/c/tvs-projectors/televisions/b/tornado,,,لم يُرصد,بانتظار أول رصد سعر,0,,,True,يحتاج اكتشاف رابط المنتج,,2026-07-30T00:00:00,2026-07-30T00:00:00
CASH-BB53898DDE6213,VAR-D0B3F3AD0BE588|EG-013|STORE,MAP-CBDE3986DC2E2508,VAR-D0B3F3AD0BE588,EG-013,,,EGP,,,,,,,,,,,القاهرة,,,,,,,True,,اكتشاف من صفحة فئة,https://btech.com/en/c/tvs-projectors/televisions/b/tornado,,,لم يُرصد,بانتظار أول رصد سعر,0,,,True,يحتاج اكتشاف رابط المنتج,,2026-07-30T00:00:00,2026-07-30T00:00:00
CASH-2AA7FE610179A2,VAR-69B5F75C275EE6|EG-013|STORE,MAP-A2D2C9DB18BFC1E0,VAR-69B5F75C275EE6,EG-013,,,EGP,,,,,,,,,,,القاهرة,,,,,,,True,,اكتشاف من صفحة فئة,https://btech.com/en/c/tvs-projectors/televisions/b/tornado,,,لم يُرصد,بانتظار أول رصد سعر,0,,,True,يحتاج اكتشاف رابط المنتج,,2026-07-30T00:00:00,2026-07-30T00:00:00
CASH-5DB6BBD1EB4321,VAR-FE9696470597AC|EG-013|STORE,MAP-AF821F91D9205EB8,VAR-FE9696470597AC,EG-013,,,EGP,,,,,,,,,,,القاهرة,,,,,,,True,,اكتشاف من صفحة فئة,https://btech.com/en/c/tvs-projectors/televisions/b/tornado,,,لم يُرصد,بانتظار أول رصد سعر,0,,,True,يحتاج اكتشاف رابط المنتج,,2026-07-30T00:00:00,2026-07-30T00:00:00
CASH-1C4D8A116D50AF,VAR-784DA0966EB9EC|EG-013|STORE,MAP-750506452A6B8D4E,VAR-784DA0966EB9EC,EG-013,,,EGP,,,,,,,,,,,القاهرة,,,,,,,True,,اكتشاف من صفحة فئة,https://btech.com/en/c/tvs-projectors/televisions/b/toshiba,,,لم يُرصد,بانتظار أول رصد سعر,0,,,True,يحتاج اكتشاف رابط المنتج,,2026-07-30T00:00:00,2026-07-30T00:00:00
CASH-11618E45D1EF8E,VAR-8A678764E6B327|EG-013|STORE,MAP-9E73EB0CEA9B4FB3,VAR-8A678764E6B327,EG-013,,,EGP,,,,,,,,,,,القاهرة,,,,,,,True,,اكتشاف من صفحة فئة,https://btech.com/en/c/tvs-projectors/televisions/b/toshiba,,,لم يُرصد,بانتظار أول رصد سعر,0,,,True,يحتاج اكتشاف رابط المنتج,,2026-07-30T00:00:00,2026-07-30T00:00:00
CASH-A794A2937EC5ED,VAR-08E980CFA42212|EG-013|STORE,MAP-57A90A5C7D7B4DC1,VAR-08E980CFA42212,EG-013,,,EGP,,,,,,,,,,,القاهرة,,,,,,,True,,اكتشاف من صفحة فئة,https://btech.com/en/c/tvs-projectors/televisions/b/toshiba,,,لم يُرصد,بانتظار أول رصد سعر,0,,,True,يحتاج اكتشاف رابط المنتج,,2026-07-30T00:00:00,2026-07-30T00:00:00
CASH-47ECCB18CFBCB4,VAR-22F2FAA7C4C861|EG-013|STORE,MAP-8283528C57E6D019,VAR-22F2FAA7C4C861,EG-013,,,EGP,,,,,,,,,,,القاهرة,,,,,,,True,,اكتشاف من صفحة فئة,https://btech.com/en/c/tvs-projectors/televisions/b/toshiba,,,لم يُرصد,بانتظار أول رصد سعر,0,,,True,يحتاج اكتشاف رابط المنتج,,2026-07-30T00:00:00,2026-07-30T00:00:00
CASH-D302685C1C3C5E,VAR-E50E397DCAF3BC|EG-013|STORE,MAP-41CB6B0E7210A28E,VAR-E50E397DCAF3BC,EG-013,,,EGP,,,,,,,,,,,القاهرة,,,,,,,True,,اكتشاف من صفحة فئة,https://btech.com/en/c/tvs-projectors/televisions/b/toshiba,,,لم يُرصد,بانتظار أول رصد سعر,0,,,True,يحتاج اكتشاف رابط المنتج,,2026-07-30T00:00:00,2026-07-30T00:00:00
CASH-832F6E8C559F92,VAR-241306EA39E10A|EG-013|STORE,MAP-0B86B4133BB8E355,VAR-241306EA39E10A,EG-013,,,EGP,,,,,,,,,,,القاهرة,,,,,,,True,,اكتشاف من صفحة فئة,https://btech.com/en/c/tvs-projectors/televisions/b/toshiba,,,لم يُرصد,بانتظار أول رصد سعر,0,,,True,يحتاج اكتشاف رابط المنتج,,2026-07-30T00:00:00,2026-07-30T00:00:00
CASH-9FF2B3B16FB436,VAR-D6B65BB9F267B2|EG-013|STORE,MAP-7AA2F121F2C259F2,VAR-D6B65BB9F267B2,EG-013,,,EGP,,,,,,,,,,,القاهرة,,,,,,,True,,اكتشاف من صفحة فئة,https://btech.com/en/c/tvs-projectors/televisions/b/toshiba,,,لم يُرصد,بانتظار أول رصد سعر,0,,,True,يحتاج اكتشاف رابط المنتج,,2026-07-30T00:00:00,2026-07-30T00:00:00
CASH-301D4427746DC3,VAR-4468DDF82292E5|EG-013|STORE,MAP-5526DD9D3AFDE79F,VAR-4468DDF82292E5,EG-013,,,EGP,,,,,,,,,,,القاهرة,,,,,,,True,,اكتشاف من صفحة فئة,https://btech.com/en/c/tvs-projectors/televisions/b/toshiba,,,لم يُرصد,بانتظار أول رصد سعر,0,,,True,يحتاج اكتشاف رابط المنتج,,2026-07-30T00:00:00,2026-07-30T00:00:00
CASH-A9B3EFD32607C0,VAR-44F543D7D0E5E3|EG-013|STORE,MAP-ED6D86D77EA39558,VAR-44F543D7D0E5E3,EG-013,,,EGP,,,,,,,,,,,القاهرة,,,,,,,True,,HTML/JSON-LD,https://btech.com/en/p/6b37bfb8-0c91-426a-99e3-00bec04e874e,,,لم يُرصد,بانتظار أول رصد سعر,0,,,True,جاهز لأول رصد,,2026-07-30T00:00:00,2026-07-30T00:00:00
CASH-8C5E3E09835C42,VAR-AECE2EEBBEB056|EG-013|STORE,MAP-5816A62BE93B9B37,VAR-AECE2EEBBEB056,EG-013,,,EGP,,,,,,,,,,,القاهرة,,,,,,,True,,اكتشاف من صفحة فئة,https://btech.com/en/c/tvs-projectors/televisions,,,لم يُرصد,بانتظار أول رصد سعر,0,,,True,يحتاج اكتشاف رابط المنتج,,2026-07-30T00:00:00,2026-07-30T00:00:00
CASH-11FD18BD457A1F,VAR-3088A126C5EB50|EG-013|STORE,MAP-00FBA018FB236182,VAR-3088A126C5EB50,EG-013,,,EGP,,,,,,,,,,,القاهرة,,,,,,,True,,HTML/JSON-LD,https://btech.com/en/p/xiaomi-32-inch-hd-smart-led-tv-with-built-in-receiver-l32m8p2eg,,,لم يُرصد,بانتظار أول رصد سعر,0,,,True,جاهز لأول رصد,,2026-07-30T00:00:00,2026-07-30T00:00:00
CASH-C1E89C02445B94,VAR-F48A4CC227C66D|EG-013|STORE,MAP-E811BE14D7BFD552,VAR-F48A4CC227C66D,EG-013,,,EGP,,,,,,,,,,,القاهرة,,,,,,,True,,HTML/JSON-LD,https://btech.com/en/p/xiaomi-43-inch-fhd-smart-led-tv-with-built-in-receiver-l43maafeg,,,لم يُرصد,بانتظار أول رصد سعر,0,,,True,جاهز لأول رصد,,2026-07-30T00:00:00,2026-07-30T00:00:00
CASH-CDB778AA0AE778,VAR-ACF87389EACC8D|EG-013|STORE,MAP-F252903A022D478E,VAR-ACF87389EACC8D,EG-013,,,EGP,,,,,,,,,,,القاهرة,,,,,,,True,,HTML/JSON-LD,https://btech.com/en/p/xiaomi-55-inch-4k-uhd-smart-led-tv-with-built-in-receiver-l55maaeg,,,لم يُرصد,بانتظار أول رصد سعر,0,,,True,جاهز لأول رصد,,2026-07-30T00:00:00,2026-07-30T00:00:00
CASH-30480A71D39855,VAR-CD2435B6A4B6D5|EG-013|STORE,MAP-84C78F051BC53664,VAR-CD2435B6A4B6D5,EG-013,,,EGP,,,,,,,,,,,القاهرة,,,,,,,True,,HTML/JSON-LD,https://btech.com/en/p/xiaomi-65-inch-4k-uhd-smart-qled-tv-with-built-in-receiver-l65maseg,,,لم يُرصد,بانتظار أول رصد سعر,0,,,True,جاهز لأول رصد,,2026-07-30T00:00:00,2026-07-30T00:00:00
CASH-F6D0549AA66A6E,VAR-FD1E894303C007|EG-013|STORE,MAP-921749BAF1321570,VAR-FD1E894303C007,EG-013,,,EGP,,,,,,,,,,,القاهرة,,,,,,,True,,HTML/JSON-LD,https://btech.com/en/p/91dc8f3f-be99-413a-bf93-17b4c2b22393,,,لم يُرصد,بانتظار أول رصد سعر,0,,,True,جاهز لأول رصد,,2026-07-30T00:00:00,2026-07-30T00:00:00
CASH-0384143541C335,VAR-E52B3DBBEE0E53|EG-013|STORE,MAP-ED4C65DC6BE83636,VAR-E52B3DBBEE0E53,EG-013,,,EGP,,,,,,,,,,,القاهرة,,,,,,,True,,HTML/JSON-LD,https://btech.com/en/p/lg-soundbar-5-1-channel-black-s65tr,,,لم يُرصد,بانتظار أول رصد سعر,0,,,True,جاهز لأول رصد,,2026-07-30T00:00:00,2026-07-30T00:00:00
CASH-7C797B22958D76,VAR-10322C74CD8672|EG-013|STORE,MAP-8AC72C680D9E068E,VAR-10322C74CD8672,EG-013,,,EGP,,,,,,,,,,,القاهرة,,,,,,,True,,HTML/JSON-LD,https://btech.com/en/p/lg-wireless-sound-bar-black-sc9s,,,لم يُرصد,بانتظار أول رصد سعر,0,,,True,جاهز لأول رصد,,2026-07-30T00:00:00,2026-07-30T00:00:00
CASH-94C4CE4C13D7D6,VAR-19DCD1FEDBCCEB|EG-013|STORE,MAP-6593F59A9E653BC6,VAR-19DCD1FEDBCCEB,EG-013,,,EGP,,,,,,,,,,,القاهرة,,,,,,,True,,HTML/JSON-LD,https://btech.com/en/p/efc8186f-d079-45c7-9eac-5c8db5714142,,,لم يُرصد,بانتظار أول رصد سعر,0,,,True,جاهز لأول رصد,,2026-07-30T00:00:00,2026-07-30T00:00:00
CASH-25641F9EF0E88C,VAR-00C37DC205158B|EG-013|STORE,MAP-56189F4A6A03BE51,VAR-00C37DC205158B,EG-013,,,EGP,,,,,,,,,,,القاهرة,,,,,,,True,,HTML/JSON-LD,https://btech.com/en/p/199d6ec8-70a6-4c83-8114-e41c23fa5375,,,لم يُرصد,بانتظار أول رصد سعر,0,,,True,جاهز لأول رصد,,2026-07-30T00:00:00,2026-07-30T00:00:00
CASH-2A479157F44E2D,VAR-88209B2C460043|EG-013|STORE,MAP-451F1F28562ABB4D,VAR-88209B2C460043,EG-013,,,EGP,,,,,,,,,,,القاهرة,,,,,,,True,,HTML/JSON-LD,https://btech.com/en/p/359e9885-199a-4011-9d71-a63eb52ed2f0,,,لم يُرصد,بانتظار أول رصد سعر,0,,,True,جاهز لأول رصد,,2026-07-30T00:00:00,2026-07-30T00:00:00
CASH-28FBB14CE67352,VAR-4CA8666F66F70B|EG-013|STORE,MAP-DCBFF43041F6EFCA,VAR-4CA8666F66F70B,EG-013,,,EGP,,,,,,,,,,,القاهرة,,,,,,,True,,اكتشاف من صفحة فئة,https://btech.com/en/c/audio-recording/audio/portable-bluetooth-speakers,,,لم يُرصد,بانتظار أول رصد سعر,0,,,True,يحتاج اكتشاف رابط المنتج,,2026-07-30T00:00:00,2026-07-30T00:00:00
CASH-5B1021125EB83C,VAR-5ED6F2B099986B|EG-013|STORE,MAP-D64C2A54AAC57B6D,VAR-5ED6F2B099986B,EG-013,,,EGP,,,,,,,,,,,القاهرة,,,,,,,True,,HTML/JSON-LD,https://btech.com/en/p/jbl-charge5-blutooth-speaker-blk,,,لم يُرصد,بانتظار أول رصد سعر,0,,,True,جاهز لأول رصد,,2026-07-30T00:00:00,2026-07-30T00:00:00
CASH-82261B7D39A6F7,VAR-E76EB2AF5BC6AF|EG-013|STORE,MAP-EBE64BB27C00BAA0,VAR-E76EB2AF5BC6AF,EG-013,,,EGP,,,,,,,,,,,القاهرة,,,,,,,True,,HTML/JSON-LD,https://btech.com/en/p/jbl-charge-6-bluetooth-speaker-black-jblcharge6blk,,,لم يُرصد,بانتظار أول رصد سعر,0,,,True,جاهز لأول رصد,,2026-07-30T00:00:00,2026-07-30T00:00:00
CASH-82F4DBA4EDAE8B,VAR-77F91AF4452F87|EG-013|STORE,MAP-B160BF1248221DD2,VAR-77F91AF4452F87,EG-013,,,EGP,,,,,,,,,,,القاهرة,,,,,,,True,,HTML/JSON-LD,https://btech.com/en/p/jbl-clip-4-portable-mini-bluetooth-speaker-ip67,,,لم يُرصد,بانتظار أول رصد سعر,0,,,True,جاهز لأول رصد,,2026-07-30T00:00:00,2026-07-30T00:00:00
CASH-C038BFCBC38810,VAR-E301252EAA175C|EG-013|STORE,MAP-44D8D92339D85AE1,VAR-E301252EAA175C,EG-013,,,EGP,,,,,,,,,,,القاهرة,,,,,,,True,,HTML/JSON-LD,https://btech.com/en/p/jbl-flip-6-blue-jblflip6bluam,,,لم يُرصد,بانتظار أول رصد سعر,0,,,True,جاهز لأول رصد,,2026-07-30T00:00:00,2026-07-30T00:00:00
CASH-5ABE077D5C0F35,VAR-58AE502B43CC19|EG-013|STORE,MAP-CE9A418D037176AB,VAR-58AE502B43CC19,EG-013,,,EGP,,,,,,,,,,,القاهرة,,,,,,,True,,HTML/JSON-LD,https://btech.com/en/p/jbl-flip-7-bt-speaker-black-jblflip7blkam,,,لم يُرصد,بانتظار أول رصد سعر,0,,,True,جاهز لأول رصد,,2026-07-30T00:00:00,2026-07-30T00:00:00
CASH-430A615D6B63DD,VAR-2CCB037A9D9A1B|EG-013|STORE,MAP-D089D40B6E843471,VAR-2CCB037A9D9A1B,EG-013,,,EGP,,,,,,,,,,,القاهرة,,,,,,,True,,HTML/JSON-LD,https://btech.com/en/p/8beca3e0-826d-4f63-b535-a8f4abda68b3,,,لم يُرصد,بانتظار أول رصد سعر,0,,,True,جاهز لأول رصد,,2026-07-30T00:00:00,2026-07-30T00:00:00
CASH-A2C74914ED8683,VAR-AB9644B9621023|EG-013|STORE,MAP-AB15C02856B74F4D,VAR-AB9644B9621023,EG-013,,,EGP,,,,,,,,,,,القاهرة,,,,,,,True,,اكتشاف من صفحة فئة,https://btech.com/en/c/audio-recording/audio/portable-bluetooth-speakers,,,لم يُرصد,بانتظار أول رصد سعر,0,,,True,يحتاج اكتشاف رابط المنتج,,2026-07-30T00:00:00,2026-07-30T00:00:00
CASH-A9346791DB46C0,VAR-C7D2C843BDB8AB|EG-013|STORE,MAP-E46D8CAF7094AFA6,VAR-C7D2C843BDB8AB,EG-013,,,EGP,,,,,,,,,,,القاهرة,,,,,,,True,,اكتشاف من صفحة فئة,https://btech.com/en/c/audio-recording/audio/portable-bluetooth-speakers,,,لم يُرصد,بانتظار أول رصد سعر,0,,,True,يحتاج اكتشاف رابط المنتج,,2026-07-30T00:00:00,2026-07-30T00:00:00
CASH-B8321034C5DD63,VAR-DA0CB076E10546|EG-013|STORE,MAP-3097C91042A300C1,VAR-DA0CB076E10546,EG-013,,,EGP,,,,,,,,,,,القاهرة,,,,,,,True,,HTML/JSON-LD,https://btech.com/en/p/jbl-go-4-bluetooth-speaker-black-jblgo4blkam,,,لم يُرصد,بانتظار أول رصد سعر,0,,,True,جاهز لأول رصد,,2026-07-30T00:00:00,2026-07-30T00:00:00
CASH-FA37155123EF2E,VAR-00660F802CBA94|EG-013|STORE,MAP-B9F161791EEB3C91,VAR-00660F802CBA94,EG-013,,,EGP,,,,,,,,,,,القاهرة,,,,,,,True,,اكتشاف من صفحة فئة,https://btech.com/en/c/audio-recording/audio/portable-bluetooth-speakers,,,لم يُرصد,بانتظار أول رصد سعر,0,,,True,يحتاج اكتشاف رابط المنتج,,2026-07-30T00:00:00,2026-07-30T00:00:00
CASH-5B3B96803B3830,VAR-BA0E44C9AFF6E5|EG-013|STORE,MAP-F3AA93D6F33194C5,VAR-BA0E44C9AFF6E5,EG-013,,,EGP,,,,,,,,,,,القاهرة,,,,,,,True,,اكتشاف من صفحة فئة,https://btech.com/en/c/audio-recording/audio/portable-bluetooth-speakers,,,لم يُرصد,بانتظار أول رصد سعر,0,,,True,يحتاج اكتشاف رابط المنتج,,2026-07-30T00:00:00,2026-07-30T00:00:00
CASH-C5A7C0C63D07E0,VAR-F507A344805795|EG-013|STORE,MAP-2203934313DF2B0F,VAR-F507A344805795,EG-013,,,EGP,,,,,,,,,,,القاهرة,,,,,,,True,,اكتشاف من صفحة فئة,https://btech.com/en/c/audio-recording/audio/portable-bluetooth-speakers,,,لم يُرصد,بانتظار أول رصد سعر,0,,,True,يحتاج اكتشاف رابط المنتج,,2026-07-30T00:00:00,2026-07-30T00:00:00
CASH-CA3075DB261952,VAR-86AD74018924D6|EG-013|STORE,MAP-7FD8B8AB1590D258,VAR-86AD74018924D6,EG-013,,,EGP,,,,,,,,,,,القاهرة,,,,,,,True,,اكتشاف من صفحة فئة,https://btech.com/en/c/audio-recording/audio/portable-bluetooth-speakers,,,لم يُرصد,بانتظار أول رصد سعر,0,,,True,يحتاج اكتشاف رابط المنتج,,2026-07-30T00:00:00,2026-07-30T00:00:00
CASH-6B588AEC109F64,VAR-C8E19967D096AD|EG-013|STORE,MAP-755745FD1F944EA5,VAR-C8E19967D096AD,EG-013,,,EGP,,,,,,,,,,,القاهرة,,,,,,,True,,اكتشاف من صفحة فئة,https://btech.com/en/c/audio-recording/audio/portable-bluetooth-speakers,,,لم يُرصد,بانتظار أول رصد سعر,0,,,True,يحتاج اكتشاف رابط المنتج,,2026-07-30T00:00:00,2026-07-30T00:00:00
CASH-DF8A5655EB960D,VAR-F3004429F9DE7E|EG-013|STORE,MAP-4F3B50CEBF9FF6C0,VAR-F3004429F9DE7E,EG-013,,,EGP,,,,,,,,,,,القاهرة,,,,,,,True,,اكتشاف من صفحة فئة,https://btech.com/en/c/audio-recording/audio/portable-bluetooth-speakers,,,لم يُرصد,بانتظار أول رصد سعر,0,,,True,يحتاج اكتشاف رابط المنتج,,2026-07-30T00:00:00,2026-07-30T00:00:00
CASH-498CDBCD8BA615,VAR-E8173C39DB34AD|EG-013|STORE,MAP-7503EFC0FE8090BE,VAR-E8173C39DB34AD,EG-013,,,EGP,,,,,,,,,,,القاهرة,,,,,,,True,,HTML/JSON-LD,https://btech.com/en/p/jbl-partybox-stage320-bluetooth-speaker-black-jblpbstage320am-4,,,لم يُرصد,بانتظار أول رصد سعر,0,,,True,جاهز لأول رصد,,2026-07-30T00:00:00,2026-07-30T00:00:00
CASH-2A7812F8118BA9,VAR-D57F06275DD3E0|EG-013|STORE,MAP-7C1E1AF8A3D2D0A8,VAR-D57F06275DD3E0,EG-013,,,EGP,,,,,,,,,,,القاهرة,,,,,,,True,,HTML/JSON-LD,https://btech.com/en/p/jbl-xtreme-4-portable-bluetooth-speaker-camouflage-jblxtreme4camouk,,,لم يُرصد,بانتظار أول رصد سعر,0,,,True,جاهز لأول رصد,,2026-07-30T00:00:00,2026-07-30T00:00:00
CASH-03FB6F737EBB2A,VAR-E47A1CB3722127|EG-013|STORE,MAP-42F603BDBB3030F8,VAR-E47A1CB3722127,EG-013,,,EGP,,,,,,,,,,,القاهرة,,,,,,,True,,اكتشاف من صفحة فئة,https://btech.com/en/c/audio-recording/audio/portable-bluetooth-speakers,,,لم يُرصد,بانتظار أول رصد سعر,0,,,True,يحتاج اكتشاف رابط المنتج,,2026-07-30T00:00:00,2026-07-30T00:00:00
CASH-782BFFBAA33E5F,VAR-D5C0F6204C2060|EG-013|STORE,MAP-6175896062EC9ABB,VAR-D5C0F6204C2060,EG-013,,,EGP,,,,,,,,,,,القاهرة,,,,,,,True,,اكتشاف من صفحة فئة,https://btech.com/en/c/audio-recording/audio/portable-bluetooth-speakers,,,لم يُرصد,بانتظار أول رصد سعر,0,,,True,يحتاج اكتشاف رابط المنتج,,2026-07-30T00:00:00,2026-07-30T00:00:00
CASH-BC1B4EB9B4B10C,VAR-3FE36D29EBBF58|EG-013|STORE,MAP-93A49DE082FE62A3,VAR-3FE36D29EBBF58,EG-013,,,EGP,,,,,,,,,,,القاهرة,,,,,,,True,,اكتشاف من صفحة فئة,https://btech.com/en/c/audio-recording/audio/portable-bluetooth-speakers,,,لم يُرصد,بانتظار أول رصد سعر,0,,,True,يحتاج اكتشاف رابط المنتج,,2026-07-30T00:00:00,2026-07-30T00:00:00
CASH-A39B2DE44929EA,VAR-1903437BBDC57A|EG-013|STORE,MAP-7E37368D51F85E26,VAR-1903437BBDC57A,EG-013,,,EGP,,,,,,,,,,,القاهرة,,,,,,,True,,اكتشاف من صفحة فئة,https://btech.com/en/c/audio-recording/audio/portable-bluetooth-speakers,,,لم يُرصد,بانتظار أول رصد سعر,0,,,True,يحتاج اكتشاف رابط المنتج,,2026-07-30T00:00:00,2026-07-30T00:00:00
CASH-4F71A02C2611BC,VAR-26778C66A49AEF|EG-013|STORE,MAP-17A91C9E70701DA5,VAR-26778C66A49AEF,EG-013,,,EGP,,,,,,,,,,,القاهرة,,,,,,,True,,اكتشاف من صفحة فئة,https://btech.com/en/c/audio-recording/audio/portable-bluetooth-speakers,,,لم يُرصد,بانتظار أول رصد سعر,0,,,True,يحتاج اكتشاف رابط المنتج,,2026-07-30T00:00:00,2026-07-30T00:00:00
CASH-4A8AC0744DE784,VAR-853885185940C1|EG-013|STORE,MAP-F585EC0D1F8AF457,VAR-853885185940C1,EG-013,,,EGP,,,,,,,,,,,القاهرة,,,,,,,True,,اكتشاف من صفحة فئة,https://btech.com/en/c/audio-recording/audio/portable-bluetooth-speakers,,,لم يُرصد,بانتظار أول رصد سعر,0,,,True,يحتاج اكتشاف رابط المنتج,,2026-07-30T00:00:00,2026-07-30T00:00:00
CASH-009906CE2062E5,VAR-BC79381FB8E401|EG-013|STORE,MAP-39095167DA01D8F2,VAR-BC79381FB8E401,EG-013,,,EGP,,,,,,,,,,,القاهرة,,,,,,,True,,اكتشاف من صفحة فئة,https://btech.com/en/c/audio-recording/audio/portable-bluetooth-speakers,,,لم يُرصد,بانتظار أول رصد سعر,0,,,True,يحتاج اكتشاف رابط المنتج,,2026-07-30T00:00:00,2026-07-30T00:00:00
CASH-EF76B80C1A2970,VAR-136B34F46B5DAE|EG-013|STORE,MAP-A40E2A6AC95B0519,VAR-136B34F46B5DAE,EG-013,,,EGP,,,,,,,,,,,القاهرة,,,,,,,True,,اكتشاف من صفحة فئة,https://btech.com/en/c/audio-recording/audio/portable-bluetooth-speakers,,,لم يُرصد,بانتظار أول رصد سعر,0,,,True,يحتاج اكتشاف رابط المنتج,,2026-07-30T00:00:00,2026-07-30T00:00:00
CASH-1480BD52FC2B9A,VAR-9349C84038E213|EG-013|STORE,MAP-ECD9DB507A145399,VAR-9349C84038E213,EG-013,,,EGP,,,,,,,,,,,القاهرة,,,,,,,True,,اكتشاف من صفحة فئة,https://btech.com/en/c/audio-recording/audio/portable-bluetooth-speakers,,,لم يُرصد,بانتظار أول رصد سعر,0,,,True,يحتاج اكتشاف رابط المنتج,,2026-07-30T00:00:00,2026-07-30T00:00:00
CASH-5BA7389CBBD27A,VAR-8DC7480DB5C38F|EG-013|STORE,MAP-A0E61629524C37E6,VAR-8DC7480DB5C38F,EG-013,,,EGP,,,,,,,,,,,القاهرة,,,,,,,True,,اكتشاف من صفحة فئة,https://btech.com/en/c/audio-recording/audio/portable-bluetooth-speakers,,,لم يُرصد,بانتظار أول رصد سعر,0,,,True,يحتاج اكتشاف رابط المنتج,,2026-07-30T00:00:00,2026-07-30T00:00:00
CASH-BF16BF1D5EE449,VAR-F55C11D3D05490|EG-013|STORE,MAP-A042C73AFD8137E3,VAR-F55C11D3D05490,EG-013,,,EGP,,,,,,,,,,,القاهرة,,,,,,,True,,HTML/JSON-LD,https://btech.com/en/p/anker-soundcoreh30i-bluetooth-headphones-red-a3012h91,,,لم يُرصد,بانتظار أول رصد سعر,0,,,True,جاهز لأول رصد,,2026-07-30T00:00:00,2026-07-30T00:00:00
CASH-053BF9D8ED11F1,VAR-726A7E4E4F5F51|EG-013|STORE,MAP-D4DF7C32E6A13D48,VAR-726A7E4E4F5F51,EG-013,,,EGP,,,,,,,,,,,القاهرة,,,,,,,True,,HTML/JSON-LD,https://btech.com/en/p/anker-soundcore-liberty-4-pro-earbuds-with-noise-cancellation-black-a3954h11,,,لم يُرصد,بانتظار أول رصد سعر,0,,,True,جاهز لأول رصد,,2026-07-30T00:00:00,2026-07-30T00:00:00
CASH-BC383A9D98CE20,VAR-E0571A1556E310|EG-013|STORE,MAP-5054B56640C4449B,VAR-E0571A1556E310,EG-013,,,EGP,,,,,,,,,,,القاهرة,,,,,,,True,,HTML/JSON-LD,https://btech.com/en/p/anker-soundcore-p40i-earbuds-with-noise-cancellation-black-a3955h110-11,,,لم يُرصد,بانتظار أول رصد سعر,0,,,True,جاهز لأول رصد,,2026-07-30T00:00:00,2026-07-30T00:00:00
CASH-E64B699C3A4CCB,VAR-4B179C3B5B2BE4|EG-013|STORE,MAP-664709162AD5FE67,VAR-4B179C3B5B2BE4,EG-013,,,EGP,,,,,,,,,,,القاهرة,,,,,,,True,,HTML/JSON-LD,https://btech.com/en/p/anker-soundcore-q11i-wireless-headphones-black-a3005,,,لم يُرصد,بانتظار أول رصد سعر,0,,,True,جاهز لأول رصد,,2026-07-30T00:00:00,2026-07-30T00:00:00
CASH-21C7DEA1B262B7,VAR-1E3F9793593095|EG-013|STORE,MAP-266031E70F3371C3,VAR-1E3F9793593095,EG-013,,,EGP,,,,,,,,,,,القاهرة,,,,,,,True,,HTML/JSON-LD,https://btech.com/en/p/anker-soundcore-wirless-r100,,,لم يُرصد,بانتظار أول رصد سعر,0,,,True,جاهز لأول رصد,,2026-07-30T00:00:00,2026-07-30T00:00:00
CASH-7F4E55B4FF1856,VAR-E6C0CF50D37363|EG-013|STORE,MAP-516C8BF148A2F50B,VAR-E6C0CF50D37363,EG-013,,,EGP,,,,,,,,,,,القاهرة,,,,,,,True,,HTML/JSON-LD,https://btech.com/en/p/anker-soundcore-space-one-wired-wireless-headphone-black-a3035011,,,لم يُرصد,بانتظار أول رصد سعر,0,,,True,جاهز لأول رصد,,2026-07-30T00:00:00,2026-07-30T00:00:00
CASH-3DEC0668CD0ED8,VAR-CA915ED791EAE3|EG-013|STORE,MAP-222C52C5C9AE650C,VAR-CA915ED791EAE3,EG-013,,,EGP,,,,,,,,,,,القاهرة,,,,,,,True,,HTML/JSON-LD,https://btech.com/en/p/anker-soundcore-space-one-wired-wireless-headphone-white-a3035021,,,لم يُرصد,بانتظار أول رصد سعر,0,,,True,جاهز لأول رصد,,2026-07-30T00:00:00,2026-07-30T00:00:00
CASH-78BDDAEC81B3D5,VAR-10F05A5496F1EB|EG-013|STORE,MAP-1E604348FE80DAA6,VAR-10F05A5496F1EB,EG-013,,,EGP,,,,,,,,,,,القاهرة,,,,,,,True,,HTML/JSON-LD,https://btech.com/en/p/40851260-681a-4050-b0dd-5b8d4d55bc06,,,لم يُرصد,بانتظار أول رصد سعر,0,,,True,جاهز لأول رصد,,2026-07-30T00:00:00,2026-07-30T00:00:00
CASH-CF43560BBAD31E,VAR-62C653D703A3C3|EG-013|STORE,MAP-14C4F0F8637A808C,VAR-62C653D703A3C3,EG-013,,,EGP,,,,,,,,,,,القاهرة,,,,,,,True,,HTML/JSON-LD,https://btech.com/en/p/apple-airpods-white-mv7n2zm-a,,,لم يُرصد,بانتظار أول رصد سعر,0,,,True,جاهز لأول رصد,,2026-07-30T00:00:00,2026-07-30T00:00:00
CASH-B5F0B58323A4C4,VAR-64D36AF040A4EF|EG-013|STORE,MAP-F0BD326546A30426,VAR-64D36AF040A4EF,EG-013,,,EGP,,,,,,,,,,,القاهرة,,,,,,,True,,HTML/JSON-LD,https://btech.com/en/p/apple-wireless-airpods-3rd-generation-white,,,لم يُرصد,بانتظار أول رصد سعر,0,,,True,جاهز لأول رصد,,2026-07-30T00:00:00,2026-07-30T00:00:00
CASH-A1DBF764026CD6,VAR-8062EF91CB31CA|EG-013|STORE,MAP-8A45527DA41635B8,VAR-8062EF91CB31CA,EG-013,,,EGP,,,,,,,,,,,القاهرة,,,,,,,True,,HTML/JSON-LD,https://btech.com/en/p/apple-airpods-4-with-active-noise-cancellation-white,,,لم يُرصد,بانتظار أول رصد سعر,0,,,True,جاهز لأول رصد,,2026-07-30T00:00:00,2026-07-30T00:00:00
CASH-9D4C18E737804D,VAR-758E614E4F8145|EG-013|STORE,MAP-32F34386CC7C73E3,VAR-758E614E4F8145,EG-013,,,EGP,,,,,,,,,,,القاهرة,,,,,,,True,,HTML/JSON-LD,https://btech.com/en/p/apple-airpods-4-white,,,لم يُرصد,بانتظار أول رصد سعر,0,,,True,جاهز لأول رصد,,2026-07-30T00:00:00,2026-07-30T00:00:00
CASH-39A885A302576E,VAR-97E1081011EBDD|EG-013|STORE,MAP-0F40080C0AC0C68E,VAR-97E1081011EBDD,EG-013,,,EGP,,,,,,,,,,,القاهرة,,,,,,,True,,HTML/JSON-LD,https://btech.com/en/p/apple-airpods-max-light-green,,,لم يُرصد,بانتظار أول رصد سعر,0,,,True,جاهز لأول رصد,,2026-07-30T00:00:00,2026-07-30T00:00:00
CASH-07CAB6CD178AA1,VAR-AD0DD6BD66B913|EG-013|STORE,MAP-916A49F82E39DE94,VAR-AD0DD6BD66B913,EG-013,,,EGP,,,,,,,,,,,القاهرة,,,,,,,True,,HTML/JSON-LD,https://btech.com/en/p/apple-airpods-pro-2nd-gen-wireless-airpods-magsafe-usbc-case-white,,,لم يُرصد,بانتظار أول رصد سعر,0,,,True,جاهز لأول رصد,,2026-07-30T00:00:00,2026-07-30T00:00:00
CASH-87A18E2AF60DC0,VAR-A4F58D965D8197|EG-013|STORE,MAP-2B8C3221F131A02B,VAR-A4F58D965D8197,EG-013,,,EGP,,,,,,,,,,,القاهرة,,,,,,,True,,HTML/JSON-LD,https://btech.com/en/p/12755eca-af66-4d1f-ab5c-dc1b6e046855,,,لم يُرصد,بانتظار أول رصد سعر,0,,,True,جاهز لأول رصد,,2026-07-30T00:00:00,2026-07-30T00:00:00
CASH-F2FCEFC97358BD,VAR-D73C154FCE5A16|EG-013|STORE,MAP-51DAB67B84DA2452,VAR-D73C154FCE5A16,EG-013,,,EGP,,,,,,,,,,,القاهرة,,,,,,,True,,HTML/JSON-LD,https://btech.com/en/p/4a4fdd6a-4346-4364-a82c-d2270e25094a,,,لم يُرصد,بانتظار أول رصد سعر,0,,,True,جاهز لأول رصد,,2026-07-30T00:00:00,2026-07-30T00:00:00
CASH-CEF91685D09428,VAR-52356E224D900C|EG-013|STORE,MAP-2374183B2B2482EE,VAR-52356E224D900C,EG-013,,,EGP,,,,,,,,,,,القاهرة,,,,,,,True,,HTML/JSON-LD,https://btech.com/en/p/bbe0f366-ba49-4020-979d-a8703d862619,,,لم يُرصد,بانتظار أول رصد سعر,0,,,True,جاهز لأول رصد,,2026-07-30T00:00:00,2026-07-30T00:00:00
CASH-884346CD98AD4F,VAR-9663EF511993AB|EG-013|STORE,MAP-4B8A93926A260189,VAR-9663EF511993AB,EG-013,,,EGP,,,,,,,,,,,القاهرة,,,,,,,True,,HTML/JSON-LD,https://btech.com/en/p/jbl-tune-520bt-wireless-headphone-black,,,لم يُرصد,بانتظار أول رصد سعر,0,,,True,جاهز لأول رصد,,2026-07-30T00:00:00,2026-07-30T00:00:00
CASH-7E752B4CCE4953,VAR-A1C5E95A1F69C8|EG-013|STORE,MAP-D3A0A509A3899FB3,VAR-A1C5E95A1F69C8,EG-013,,,EGP,,,,,,,,,,,القاهرة,,,,,,,True,,HTML/JSON-LD,https://btech.com/en/p/jbl-tune-bluetooth-headphone-blue-520bt,,,لم يُرصد,بانتظار أول رصد سعر,0,,,True,جاهز لأول رصد,,2026-07-30T00:00:00,2026-07-30T00:00:00
CASH-6EC76407F75931,VAR-4DE50FB361BD0C|EG-013|STORE,MAP-CA10AAD39182892A,VAR-4DE50FB361BD0C,EG-013,,,EGP,,,,,,,,,,,القاهرة,,,,,,,True,,HTML/JSON-LD,https://btech.com/en/p/jbl-tune-520bt-wireless-headphones-purple,,,لم يُرصد,بانتظار أول رصد سعر,0,,,True,جاهز لأول رصد,,2026-07-30T00:00:00,2026-07-30T00:00:00
CASH-E7BD6E467A86D0,VAR-90BB1C55EEF4C8|EG-013|STORE,MAP-43713280E0452B14,VAR-90BB1C55EEF4C8,EG-013,,,EGP,,,,,,,,,,,القاهرة,,,,,,,True,,اكتشاف من صفحة فئة,https://btech.com/en/c/audio-recording/headphones,,,لم يُرصد,بانتظار أول رصد سعر,0,,,True,يحتاج اكتشاف رابط المنتج,,2026-07-30T00:00:00,2026-07-30T00:00:00
CASH-B709E19A904CEB,VAR-87153C44DA57E9|EG-013|STORE,MAP-379EBA325DDE1451,VAR-87153C44DA57E9,EG-013,,,EGP,,,,,,,,,,,القاهرة,,,,,,,True,,اكتشاف من صفحة فئة,https://btech.com/en/c/audio-recording/headphones,,,لم يُرصد,بانتظار أول رصد سعر,0,,,True,يحتاج اكتشاف رابط المنتج,,2026-07-30T00:00:00,2026-07-30T00:00:00
CASH-AF2D4E7B78EC82,VAR-B5E4003C79D746|EG-013|STORE,MAP-A28CFEE06536034D,VAR-B5E4003C79D746,EG-013,,,EGP,,,,,,,,,,,القاهرة,,,,,,,True,,HTML/JSON-LD,https://btech.com/en/p/b3726f84-8c39-4066-b086-aeb8a203d640,,,لم يُرصد,بانتظار أول رصد سعر,0,,,True,جاهز لأول رصد,,2026-07-30T00:00:00,2026-07-30T00:00:00
CASH-38485870BFC0B8,VAR-A78765CA82F689|EG-013|STORE,MAP-BDE9D96FC7E48D0A,VAR-A78765CA82F689,EG-013,,,EGP,,,,,,,,,,,القاهرة,,,,,,,True,,HTML/JSON-LD,https://btech.com/en/p/43f3d6e3-a931-4bc8-8f15-17c532966ef2,,,لم يُرصد,بانتظار أول رصد سعر,0,,,True,جاهز لأول رصد,,2026-07-30T00:00:00,2026-07-30T00:00:00
CASH-0AA175925C3F16,VAR-34F983FA46E5F3|EG-013|STORE,MAP-B7562D5CD5543840,VAR-34F983FA46E5F3,EG-013,,,EGP,,,,,,,,,,,القاهرة,,,,,,,True,,HTML/JSON-LD,https://btech.com/en/p/7419e182-dc16-4e86-92ec-b1aa6f52b7e7,,,لم يُرصد,بانتظار أول رصد سعر,0,,,True,جاهز لأول رصد,,2026-07-30T00:00:00,2026-07-30T00:00:00
CASH-9A949C1F1F394B,VAR-A83C92DC6657C9|EG-013|STORE,MAP-F530005016648494,VAR-A83C92DC6657C9,EG-013,,,EGP,,,,,,,,,,,القاهرة,,,,,,,True,,HTML/JSON-LD,https://btech.com/en/p/8fbe39c7-6e7b-4063-bf67-7ae53c680f12,,,لم يُرصد,بانتظار أول رصد سعر,0,,,True,جاهز لأول رصد,,2026-07-30T00:00:00,2026-07-30T00:00:00
CASH-2A592F5EF8D997,VAR-4F4E704972DD63|EG-013|STORE,MAP-9AE27FE018686EED,VAR-4F4E704972DD63,EG-013,,,EGP,,,,,,,,,,,القاهرة,,,,,,,True,,اكتشاف من صفحة فئة,https://btech.com/en/c/audio-recording/headphones,,,لم يُرصد,بانتظار أول رصد سعر,0,,,True,يحتاج اكتشاف رابط المنتج,,2026-07-30T00:00:00,2026-07-30T00:00:00
CASH-F44EC8F009CF34,VAR-CB4F37B69056A6|EG-013|STORE,MAP-61E603258B686E95,VAR-CB4F37B69056A6,EG-013,,,EGP,,,,,,,,,,,القاهرة,,,,,,,True,,اكتشاف من صفحة فئة,https://btech.com/en/c/audio-recording/headphones,,,لم يُرصد,بانتظار أول رصد سعر,0,,,True,يحتاج اكتشاف رابط المنتج,,2026-07-30T00:00:00,2026-07-30T00:00:00
CASH-7EFBE401236B2F,VAR-21CBBC4AB608F3|EG-013|STORE,MAP-8EFFFEF9B4906812,VAR-21CBBC4AB608F3,EG-013,,,EGP,,,,,,,,,,,القاهرة,,,,,,,True,,اكتشاف من صفحة فئة,https://btech.com/en/c/audio-recording/headphones,,,لم يُرصد,بانتظار أول رصد سعر,0,,,True,يحتاج اكتشاف رابط المنتج,,2026-07-30T00:00:00,2026-07-30T00:00:00
CASH-90F9EF0B06E172,VAR-533328E2AA95B1|EG-013|STORE,MAP-960783AA859A47F2,VAR-533328E2AA95B1,EG-013,,,EGP,,,,,,,,,,,القاهرة,,,,,,,True,,اكتشاف من صفحة فئة,https://btech.com/en/c/audio-recording/headphones,,,لم يُرصد,بانتظار أول رصد سعر,0,,,True,يحتاج اكتشاف رابط المنتج,,2026-07-30T00:00:00,2026-07-30T00:00:00
CASH-1B4E7B390A1AC5,VAR-A08C13818076CD|EG-013|STORE,MAP-297EB9150D64FB9A,VAR-A08C13818076CD,EG-013,,,EGP,,,,,,,,,,,القاهرة,,,,,,,True,,اكتشاف من صفحة فئة,https://btech.com/en/c/audio-recording/headphones,,,لم يُرصد,بانتظار أول رصد سعر,0,,,True,يحتاج اكتشاف رابط المنتج,,2026-07-30T00:00:00,2026-07-30T00:00:00
CASH-E95553DE1141BF,VAR-57D78327ADC7FD|EG-013|STORE,MAP-ADC6C11D80DB8FE5,VAR-57D78327ADC7FD,EG-013,,,EGP,,,,,,,,,,,القاهرة,,,,,,,True,,اكتشاف من صفحة فئة,https://btech.com/en/c/audio-recording/headphones,,,لم يُرصد,بانتظار أول رصد سعر,0,,,True,يحتاج اكتشاف رابط المنتج,,2026-07-30T00:00:00,2026-07-30T00:00:00
CASH-FA8E8E05138259,VAR-AA32ABE0C64DA0|EG-013|STORE,MAP-2F4F16A2D507C918,VAR-AA32ABE0C64DA0,EG-013,,,EGP,,,,,,,,,,,القاهرة,,,,,,,True,,اكتشاف من صفحة فئة,https://btech.com/en/c/audio-recording/headphones,,,لم يُرصد,بانتظار أول رصد سعر,0,,,True,يحتاج اكتشاف رابط المنتج,,2026-07-30T00:00:00,2026-07-30T00:00:00
CASH-D9791A6616EAB2,VAR-44A21E8F899E7B|EG-013|STORE,MAP-22EFCA4489AB5EAF,VAR-44A21E8F899E7B,EG-013,,,EGP,,,,,,,,,,,القاهرة,,,,,,,True,,اكتشاف من صفحة فئة,https://btech.com/en/c/audio-recording/headphones,,,لم يُرصد,بانتظار أول رصد سعر,0,,,True,يحتاج اكتشاف رابط المنتج,,2026-07-30T00:00:00,2026-07-30T00:00:00
CASH-9271863A5A61C3,VAR-1F0447C2B221AC|EG-013|STORE,MAP-9C50101D0A985BD1,VAR-1F0447C2B221AC,EG-013,,,EGP,,,,,,,,,,,القاهرة,,,,,,,True,,اكتشاف من صفحة فئة,https://btech.com/en/c/audio-recording/headphones,,,لم يُرصد,بانتظار أول رصد سعر,0,,,True,يحتاج اكتشاف رابط المنتج,,2026-07-30T00:00:00,2026-07-30T00:00:00
CASH-5410BB8E1FA705,VAR-902D5F122B1CFB|EG-013|STORE,MAP-4920FEEE3F9063BF,VAR-902D5F122B1CFB,EG-013,,,EGP,,,,,,,,,,,القاهرة,,,,,,,True,,HTML/JSON-LD,https://btech.com/en/p/sony-wireless-headphones-microphone-black-wh-1000xm5,,,لم يُرصد,بانتظار أول رصد سعر,0,,,True,جاهز لأول رصد,,2026-07-30T00:00:00,2026-07-30T00:00:00
CASH-FBCBB06B334137,VAR-C64C4BC6A6F42A|EG-013|STORE,MAP-DC30F6381198A7B6,VAR-C64C4BC6A6F42A,EG-013,,,EGP,,,,,,,,,,,القاهرة,,,,,,,True,,HTML/JSON-LD,https://btech.com/en/p/43ea835a-19b1-4c46-87ca-7576d0ea855a,,,لم يُرصد,بانتظار أول رصد سعر,0,,,True,جاهز لأول رصد,,2026-07-30T00:00:00,2026-07-30T00:00:00
CASH-EB014F7217C195,VAR-5716CBBEE5D684|EG-013|STORE,MAP-86EEF8853BAFFC8D,VAR-5716CBBEE5D684,EG-013,,,EGP,,,,,,,,,,,القاهرة,,,,,,,True,,اكتشاف من صفحة فئة,https://btech.com/en/c/audio-recording/headphones,,,لم يُرصد,بانتظار أول رصد سعر,0,,,True,يحتاج اكتشاف رابط المنتج,,2026-07-30T00:00:00,2026-07-30T00:00:00
CASH-07183757F7FE73,VAR-6C8695BEB55590|EG-013|STORE,MAP-1AEB54E617CA95A0,VAR-6C8695BEB55590,EG-013,,,EGP,,,,,,,,,,,القاهرة,,,,,,,True,,اكتشاف من صفحة فئة,https://btech.com/en/c/audio-recording/headphones,,,لم يُرصد,بانتظار أول رصد سعر,0,,,True,يحتاج اكتشاف رابط المنتج,,2026-07-30T00:00:00,2026-07-30T00:00:00
CASH-B906AA70245324,VAR-7A62313426D7F5|EG-013|STORE,MAP-13AA28ECEC00EB72,VAR-7A62313426D7F5,EG-013,,,EGP,,,,,,,,,,,القاهرة,,,,,,,True,,اكتشاف من صفحة فئة,https://btech.com/en/c/electronics/cameras/action-cameras,,,لم يُرصد,بانتظار أول رصد سعر,0,,,True,يحتاج اكتشاف رابط المنتج,,2026-07-30T00:00:00,2026-07-30T00:00:00
CASH-ABD2B6DD181306,VAR-604A38F0442F57|EG-013|STORE,MAP-B98C0C0C5F176D37,VAR-604A38F0442F57,EG-013,,,EGP,,,,,,,,,,,القاهرة,,,,,,,True,,اكتشاف من صفحة فئة,https://btech.com/en/c/electronics/cameras/action-cameras,,,لم يُرصد,بانتظار أول رصد سعر,0,,,True,يحتاج اكتشاف رابط المنتج,,2026-07-30T00:00:00,2026-07-30T00:00:00
CASH-80EFF032F618AB,VAR-1A2597121D7C1B|EG-013|STORE,MAP-92616CEA7F337941,VAR-1A2597121D7C1B,EG-013,,,EGP,,,,,,,,,,,القاهرة,,,,,,,True,,اكتشاف من صفحة فئة,https://btech.com/en/c/electronics/cameras/action-cameras,,,لم يُرصد,بانتظار أول رصد سعر,0,,,True,يحتاج اكتشاف رابط المنتج,,2026-07-30T00:00:00,2026-07-30T00:00:00
CASH-8D2678557334EC,VAR-45C8A9982F3D8C|EG-050|STORE,MAP-C7091BAE53CE7AD4,VAR-45C8A9982F3D8C,EG-050,,,EGP,,,,,,,,,,,القاهرة,,,,,,,True,,HTML/JSON-LD,https://www.amazon.eg/-/en/DJI-Super-Wide-Stabilization-Resistant-Batteries/dp/B0C9JD672X,,,لم يُرصد,بانتظار أول رصد سعر,0,,,True,جاهز لأول رصد,,2026-07-30T00:00:00,2026-07-30T00:00:00
CASH-C88D220AE8D991,VAR-9F404F6E49F31E|EG-050|STORE,MAP-AD8A2E68E06D0FE4,VAR-9F404F6E49F31E,EG-050,,,EGP,,,,,,,,,,,القاهرة,,,,,,,True,,HTML/JSON-LD,https://www.amazon.eg/-/en/DJI-Osmo-Action-Camera-Standard/dp/B0CTWWXWVC,,,لم يُرصد,بانتظار أول رصد سعر,0,,,True,جاهز لأول رصد,,2026-07-30T00:00:00,2026-07-30T00:00:00
CASH-075BCB9459FE17,VAR-BA0B7F3FA4456C|EG-050|STORE,MAP-692DDE769CADB90B,VAR-BA0B7F3FA4456C,EG-050,,,EGP,,,,,,,,,,,القاهرة,,,,,,,True,,HTML/JSON-LD,https://www.amazon.eg/-/en/DJI-Osmo-Action-Pack-Adventure/dp/B07FW4CZZL,,,لم يُرصد,بانتظار أول رصد سعر,0,,,True,جاهز لأول رصد,,2026-07-30T00:00:00,2026-07-30T00:00:00
CASH-B9AB7D7BF3B919,VAR-23CE1A9FE2E7F6|EG-013|STORE,MAP-CD36D5488E5D13CD,VAR-23CE1A9FE2E7F6,EG-013,,,EGP,,,,,,,,,,,القاهرة,,,,,,,True,,اكتشاف من صفحة فئة,https://btech.com/en/c/electronics/cameras/action-cameras,,,لم يُرصد,بانتظار أول رصد سعر,0,,,True,يحتاج اكتشاف رابط المنتج,,2026-07-30T00:00:00,2026-07-30T00:00:00
CASH-3B9FFB6249E2F1,VAR-F6DCE29E314A9F|EG-050|STORE,MAP-6B15C3F90FCB9C0E,VAR-F6DCE29E314A9F,EG-050,,,EGP,,,,,,,,,,,القاهرة,,,,,,,True,,HTML/JSON-LD,https://www.amazon.eg/-/en/DJI-Essential-Variable-Aperture-Cold-Resistant/dp/B0FNMP8LZX,,,لم يُرصد,بانتظار أول رصد سعر,0,,,True,جاهز لأول رصد,,2026-07-30T00:00:00,2026-07-30T00:00:00
CASH-44B8FE0AC12738,VAR-104AA251BA9246|EG-050|STORE,MAP-67158A22E2A5BEF9,VAR-104AA251BA9246,EG-050,,,EGP,,,,,,,,,,,القاهرة,,,,,,,True,,HTML/JSON-LD,https://www.amazon.eg/-/en/GoPro-CHDHF-111-RW-HERO11-Black-Mini/dp/B0BKNL3F92,,,لم يُرصد,بانتظار أول رصد سعر,0,,,True,جاهز لأول رصد,,2026-07-30T00:00:00,2026-07-30T00:00:00
CASH-DA10C9E46EAA03,VAR-1F80F2B75D05F5|EG-050|STORE,MAP-D552CB799C979077,VAR-1F80F2B75D05F5,EG-050,,,EGP,,,,,,,,,,,القاهرة,,,,,,,True,,HTML/JSON-LD,https://www.amazon.eg/-/en/GoPro-HERO12-Black-Waterproof-Stabilization/dp/B0CDDY8F9L,,,لم يُرصد,بانتظار أول رصد سعر,0,,,True,جاهز لأول رصد,,2026-07-30T00:00:00,2026-07-30T00:00:00
CASH-FAB4C347EC2638,VAR-FD655AC13A525E|EG-050|STORE,MAP-9578A990FB0A3D8C,VAR-FD655AC13A525E,EG-050,,,EGP,,,,,,,,,,,القاهرة,,,,,,,True,,HTML/JSON-LD,https://www.amazon.eg/-/en/GoPro-HERO13-Hero-Black-Stabilization/dp/B0C9V9PZD4,,,لم يُرصد,بانتظار أول رصد سعر,0,,,True,جاهز لأول رصد,,2026-07-30T00:00:00,2026-07-30T00:00:00
CASH-79164336074088,VAR-E6D26A1DB2A500|EG-013|STORE,MAP-51302D4AE3F3CF4D,VAR-E6D26A1DB2A500,EG-013,,,EGP,,,,,,,,,,,القاهرة,,,,,,,True,,اكتشاف من صفحة فئة,https://btech.com/en/c/electronics/cameras/action-cameras,,,لم يُرصد,بانتظار أول رصد سعر,0,,,True,يحتاج اكتشاف رابط المنتج,,2026-07-30T00:00:00,2026-07-30T00:00:00
CASH-75BC855A6F158D,VAR-E56C4AA008F6BA|EG-050|STORE,MAP-B7E15C5E8AB219B6,VAR-E56C4AA008F6BA,EG-050,,,EGP,,,,,,,,,,,القاهرة,,,,,,,True,,HTML/JSON-LD,https://www.amazon.eg/-/en/Canon-EOS-90D-Body-Black/dp/B083X9P7GG,,,لم يُرصد,بانتظار أول رصد سعر,0,,,True,جاهز لأول رصد,,2026-07-30T00:00:00,2026-07-30T00:00:00
CASH-405FFF04DE7C77,VAR-5944D6BBFF2B53|EG-050|STORE,MAP-DA4F880044185678,VAR-5944D6BBFF2B53,EG-050,,,EGP,,,,,,,,,,,القاهرة,,,,,,,True,,HTML/JSON-LD,https://www.amazon.eg/-/en/Canon-EOS-Full-Frame-Mirrorless-Camera/dp/B08C68F2DX,,,لم يُرصد,بانتظار أول رصد سعر,0,,,True,جاهز لأول رصد,,2026-07-30T00:00:00,2026-07-30T00:00:00
CASH-65F1A149C51695,VAR-24445DF5B9F640|EG-050|STORE,MAP-33FED91319367390,VAR-24445DF5B9F640,EG-050,,,EGP,,,,,,,,,,,القاهرة,,,,,,,True,,HTML/JSON-LD,https://www.amazon.eg/-/en/Canon-EOS-Mark-RF24-105mm-Lens/dp/B0D9KNNJVK,,,لم يُرصد,بانتظار أول رصد سعر,0,,,True,جاهز لأول رصد,,2026-07-30T00:00:00,2026-07-30T00:00:00
CASH-2DB22823470AB9,VAR-BE38CE625985A4|EG-050|STORE,MAP-D9F4BD77D19DE0C5,VAR-BE38CE625985A4,EG-050,,,EGP,,,,,,,,,,,القاهرة,,,,,,,True,,HTML/JSON-LD,https://www.amazon.eg/-/en/Canon-Mark-II-Mirrorless-24-2-megapixels/dp/B0BLJNVXK4,,,لم يُرصد,بانتظار أول رصد سعر,0,,,True,جاهز لأول رصد,,2026-07-30T00:00:00,2026-07-30T00:00:00
CASH-E509EE33F36F95,VAR-1A0986303AED5C|EG-084|STORE,MAP-17CB29536B724DA0,VAR-1A0986303AED5C,EG-084,,,EGP,,,,,,,,,,,القاهرة,,,,,,,True,,HTML/JSON-LD,https://shamystores.com/products/instax-mini-12-blossom-pink,,,لم يُرصد,بانتظار أول رصد سعر,0,,,True,جاهز لأول رصد,,2026-07-30T00:00:00,2026-07-30T00:00:00
CASH-63B8026382DC0E,VAR-BCABE51E79F53D|EG-050|STORE,MAP-A6AB447112123135,VAR-BCABE51E79F53D,EG-050,,,EGP,,,,,,,,,,,القاهرة,,,,,,,True,,HTML/JSON-LD,https://www.amazon.eg/-/en/Sony-Full-Frame-Hybrid-Mirrorless-Camera/dp/B0G4SC4R2P,,,لم يُرصد,بانتظار أول رصد سعر,0,,,True,جاهز لأول رصد,,2026-07-30T00:00:00,2026-07-30T00:00:00
CASH-4AE89BB3383787,VAR-2D9B93A70B6C01|EG-050|STORE,MAP-36979789CAC31DD7,VAR-2D9B93A70B6C01,EG-050,,,EGP,,,,,,,,,,,القاهرة,,,,,,,True,,HTML/JSON-LD,https://www.amazon.eg/-/en/Sony-Mirrorless-Digital-28-70mm-International/dp/B07B45D8WV,,,لم يُرصد,بانتظار أول رصد سعر,0,,,True,جاهز لأول رصد,,2026-07-30T00:00:00,2026-07-30T00:00:00
CASH-A842B3AFE3E1D3,VAR-1D95BE1D815EAD|EG-050|STORE,MAP-1683C59AAD3E4317,VAR-1D95BE1D815EAD,EG-050,,,EGP,,,,,,,,,,,القاهرة,,,,,,,True,,HTML/JSON-LD,https://www.amazon.eg/-/en/Sony-Alpha-Mirrorless-Digital-Camera/dp/B07BS8374R,,,لم يُرصد,بانتظار أول رصد سعر,0,,,True,جاهز لأول رصد,,2026-07-30T00:00:00,2026-07-30T00:00:00
CASH-F3E1FB9BD1ED45,VAR-BE34A37A1AFF71|EG-050|STORE,MAP-C412AFACE4D8F8C7,VAR-BE34A37A1AFF71,EG-050,,,EGP,,,,,,,,,,,القاهرة,,,,,,,True,,HTML/JSON-LD,https://www.amazon.eg/-/en/Sony-Mirrorless-Digital-Camera-Backpack/dp/B0BMX2Q4HV,,,لم يُرصد,بانتظار أول رصد سعر,0,,,True,جاهز لأول رصد,,2026-07-30T00:00:00,2026-07-30T00:00:00
CASH-99FAEAAC431E37,VAR-BBD7FF7B93E9EB|EG-050|STORE,MAP-B50AFB1E4604F844,VAR-BBD7FF7B93E9EB,EG-050,,,EGP,,,,,,,,,,,القاهرة,,,,,,,True,,HTML/JSON-LD,https://www.amazon.eg/-/en/Sony-Alpha-Mirrorless-Digital-Camera/dp/B09K1QMXWF,,,لم يُرصد,بانتظار أول رصد سعر,0,,,True,جاهز لأول رصد,,2026-07-30T00:00:00,2026-07-30T00:00:00
CASH-1C3994C3BA2C9A,VAR-853F1614EE496A|EG-124|STORE,MAP-D6AFDBDA2A8A71F9,VAR-853F1614EE496A,EG-124,,,EGP,,,,,,,,,,,القاهرة,,,,,,,True,,HTML/JSON-LD,https://www.compumarts.com/products/asus-dual-rtx-5060-8gb-gddr7-graphics-card,,,لم يُرصد,بانتظار أول رصد سعر,0,,,True,جاهز لأول رصد,VRAM capacity is encoded in gpu and model; ram_gb is intentionally null because that field denotes system RAM.,2026-07-30T00:00:00,2026-07-30T00:00:00
CASH-6D62D5D9F335CE,VAR-52F0BA0333C652|EG-124|STORE,MAP-E62F255604FD7585,VAR-52F0BA0333C652,EG-124,,,EGP,,,,,,,,,,,القاهرة,,,,,,,True,,HTML/JSON-LD,https://www.compumarts.com/products/asus-dual-geforce-rtx-5060-ti-o16g-gddr7-16gb-oc-edition-graphics-card,,,لم يُرصد,بانتظار أول رصد سعر,0,,,True,جاهز لأول رصد,VRAM capacity is encoded in gpu and model; ram_gb is intentionally null because that field denotes system RAM.,2026-07-30T00:00:00,2026-07-30T00:00:00
CASH-F4B4D58B11B876,VAR-D431EE1C32D80B|EG-124|STORE,MAP-4B89E1494D406807,VAR-D431EE1C32D80B,EG-124,,,EGP,,,,,,,,,,,القاهرة,,,,,,,True,,HTML/JSON-LD,https://www.compumarts.com/products/asus-prime-geforce-rtx-5060-8gb-gddr7-oc-edition-graphic-card,,,لم يُرصد,بانتظار أول رصد سعر,0,,,True,جاهز لأول رصد,VRAM capacity is encoded in gpu and model; ram_gb is intentionally null because that field denotes system RAM.,2026-07-30T00:00:00,2026-07-30T00:00:00
CASH-B9C009E3E8FD34,VAR-2F0C09D9734FCC|EG-127|STORE,MAP-416ED0F619C65965,VAR-2F0C09D9734FCC,EG-127,,,EGP,,,,,,,,,,,القاهرة,,,,,,,True,,HTML/JSON-LD,https://elbadrgroupeg.store/asus-prime-geforce-rtx-5060-ti-8gb-gddr7-oc,,,لم يُرصد,بانتظار أول رصد سعر,0,,,True,جاهز لأول رصد,VRAM capacity is encoded in gpu and model; ram_gb is intentionally null because that field denotes system RAM.,2026-07-30T00:00:00,2026-07-30T00:00:00
CASH-26A205039F9C93,VAR-BA600F5D091BC1|EG-124|STORE,MAP-2A223E3D6FEA41CC,VAR-BA600F5D091BC1,EG-124,,,EGP,,,,,,,,,,,القاهرة,,,,,,,True,,HTML/JSON-LD,https://www.compumarts.com/products/gigabyte-rtx-5060-eagle-oc-8gb,,,لم يُرصد,بانتظار أول رصد سعر,0,,,True,جاهز لأول رصد,VRAM capacity is encoded in gpu and model; ram_gb is intentionally null because that field denotes system RAM.,2026-07-30T00:00:00,2026-07-30T00:00:00
CASH-D76ADCD6F5458F,VAR-4A5E5F29209988|EG-127|STORE,MAP-563A9E9E3A5094D9,VAR-4A5E5F29209988,EG-127,,,EGP,,,,,,,,,,,القاهرة,,,,,,,True,,HTML/JSON-LD,https://elbadrgroupeg.store/gigabyte-geforce-rtx-5060-ti-eagle-oc-8g,,,لم يُرصد,بانتظار أول رصد سعر,0,,,True,جاهز لأول رصد,VRAM capacity is encoded in gpu and model; ram_gb is intentionally null because that field denotes system RAM.,2026-07-30T00:00:00,2026-07-30T00:00:00
CASH-4730A426177099,VAR-99268B5E054E46|EG-127|STORE,MAP-DE891C63B9FF3F37,VAR-99268B5E054E46,EG-127,,,EGP,,,,,,,,,,,القاهرة,,,,,,,True,,HTML/JSON-LD,https://elbadrgroupeg.store/gigabyte-geforce-rtx-5060-ti-eagle-oc-ice-16g,,,لم يُرصد,بانتظار أول رصد سعر,0,,,True,جاهز لأول رصد,VRAM capacity is encoded in gpu and model; ram_gb is intentionally null because that field denotes system RAM.,2026-07-30T00:00:00,2026-07-30T00:00:00
CASH-7CB8B5180E397F,VAR-02F29B778289F0|EG-124|STORE,MAP-24F43EBBF19BB31A,VAR-02F29B778289F0,EG-124,,,EGP,,,,,,,,,,,القاهرة,,,,,,,True,,HTML/JSON-LD,https://www.compumarts.com/products/gigabyte-rtx-5060-windforce-max-oc-8g-egypt,,,لم يُرصد,بانتظار أول رصد سعر,0,,,True,جاهز لأول رصد,VRAM capacity is encoded in gpu and model; ram_gb is intentionally null because that field denotes system RAM.,2026-07-30T00:00:00,2026-07-30T00:00:00
CASH-4433E26B4C5C0D,VAR-2D83B19FFEFD26|EG-127|STORE,MAP-DFD0A1355F0FD4ED,VAR-2D83B19FFEFD26,EG-127,,,EGP,,,,,,,,,,,القاهرة,,,,,,,True,,HTML/JSON-LD,https://elbadrgroupeg.store/palit-geforce-rtx-5060-dual-oc,,,لم يُرصد,بانتظار أول رصد سعر,0,,,True,جاهز لأول رصد,VRAM capacity is encoded in gpu and model; ram_gb is intentionally null because that field denotes system RAM.,2026-07-30T00:00:00,2026-07-30T00:00:00
CASH-21FACD63DB0BE0,VAR-CCADC19BDFFA32|EG-124|STORE,MAP-B3744FE0B0D00B4C,VAR-CCADC19BDFFA32,EG-124,,,EGP,,,,,,,,,,,القاهرة,,,,,,,True,,HTML/JSON-LD,https://www.compumarts.com/products/products-asus-rog-strix-xg27acg-27-inch-2k-180hz-fast-ips-gaming-monitor,,,لم يُرصد,بانتظار أول رصد سعر,0,,,True,جاهز لأول رصد,Exact monitor model page. Resolution/refresh rate are retained in connectivity; no price data is stored.,2026-07-30T00:00:00,2026-07-30T00:00:00
CASH-5146D1B74DC350,VAR-C283E182B6C7F4|EG-124|STORE,MAP-F363F89B5568A8D2,VAR-C283E182B6C7F4,EG-124,,,EGP,,,,,,,,,,,القاهرة,,,,,,,True,,HTML/JSON-LD,https://www.compumarts.com/products/asus-tuf-gaming-vg279qm5a-27-inch-fhd-240hz-fast-ips-hdr10-monitor,,,لم يُرصد,بانتظار أول رصد سعر,0,,,True,جاهز لأول رصد,Exact monitor model page. Resolution/refresh rate are retained in connectivity; no price data is stored.,2026-07-30T00:00:00,2026-07-30T00:00:00
CASH-6642347D0C31DC,VAR-0F8A75CADEFDA0|EG-013|STORE,MAP-42FB1F3D7E3CD9EC,VAR-0F8A75CADEFDA0,EG-013,,,EGP,,,,,,,,,,,القاهرة,,,,,,,True,,HTML/JSON-LD,https://btech.com/en/p/lg-ultra-gear-monitor-27-144hz-1ms-27gn65r-b,,,لم يُرصد,بانتظار أول رصد سعر,0,,,True,جاهز لأول رصد,Exact monitor model page. Resolution/refresh rate are retained in connectivity; no price data is stored.,2026-07-30T00:00:00,2026-07-30T00:00:00
CASH-FC704C1A8F4FA2,VAR-53C748699913C3|EG-124|STORE,MAP-28EEE921A0ECA3B3,VAR-53C748699913C3,EG-124,,,EGP,,,,,,,,,,,القاهرة,,,,,,,True,,HTML/JSON-LD,https://www.compumarts.com/products/msi-mag-275qf-27inch-wqhd-180hz-gaming-monitor,,,لم يُرصد,بانتظار أول رصد سعر,0,,,True,جاهز لأول رصد,Exact monitor model page. Resolution/refresh rate are retained in connectivity; no price data is stored.,2026-07-30T00:00:00,2026-07-30T00:00:00
CASH-B7AF5351D1E8D7,VAR-41EB10F68FB62A|EG-124|STORE,MAP-F1C3B2E71EBAB596,VAR-41EB10F68FB62A,EG-124,,,EGP,,,,,,,,,,,القاهرة,,,,,,,True,,HTML/JSON-LD,https://www.compumarts.com/products/msi-modern-md272uphw-27inch-4k-uhd-ips-monitor,,,لم يُرصد,بانتظار أول رصد سعر,0,,,True,جاهز لأول رصد,Exact monitor model page. Resolution/refresh rate are retained in connectivity; no price data is stored.,2026-07-30T00:00:00,2026-07-30T00:00:00
CASH-533C6C4591ADFE,VAR-EE73FBD8CBFFB1|EG-013|STORE,MAP-1502745032A456A5,VAR-EE73FBD8CBFFB1,EG-013,,,EGP,,,,,,,,,,,القاهرة,,,,,,,True,,HTML/JSON-LD,https://btech.com/en/p/samsung-essential-s3-27-inch-fhd-ips-monitor-100hz-black-ls27d302gauxen,,,لم يُرصد,بانتظار أول رصد سعر,0,,,True,جاهز لأول رصد,Exact monitor model page. Resolution/refresh rate are retained in connectivity; no price data is stored.,2026-07-30T00:00:00,2026-07-30T00:00:00
CASH-ACADAF17C12F35,VAR-E5A4F5C30052E7|EG-013|STORE,MAP-E7EE71226D84D675,VAR-E5A4F5C30052E7,EG-013,,,EGP,,,,,,,,,,,القاهرة,,,,,,,True,,HTML/JSON-LD,https://btech.com/en/p/samsung-odyssey-g5-g50d-27-qhd-monitor-180hz-ls27dg502euxen,,,لم يُرصد,بانتظار أول رصد سعر,0,,,True,جاهز لأول رصد,Exact monitor model page. Resolution/refresh rate are retained in connectivity; no price data is stored.,2026-07-30T00:00:00,2026-07-30T00:00:00
CASH-D304EAB9D7C61A,VAR-B29D708B3AB840|EG-013|STORE,MAP-7B383ECE497AAD53,VAR-B29D708B3AB840,EG-013,,,EGP,,,,,,,,,,,القاهرة,,,,,,,True,,HTML/JSON-LD,https://btech.com/en/p/21e38a64-7630-4eeb-bd56-8460990515e9,,,لم يُرصد,بانتظار أول رصد سعر,0,,,True,جاهز لأول رصد,Exact monitor model page. Resolution/refresh rate are retained in connectivity; no price data is stored.,2026-07-30T00:00:00,2026-07-30T00:00:00
CASH-4775083B0F4D99,VAR-8BD8FCADF45063|EG-127|STORE,MAP-DE5A4965F0D21814,VAR-8BD8FCADF45063,EG-127,,,EGP,,,,,,,,,,,القاهرة,,,,,,,True,,HTML/JSON-LD,https://elbadrgroupeg.store/acer-nitro-lite-i5-13420h-16gb-512gb-ssd-rtx-4050-6gb-16-inch-165hz-gaming-laptop,,,لم يُرصد,بانتظار أول رصد سعر,0,,,True,جاهز لأول رصد,"Exact Egyptian store product page. OS, keyboard language, warranty and seller are intentionally not collapsed into the hardware SKU and should remain offer-level attributes.",2026-07-30T00:00:00,2026-07-30T00:00:00
CASH-F0B7A38A7F10E6,VAR-6F58E4E308750A|EG-127|STORE,MAP-149B8C24ADD8A427,VAR-6F58E4E308750A,EG-127,,,EGP,,,,,,,,,,,القاهرة,,,,,,,True,,HTML/JSON-LD,https://elbadrgroupeg.store/acer-nitro-v-15-i9-13900h-16gb-512gb-ssd-rtx-5050-15-6-inch-165hz-gaming-laptop,,,لم يُرصد,بانتظار أول رصد سعر,0,,,True,جاهز لأول رصد,"Exact Egyptian store product page. OS, keyboard language, warranty and seller are intentionally not collapsed into the hardware SKU and should remain offer-level attributes.",2026-07-30T00:00:00,2026-07-30T00:00:00
CASH-2FD4F323294BF3,VAR-68D95EAC691613|EG-127|STORE,MAP-CCDE0CE83F34F8D6,VAR-68D95EAC691613,EG-127,,,EGP,,,,,,,,,,,القاهرة,,,,,,,True,,HTML/JSON-LD,https://elbadrgroupeg.store/acer-nitro-v-16s-core-7-240h-16gb-512gb-ssd-rtx-5050-16-inch-180hz-gaming-laptop,,,لم يُرصد,بانتظار أول رصد سعر,0,,,True,جاهز لأول رصد,"Exact Egyptian store product page. OS, keyboard language, warranty and seller are intentionally not collapsed into the hardware SKU and should remain offer-level attributes.",2026-07-30T00:00:00,2026-07-30T00:00:00
CASH-BDB14A1ACC48B2,VAR-B779AF641256EF|EG-013|STORE,MAP-A7D6E24EE0FBEEED,VAR-B779AF641256EF,EG-013,,,EGP,,,,,,,,,,,القاهرة,,,,,,,True,,اكتشاف من صفحة فئة,https://btech.com/en/c/laptop-pc/laptops/b/apple,,,لم يُرصد,بانتظار أول رصد سعر,0,,,True,يحتاج اكتشاف رابط المنتج,,2026-07-30T00:00:00,2026-07-30T00:00:00
CASH-00A2291006C0BF,VAR-B4CB89BCB433EC|EG-013|STORE,MAP-2A2EFF6AC234C8B4,VAR-B4CB89BCB433EC,EG-013,,,EGP,,,,,,,,,,,القاهرة,,,,,,,True,,اكتشاف من صفحة فئة,https://btech.com/en/c/laptop-pc/laptops/b/apple,,,لم يُرصد,بانتظار أول رصد سعر,0,,,True,يحتاج اكتشاف رابط المنتج,,2026-07-30T00:00:00,2026-07-30T00:00:00
CASH-6343388CA4F698,VAR-E831B967F0B31A|EG-013|STORE,MAP-F0FCB411AB7C881E,VAR-E831B967F0B31A,EG-013,,,EGP,,,,,,,,,,,القاهرة,,,,,,,True,,اكتشاف من صفحة فئة,https://btech.com/en/c/laptop-pc/laptops/b/apple,,,لم يُرصد,بانتظار أول رصد سعر,0,,,True,يحتاج اكتشاف رابط المنتج,,2026-07-30T00:00:00,2026-07-30T00:00:00
CASH-4B576814D3D317,VAR-9BC19F2C790C9B|EG-013|STORE,MAP-280FFB95619A731E,VAR-9BC19F2C790C9B,EG-013,,,EGP,,,,,,,,,,,القاهرة,,,,,,,True,,اكتشاف من صفحة فئة,https://btech.com/en/c/laptop-pc/laptops/b/apple,,,لم يُرصد,بانتظار أول رصد سعر,0,,,True,يحتاج اكتشاف رابط المنتج,,2026-07-30T00:00:00,2026-07-30T00:00:00
CASH-67CB89D47CF3D3,VAR-9E6679B306610E|EG-013|STORE,MAP-E052F12664EA3E01,VAR-9E6679B306610E,EG-013,,,EGP,,,,,,,,,,,القاهرة,,,,,,,True,,اكتشاف من صفحة فئة,https://btech.com/en/c/laptop-pc/laptops/b/apple,,,لم يُرصد,بانتظار أول رصد سعر,0,,,True,يحتاج اكتشاف رابط المنتج,,2026-07-30T00:00:00,2026-07-30T00:00:00
CASH-B6272291965814,VAR-0F51B049F27D7D|EG-013|STORE,MAP-492DA06029652B33,VAR-0F51B049F27D7D,EG-013,,,EGP,,,,,,,,,,,القاهرة,,,,,,,True,,اكتشاف من صفحة فئة,https://btech.com/en/c/laptop-pc/laptops/b/apple,,,لم يُرصد,بانتظار أول رصد سعر,0,,,True,يحتاج اكتشاف رابط المنتج,,2026-07-30T00:00:00,2026-07-30T00:00:00
CASH-5CA058C380C3E8,VAR-7351CB624A62ED|EG-013|STORE,MAP-2C38A6B936FBDF80,VAR-7351CB624A62ED,EG-013,,,EGP,,,,,,,,,,,القاهرة,,,,,,,True,,HTML/JSON-LD,https://btech.com/en/p/ccabd234-dc50-43e7-a07c-6e4770e3e167,,,لم يُرصد,بانتظار أول رصد سعر,0,,,True,جاهز لأول رصد,International-version marketplace listing on B.TECH; keyboard language and local warranty must be kept as offer-level attributes later.,2026-07-30T00:00:00,2026-07-30T00:00:00
CASH-4C15DB4B885149,VAR-B8D4F8CCC9E6D1|EG-013|STORE,MAP-0077CA39E92F9700,VAR-B8D4F8CCC9E6D1,EG-013,,,EGP,,,,,,,,,,,القاهرة,,,,,,,True,,HTML/JSON-LD,https://btech.com/en/p/8d9bb592-3be3-4606-bc94-e183deecb2bd,,,لم يُرصد,بانتظار أول رصد سعر,0,,,True,جاهز لأول رصد,International-version marketplace listing on B.TECH; keyboard language and local warranty must be kept as offer-level attributes later.,2026-07-30T00:00:00,2026-07-30T00:00:00
CASH-1C99FC5696D2B9,VAR-9A3A792A76D755|EG-013|STORE,MAP-1D028FD05436202A,VAR-9A3A792A76D755,EG-013,,,EGP,,,,,,,,,,,القاهرة,,,,,,,True,,HTML/JSON-LD,https://btech.com/en/p/f092ef33-38c7-4087-ae69-cae5a2da69e1,,,لم يُرصد,بانتظار أول رصد سعر,0,,,True,جاهز لأول رصد,International-version marketplace listing on B.TECH; keyboard language and local warranty must be kept as offer-level attributes later.,2026-07-30T00:00:00,2026-07-30T00:00:00
CASH-B46C972A2693A7,VAR-361BCE57A92842|EG-013|STORE,MAP-BA765F1A0BCB497D,VAR-361BCE57A92842,EG-013,,,EGP,,,,,,,,,,,القاهرة,,,,,,,True,,HTML/JSON-LD,https://btech.com/en/p/9f9c5141-6965-465f-8938-2df686284d4d,,,لم يُرصد,بانتظار أول رصد سعر,0,,,True,جاهز لأول رصد,International-version marketplace listing on B.TECH; keyboard language and local warranty must be kept as offer-level attributes later.,2026-07-30T00:00:00,2026-07-30T00:00:00
CASH-E46E3716CD88E8,VAR-EA83845B7901CA|EG-013|STORE,MAP-527B7FBA87C03575,VAR-EA83845B7901CA,EG-013,,,EGP,,,,,,,,,,,القاهرة,,,,,,,True,,اكتشاف من صفحة فئة,https://btech.com/en/c/laptop-pc/laptops/b/apple,,,لم يُرصد,بانتظار أول رصد سعر,0,,,True,يحتاج اكتشاف رابط المنتج,,2026-07-30T00:00:00,2026-07-30T00:00:00
CASH-1CBC737A4A39AB,VAR-33A2F2986CC0BD|EG-013|STORE,MAP-849F0A735B55E8C8,VAR-33A2F2986CC0BD,EG-013,,,EGP,,,,,,,,,,,القاهرة,,,,,,,True,,اكتشاف من صفحة فئة,https://btech.com/en/c/laptop-pc/laptops/b/apple,,,لم يُرصد,بانتظار أول رصد سعر,0,,,True,يحتاج اكتشاف رابط المنتج,,2026-07-30T00:00:00,2026-07-30T00:00:00
CASH-2FD6999F48A8C8,VAR-48086F7400D75D|EG-013|STORE,MAP-B2DE4A156BDA777E,VAR-48086F7400D75D,EG-013,,,EGP,,,,,,,,,,,القاهرة,,,,,,,True,,اكتشاف من صفحة فئة,https://btech.com/en/c/laptop-pc/laptops/b/apple,,,لم يُرصد,بانتظار أول رصد سعر,0,,,True,يحتاج اكتشاف رابط المنتج,,2026-07-30T00:00:00,2026-07-30T00:00:00
CASH-5879ACB856F162,VAR-01B286D1EF87F7|EG-013|STORE,MAP-36BD4F61B7FB4C49,VAR-01B286D1EF87F7,EG-013,,,EGP,,,,,,,,,,,القاهرة,,,,,,,True,,اكتشاف من صفحة فئة,https://btech.com/en/c/laptop-pc/laptops/b/apple,,,لم يُرصد,بانتظار أول رصد سعر,0,,,True,يحتاج اكتشاف رابط المنتج,,2026-07-30T00:00:00,2026-07-30T00:00:00
CASH-477B87230C609B,VAR-CB77639B7C737B|EG-013|STORE,MAP-47F9ADA5EBDE2ECB,VAR-CB77639B7C737B,EG-013,,,EGP,,,,,,,,,,,القاهرة,,,,,,,True,,اكتشاف من صفحة فئة,https://btech.com/en/c/laptop-pc/laptops/b/apple,,,لم يُرصد,بانتظار أول رصد سعر,0,,,True,يحتاج اكتشاف رابط المنتج,,2026-07-30T00:00:00,2026-07-30T00:00:00
CASH-F3C82485903E73,VAR-A150C79501D508|EG-013|STORE,MAP-5941FEE09AF407C8,VAR-A150C79501D508,EG-013,,,EGP,,,,,,,,,,,القاهرة,,,,,,,True,,اكتشاف من صفحة فئة,https://btech.com/en/c/laptop-pc/laptops/b/apple,,,لم يُرصد,بانتظار أول رصد سعر,0,,,True,يحتاج اكتشاف رابط المنتج,,2026-07-30T00:00:00,2026-07-30T00:00:00
CASH-DD42C2A9EC3D52,VAR-72AB98BDD4678C|EG-013|STORE,MAP-AAB1804448D5C588,VAR-72AB98BDD4678C,EG-013,,,EGP,,,,,,,,,,,القاهرة,,,,,,,True,,اكتشاف من صفحة فئة,https://btech.com/en/c/laptop-pc/laptops/b/apple,,,لم يُرصد,بانتظار أول رصد سعر,0,,,True,يحتاج اكتشاف رابط المنتج,,2026-07-30T00:00:00,2026-07-30T00:00:00
CASH-928156BB563CB5,VAR-0A6E71713E10B3|EG-013|STORE,MAP-B1E643E92CF02030,VAR-0A6E71713E10B3,EG-013,,,EGP,,,,,,,,,,,القاهرة,,,,,,,True,,اكتشاف من صفحة فئة,https://btech.com/en/c/laptop-pc/laptops/b/apple,,,لم يُرصد,بانتظار أول رصد سعر,0,,,True,يحتاج اكتشاف رابط المنتج,,2026-07-30T00:00:00,2026-07-30T00:00:00
CASH-46108BDDA1EC74,VAR-E7ECA57ED575F4|EG-013|STORE,MAP-3B7D74DBFAF04FE2,VAR-E7ECA57ED575F4,EG-013,,,EGP,,,,,,,,,,,القاهرة,,,,,,,True,,اكتشاف من صفحة فئة,https://btech.com/en/c/laptop-pc/laptops/b/apple,,,لم يُرصد,بانتظار أول رصد سعر,0,,,True,يحتاج اكتشاف رابط المنتج,,2026-07-30T00:00:00,2026-07-30T00:00:00
CASH-4E9B65DA596E09,VAR-152460AB191A1F|EG-013|STORE,MAP-1000F674B7E4755D,VAR-152460AB191A1F,EG-013,,,EGP,,,,,,,,,,,القاهرة,,,,,,,True,,اكتشاف من صفحة فئة,https://btech.com/en/c/laptop-pc/laptops/b/apple,,,لم يُرصد,بانتظار أول رصد سعر,0,,,True,يحتاج اكتشاف رابط المنتج,,2026-07-30T00:00:00,2026-07-30T00:00:00
CASH-99E9BF35BB0338,VAR-73635EF4ED4D29|EG-013|STORE,MAP-BFD823A66417CF7C,VAR-73635EF4ED4D29,EG-013,,,EGP,,,,,,,,,,,القاهرة,,,,,,,True,,اكتشاف من صفحة فئة,https://btech.com/en/c/laptop-pc/laptops/b/apple,,,لم يُرصد,بانتظار أول رصد سعر,0,,,True,يحتاج اكتشاف رابط المنتج,,2026-07-30T00:00:00,2026-07-30T00:00:00
CASH-F5B3C88D7C40DE,VAR-1B16D3C38711BF|EG-013|STORE,MAP-B7747B4315278C34,VAR-1B16D3C38711BF,EG-013,,,EGP,,,,,,,,,,,القاهرة,,,,,,,True,,اكتشاف من صفحة فئة,https://btech.com/en/c/laptop-pc/laptops/b/apple,,,لم يُرصد,بانتظار أول رصد سعر,0,,,True,يحتاج اكتشاف رابط المنتج,,2026-07-30T00:00:00,2026-07-30T00:00:00
CASH-19F82B8D054359,VAR-83305BF3E5E6E8|EG-013|STORE,MAP-101A83E10C0334AD,VAR-83305BF3E5E6E8,EG-013,,,EGP,,,,,,,,,,,القاهرة,,,,,,,True,,اكتشاف من صفحة فئة,https://btech.com/en/c/laptop-pc/laptops/b/apple,,,لم يُرصد,بانتظار أول رصد سعر,0,,,True,يحتاج اكتشاف رابط المنتج,,2026-07-30T00:00:00,2026-07-30T00:00:00
CASH-B0D83DD737C365,VAR-21777A6A8879A7|EG-013|STORE,MAP-D5D84C741059F740,VAR-21777A6A8879A7,EG-013,,,EGP,,,,,,,,,,,القاهرة,,,,,,,True,,اكتشاف من صفحة فئة,https://btech.com/en/c/laptop-pc/laptops/b/apple,,,لم يُرصد,بانتظار أول رصد سعر,0,,,True,يحتاج اكتشاف رابط المنتج,,2026-07-30T00:00:00,2026-07-30T00:00:00
CASH-6BA9B8F7DD7530,VAR-2D3D93F9090F05|EG-013|STORE,MAP-1BE1D6CCF71C2938,VAR-2D3D93F9090F05,EG-013,,,EGP,,,,,,,,,,,القاهرة,,,,,,,True,,HTML/JSON-LD,https://btech.com/en/p/df2c9b9d-de56-4563-8ae1-d22853c1051f,,,لم يُرصد,بانتظار أول رصد سعر,0,,,True,جاهز لأول رصد,"Exact Egyptian store product page. OS, keyboard language, warranty and seller are intentionally not collapsed into the hardware SKU and should remain offer-level attributes.",2026-07-30T00:00:00,2026-07-30T00:00:00
CASH-4AC49396C52DE5,VAR-A1047B5C93EC3F|EG-127|STORE,MAP-C3214C591AA5BF68,VAR-A1047B5C93EC3F,EG-127,,,EGP,,,,,,,,,,,القاهرة,,,,,,,True,,HTML/JSON-LD,https://elbadrgroupeg.store/asus-tuf-gaming-f16-core-5-210h-8gb-512gb-ssd-rtx-3050-16-inch-144hz-gaming-laptop,,,لم يُرصد,بانتظار أول رصد سعر,0,,,True,جاهز لأول رصد,"Exact Egyptian store product page. OS, keyboard language, warranty and seller are intentionally not collapsed into the hardware SKU and should remain offer-level attributes.",2026-07-30T00:00:00,2026-07-30T00:00:00
CASH-AEACB6F4A04CD9,VAR-D19FDFDE73B24E|EG-127|STORE,MAP-1319873B07C3BB3F,VAR-D19FDFDE73B24E,EG-127,,,EGP,,,,,,,,,,,القاهرة,,,,,,,True,,HTML/JSON-LD,https://elbadrgroupeg.store/asus-tuf-gaming-f16-fx608jhr-rv057w-i7-14650hx-rtx-5050,,,لم يُرصد,بانتظار أول رصد سعر,0,,,True,جاهز لأول رصد,"Exact Egyptian store product page. OS, keyboard language, warranty and seller are intentionally not collapsed into the hardware SKU and should remain offer-level attributes.",2026-07-30T00:00:00,2026-07-30T00:00:00
CASH-9F6856F6AF0B9B,VAR-A6234A958054C5|EG-127|STORE,MAP-FBD5F99C1ECAD436,VAR-A6234A958054C5,EG-127,,,EGP,,,,,,,,,,,القاهرة,,,,,,,True,,HTML/JSON-LD,https://elbadrgroupeg.store/asus-vivobook-16-x1605va-ach007w-i7-13620h-16gb-512gb-ssd-wuxga-laptop,,,لم يُرصد,بانتظار أول رصد سعر,0,,,True,جاهز لأول رصد,"Exact Egyptian store product page. OS, keyboard language, warranty and seller are intentionally not collapsed into the hardware SKU and should remain offer-level attributes.",2026-07-30T00:00:00,2026-07-30T00:00:00
CASH-D61C8583B444FF,VAR-7D4D3CD7CA8864|EG-124|STORE,MAP-E95BF0063B36920F,VAR-7D4D3CD7CA8864,EG-124,,,EGP,,,,,,,,,,,القاهرة,,,,,,,True,,HTML/JSON-LD,https://www.compumarts.com/products/asus-vivobook-16-x1607ca-ultra-5-225h-16gb-512gb-windows11-egypt,,,لم يُرصد,بانتظار أول رصد سعر,0,,,True,جاهز لأول رصد,"Exact Egyptian store product page. OS, keyboard language, warranty and seller are intentionally not collapsed into the hardware SKU and should remain offer-level attributes.",2026-07-30T00:00:00,2026-07-30T00:00:00
CASH-3A9DBA359ABDF8,VAR-5282733CE9D648|EG-013|STORE,MAP-B8C3E2FDDF8CFD3A,VAR-5282733CE9D648,EG-013,,,EGP,,,,,,,,,,,القاهرة,,,,,,,True,,HTML/JSON-LD,https://btech.com/en/p/7446b04b-94d9-4d79-baf1-d4d77687f4f6,,,لم يُرصد,بانتظار أول رصد سعر,0,,,True,جاهز لأول رصد,"Exact Egyptian store product page. OS, keyboard language, warranty and seller are intentionally not collapsed into the hardware SKU and should remain offer-level attributes.",2026-07-30T00:00:00,2026-07-30T00:00:00
CASH-56926017D4E231,VAR-76262E0DE38301|EG-013|STORE,MAP-0ED9C1FD8A6AD967,VAR-76262E0DE38301,EG-013,,,EGP,,,,,,,,,,,القاهرة,,,,,,,True,,HTML/JSON-LD,https://btech.com/en/p/dell-vostro3520-laptop-i71255u-512gb-ssd-16gb-ubuntu-black,,,لم يُرصد,بانتظار أول رصد سعر,0,,,True,جاهز لأول رصد,"Exact Egyptian store product page. OS, keyboard language, warranty and seller are intentionally not collapsed into the hardware SKU and should remain offer-level attributes.",2026-07-30T00:00:00,2026-07-30T00:00:00
CASH-CBFD8A55306A04,VAR-2EE6AB165C5D99|EG-013|STORE,MAP-0E8970D716DE3B5F,VAR-2EE6AB165C5D99,EG-013,,,EGP,,,,,,,,,,,القاهرة,,,,,,,True,,اكتشاف من صفحة فئة,https://btech.com/en/c/laptop-pc/laptops/b/hp,,,لم يُرصد,بانتظار أول رصد سعر,0,,,True,يحتاج اكتشاف رابط المنتج,,2026-07-30T00:00:00,2026-07-30T00:00:00
CASH-E312EBCCE1BE60,VAR-EED1E6A53BD091|EG-013|STORE,MAP-A5DC0B65C1171704,VAR-EED1E6A53BD091,EG-013,,,EGP,,,,,,,,,,,القاهرة,,,,,,,True,,اكتشاف من صفحة فئة,https://btech.com/en/c/laptop-pc/laptops/b/hp,,,لم يُرصد,بانتظار أول رصد سعر,0,,,True,يحتاج اكتشاف رابط المنتج,,2026-07-30T00:00:00,2026-07-30T00:00:00
CASH-F6156AB5F60657,VAR-ABD98265AD4E97|EG-013|STORE,MAP-0ACC3A7276EED4E8,VAR-ABD98265AD4E97,EG-013,,,EGP,,,,,,,,,,,القاهرة,,,,,,,True,,اكتشاف من صفحة فئة,https://btech.com/en/c/laptop-pc/laptops/b/hp,,,لم يُرصد,بانتظار أول رصد سعر,0,,,True,يحتاج اكتشاف رابط المنتج,,2026-07-30T00:00:00,2026-07-30T00:00:00
CASH-64CEECC30A53B7,VAR-7C883B147858D2|EG-013|STORE,MAP-6EF0C2E09FB25A36,VAR-7C883B147858D2,EG-013,,,EGP,,,,,,,,,,,القاهرة,,,,,,,True,,اكتشاف من صفحة فئة,https://btech.com/en/c/laptop-pc/laptops/b/hp,,,لم يُرصد,بانتظار أول رصد سعر,0,,,True,يحتاج اكتشاف رابط المنتج,,2026-07-30T00:00:00,2026-07-30T00:00:00
CASH-E4A422CC700628,VAR-F9B19C89F2CEEB|EG-013|STORE,MAP-B90D0008E7FF8DA5,VAR-F9B19C89F2CEEB,EG-013,,,EGP,,,,,,,,,,,القاهرة,,,,,,,True,,اكتشاف من صفحة فئة,https://btech.com/en/c/laptop-pc/laptops/b/hp,,,لم يُرصد,بانتظار أول رصد سعر,0,,,True,يحتاج اكتشاف رابط المنتج,,2026-07-30T00:00:00,2026-07-30T00:00:00
CASH-5378EFDBE94492,VAR-BA79B3F3665DEA|EG-013|STORE,MAP-290B54E2D9486DF9,VAR-BA79B3F3665DEA,EG-013,,,EGP,,,,,,,,,,,القاهرة,,,,,,,True,,HTML/JSON-LD,https://btech.com/en/p/2642dcd9-f10e-4b8b-80f8-a3c773173d15,,,لم يُرصد,بانتظار أول رصد سعر,0,,,True,جاهز لأول رصد,"Exact Egyptian store product page. OS, keyboard language, warranty and seller are intentionally not collapsed into the hardware SKU and should remain offer-level attributes.",2026-07-30T00:00:00,2026-07-30T00:00:00
CASH-B65114FC08C36E,VAR-DB382F2C2AFA95|EG-013|STORE,MAP-D4F1467C28F86E90,VAR-DB382F2C2AFA95,EG-013,,,EGP,,,,,,,,,,,القاهرة,,,,,,,True,,اكتشاف من صفحة فئة,https://btech.com/en/c/laptop-pc/laptops/b/hp,,,لم يُرصد,بانتظار أول رصد سعر,0,,,True,يحتاج اكتشاف رابط المنتج,,2026-07-30T00:00:00,2026-07-30T00:00:00
CASH-7B6297071CFC30,VAR-2E758474356BE4|EG-013|STORE,MAP-4A45A685267F5C17,VAR-2E758474356BE4,EG-013,,,EGP,,,,,,,,,,,القاهرة,,,,,,,True,,اكتشاف من صفحة فئة,https://btech.com/en/c/laptop-pc/laptops/b/hp,,,لم يُرصد,بانتظار أول رصد سعر,0,,,True,يحتاج اكتشاف رابط المنتج,,2026-07-30T00:00:00,2026-07-30T00:00:00
CASH-DE4B261217084B,VAR-42C41B492EA3F8|EG-013|STORE,MAP-6E32C9106710A395,VAR-42C41B492EA3F8,EG-013,,,EGP,,,,,,,,,,,القاهرة,,,,,,,True,,اكتشاف من صفحة فئة,https://btech.com/en/c/laptop-pc/laptops/b/hp,,,لم يُرصد,بانتظار أول رصد سعر,0,,,True,يحتاج اكتشاف رابط المنتج,,2026-07-30T00:00:00,2026-07-30T00:00:00
CASH-C12E5D1DC80DB1,VAR-6BD600519CBF2D|EG-013|STORE,MAP-EDE7AD3288D1A288,VAR-6BD600519CBF2D,EG-013,,,EGP,,,,,,,,,,,القاهرة,,,,,,,True,,اكتشاف من صفحة فئة,https://btech.com/en/c/laptop-pc/laptops/b/hp,,,لم يُرصد,بانتظار أول رصد سعر,0,,,True,يحتاج اكتشاف رابط المنتج,,2026-07-30T00:00:00,2026-07-30T00:00:00
CASH-78D2738D96B1A4,VAR-2DDDCF445F3F94|EG-013|STORE,MAP-0C84D8DE7B1CB686,VAR-2DDDCF445F3F94,EG-013,,,EGP,,,,,,,,,,,القاهرة,,,,,,,True,,اكتشاف من صفحة فئة,https://btech.com/en/c/laptop-pc/laptops/b/hp,,,لم يُرصد,بانتظار أول رصد سعر,0,,,True,يحتاج اكتشاف رابط المنتج,,2026-07-30T00:00:00,2026-07-30T00:00:00
CASH-4EC1041A45A7DB,VAR-4A3117EB859BFF|EG-013|STORE,MAP-CFAAE57F82D0512D,VAR-4A3117EB859BFF,EG-013,,,EGP,,,,,,,,,,,القاهرة,,,,,,,True,,اكتشاف من صفحة فئة,https://btech.com/en/c/laptop-pc/laptops/b/hp,,,لم يُرصد,بانتظار أول رصد سعر,0,,,True,يحتاج اكتشاف رابط المنتج,,2026-07-30T00:00:00,2026-07-30T00:00:00
CASH-EF760184553DF6,VAR-4ED300BEB72B05|EG-013|STORE,MAP-4E3D85C13085DED5,VAR-4ED300BEB72B05,EG-013,,,EGP,,,,,,,,,,,القاهرة,,,,,,,True,,اكتشاف من صفحة فئة,https://btech.com/en/c/laptop-pc/laptops/b/hp,,,لم يُرصد,بانتظار أول رصد سعر,0,,,True,يحتاج اكتشاف رابط المنتج,,2026-07-30T00:00:00,2026-07-30T00:00:00
CASH-9E9FF923BC7E36,VAR-9216F0BBE332A5|EG-124|STORE,MAP-116C551F1E105F1F,VAR-9216F0BBE332A5,EG-124,,,EGP,,,,,,,,,,,القاهرة,,,,,,,True,,HTML/JSON-LD,https://www.compumarts.com/products/products-hp-probook-460-g11-core-ultra-7-155u-16gb-512gb-rtx-2050-business-laptop,,,لم يُرصد,بانتظار أول رصد سعر,0,,,True,جاهز لأول رصد,"Exact Egyptian store product page. OS, keyboard language, warranty and seller are intentionally not collapsed into the hardware SKU and should remain offer-level attributes.",2026-07-30T00:00:00,2026-07-30T00:00:00
CASH-071236BA2FCED2,VAR-55D46094DD503B|EG-013|STORE,MAP-E5D9AE150D605BC4,VAR-55D46094DD503B,EG-013,,,EGP,,,,,,,,,,,القاهرة,,,,,,,True,,اكتشاف من صفحة فئة,https://btech.com/en/c/laptop-pc/laptops/b/hp,,,لم يُرصد,بانتظار أول رصد سعر,0,,,True,يحتاج اكتشاف رابط المنتج,,2026-07-30T00:00:00,2026-07-30T00:00:00
CASH-520794DD124533,VAR-CE9E60EC20AD34|EG-013|STORE,MAP-D5496020DD64A0D4,VAR-CE9E60EC20AD34,EG-013,,,EGP,,,,,,,,,,,القاهرة,,,,,,,True,,اكتشاف من صفحة فئة,https://btech.com/en/c/laptop-pc/laptops/b/hp,,,لم يُرصد,بانتظار أول رصد سعر,0,,,True,يحتاج اكتشاف رابط المنتج,,2026-07-30T00:00:00,2026-07-30T00:00:00
CASH-AFA0FFDE0DE0C2,VAR-3579D57643AB72|EG-013|STORE,MAP-6C1F4AB29465E4D6,VAR-3579D57643AB72,EG-013,,,EGP,,,,,,,,,,,القاهرة,,,,,,,True,,HTML/JSON-LD,https://btech.com/en/p/hp-victus-15-fa1109ne-9s7r2ea-i7-13700h-512gb-16gb-rtx-4050-win11-blue,,,لم يُرصد,بانتظار أول رصد سعر,0,,,True,جاهز لأول رصد,"Exact Egyptian store product page. OS, keyboard language, warranty and seller are intentionally not collapsed into the hardware SKU and should remain offer-level attributes.",2026-07-30T00:00:00,2026-07-30T00:00:00
CASH-359F7AC768C3F7,VAR-70809523EAA20A|EG-013|STORE,MAP-0D36A0B36D5F1D54,VAR-70809523EAA20A,EG-013,,,EGP,,,,,,,,,,,القاهرة,,,,,,,True,,اكتشاف من صفحة فئة,https://btech.com/en/c/laptop-pc/laptops/b/hp,,,لم يُرصد,بانتظار أول رصد سعر,0,,,True,يحتاج اكتشاف رابط المنتج,,2026-07-30T00:00:00,2026-07-30T00:00:00
CASH-301464945F26CA,VAR-AE09356A37488F|EG-013|STORE,MAP-8AE8DD59053B1F8D,VAR-AE09356A37488F,EG-013,,,EGP,,,,,,,,,,,القاهرة,,,,,,,True,,اكتشاف من صفحة فئة,https://btech.com/en/c/laptop-pc/laptops/b/hp,,,لم يُرصد,بانتظار أول رصد سعر,0,,,True,يحتاج اكتشاف رابط المنتج,,2026-07-30T00:00:00,2026-07-30T00:00:00
CASH-743C4E712A9321,VAR-5F583D47A8C9F4|EG-013|STORE,MAP-BBE7E49D022DED0D,VAR-5F583D47A8C9F4,EG-013,,,EGP,,,,,,,,,,,القاهرة,,,,,,,True,,اكتشاف من صفحة فئة,https://btech.com/en/c/laptop-pc/laptops/b/hp,,,لم يُرصد,بانتظار أول رصد سعر,0,,,True,يحتاج اكتشاف رابط المنتج,,2026-07-30T00:00:00,2026-07-30T00:00:00
CASH-4601CFE9DF287E,VAR-B0F7391AF2ACE4|EG-013|STORE,MAP-D3037281C7FA2DC1,VAR-B0F7391AF2ACE4,EG-013,,,EGP,,,,,,,,,,,القاهرة,,,,,,,True,,اكتشاف من صفحة فئة,https://btech.com/en/c/laptop-pc/laptops/b/hp,,,لم يُرصد,بانتظار أول رصد سعر,0,,,True,يحتاج اكتشاف رابط المنتج,,2026-07-30T00:00:00,2026-07-30T00:00:00
CASH-10ACEE22EC1701,VAR-9C1E7687872B57|EG-013|STORE,MAP-1972D6806975D462,VAR-9C1E7687872B57,EG-013,,,EGP,,,,,,,,,,,القاهرة,,,,,,,True,,اكتشاف من صفحة فئة,https://btech.com/en/c/laptop-pc/laptops/b/hp,,,لم يُرصد,بانتظار أول رصد سعر,0,,,True,يحتاج اكتشاف رابط المنتج,,2026-07-30T00:00:00,2026-07-30T00:00:00
CASH-46EF7CA664FEF7,VAR-A2075EB09A005B|EG-013|STORE,MAP-F6C2DA29C701F33A,VAR-A2075EB09A005B,EG-013,,,EGP,,,,,,,,,,,القاهرة,,,,,,,True,,اكتشاف من صفحة فئة,https://btech.com/en/c/laptop-pc/laptops/b/hp,,,لم يُرصد,بانتظار أول رصد سعر,0,,,True,يحتاج اكتشاف رابط المنتج,,2026-07-30T00:00:00,2026-07-30T00:00:00
CASH-25590C128328F6,VAR-C381056A8BB7DF|EG-013|STORE,MAP-5213095C63232437,VAR-C381056A8BB7DF,EG-013,,,EGP,,,,,,,,,,,القاهرة,,,,,,,True,,HTML/JSON-LD,https://btech.com/en/p/lenovo-ideapad-5-14irh9-83kx0044ed-laptop-intel-core-i5-13420h-512gb-ssd-16gb-ram-14-inch-wuxga-ips-60hz-intel-uhd-graphics-windows-11-luna-grey-with-lenovo-digital-pen-2,,,لم يُرصد,بانتظار أول رصد سعر,0,,,True,جاهز لأول رصد,"Exact Egyptian store product page. OS, keyboard language, warranty and seller are intentionally not collapsed into the hardware SKU and should remain offer-level attributes.",2026-07-30T00:00:00,2026-07-30T00:00:00
CASH-CCA0001D342EE5,VAR-79B1F17A2A8109|EG-013|STORE,MAP-3EF6B8D592AEB44A,VAR-79B1F17A2A8109,EG-013,,,EGP,,,,,,,,,,,القاهرة,,,,,,,True,,اكتشاف من صفحة فئة,https://btech.com/en/c/laptop-pc/laptops/b/lenovo,,,لم يُرصد,بانتظار أول رصد سعر,0,,,True,يحتاج اكتشاف رابط المنتج,,2026-07-30T00:00:00,2026-07-30T00:00:00
CASH-0850000CD5A727,VAR-3463AE41C852B1|EG-013|STORE,MAP-D1AB0C3BCD6A9085,VAR-3463AE41C852B1,EG-013,,,EGP,,,,,,,,,,,القاهرة,,,,,,,True,,اكتشاف من صفحة فئة,https://btech.com/en/c/laptop-pc/laptops/b/lenovo,,,لم يُرصد,بانتظار أول رصد سعر,0,,,True,يحتاج اكتشاف رابط المنتج,,2026-07-30T00:00:00,2026-07-30T00:00:00
CASH-E5E43A7CA48270,VAR-1D5E48CF1D3C43|EG-013|STORE,MAP-0CB012678E3F2DA4,VAR-1D5E48CF1D3C43,EG-013,,,EGP,,,,,,,,,,,القاهرة,,,,,,,True,,اكتشاف من صفحة فئة,https://btech.com/en/c/laptop-pc/laptops/b/lenovo,,,لم يُرصد,بانتظار أول رصد سعر,0,,,True,يحتاج اكتشاف رابط المنتج,,2026-07-30T00:00:00,2026-07-30T00:00:00
CASH-9B2F842D8738C6,VAR-9D5D2C8F9642B9|EG-013|STORE,MAP-C148B72792DDF608,VAR-9D5D2C8F9642B9,EG-013,,,EGP,,,,,,,,,,,القاهرة,,,,,,,True,,HTML/JSON-LD,https://btech.com/en/p/lenovo-ideapadslim3-15iah8-83er00beed-laptop-i5-12450h-512gb-ssd-16gb-15-6-inteluhd-w11-grey-lenovot210toploader,,,لم يُرصد,بانتظار أول رصد سعر,0,,,True,جاهز لأول رصد,"Exact Egyptian store product page. OS, keyboard language, warranty and seller are intentionally not collapsed into the hardware SKU and should remain offer-level attributes.",2026-07-30T00:00:00,2026-07-30T00:00:00
CASH-295A5BEAA6D303,VAR-DC24219174A0F6|EG-124|STORE,MAP-A51FBD92B49771E0,VAR-DC24219174A0F6,EG-124,,,EGP,,,,,,,,,,,القاهرة,,,,,,,True,,HTML/JSON-LD,https://www.compumarts.com/products/lenovo-ideapad-slim-3-15irh10-i7-13620h-16gb-512gb-wuxga-cosmic-blue-egypt,,,لم يُرصد,بانتظار أول رصد سعر,0,,,True,جاهز لأول رصد,"Exact Egyptian store product page. OS, keyboard language, warranty and seller are intentionally not collapsed into the hardware SKU and should remain offer-level attributes.",2026-07-30T00:00:00,2026-07-30T00:00:00
CASH-3B6039D58B0704,VAR-05C72619DC7E73|EG-013|STORE,MAP-BF677533DEC2F9E8,VAR-05C72619DC7E73,EG-013,,,EGP,,,,,,,,,,,القاهرة,,,,,,,True,,اكتشاف من صفحة فئة,https://btech.com/en/c/laptop-pc/laptops/b/lenovo,,,لم يُرصد,بانتظار أول رصد سعر,0,,,True,يحتاج اكتشاف رابط المنتج,,2026-07-30T00:00:00,2026-07-30T00:00:00
CASH-26230B30120D19,VAR-A19415751D9A6D|EG-013|STORE,MAP-A17C7D25B4D21556,VAR-A19415751D9A6D,EG-013,,,EGP,,,,,,,,,,,القاهرة,,,,,,,True,,اكتشاف من صفحة فئة,https://btech.com/en/c/laptop-pc/laptops/b/lenovo,,,لم يُرصد,بانتظار أول رصد سعر,0,,,True,يحتاج اكتشاف رابط المنتج,,2026-07-30T00:00:00,2026-07-30T00:00:00
CASH-FBEB9E497D7F27,VAR-4192ADA7A72CFB|EG-013|STORE,MAP-57EEE57D7D041039,VAR-4192ADA7A72CFB,EG-013,,,EGP,,,,,,,,,,,القاهرة,,,,,,,True,,اكتشاف من صفحة فئة,https://btech.com/en/c/laptop-pc/laptops/b/lenovo,,,لم يُرصد,بانتظار أول رصد سعر,0,,,True,يحتاج اكتشاف رابط المنتج,,2026-07-30T00:00:00,2026-07-30T00:00:00
CASH-C63BBFBA527497,VAR-83BB0CC50DDE36|EG-013|STORE,MAP-BC9177CBC5399D90,VAR-83BB0CC50DDE36,EG-013,,,EGP,,,,,,,,,,,القاهرة,,,,,,,True,,اكتشاف من صفحة فئة,https://btech.com/en/c/laptop-pc/laptops/b/lenovo,,,لم يُرصد,بانتظار أول رصد سعر,0,,,True,يحتاج اكتشاف رابط المنتج,,2026-07-30T00:00:00,2026-07-30T00:00:00
CASH-A3CD48510E2B85,VAR-6B654A9743CC07|EG-013|STORE,MAP-6ADFA93054252142,VAR-6B654A9743CC07,EG-013,,,EGP,,,,,,,,,,,القاهرة,,,,,,,True,,اكتشاف من صفحة فئة,https://btech.com/en/c/laptop-pc/laptops/b/lenovo,,,لم يُرصد,بانتظار أول رصد سعر,0,,,True,يحتاج اكتشاف رابط المنتج,,2026-07-30T00:00:00,2026-07-30T00:00:00
CASH-8871D40B4AE320,VAR-F00CD6D52ABA2F|EG-013|STORE,MAP-A9D766E739529C78,VAR-F00CD6D52ABA2F,EG-013,,,EGP,,,,,,,,,,,القاهرة,,,,,,,True,,اكتشاف من صفحة فئة,https://btech.com/en/c/laptop-pc/laptops/b/lenovo,,,لم يُرصد,بانتظار أول رصد سعر,0,,,True,يحتاج اكتشاف رابط المنتج,,2026-07-30T00:00:00,2026-07-30T00:00:00
CASH-0078D39693CCDA,VAR-74989F051F84B2|EG-013|STORE,MAP-50187275D90E354C,VAR-74989F051F84B2,EG-013,,,EGP,,,,,,,,,,,القاهرة,,,,,,,True,,اكتشاف من صفحة فئة,https://btech.com/en/c/laptop-pc/laptops/b/lenovo,,,لم يُرصد,بانتظار أول رصد سعر,0,,,True,يحتاج اكتشاف رابط المنتج,,2026-07-30T00:00:00,2026-07-30T00:00:00
CASH-593620136FF651,VAR-B17EBB376E0573|EG-013|STORE,MAP-512760A1283277E2,VAR-B17EBB376E0573,EG-013,,,EGP,,,,,,,,,,,القاهرة,,,,,,,True,,اكتشاف من صفحة فئة,https://btech.com/en/c/laptop-pc/laptops/b/lenovo,,,لم يُرصد,بانتظار أول رصد سعر,0,,,True,يحتاج اكتشاف رابط المنتج,,2026-07-30T00:00:00,2026-07-30T00:00:00
CASH-32DE524F210988,VAR-439F11B885ACDA|EG-013|STORE,MAP-3CA488356EBC6804,VAR-439F11B885ACDA,EG-013,,,EGP,,,,,,,,,,,القاهرة,,,,,,,True,,HTML/JSON-LD,https://btech.com/en/p/lenovo-loq-83lk0060ed-i5-12450hx-512gb-16gb-15-6-inch-rtx-3050-6gb-win11-grey,,,لم يُرصد,بانتظار أول رصد سعر,0,,,True,جاهز لأول رصد,"Exact Egyptian store product page. OS, keyboard language, warranty and seller are intentionally not collapsed into the hardware SKU and should remain offer-level attributes.",2026-07-30T00:00:00,2026-07-30T00:00:00
CASH-DDEAA7A1A7DA22,VAR-72914324AF1F48|EG-013|STORE,MAP-528FE3D514D30867,VAR-72914324AF1F48,EG-013,,,EGP,,,,,,,,,,,القاهرة,,,,,,,True,,اكتشاف من صفحة فئة,https://btech.com/en/c/laptop-pc/laptops/b/lenovo,,,لم يُرصد,بانتظار أول رصد سعر,0,,,True,يحتاج اكتشاف رابط المنتج,,2026-07-30T00:00:00,2026-07-30T00:00:00
CASH-B82863F00A41B7,VAR-189D2829E00E9D|EG-013|STORE,MAP-A8EBB97D9882EC5D,VAR-189D2829E00E9D,EG-013,,,EGP,,,,,,,,,,,القاهرة,,,,,,,True,,اكتشاف من صفحة فئة,https://btech.com/en/c/laptop-pc/laptops/b/lenovo,,,لم يُرصد,بانتظار أول رصد سعر,0,,,True,يحتاج اكتشاف رابط المنتج,,2026-07-30T00:00:00,2026-07-30T00:00:00
CASH-957016F201213C,VAR-FEA0D59471A372|EG-013|STORE,MAP-8370FB96123FB079,VAR-FEA0D59471A372,EG-013,,,EGP,,,,,,,,,,,القاهرة,,,,,,,True,,اكتشاف من صفحة فئة,https://btech.com/en/c/laptop-pc/laptops/b/lenovo,,,لم يُرصد,بانتظار أول رصد سعر,0,,,True,يحتاج اكتشاف رابط المنتج,,2026-07-30T00:00:00,2026-07-30T00:00:00
CASH-93413BED3DF5DD,VAR-2F532F1235CBAD|EG-013|STORE,MAP-F0000A913484AB30,VAR-2F532F1235CBAD,EG-013,,,EGP,,,,,,,,,,,القاهرة,,,,,,,True,,اكتشاف من صفحة فئة,https://btech.com/en/c/laptop-pc/laptops/b/lenovo,,,لم يُرصد,بانتظار أول رصد سعر,0,,,True,يحتاج اكتشاف رابط المنتج,,2026-07-30T00:00:00,2026-07-30T00:00:00
CASH-7C1BA1DD768E41,VAR-4815EFB8643B88|EG-013|STORE,MAP-E2848A67F3CE137F,VAR-4815EFB8643B88,EG-013,,,EGP,,,,,,,,,,,القاهرة,,,,,,,True,,اكتشاف من صفحة فئة,https://btech.com/en/c/laptop-pc/laptops/b/lenovo,,,لم يُرصد,بانتظار أول رصد سعر,0,,,True,يحتاج اكتشاف رابط المنتج,,2026-07-30T00:00:00,2026-07-30T00:00:00
CASH-57D7718CBA0722,VAR-2D4B2FFF89D069|EG-013|STORE,MAP-E7EF0A39B9C705B2,VAR-2D4B2FFF89D069,EG-013,,,EGP,,,,,,,,,,,القاهرة,,,,,,,True,,اكتشاف من صفحة فئة,https://btech.com/en/c/laptop-pc/laptops/b/lenovo,,,لم يُرصد,بانتظار أول رصد سعر,0,,,True,يحتاج اكتشاف رابط المنتج,,2026-07-30T00:00:00,2026-07-30T00:00:00
CASH-9E4D089F0508E7,VAR-08EA22077372E7|EG-013|STORE,MAP-383356652FBC5C6F,VAR-08EA22077372E7,EG-013,,,EGP,,,,,,,,,,,القاهرة,,,,,,,True,,HTML/JSON-LD,https://btech.com/en/p/e759d645-40ce-4284-9964-9511f511f4ad,,,لم يُرصد,بانتظار أول رصد سعر,0,,,True,جاهز لأول رصد,"Exact Egyptian store product page. OS, keyboard language, warranty and seller are intentionally not collapsed into the hardware SKU and should remain offer-level attributes.",2026-07-30T00:00:00,2026-07-30T00:00:00
CASH-838B0A642B1B30,VAR-BD2A82BB5A92B7|EG-013|STORE,MAP-A54B811FCE057399,VAR-BD2A82BB5A92B7,EG-013,,,EGP,,,,,,,,,,,القاهرة,,,,,,,True,,اكتشاف من صفحة فئة,https://btech.com/en/c/laptop-pc/laptops/b/lenovo,,,لم يُرصد,بانتظار أول رصد سعر,0,,,True,يحتاج اكتشاف رابط المنتج,,2026-07-30T00:00:00,2026-07-30T00:00:00
CASH-3671769884E487,VAR-94AB77395BCC84|EG-013|STORE,MAP-08E80914477325E2,VAR-94AB77395BCC84,EG-013,,,EGP,,,,,,,,,,,القاهرة,,,,,,,True,,اكتشاف من صفحة فئة,https://btech.com/en/c/laptop-pc/laptops/b/lenovo,,,لم يُرصد,بانتظار أول رصد سعر,0,,,True,يحتاج اكتشاف رابط المنتج,,2026-07-30T00:00:00,2026-07-30T00:00:00
CASH-F89A9F51AD7786,VAR-30844FDA1729F7|EG-013|STORE,MAP-DF142C25545541D0,VAR-30844FDA1729F7,EG-013,,,EGP,,,,,,,,,,,القاهرة,,,,,,,True,,اكتشاف من صفحة فئة,https://btech.com/en/c/laptop-pc/laptops/b/msi,,,لم يُرصد,بانتظار أول رصد سعر,0,,,True,يحتاج اكتشاف رابط المنتج,,2026-07-30T00:00:00,2026-07-30T00:00:00
CASH-DB27CA9B7511AB,VAR-486C67EADCECEC|EG-013|STORE,MAP-774AD6639C8F598A,VAR-486C67EADCECEC,EG-013,,,EGP,,,,,,,,,,,القاهرة,,,,,,,True,,اكتشاف من صفحة فئة,https://btech.com/en/c/laptop-pc/laptops/b/msi,,,لم يُرصد,بانتظار أول رصد سعر,0,,,True,يحتاج اكتشاف رابط المنتج,,2026-07-30T00:00:00,2026-07-30T00:00:00
CASH-67F4D7539BB416,VAR-8ACEE667B7D33E|EG-013|STORE,MAP-DFE13121A1F4DD6D,VAR-8ACEE667B7D33E,EG-013,,,EGP,,,,,,,,,,,القاهرة,,,,,,,True,,اكتشاف من صفحة فئة,https://btech.com/en/c/laptop-pc/laptops/b/msi,,,لم يُرصد,بانتظار أول رصد سعر,0,,,True,يحتاج اكتشاف رابط المنتج,,2026-07-30T00:00:00,2026-07-30T00:00:00
CASH-4BA8BE02F4320F,VAR-960F55A9290F2A|EG-013|STORE,MAP-399BB8FF3A353193,VAR-960F55A9290F2A,EG-013,,,EGP,,,,,,,,,,,القاهرة,,,,,,,True,,HTML/JSON-LD,https://btech.com/en/p/c2a1aed6-9df2-4df1-9570-1a67112d2612,,,لم يُرصد,بانتظار أول رصد سعر,0,,,True,جاهز لأول رصد,"Exact Egyptian store product page. OS, keyboard language, warranty and seller are intentionally not collapsed into the hardware SKU and should remain offer-level attributes.",2026-07-30T00:00:00,2026-07-30T00:00:00
CASH-6579096EE40417,VAR-617E45CDA8A2C8|EG-013|STORE,MAP-EC9901E23137E254,VAR-617E45CDA8A2C8,EG-013,,,EGP,,,,,,,,,,,القاهرة,,,,,,,True,,اكتشاف من صفحة فئة,https://btech.com/en/c/laptop-pc/laptops/b/msi,,,لم يُرصد,بانتظار أول رصد سعر,0,,,True,يحتاج اكتشاف رابط المنتج,,2026-07-30T00:00:00,2026-07-30T00:00:00
CASH-811CF1A935CA12,VAR-12E63E5D517E62|EG-013|STORE,MAP-B0339F6EF805042C,VAR-12E63E5D517E62,EG-013,,,EGP,,,,,,,,,,,القاهرة,,,,,,,True,,اكتشاف من صفحة فئة,https://btech.com/en/c/laptop-pc/laptops/b/msi,,,لم يُرصد,بانتظار أول رصد سعر,0,,,True,يحتاج اكتشاف رابط المنتج,,2026-07-30T00:00:00,2026-07-30T00:00:00
CASH-0CD8E378E33749,VAR-8EA7CE2AD7A6FE|EG-013|STORE,MAP-F2AFA8A0934866F3,VAR-8EA7CE2AD7A6FE,EG-013,,,EGP,,,,,,,,,,,القاهرة,,,,,,,True,,اكتشاف من صفحة فئة,https://btech.com/en/c/laptop-pc/laptops/b/msi,,,لم يُرصد,بانتظار أول رصد سعر,0,,,True,يحتاج اكتشاف رابط المنتج,,2026-07-30T00:00:00,2026-07-30T00:00:00
CASH-DDD2C3A3D34BD2,VAR-3F75A3D9E8B069|EG-013|STORE,MAP-4C2613B9FE4FAA4A,VAR-3F75A3D9E8B069,EG-013,,,EGP,,,,,,,,,,,القاهرة,,,,,,,True,,اكتشاف من صفحة فئة,https://btech.com/en/c/laptop-pc/laptops/b/msi,,,لم يُرصد,بانتظار أول رصد سعر,0,,,True,يحتاج اكتشاف رابط المنتج,,2026-07-30T00:00:00,2026-07-30T00:00:00
CASH-78D1DDEE05F0C0,VAR-D8C2B217240673|EG-013|STORE,MAP-81183DF67F02644C,VAR-D8C2B217240673,EG-013,,,EGP,,,,,,,,,,,القاهرة,,,,,,,True,,اكتشاف من صفحة فئة,https://btech.com/en/c/laptop-pc/laptops/b/msi,,,لم يُرصد,بانتظار أول رصد سعر,0,,,True,يحتاج اكتشاف رابط المنتج,,2026-07-30T00:00:00,2026-07-30T00:00:00
CASH-BDF3C12774DDCB,VAR-62DEB93A6C609D|EG-013|STORE,MAP-1FB8761B3EEF1CAD,VAR-62DEB93A6C609D,EG-013,,,EGP,,,,,,,,,,,القاهرة,,,,,,,True,,اكتشاف من صفحة فئة,https://btech.com/en/c/laptop-pc/laptops/b/msi,,,لم يُرصد,بانتظار أول رصد سعر,0,,,True,يحتاج اكتشاف رابط المنتج,,2026-07-30T00:00:00,2026-07-30T00:00:00
CASH-E1E1A1FD795D33,VAR-6CA231CEABE2E9|EG-013|STORE,MAP-B06C0A0153D668E8,VAR-6CA231CEABE2E9,EG-013,,,EGP,,,,,,,,,,,القاهرة,,,,,,,True,,اكتشاف من صفحة فئة,https://btech.com/en/c/laptop-pc/laptops/b/msi,,,لم يُرصد,بانتظار أول رصد سعر,0,,,True,يحتاج اكتشاف رابط المنتج,,2026-07-30T00:00:00,2026-07-30T00:00:00
CASH-87851345D6A004,VAR-385C5A7456CCEB|EG-013|STORE,MAP-7EF606F5913E8811,VAR-385C5A7456CCEB,EG-013,,,EGP,,,,,,,,,,,القاهرة,,,,,,,True,,اكتشاف من صفحة فئة,https://btech.com/en/c/laptop-pc/laptops/b/msi,,,لم يُرصد,بانتظار أول رصد سعر,0,,,True,يحتاج اكتشاف رابط المنتج,,2026-07-30T00:00:00,2026-07-30T00:00:00
CASH-C62E5324AC1A96,VAR-F4F36F36083CF7|EG-013|STORE,MAP-C2458D5027E804BB,VAR-F4F36F36083CF7,EG-013,,,EGP,,,,,,,,,,,القاهرة,,,,,,,True,,اكتشاف من صفحة فئة,https://btech.com/en/c/laptop-pc/laptops/b/msi,,,لم يُرصد,بانتظار أول رصد سعر,0,,,True,يحتاج اكتشاف رابط المنتج,,2026-07-30T00:00:00,2026-07-30T00:00:00
CASH-518B921F01CBD2,VAR-872946BBA4740B|EG-013|STORE,MAP-3D7502A55283E7D3,VAR-872946BBA4740B,EG-013,,,EGP,,,,,,,,,,,القاهرة,,,,,,,True,,اكتشاف من صفحة فئة,https://btech.com/en/c/laptop-pc/laptops/b/msi,,,لم يُرصد,بانتظار أول رصد سعر,0,,,True,يحتاج اكتشاف رابط المنتج,,2026-07-30T00:00:00,2026-07-30T00:00:00
CASH-1DB003310C3853,VAR-461E3B8AFA81C5|EG-013|STORE,MAP-8AB80C7BCBACFC08,VAR-461E3B8AFA81C5,EG-013,,,EGP,,,,,,,,,,,القاهرة,,,,,,,True,,اكتشاف من صفحة فئة,https://btech.com/en/c/laptop-pc/laptops/b/msi,,,لم يُرصد,بانتظار أول رصد سعر,0,,,True,يحتاج اكتشاف رابط المنتج,,2026-07-30T00:00:00,2026-07-30T00:00:00
CASH-4E9299271F4C71,VAR-EDBADEFF5EC100|EG-013|STORE,MAP-0F5BF9427FFBD63E,VAR-EDBADEFF5EC100,EG-013,,,EGP,,,,,,,,,,,القاهرة,,,,,,,True,,اكتشاف من صفحة فئة,https://btech.com/en/c/laptop-pc/laptops/b/msi,,,لم يُرصد,بانتظار أول رصد سعر,0,,,True,يحتاج اكتشاف رابط المنتج,,2026-07-30T00:00:00,2026-07-30T00:00:00
CASH-BCE9B2FC9E7747,VAR-BE747D20BBD927|EG-013|STORE,MAP-8E98859BEE56EC37,VAR-BE747D20BBD927,EG-013,,,EGP,,,,,,,,,,,القاهرة,,,,,,,True,,اكتشاف من صفحة فئة,https://btech.com/en/c/laptop-pc/laptops/b/msi,,,لم يُرصد,بانتظار أول رصد سعر,0,,,True,يحتاج اكتشاف رابط المنتج,,2026-07-30T00:00:00,2026-07-30T00:00:00
CASH-7A8FEDF0DC49F1,VAR-99A389E11039A3|EG-013|STORE,MAP-03E5373704CCD7C3,VAR-99A389E11039A3,EG-013,,,EGP,,,,,,,,,,,القاهرة,,,,,,,True,,اكتشاف من صفحة فئة,https://btech.com/en/c/laptop-pc/laptops/b/msi,,,لم يُرصد,بانتظار أول رصد سعر,0,,,True,يحتاج اكتشاف رابط المنتج,,2026-07-30T00:00:00,2026-07-30T00:00:00
CASH-8FF72EB344D91C,VAR-6E4A529DA902B7|EG-013|STORE,MAP-132703935721BF5D,VAR-6E4A529DA902B7,EG-013,,,EGP,,,,,,,,,,,القاهرة,,,,,,,True,,اكتشاف من صفحة فئة,https://btech.com/en/c/laptop-pc/laptops/b/msi,,,لم يُرصد,بانتظار أول رصد سعر,0,,,True,يحتاج اكتشاف رابط المنتج,,2026-07-30T00:00:00,2026-07-30T00:00:00
CASH-1F362ED4B694F2,VAR-BD590B2AD53A83|EG-013|STORE,MAP-A3430DBFCB3766AB,VAR-BD590B2AD53A83,EG-013,,,EGP,,,,,,,,,,,القاهرة,,,,,,,True,,اكتشاف من صفحة فئة,https://btech.com/en/c/laptop-pc/laptops/b/msi,,,لم يُرصد,بانتظار أول رصد سعر,0,,,True,يحتاج اكتشاف رابط المنتج,,2026-07-30T00:00:00,2026-07-30T00:00:00
CASH-C896F33BA76F41,VAR-E147E13ACF2E89|EG-124|STORE,MAP-35430F6B7B4F1199,VAR-E147E13ACF2E89,EG-124,,,EGP,,,,,,,,,,,القاهرة,,,,,,,True,,HTML/JSON-LD,https://www.compumarts.com/products/asus-prime-b850m-k-motherboard,,,لم يُرصد,بانتظار أول رصد سعر,0,,,True,جاهز لأول رصد,"Exact motherboard model page. RAM capacity fields are intentionally null because supported maximum memory is a specification, not installed RAM.",2026-07-30T00:00:00,2026-07-30T00:00:00
CASH-784329247D44C7,VAR-248A89BE2649FC|EG-127|STORE,MAP-E3E225B08A6AC18F,VAR-248A89BE2649FC,EG-127,,,EGP,,,,,,,,,,,القاهرة,,,,,,,True,,HTML/JSON-LD,https://elbadrgroupeg.store/asus-rog-strix-b850-f-gaming-wifi7-neo-am5-ddr5-atx-motherboard,,,لم يُرصد,بانتظار أول رصد سعر,0,,,True,جاهز لأول رصد,"Exact motherboard model page. RAM capacity fields are intentionally null because supported maximum memory is a specification, not installed RAM.",2026-07-30T00:00:00,2026-07-30T00:00:00
CASH-10AC6FE38506E7,VAR-AAEDA3DF0536CF|EG-124|STORE,MAP-AF22A7CC2D403B42,VAR-AAEDA3DF0536CF,EG-124,,,EGP,,,,,,,,,,,القاهرة,,,,,,,True,,HTML/JSON-LD,https://www.compumarts.com/products/asus-rog-strix-b850-i-wifi-gaming-motherboard,,,لم يُرصد,بانتظار أول رصد سعر,0,,,True,جاهز لأول رصد,"Exact motherboard model page. RAM capacity fields are intentionally null because supported maximum memory is a specification, not installed RAM.",2026-07-30T00:00:00,2026-07-30T00:00:00
CASH-B181F468E72783,VAR-E5D536180F89AC|EG-124|STORE,MAP-281E20DAE4253F66,VAR-E5D536180F89AC,EG-124,,,EGP,,,,,,,,,,,القاهرة,,,,,,,True,,HTML/JSON-LD,https://www.compumarts.com/products/asus-tuf-gaming-b850-e-wifi-motherboard-egypt,,,لم يُرصد,بانتظار أول رصد سعر,0,,,True,جاهز لأول رصد,"Exact motherboard model page. RAM capacity fields are intentionally null because supported maximum memory is a specification, not installed RAM.",2026-07-30T00:00:00,2026-07-30T00:00:00
CASH-087E1C91614B0F,VAR-8B96A80B6010EA|EG-127|STORE,MAP-4AA3E6157FD08028,VAR-8B96A80B6010EA,EG-127,,,EGP,,,,,,,,,,,القاهرة,,,,,,,True,,HTML/JSON-LD,https://elbadrgroupeg.store/asus-tuf-gaming-b850-plus-wifi,,,لم يُرصد,بانتظار أول رصد سعر,0,,,True,جاهز لأول رصد,"Exact motherboard model page. RAM capacity fields are intentionally null because supported maximum memory is a specification, not installed RAM.",2026-07-30T00:00:00,2026-07-30T00:00:00
CASH-3F3D9F4D59D53B,VAR-019AD9C5568AF6|EG-124|STORE,MAP-53DF6B472F496E4C,VAR-019AD9C5568AF6,EG-124,,,EGP,,,,,,,,,,,القاهرة,,,,,,,True,,HTML/JSON-LD,https://www.compumarts.com/products/msi-b850-gaming-plus-wifi-motherboard-atx-supports-amd-ryzen-9000-8000-7000-processors-am5-ddr5,,,لم يُرصد,بانتظار أول رصد سعر,0,,,True,جاهز لأول رصد,"Exact motherboard model page. RAM capacity fields are intentionally null because supported maximum memory is a specification, not installed RAM.",2026-07-30T00:00:00,2026-07-30T00:00:00
CASH-653C4915CCA2CC,VAR-F99135845CEF74|EG-124|STORE,MAP-593D73232D34A7AE,VAR-F99135845CEF74,EG-124,,,EGP,,,,,,,,,,,القاهرة,,,,,,,True,,HTML/JSON-LD,https://www.compumarts.com/products/msi-b850m-gaming-plus-wifi6e-egypt,,,لم يُرصد,بانتظار أول رصد سعر,0,,,True,جاهز لأول رصد,"Exact motherboard model page. RAM capacity fields are intentionally null because supported maximum memory is a specification, not installed RAM.",2026-07-30T00:00:00,2026-07-30T00:00:00
CASH-D2704D4E93FF18,VAR-0F75FA5CE30063|EG-124|STORE,MAP-2A4101E5ED414BFE,VAR-0F75FA5CE30063,EG-124,,,EGP,,,,,,,,,,,القاهرة,,,,,,,True,,HTML/JSON-LD,https://www.compumarts.com/products/msi-mag-b850-tomahawk-max-wifi-am5-ddr5-motherboard-egypt,,,لم يُرصد,بانتظار أول رصد سعر,0,,,True,جاهز لأول رصد,"Exact motherboard model page. RAM capacity fields are intentionally null because supported maximum memory is a specification, not installed RAM.",2026-07-30T00:00:00,2026-07-30T00:00:00
CASH-E699F5C4E4B155,VAR-5F15DEB1049975|EG-124|STORE,MAP-A0512F3581E41EA5,VAR-5F15DEB1049975,EG-124,,,EGP,,,,,,,,,,,القاهرة,,,,,,,True,,HTML/JSON-LD,https://www.compumarts.com/products/msi-pro-b850m-a-wifi,,,لم يُرصد,بانتظار أول رصد سعر,0,,,True,جاهز لأول رصد,"Exact motherboard model page. RAM capacity fields are intentionally null because supported maximum memory is a specification, not installed RAM.",2026-07-30T00:00:00,2026-07-30T00:00:00
CASH-BE12E5E677A3C3,VAR-AAA964C98F9425|EG-124|STORE,MAP-143D586F3478BFED,VAR-AAA964C98F9425,EG-124,,,EGP,,,,,,,,,,,القاهرة,,,,,,,True,,HTML/JSON-LD,https://www.compumarts.com/products/msi-pro-b850m-g,,,لم يُرصد,بانتظار أول رصد سعر,0,,,True,جاهز لأول رصد,"Exact motherboard model page. RAM capacity fields are intentionally null because supported maximum memory is a specification, not installed RAM.",2026-07-30T00:00:00,2026-07-30T00:00:00
CASH-99EE99CFEE9A67,VAR-78FE4B9A280540|EG-124|STORE,MAP-CCE3CCCE0DF5C7D8,VAR-78FE4B9A280540,EG-124,,,EGP,,,,,,,,,,,القاهرة,,,,,,,True,,HTML/JSON-LD,https://www.compumarts.com/products/tl-wn722n-150mbps-high-gain-wireless-usb-adapter-eu,,,لم يُرصد,بانتظار أول رصد سعر,0,,,True,جاهز لأول رصد,Exact model page. Hardware revision and regional suffix are not exposed and are intentionally omitted.,2026-07-30T00:00:00,2026-07-30T00:00:00
CASH-0D969DC14DA6B3,VAR-D451AA5E3989FF|EG-124|STORE,MAP-124641D1FB386EC3,VAR-D451AA5E3989FF,EG-124,,,EGP,,,,,,,,,,,القاهرة,,,,,,,True,,HTML/JSON-LD,https://www.compumarts.com/products/nano-tp-link-150mbps-wireless-n-nano-usb-adapter-tl-wn725n-update-version,,,لم يُرصد,بانتظار أول رصد سعر,0,,,True,جاهز لأول رصد,Exact model page. Hardware revision and regional suffix are not exposed and are intentionally omitted.,2026-07-30T00:00:00,2026-07-30T00:00:00
CASH-8CD114441D9E32,VAR-791D52C3E32BD9|EG-124|STORE,MAP-9AE743389643853E,VAR-791D52C3E32BD9,EG-124,,,EGP,,,,,,,,,,,القاهرة,,,,,,,True,,HTML/JSON-LD,https://www.compumarts.com/products/tp-link-usb-tl-wn823n-wireless-lan-300mbps,,,لم يُرصد,بانتظار أول رصد سعر,0,,,True,جاهز لأول رصد,Exact model page. Hardware revision and regional suffix are not exposed and are intentionally omitted.,2026-07-30T00:00:00,2026-07-30T00:00:00
CASH-5E63DF7ADF6878,VAR-A15790842CAE42|EG-124|STORE,MAP-8CF07DACAC101250,VAR-A15790842CAE42,EG-124,,,EGP,,,,,,,,,,,القاهرة,,,,,,,True,,HTML/JSON-LD,https://www.compumarts.com/products/tp-link-archer-c60-ac1350-dual-band-access-point-wi-fi-router,,,لم يُرصد,بانتظار أول رصد سعر,0,,,True,جاهز لأول رصد,Exact Egypt store product page; hardware revision is not exposed.,2026-07-30T00:00:00,2026-07-30T00:00:00
CASH-BE6EC562C42D57,VAR-7BCF0478D791F9|EG-124|STORE,MAP-19F684AA67540FF5,VAR-7BCF0478D791F9,EG-124,,,EGP,,,,,,,,,,,القاهرة,,,,,,,True,,HTML/JSON-LD,https://www.compumarts.com/products/tp-link-ac1750-dual-band-celling-mount-gigabit-access-point-eap245,,,لم يُرصد,بانتظار أول رصد سعر,0,,,True,جاهز لأول رصد,Exact Egypt store product page; hardware revision is not exposed.,2026-07-30T00:00:00,2026-07-30T00:00:00
CASH-76D76F68DCE00F,VAR-B1B10D9F4D94E3|EG-060|STORE,MAP-C1DA969EE9C45E3C,VAR-B1B10D9F4D94E3,EG-060,,,EGP,,,,,,,,,,,القاهرة,,,,,,,True,,JSON-LD,https://www.ikea.com/eg/en/p/idealisk-jug-graduated-stainless-steel-16968300,,,لم يُرصد,بانتظار أول رصد سعر,0,,,True,يحتاج اكتشاف رابط المنتج,الاسم ورقم الصنف والمواصفات الظاهرة مأخوذة من قائمة JSON-LD الرسمية للفئة في IKEA Egypt؛ لم تُنقل أي أسعار.,2026-07-30T00:00:00,2026-07-30T00:00:00
CASH-22EB08CFC8A457,VAR-3D1254ECE647F9|EG-063|STORE,MAP-CAD4878CF2F05CD2,VAR-3D1254ECE647F9,EG-063,,,EGP,,,,,,,,,,,القاهرة,,,,,,,True,,تغذية منتجات,https://mintra.eg/products/diamond-pitcher,,,لم يُرصد,بانتظار أول رصد سعر,0,,,True,جاهز لأول رصد,الموديل والنسخة ورقم SKU مأخوذة من خلاصة المنتجات الرسمية لمتجر Mintra؛ لم تُنقل أي أسعار.,2026-07-30T00:00:00,2026-07-30T00:00:00
CASH-4364FE7F2EBB5E,VAR-2338EF27D9155A|EG-063|STORE,MAP-8328332F8F553F30,VAR-2338EF27D9155A,EG-063,,,EGP,,,,,,,,,,,القاهرة,,,,,,,True,,تغذية منتجات,https://mintra.eg/products/diamond-pitcher,,,لم يُرصد,بانتظار أول رصد سعر,0,,,True,جاهز لأول رصد,الموديل والنسخة ورقم SKU مأخوذة من خلاصة المنتجات الرسمية لمتجر Mintra؛ لم تُنقل أي أسعار.,2026-07-30T00:00:00,2026-07-30T00:00:00
CASH-F2464F3763783B,VAR-8AAD0E58CED13E|EG-063|STORE,MAP-0B17611C04A4F760,VAR-8AAD0E58CED13E,EG-063,,,EGP,,,,,,,,,,,القاهرة,,,,,,,True,,تغذية منتجات,https://mintra.eg/products/diamond-pitcher,,,لم يُرصد,بانتظار أول رصد سعر,0,,,True,جاهز لأول رصد,الموديل والنسخة ورقم SKU مأخوذة من خلاصة المنتجات الرسمية لمتجر Mintra؛ لم تُنقل أي أسعار.,2026-07-30T00:00:00,2026-07-30T00:00:00
CASH-972C0912222252,VAR-D85BA7BED3C84E|EG-063|STORE,MAP-3613550701697408,VAR-D85BA7BED3C84E,EG-063,,,EGP,,,,,,,,,,,القاهرة,,,,,,,True,,تغذية منتجات,https://mintra.eg/products/diamond-pitcher,,,لم يُرصد,بانتظار أول رصد سعر,0,,,True,جاهز لأول رصد,الموديل والنسخة ورقم SKU مأخوذة من خلاصة المنتجات الرسمية لمتجر Mintra؛ لم تُنقل أي أسعار.,2026-07-30T00:00:00,2026-07-30T00:00:00
CASH-57EB9FE9C61682,VAR-0CEAD93BEEA315|EG-063|STORE,MAP-11D4CC7EC350408A,VAR-0CEAD93BEEA315,EG-063,,,EGP,,,,,,,,,,,القاهرة,,,,,,,True,,تغذية منتجات,https://mintra.eg/products/diamond-pitcher,,,لم يُرصد,بانتظار أول رصد سعر,0,,,True,جاهز لأول رصد,الموديل والنسخة ورقم SKU مأخوذة من خلاصة المنتجات الرسمية لمتجر Mintra؛ لم تُنقل أي أسعار.,2026-07-30T00:00:00,2026-07-30T00:00:00
CASH-F64EA34847E49F,VAR-AC85ECFDA204AC|EG-063|STORE,MAP-ADAC3B91E38E0E35,VAR-AC85ECFDA204AC,EG-063,,,EGP,,,,,,,,,,,القاهرة,,,,,,,True,,تغذية منتجات,https://mintra.eg/products/diamond-pitcher,,,لم يُرصد,بانتظار أول رصد سعر,0,,,True,جاهز لأول رصد,الموديل والنسخة ورقم SKU مأخوذة من خلاصة المنتجات الرسمية لمتجر Mintra؛ لم تُنقل أي أسعار.,2026-07-30T00:00:00,2026-07-30T00:00:00
CASH-D6CECA9DF26415,VAR-D09FC1D98CB6AB|EG-079|STORE,MAP-0A9996D366DCE7D1,VAR-D09FC1D98CB6AB,EG-079,,,EGP,,,,,,,,,,,القاهرة,,,,,,,True,,Sitemap ثم صفحة منتج,https://www.zahranstores.com/en/tefal-samba-jug-1l-black-k3033312,,,لم يُرصد,بانتظار أول رصد سعر,0,,,True,يحتاج تأكيد صفحة المنتج,Exact product URL in Zahran Stores public sitemap; stock not asserted,2026-07-30T00:00:00,2026-07-30T00:00:00
CASH-A360D13409B816,VAR-5D60227ED020F1|EG-060|STORE,MAP-8B630F0F23BE2166,VAR-5D60227ED020F1,EG-060,,,EGP,,,,,,,,,,,القاهرة,,,,,,,True,,JSON-LD,https://www.ikea.com/eg/en/p/riklig-teapot-glass-90150071,,,لم يُرصد,بانتظار أول رصد سعر,0,,,True,يحتاج اكتشاف رابط المنتج,الاسم ورقم الصنف والمواصفات الظاهرة مأخوذة من قائمة JSON-LD الرسمية للفئة في IKEA Egypt؛ لم تُنقل أي أسعار.,2026-07-30T00:00:00,2026-07-30T00:00:00
CASH-A9387C6D0B4F93,VAR-CFBE28230819A9|EG-060|STORE,MAP-140AD9AF454D71FE,VAR-CFBE28230819A9,EG-060,,,EGP,,,,,,,,,,,القاهرة,,,,,,,True,,JSON-LD,https://www.ikea.com/eg/en/p/ikea-365-coffee-tea-maker-clear-glass-stainless-steel-20532724,,,لم يُرصد,بانتظار أول رصد سعر,0,,,True,يحتاج اكتشاف رابط المنتج,الاسم ورقم الصنف والمواصفات الظاهرة مأخوذة من قائمة JSON-LD الرسمية للفئة في IKEA Egypt؛ لم تُنقل أي أسعار.,2026-07-30T00:00:00,2026-07-30T00:00:00
CASH-99A5988B1EA7BA,VAR-3C52B85A6CE387|EG-060|STORE,MAP-0EEBD5611F295718,VAR-3C52B85A6CE387,EG-060,,,EGP,,,,,,,,,,,القاهرة,,,,,,,True,,JSON-LD,https://www.ikea.com/eg/en/p/aptitlig-lazy-susan-organizer-bamboo-60562498,,,لم يُرصد,بانتظار أول رصد سعر,0,,,True,يحتاج اكتشاف رابط المنتج,الاسم ورقم الصنف والمواصفات الظاهرة مأخوذة من قائمة JSON-LD الرسمية للفئة في IKEA Egypt؛ لم تُنقل أي أسعار.,2026-07-30T00:00:00,2026-07-30T00:00:00
CASH-ED8CF0E3CC59F4,VAR-7213A86D9B0AD4|EG-060|STORE,MAP-48BDAD826CE6DD94,VAR-7213A86D9B0AD4,EG-060,,,EGP,,,,,,,,,,,القاهرة,,,,,,,True,,JSON-LD,https://www.ikea.com/eg/en/p/kvittera-serving-stand-three-tiers-clear-glass-stainless-steel-90279842,,,لم يُرصد,بانتظار أول رصد سعر,0,,,True,يحتاج اكتشاف رابط المنتج,الاسم ورقم الصنف والمواصفات الظاهرة مأخوذة من قائمة JSON-LD الرسمية للفئة في IKEA Egypt؛ لم تُنقل أي أسعار.,2026-07-30T00:00:00,2026-07-30T00:00:00
CASH-AA4165CA3A83A6,VAR-DBD3619C7967B4|EG-060|STORE,MAP-DC2C77BA99E58616,VAR-DBD3619C7967B4,EG-060,,,EGP,,,,,,,,,,,القاهرة,,,,,,,True,,JSON-LD,https://www.ikea.com/eg/en/p/ostbit-serving-tong-bamboo-00453464,,,لم يُرصد,بانتظار أول رصد سعر,0,,,True,يحتاج اكتشاف رابط المنتج,الاسم ورقم الصنف والمواصفات الظاهرة مأخوذة من قائمة JSON-LD الرسمية للفئة في IKEA Egypt؛ لم تُنقل أي أسعار.,2026-07-30T00:00:00,2026-07-30T00:00:00
CASH-E4015F9E08A91E,VAR-C3AF257DA7AD18|EG-060|STORE,MAP-F71A4D08205D0FF7,VAR-C3AF257DA7AD18,EG-060,,,EGP,,,,,,,,,,,القاهرة,,,,,,,True,,JSON-LD,https://www.ikea.com/eg/en/p/skallknekt-2-piece-salad-servers-set-solid-birch-90604500,,,لم يُرصد,بانتظار أول رصد سعر,0,,,True,يحتاج اكتشاف رابط المنتج,الاسم ورقم الصنف والمواصفات الظاهرة مأخوذة من قائمة JSON-LD الرسمية للفئة في IKEA Egypt؛ لم تُنقل أي أسعار.,2026-07-30T00:00:00,2026-07-30T00:00:00
CASH-6291E4DF48A654,VAR-69A6464E140AA4|EG-060|STORE,MAP-4FBF49FF456E72D4,VAR-69A6464E140AA4,EG-060,,,EGP,,,,,,,,,,,القاهرة,,,,,,,True,,JSON-LD,https://www.ikea.com/eg/en/p/baestis-lint-roller-grey-90425626,,,لم يُرصد,بانتظار أول رصد سعر,0,,,True,يحتاج اكتشاف رابط المنتج,الاسم ورقم الصنف والمواصفات الظاهرة مأخوذة من قائمة JSON-LD الرسمية للفئة في IKEA Egypt؛ لم تُنقل أي أسعار.,2026-07-30T00:00:00,2026-07-30T00:00:00
CASH-99959442CE8925,VAR-F935486A42A673|EG-060|STORE,MAP-948196D06B302748,VAR-F935486A42A673,EG-060,,,EGP,,,,,,,,,,,القاهرة,,,,,,,True,,JSON-LD,https://www.ikea.com/eg/en/p/baestis-lint-roller-with-4-refills-30141126,,,لم يُرصد,بانتظار أول رصد سعر,0,,,True,يحتاج اكتشاف رابط المنتج,الاسم ورقم الصنف والمواصفات الظاهرة مأخوذة من قائمة JSON-LD الرسمية للفئة في IKEA Egypt؛ لم تُنقل أي أسعار.,2026-07-30T00:00:00,2026-07-30T00:00:00
CASH-D45F1F80DE410A,VAR-BC4FD3ABA0849F|EG-060|STORE,MAP-8A26020BED94D72C,VAR-BC4FD3ABA0849F,EG-060,,,EGP,,,,,,,,,,,القاهرة,,,,,,,True,,JSON-LD,https://www.ikea.com/eg/en/p/baestis-lint-roller-with-4-refills-s39642510,,,لم يُرصد,بانتظار أول رصد سعر,0,,,True,يحتاج اكتشاف رابط المنتج,الاسم ورقم الصنف والمواصفات الظاهرة مأخوذة من قائمة JSON-LD الرسمية للفئة في IKEA Egypt؛ لم تُنقل أي أسعار.,2026-07-30T00:00:00,2026-07-30T00:00:00
CASH-01232A7B4A2592,VAR-14187819C72C37|EG-060|STORE,MAP-2211A450E041CDAF,VAR-14187819C72C37,EG-060,,,EGP,,,,,,,,,,,القاهرة,,,,,,,True,,JSON-LD,https://www.ikea.com/eg/en/p/fruktplockare-lint-brush-black-light-grey-20528388,,,لم يُرصد,بانتظار أول رصد سعر,0,,,True,يحتاج اكتشاف رابط المنتج,الاسم ورقم الصنف والمواصفات الظاهرة مأخوذة من قائمة JSON-LD الرسمية للفئة في IKEA Egypt؛ لم تُنقل أي أسعار.,2026-07-30T00:00:00,2026-07-30T00:00:00
CASH-FB562E9833F870,VAR-B64DFD50EFC20B|EG-060|STORE,MAP-7888B73D9C3302DD,VAR-B64DFD50EFC20B,EG-060,,,EGP,,,,,,,,,,,القاهرة,,,,,,,True,,JSON-LD,https://www.ikea.com/eg/en/p/lillnaggen-squeegee-40243596,,,لم يُرصد,بانتظار أول رصد سعر,0,,,True,يحتاج اكتشاف رابط المنتج,الاسم ورقم الصنف والمواصفات الظاهرة مأخوذة من قائمة JSON-LD الرسمية للفئة في IKEA Egypt؛ لم تُنقل أي أسعار.,2026-07-30T00:00:00,2026-07-30T00:00:00
CASH-013EBECEA23CA5,VAR-4715FC9EEB18A0|EG-060|STORE,MAP-08A6B9A718673D13,VAR-4715FC9EEB18A0,EG-060,,,EGP,,,,,,,,,,,القاهرة,,,,,,,True,,JSON-LD,https://www.ikea.com/eg/en/p/pepprig-bristle-refill-for-brush-head-green-60567617,,,لم يُرصد,بانتظار أول رصد سعر,0,,,True,يحتاج اكتشاف رابط المنتج,الاسم ورقم الصنف والمواصفات الظاهرة مأخوذة من قائمة JSON-LD الرسمية للفئة في IKEA Egypt؛ لم تُنقل أي أسعار.,2026-07-30T00:00:00,2026-07-30T00:00:00
CASH-40E3AF70AC69DF,VAR-782A67BCC09204|EG-060|STORE,MAP-5CB3D277DC88CCAF,VAR-782A67BCC09204,EG-060,,,EGP,,,,,,,,,,,القاهرة,,,,,,,True,,JSON-LD,https://www.ikea.com/eg/en/p/pepprig-cleaning-set-blue-yellow-80567621,,,لم يُرصد,بانتظار أول رصد سعر,0,,,True,يحتاج اكتشاف رابط المنتج,الاسم ورقم الصنف والمواصفات الظاهرة مأخوذة من قائمة JSON-LD الرسمية للفئة في IKEA Egypt؛ لم تُنقل أي أسعار.,2026-07-30T00:00:00,2026-07-30T00:00:00
CASH-4263713FDC1EDF,VAR-F63A0FDBE862ED|EG-060|STORE,MAP-3ED016FDA873A703,VAR-F63A0FDBE862ED,EG-060,,,EGP,,,,,,,,,,,القاهرة,,,,,,,True,,JSON-LD,https://www.ikea.com/eg/en/p/pepprig-dust-pan-and-brush-grey-10527087,,,لم يُرصد,بانتظار أول رصد سعر,0,,,True,يحتاج اكتشاف رابط المنتج,الاسم ورقم الصنف والمواصفات الظاهرة مأخوذة من قائمة JSON-LD الرسمية للفئة في IKEA Egypt؛ لم تُنقل أي أسعار.,2026-07-30T00:00:00,2026-07-30T00:00:00
CASH-DE5DD193B0DA2F,VAR-F29B84A841EF16|EG-060|STORE,MAP-F4FBD5B033EAE4E5,VAR-F29B84A841EF16,EG-060,,,EGP,,,,,,,,,,,القاهرة,,,,,,,True,,JSON-LD,https://www.ikea.com/eg/en/p/pepprig-duster-cover-yellow-50567627,,,لم يُرصد,بانتظار أول رصد سعر,0,,,True,يحتاج اكتشاف رابط المنتج,الاسم ورقم الصنف والمواصفات الظاهرة مأخوذة من قائمة JSON-LD الرسمية للفئة في IKEA Egypt؛ لم تُنقل أي أسعار.,2026-07-30T00:00:00,2026-07-30T00:00:00
CASH-FA7073A8AFE251,VAR-759D2876552BCA|EG-060|STORE,MAP-25C5152C21432AAB,VAR-759D2876552BCA,EG-060,,,EGP,,,,,,,,,,,القاهرة,,,,,,,True,,JSON-LD,https://www.ikea.com/eg/en/p/pepprig-gap-cleaning-cover-green-80567635,,,لم يُرصد,بانتظار أول رصد سعر,0,,,True,يحتاج اكتشاف رابط المنتج,الاسم ورقم الصنف والمواصفات الظاهرة مأخوذة من قائمة JSON-LD الرسمية للفئة في IKEA Egypt؛ لم تُنقل أي أسعار.,2026-07-30T00:00:00,2026-07-30T00:00:00
CASH-D0F8087F5F3428,VAR-B7A2A69DA3522A|EG-060|STORE,MAP-2D784102CFF9B262,VAR-B7A2A69DA3522A,EG-060,,,EGP,,,,,,,,,,,القاهرة,,,,,,,True,,JSON-LD,https://www.ikea.com/eg/en/p/pepprig-microfiber-cloth-20575638,,,لم يُرصد,بانتظار أول رصد سعر,0,,,True,يحتاج اكتشاف رابط المنتج,الاسم ورقم الصنف والمواصفات الظاهرة مأخوذة من قائمة JSON-LD الرسمية للفئة في IKEA Egypt؛ لم تُنقل أي أسعار.,2026-07-30T00:00:00,2026-07-30T00:00:00
CASH-1E2A9E17A706AA,VAR-058249D89E07A7|EG-060|STORE,MAP-592E72119C47C74A,VAR-058249D89E07A7,EG-060,,,EGP,,,,,,,,,,,القاهرة,,,,,,,True,,JSON-LD,https://www.ikea.com/eg/en/p/pepprig-microfiber-cloth-green-blue-yellow-40567637,,,لم يُرصد,بانتظار أول رصد سعر,0,,,True,يحتاج اكتشاف رابط المنتج,الاسم ورقم الصنف والمواصفات الظاهرة مأخوذة من قائمة JSON-LD الرسمية للفئة في IKEA Egypt؛ لم تُنقل أي أسعار.,2026-07-30T00:00:00,2026-07-30T00:00:00
CASH-AAEFBDD61D8488,VAR-DF13A609A9B2B6|EG-060|STORE,MAP-42AEDE71302BB5D7,VAR-DF13A609A9B2B6,EG-060,,,EGP,,,,,,,,,,,القاهرة,,,,,,,True,,JSON-LD,https://www.ikea.com/eg/en/p/pepprig-spray-bottle-30499535,,,لم يُرصد,بانتظار أول رصد سعر,0,,,True,يحتاج اكتشاف رابط المنتج,الاسم ورقم الصنف والمواصفات الظاهرة مأخوذة من قائمة JSON-LD الرسمية للفئة في IKEA Egypt؛ لم تُنقل أي أسعار.,2026-07-30T00:00:00,2026-07-30T00:00:00
CASH-72277AFC3E5337,VAR-66AB89B84C78EC|EG-060|STORE,MAP-1C3EE5220E0EA33A,VAR-66AB89B84C78EC,EG-060,,,EGP,,,,,,,,,,,القاهرة,,,,,,,True,,JSON-LD,https://www.ikea.com/eg/en/p/samla-insert-for-box-11-22-l-transparent-50102973,,,لم يُرصد,بانتظار أول رصد سعر,0,,,True,يحتاج اكتشاف رابط المنتج,الاسم ورقم الصنف والمواصفات الظاهرة مأخوذة من قائمة JSON-LD الرسمية للفئة في IKEA Egypt؛ لم تُنقل أي أسعار.,2026-07-30T00:00:00,2026-07-30T00:00:00
CASH-707ED86834BF47,VAR-979C0676D79D46|EG-060|STORE,MAP-6A5DAAEAB8D4F78A,VAR-979C0676D79D46,EG-060,,,EGP,,,,,,,,,,,القاهرة,,,,,,,True,,JSON-LD,https://www.ikea.com/eg/en/p/trixig-cleaning-cloth-90581099,,,لم يُرصد,بانتظار أول رصد سعر,0,,,True,يحتاج اكتشاف رابط المنتج,الاسم ورقم الصنف والمواصفات الظاهرة مأخوذة من قائمة JSON-LD الرسمية للفئة في IKEA Egypt؛ لم تُنقل أي أسعار.,2026-07-30T00:00:00,2026-07-30T00:00:00
CASH-F87638C6567E86,VAR-62F744602E9D4A|EG-060|STORE,MAP-52A4CDF43980FBF8,VAR-62F744602E9D4A,EG-060,,,EGP,,,,,,,,,,,القاهرة,,,,,,,True,,JSON-LD,https://www.ikea.com/eg/en/p/baktradition-baking-mat-beige-90480175,,,لم يُرصد,بانتظار أول رصد سعر,0,,,True,يحتاج اكتشاف رابط المنتج,الاسم ورقم الصنف والمواصفات الظاهرة مأخوذة من قائمة JSON-LD الرسمية للفئة في IKEA Egypt؛ لم تُنقل أي أسعار.,2026-07-30T00:00:00,2026-07-30T00:00:00
CASH-DE71B29D063BC3,VAR-B590E83993DCB1|EG-060|STORE,MAP-339597534C3F6157,VAR-B590E83993DCB1,EG-060,,,EGP,,,,,,,,,,,القاهرة,,,,,,,True,,JSON-LD,https://www.ikea.com/eg/en/p/idealisk-flour-sifter-stainless-steel-40014340,,,لم يُرصد,بانتظار أول رصد سعر,0,,,True,يحتاج اكتشاف رابط المنتج,الاسم ورقم الصنف والمواصفات الظاهرة مأخوذة من قائمة JSON-LD الرسمية للفئة في IKEA Egypt؛ لم تُنقل أي أسعار.,2026-07-30T00:00:00,2026-07-30T00:00:00
CASH-673016F1218213,VAR-6C2B35EC5A705B|EG-060|STORE,MAP-4876287A5A87270F,VAR-6C2B35EC5A705B,EG-060,,,EGP,,,,,,,,,,,القاهرة,,,,,,,True,,JSON-LD,https://www.ikea.com/eg/en/p/krispig-cake-carrier-20336407,,,لم يُرصد,بانتظار أول رصد سعر,0,,,True,يحتاج اكتشاف رابط المنتج,الاسم ورقم الصنف والمواصفات الظاهرة مأخوذة من قائمة JSON-LD الرسمية للفئة في IKEA Egypt؛ لم تُنقل أي أسعار.,2026-07-30T00:00:00,2026-07-30T00:00:00
CASH-EBE273487576D5,VAR-672A08505C37AF|EG-060|STORE,MAP-277438A702078A5B,VAR-672A08505C37AF,EG-060,,,EGP,,,,,,,,,,,القاهرة,,,,,,,True,,JSON-LD,https://www.ikea.com/eg/en/p/laettbakad-cooling-rack-20480145,,,لم يُرصد,بانتظار أول رصد سعر,0,,,True,يحتاج اكتشاف رابط المنتج,الاسم ورقم الصنف والمواصفات الظاهرة مأخوذة من قائمة JSON-LD الرسمية للفئة في IKEA Egypt؛ لم تُنقل أي أسعار.,2026-07-30T00:00:00,2026-07-30T00:00:00
CASH-13DD3A9BE64EDD,VAR-BDE064821219D4|EG-060|STORE,MAP-D8A00C7EB3B35146,VAR-BDE064821219D4,EG-060,,,EGP,,,,,,,,,,,القاهرة,,,,,,,True,,JSON-LD,https://www.ikea.com/eg/en/p/faergklar-18-piece-service-matt-dark-grey-20564710,,,لم يُرصد,بانتظار أول رصد سعر,0,,,True,يحتاج اكتشاف رابط المنتج,الاسم ورقم الصنف والمواصفات الظاهرة مأخوذة من قائمة JSON-LD الرسمية للفئة في IKEA Egypt؛ لم تُنقل أي أسعار.,2026-07-30T00:00:00,2026-07-30T00:00:00
CASH-93BEF1D63157F2,VAR-9E73AC451B2A2E|EG-060|STORE,MAP-179B568525774BC8,VAR-9E73AC451B2A2E,EG-060,,,EGP,,,,,,,,,,,القاهرة,,,,,,,True,,JSON-LD,https://www.ikea.com/eg/en/p/upplaga-18-piece-service-white-30424724,,,لم يُرصد,بانتظار أول رصد سعر,0,,,True,يحتاج اكتشاف رابط المنتج,الاسم ورقم الصنف والمواصفات الظاهرة مأخوذة من قائمة JSON-LD الرسمية للفئة في IKEA Egypt؛ لم تُنقل أي أسعار.,2026-07-30T00:00:00,2026-07-30T00:00:00
CASH-2D59DFB05B100E,VAR-6B04D806C6C6E2|EG-060|STORE,MAP-6FDF92C5E344D0CE,VAR-6B04D806C6C6E2,EG-060,,,EGP,,,,,,,,,,,القاهرة,,,,,,,True,,JSON-LD,https://www.ikea.com/eg/en/p/lillhavet-multifunctional-dish-rack-anthracite-80461276,,,لم يُرصد,بانتظار أول رصد سعر,0,,,True,يحتاج اكتشاف رابط المنتج,الاسم ورقم الصنف والمواصفات الظاهرة مأخوذة من قائمة JSON-LD الرسمية للفئة في IKEA Egypt؛ لم تُنقل أي أسعار.,2026-07-30T00:00:00,2026-07-30T00:00:00
CASH-457F5115099603,VAR-9542CA038BB677|EG-060|STORE,MAP-21C2034DC1592407,VAR-9542CA038BB677,EG-060,,,EGP,,,,,,,,,,,القاهرة,,,,,,,True,,JSON-LD,https://www.ikea.com/eg/en/p/nalblecka-kitchen-countertop-organiser-metal-bamboo-00618573,,,لم يُرصد,بانتظار أول رصد سعر,0,,,True,يحتاج اكتشاف رابط المنتج,الاسم ورقم الصنف والمواصفات الظاهرة مأخوذة من قائمة JSON-LD الرسمية للفئة في IKEA Egypt؛ لم تُنقل أي أسعار.,2026-07-30T00:00:00,2026-07-30T00:00:00
CASH-A52E33AC865C91,VAR-11813ED4D6E697|EG-060|STORE,MAP-E0F4989DEFC628AE,VAR-11813ED4D6E697,EG-060,,,EGP,,,,,,,,,,,القاهرة,,,,,,,True,,JSON-LD,https://www.ikea.com/eg/en/p/nyskoeljd-dish-drying-mat-dark-grey-00451059,,,لم يُرصد,بانتظار أول رصد سعر,0,,,True,يحتاج اكتشاف رابط المنتج,الاسم ورقم الصنف والمواصفات الظاهرة مأخوذة من قائمة JSON-LD الرسمية للفئة في IKEA Egypt؛ لم تُنقل أي أسعار.,2026-07-30T00:00:00,2026-07-30T00:00:00
CASH-BD8F05E5E90B47,VAR-41F719E7A0AF82|EG-060|STORE,MAP-177A87AF8E071F09,VAR-41F719E7A0AF82,EG-060,,,EGP,,,,,,,,,,,القاهرة,,,,,,,True,,JSON-LD,https://www.ikea.com/eg/en/p/ordning-cutlery-stand-stainless-steel-30011832,,,لم يُرصد,بانتظار أول رصد سعر,0,,,True,يحتاج اكتشاف رابط المنتج,الاسم ورقم الصنف والمواصفات الظاهرة مأخوذة من قائمة JSON-LD الرسمية للفئة في IKEA Egypt؛ لم تُنقل أي أسعار.,2026-07-30T00:00:00,2026-07-30T00:00:00
CASH-14A26857E64C2A,VAR-3CEABD94F5AC43|EG-060|STORE,MAP-0A0388C586C56784,VAR-3CEABD94F5AC43,EG-060,,,EGP,,,,,,,,,,,القاهرة,,,,,,,True,,JSON-LD,https://www.ikea.com/eg/en/p/rinnig-dish-drying-mat-beige-50595442,,,لم يُرصد,بانتظار أول رصد سعر,0,,,True,يحتاج اكتشاف رابط المنتج,الاسم ورقم الصنف والمواصفات الظاهرة مأخوذة من قائمة JSON-LD الرسمية للفئة في IKEA Egypt؛ لم تُنقل أي أسعار.,2026-07-30T00:00:00,2026-07-30T00:00:00
CASH-DDA7A157584DBE,VAR-94DE811F5632F9|EG-060|STORE,MAP-74250A1EFBD60368,VAR-94DE811F5632F9,EG-060,,,EGP,,,,,,,,,,,القاهرة,,,,,,,True,,JSON-LD,https://www.ikea.com/eg/en/p/rinnig-dish-washing-brush-grey-30407814,,,لم يُرصد,بانتظار أول رصد سعر,0,,,True,يحتاج اكتشاف رابط المنتج,الاسم ورقم الصنف والمواصفات الظاهرة مأخوذة من قائمة JSON-LD الرسمية للفئة في IKEA Egypt؛ لم تُنقل أي أسعار.,2026-07-30T00:00:00,2026-07-30T00:00:00
CASH-18B214E4DEA0D0,VAR-49CA503268595D|EG-060|STORE,MAP-10A25E2A7A8D3293,VAR-49CA503268595D,EG-060,,,EGP,,,,,,,,,,,القاهرة,,,,,,,True,,JSON-LD,https://www.ikea.com/eg/en/p/rinnig-sink-container-black-80595445,,,لم يُرصد,بانتظار أول رصد سعر,0,,,True,يحتاج اكتشاف رابط المنتج,الاسم ورقم الصنف والمواصفات الظاهرة مأخوذة من قائمة JSON-LD الرسمية للفئة في IKEA Egypt؛ لم تُنقل أي أسعار.,2026-07-30T00:00:00,2026-07-30T00:00:00
CASH-9A98A443E42F42,VAR-22D812C800923D|EG-060|STORE,MAP-1E0CDBAFD3BE3017,VAR-22D812C800923D,EG-060,,,EGP,,,,,,,,,,,القاهرة,,,,,,,True,,JSON-LD,https://www.ikea.com/eg/en/p/skolaest-sink-container-extendable-60556685,,,لم يُرصد,بانتظار أول رصد سعر,0,,,True,يحتاج اكتشاف رابط المنتج,الاسم ورقم الصنف والمواصفات الظاهرة مأخوذة من قائمة JSON-LD الرسمية للفئة في IKEA Egypt؛ لم تُنقل أي أسعار.,2026-07-30T00:00:00,2026-07-30T00:00:00
CASH-518AAC7469FA34,VAR-7FFC11296607EF|EG-060|STORE,MAP-9296F083C88CEEFC,VAR-7FFC11296607EF,EG-060,,,EGP,,,,,,,,,,,القاهرة,,,,,,,True,,JSON-LD,https://www.ikea.com/eg/en/p/torkad-kitchen-roll-holder-silver-colour-00208670,,,لم يُرصد,بانتظار أول رصد سعر,0,,,True,يحتاج اكتشاف رابط المنتج,الاسم ورقم الصنف والمواصفات الظاهرة مأخوذة من قائمة JSON-LD الرسمية للفئة في IKEA Egypt؛ لم تُنقل أي أسعار.,2026-07-30T00:00:00,2026-07-30T00:00:00
CASH-226AE9756C8AD3,VAR-322EA9F35E8ACE|EG-060|STORE,MAP-D2D287F66839A8E9,VAR-322EA9F35E8ACE,EG-060,,,EGP,,,,,,,,,,,القاهرة,,,,,,,True,,JSON-LD,https://www.ikea.com/eg/en/p/vaelvardad-cutlery-stand-dark-grey-blue-galvanised-10605320,,,لم يُرصد,بانتظار أول رصد سعر,0,,,True,يحتاج اكتشاف رابط المنتج,الاسم ورقم الصنف والمواصفات الظاهرة مأخوذة من قائمة JSON-LD الرسمية للفئة في IKEA Egypt؛ لم تُنقل أي أسعار.,2026-07-30T00:00:00,2026-07-30T00:00:00
CASH-0BA753620A1118,VAR-56ED927614D5D0|EG-060|STORE,MAP-5672BB4754EBFD64,VAR-56ED927614D5D0,EG-060,,,EGP,,,,,,,,,,,القاهرة,,,,,,,True,,JSON-LD,https://www.ikea.com/eg/en/p/videveckmal-dish-washing-brush-with-dispenser-bright-green-90556702,,,لم يُرصد,بانتظار أول رصد سعر,0,,,True,يحتاج اكتشاف رابط المنتج,الاسم ورقم الصنف والمواصفات الظاهرة مأخوذة من قائمة JSON-LD الرسمية للفئة في IKEA Egypt؛ لم تُنقل أي أسعار.,2026-07-30T00:00:00,2026-07-30T00:00:00
CASH-12B65B367C9C93,VAR-8B4A5CA546CC46|EG-060|STORE,MAP-55F41667725DD1DA,VAR-8B4A5CA546CC46,EG-060,,,EGP,,,,,,,,,,,القاهرة,,,,,,,True,,JSON-LD,https://www.ikea.com/eg/en/p/vimpelfisk-cutlery-holder-bamboo-grey-turquoise-30581648,,,لم يُرصد,بانتظار أول رصد سعر,0,,,True,يحتاج اكتشاف رابط المنتج,الاسم ورقم الصنف والمواصفات الظاهرة مأخوذة من قائمة JSON-LD الرسمية للفئة في IKEA Egypt؛ لم تُنقل أي أسعار.,2026-07-30T00:00:00,2026-07-30T00:00:00
CASH-5690C9066D2F0D,VAR-2611EE3C693D60|EG-060|STORE,MAP-2A93B64FA56F4218,VAR-2611EE3C693D60,EG-060,,,EGP,,,,,,,,,,,القاهرة,,,,,,,True,,JSON-LD,https://www.ikea.com/eg/en/p/blomning-tin-with-lid-off-white-for-coffee-tea-70609023,,,لم يُرصد,بانتظار أول رصد سعر,0,,,True,يحتاج اكتشاف رابط المنتج,الاسم ورقم الصنف والمواصفات الظاهرة مأخوذة من قائمة JSON-LD الرسمية للفئة في IKEA Egypt؛ لم تُنقل أي أسعار.,2026-07-30T00:00:00,2026-07-30T00:00:00
CASH-CC16E6A1284447,VAR-0963797658D115|EG-060|STORE,MAP-A54A68E1738148EC,VAR-0963797658D115,EG-060,,,EGP,,,,,,,,,,,القاهرة,,,,,,,True,,JSON-LD,https://www.ikea.com/eg/en/p/gottfinnande-saucer-clear-glass-20463966,,,لم يُرصد,بانتظار أول رصد سعر,0,,,True,يحتاج اكتشاف رابط المنتج,الاسم ورقم الصنف والمواصفات الظاهرة مأخوذة من قائمة JSON-LD الرسمية للفئة في IKEA Egypt؛ لم تُنقل أي أسعار.,2026-07-30T00:00:00,2026-07-30T00:00:00
CASH-9FA28693690739,VAR-192EB2EF54EE24|EG-060|STORE,MAP-2B6C406336D2FD1F,VAR-192EB2EF54EE24,EG-060,,,EGP,,,,,,,,,,,القاهرة,,,,,,,True,,JSON-LD,https://www.ikea.com/eg/en/p/idealisk-tea-infuser-stainless-steel-46956800,,,لم يُرصد,بانتظار أول رصد سعر,0,,,True,يحتاج اكتشاف رابط المنتج,الاسم ورقم الصنف والمواصفات الظاهرة مأخوذة من قائمة JSON-LD الرسمية للفئة في IKEA Egypt؛ لم تُنقل أي أسعار.,2026-07-30T00:00:00,2026-07-30T00:00:00
CASH-C49B6D1E652FE9,VAR-08A3FE207B7233|EG-060|STORE,MAP-FABA663BD2924E40,VAR-08A3FE207B7233,EG-060,,,EGP,,,,,,,,,,,القاهرة,,,,,,,True,,JSON-LD,https://www.ikea.com/eg/en/p/aedelsten-pestle-and-mortar-marble-black-60201251,,,لم يُرصد,بانتظار أول رصد سعر,0,,,True,يحتاج اكتشاف رابط المنتج,الاسم ورقم الصنف والمواصفات الظاهرة مأخوذة من قائمة JSON-LD الرسمية للفئة في IKEA Egypt؛ لم تُنقل أي أسعار.,2026-07-30T00:00:00,2026-07-30T00:00:00
CASH-6CC8249D3D48E9,VAR-1A32D855AB4A97|EG-060|STORE,MAP-B9E741885A071C91,VAR-1A32D855AB4A97,EG-060,,,EGP,,,,,,,,,,,القاهرة,,,,,,,True,,JSON-LD,https://www.ikea.com/eg/en/p/idealisk-cooking-tweezers-stainless-steel-90573320,,,لم يُرصد,بانتظار أول رصد سعر,0,,,True,يحتاج اكتشاف رابط المنتج,الاسم ورقم الصنف والمواصفات الظاهرة مأخوذة من قائمة JSON-LD الرسمية للفئة في IKEA Egypt؛ لم تُنقل أي أسعار.,2026-07-30T00:00:00,2026-07-30T00:00:00
CASH-6D005D5DBEA161,VAR-2AF81A880D0E65|EG-060|STORE,MAP-0509BAB556238616,VAR-2AF81A880D0E65,EG-060,,,EGP,,,,,,,,,,,القاهرة,,,,,,,True,,JSON-LD,https://www.ikea.com/eg/en/p/ikea-365-mandoline-black-00422321,,,لم يُرصد,بانتظار أول رصد سعر,0,,,True,يحتاج اكتشاف رابط المنتج,الاسم ورقم الصنف والمواصفات الظاهرة مأخوذة من قائمة JSON-LD الرسمية للفئة في IKEA Egypt؛ لم تُنقل أي أسعار.,2026-07-30T00:00:00,2026-07-30T00:00:00
CASH-BBB7AF8110C469,VAR-EFA868F86712A2|EG-060|STORE,MAP-F519BD6EA9254A2B,VAR-EFA868F86712A2,EG-060,,,EGP,,,,,,,,,,,القاهرة,,,,,,,True,,JSON-LD,https://www.ikea.com/eg/en/p/koncis-garlic-press-stainless-steel-00089163,,,لم يُرصد,بانتظار أول رصد سعر,0,,,True,يحتاج اكتشاف رابط المنتج,الاسم ورقم الصنف والمواصفات الظاهرة مأخوذة من قائمة JSON-LD الرسمية للفئة في IKEA Egypt؛ لم تُنقل أي أسعار.,2026-07-30T00:00:00,2026-07-30T00:00:00
CASH-FBB312B74D75D6,VAR-0976AC149832C2|EG-060|STORE,MAP-3E2283A263B67037,VAR-0976AC149832C2,EG-060,,,EGP,,,,,,,,,,,القاهرة,,,,,,,True,,JSON-LD,https://www.ikea.com/eg/en/p/manoega-scissors-stainless-steel-black-00563429,,,لم يُرصد,بانتظار أول رصد سعر,0,,,True,يحتاج اكتشاف رابط المنتج,الاسم ورقم الصنف والمواصفات الظاهرة مأخوذة من قائمة JSON-LD الرسمية للفئة في IKEA Egypt؛ لم تُنقل أي أسعار.,2026-07-30T00:00:00,2026-07-30T00:00:00
CASH-C9FD2C3159C107,VAR-DA9A8719209BA9|EG-060|STORE,MAP-F6F92CE9A067CFE8,VAR-DA9A8719209BA9,EG-060,,,EGP,,,,,,,,,,,القاهرة,,,,,,,True,,JSON-LD,https://www.ikea.com/eg/en/p/svaerdfisk-scissors-set-of-2-stainless-steel-grey-grey-turquoise-60563431,,,لم يُرصد,بانتظار أول رصد سعر,0,,,True,يحتاج اكتشاف رابط المنتج,الاسم ورقم الصنف والمواصفات الظاهرة مأخوذة من قائمة JSON-LD الرسمية للفئة في IKEA Egypt؛ لم تُنقل أي أسعار.,2026-07-30T00:00:00,2026-07-30T00:00:00
CASH-A1651B0565C1A0,VAR-57AB738E0786FA|EG-060|STORE,MAP-18F5F02A26E36F21,VAR-57AB738E0786FA,EG-060,,,EGP,,,,,,,,,,,القاهرة,,,,,,,True,,JSON-LD,https://www.ikea.com/eg/en/p/uppfylld-funnel-bright-yellow-80521930,,,لم يُرصد,بانتظار أول رصد سعر,0,,,True,يحتاج اكتشاف رابط المنتج,الاسم ورقم الصنف والمواصفات الظاهرة مأخوذة من قائمة JSON-LD الرسمية للفئة في IKEA Egypt؛ لم تُنقل أي أسعار.,2026-07-30T00:00:00,2026-07-30T00:00:00
CASH-5E4B8DEC87C3A0,VAR-DAD5AAFE239AB5|EG-060|STORE,MAP-B454A534F4D1067A,VAR-DAD5AAFE239AB5,EG-060,,,EGP,,,,,,,,,,,القاهرة,,,,,,,True,,JSON-LD,https://www.ikea.com/eg/en/p/uppfylld-pizza-cutter-off-white-30521937,,,لم يُرصد,بانتظار أول رصد سعر,0,,,True,يحتاج اكتشاف رابط المنتج,الاسم ورقم الصنف والمواصفات الظاهرة مأخوذة من قائمة JSON-LD الرسمية للفئة في IKEA Egypt؛ لم تُنقل أي أسعار.,2026-07-30T00:00:00,2026-07-30T00:00:00
CASH-154BD01BEFB261,VAR-9441459F7F8073|EG-060|STORE,MAP-258C8BA1DBB5123E,VAR-9441459F7F8073,EG-060,,,EGP,,,,,,,,,,,القاهرة,,,,,,,True,,JSON-LD,https://www.ikea.com/eg/en/p/uppfylld-salad-spinner-white-00521948,,,لم يُرصد,بانتظار أول رصد سعر,0,,,True,يحتاج اكتشاف رابط المنتج,الاسم ورقم الصنف والمواصفات الظاهرة مأخوذة من قائمة JSON-LD الرسمية للفئة في IKEA Egypt؛ لم تُنقل أي أسعار.,2026-07-30T00:00:00,2026-07-30T00:00:00
CASH-09A566407B9AE9,VAR-8E7C37E64AACFE|EG-060|STORE,MAP-1CF6D6FB3272246D,VAR-8E7C37E64AACFE,EG-060,,,EGP,,,,,,,,,,,القاهرة,,,,,,,True,,JSON-LD,https://www.ikea.com/eg/en/p/vardagen-zester-with-handle-stainless-steel-beech-60581487,,,لم يُرصد,بانتظار أول رصد سعر,0,,,True,يحتاج اكتشاف رابط المنتج,الاسم ورقم الصنف والمواصفات الظاهرة مأخوذة من قائمة JSON-LD الرسمية للفئة في IKEA Egypt؛ لم تُنقل أي أسعار.,2026-07-30T00:00:00,2026-07-30T00:00:00
CASH-3ABF38967FEF79,VAR-BD31E13F705F79|EG-060|STORE,MAP-9606B67A199E735A,VAR-BD31E13F705F79,EG-060,,,EGP,,,,,,,,,,,القاهرة,,,,,,,True,,JSON-LD,https://www.ikea.com/eg/en/p/foeljsam-oven-dish-clear-glass-50311269,,,لم يُرصد,بانتظار أول رصد سعر,0,,,True,يحتاج اكتشاف رابط المنتج,الاسم ورقم الصنف والمواصفات الظاهرة مأخوذة من قائمة JSON-LD الرسمية للفئة في IKEA Egypt؛ لم تُنقل أي أسعار.,2026-07-30T00:00:00,2026-07-30T00:00:00
CASH-2915B1BA36F245,VAR-8F21A5FCDD0714|EG-060|STORE,MAP-C2BFACE4C90A5D1A,VAR-8F21A5FCDD0714,EG-060,,,EGP,,,,,,,,,,,القاهرة,,,,,,,True,,JSON-LD,https://www.ikea.com/eg/en/p/gladelig-oven-dish-set-of-2-dark-grey-50607949,,,لم يُرصد,بانتظار أول رصد سعر,0,,,True,يحتاج اكتشاف رابط المنتج,الاسم ورقم الصنف والمواصفات الظاهرة مأخوذة من قائمة JSON-LD الرسمية للفئة في IKEA Egypt؛ لم تُنقل أي أسعار.,2026-07-30T00:00:00,2026-07-30T00:00:00
CASH-9753D7065F45BF,VAR-422E6BAB0C3642|EG-060|STORE,MAP-E2221BBF1BE3E8DF,VAR-422E6BAB0C3642,EG-060,,,EGP,,,,,,,,,,,القاهرة,,,,,,,True,,JSON-LD,https://www.ikea.com/eg/en/p/laettviktig-oven-dish-white-80452106,,,لم يُرصد,بانتظار أول رصد سعر,0,,,True,يحتاج اكتشاف رابط المنتج,الاسم ورقم الصنف والمواصفات الظاهرة مأخوذة من قائمة JSON-LD الرسمية للفئة في IKEA Egypt؛ لم تُنقل أي أسعار.,2026-07-30T00:00:00,2026-07-30T00:00:00
CASH-B9F9027C57BAB5,VAR-938B30115F5B7A|EG-060|STORE,MAP-DE560F584EA8076F,VAR-938B30115F5B7A,EG-060,,,EGP,,,,,,,,,,,القاهرة,,,,,,,True,,JSON-LD,https://www.ikea.com/eg/en/p/lyckad-oven-serving-dish-set-of-2-light-beige-red-brown-10607951,,,لم يُرصد,بانتظار أول رصد سعر,0,,,True,يحتاج اكتشاف رابط المنتج,الاسم ورقم الصنف والمواصفات الظاهرة مأخوذة من قائمة JSON-LD الرسمية للفئة في IKEA Egypt؛ لم تُنقل أي أسعار.,2026-07-30T00:00:00,2026-07-30T00:00:00
CASH-B2908AAFD4778E,VAR-67DB7033F3B219|EG-060|STORE,MAP-F3F53780F29116E3,VAR-67DB7033F3B219,EG-060,,,EGP,,,,,,,,,,,القاهرة,,,,,,,True,,JSON-LD,https://www.ikea.com/eg/en/p/mixtur-oven-serving-dish-clear-glass-60058762,,,لم يُرصد,بانتظار أول رصد سعر,0,,,True,يحتاج اكتشاف رابط المنتج,الاسم ورقم الصنف والمواصفات الظاهرة مأخوذة من قائمة JSON-LD الرسمية للفئة في IKEA Egypt؛ لم تُنقل أي أسعار.,2026-07-30T00:00:00,2026-07-30T00:00:00
CASH-8AB44363057FEB,VAR-77114A03739424|EG-060|STORE,MAP-C6B93808C64EAACA,VAR-77114A03739424,EG-060,,,EGP,,,,,,,,,,,القاهرة,,,,,,,True,,JSON-LD,https://www.ikea.com/eg/en/p/poetisk-oven-dish-off-white-10513863,,,لم يُرصد,بانتظار أول رصد سعر,0,,,True,يحتاج اكتشاف رابط المنتج,الاسم ورقم الصنف والمواصفات الظاهرة مأخوذة من قائمة JSON-LD الرسمية للفئة في IKEA Egypt؛ لم تُنقل أي أسعار.,2026-07-30T00:00:00,2026-07-30T00:00:00
CASH-62116BEC8B5D02,VAR-47CAD36ED46D4D|EG-060|STORE,MAP-F58B026A2382D489,VAR-47CAD36ED46D4D,EG-060,,,EGP,,,,,,,,,,,القاهرة,,,,,,,True,,JSON-LD,https://www.ikea.com/eg/en/p/faergklar-plate-lilac-90600432,,,لم يُرصد,بانتظار أول رصد سعر,0,,,True,يحتاج اكتشاف رابط المنتج,الاسم ورقم الصنف والمواصفات الظاهرة مأخوذة من قائمة JSON-LD الرسمية للفئة في IKEA Egypt؛ لم تُنقل أي أسعار.,2026-07-30T00:00:00,2026-07-30T00:00:00
CASH-E8BFD02257BA4D,VAR-9710B1A85B1D16|EG-060|STORE,MAP-F7868D81683756D2,VAR-9710B1A85B1D16,EG-060,,,EGP,,,,,,,,,,,القاهرة,,,,,,,True,,JSON-LD,https://www.ikea.com/eg/en/p/flamsig-pizza-plate-white-00505731,,,لم يُرصد,بانتظار أول رصد سعر,0,,,True,يحتاج اكتشاف رابط المنتج,الاسم ورقم الصنف والمواصفات الظاهرة مأخوذة من قائمة JSON-LD الرسمية للفئة في IKEA Egypt؛ لم تُنقل أي أسعار.,2026-07-30T00:00:00,2026-07-30T00:00:00
CASH-988B3B6097F3E2,VAR-E91709E7A8DCDB|EG-060|STORE,MAP-40E1835F114A09DF,VAR-E91709E7A8DCDB,EG-060,,,EGP,,,,,,,,,,,القاهرة,,,,,,,True,,JSON-LD,https://www.ikea.com/eg/en/p/gladelig-deep-plate-dark-grey-40596989,,,لم يُرصد,بانتظار أول رصد سعر,0,,,True,يحتاج اكتشاف رابط المنتج,الاسم ورقم الصنف والمواصفات الظاهرة مأخوذة من قائمة JSON-LD الرسمية للفئة في IKEA Egypt؛ لم تُنقل أي أسعار.,2026-07-30T00:00:00,2026-07-30T00:00:00
CASH-4B620507DB55FD,VAR-B1B94196E0C4AE|EG-060|STORE,MAP-F2B8BABD41302B71,VAR-B1B94196E0C4AE,EG-060,,,EGP,,,,,,,,,,,القاهرة,,,,,,,True,,JSON-LD,https://www.ikea.com/eg/en/p/gladelig-plate-blue-50600721,,,لم يُرصد,بانتظار أول رصد سعر,0,,,True,يحتاج اكتشاف رابط المنتج,الاسم ورقم الصنف والمواصفات الظاهرة مأخوذة من قائمة JSON-LD الرسمية للفئة في IKEA Egypt؛ لم تُنقل أي أسعار.,2026-07-30T00:00:00,2026-07-30T00:00:00
CASH-6B860AFA452066,VAR-2DCD9F0F4718AC|EG-060|STORE,MAP-6A04D9CECC1D8EE1,VAR-2DCD9F0F4718AC,EG-060,,,EGP,,,,,,,,,,,القاهرة,,,,,,,True,,JSON-LD,https://www.ikea.com/eg/en/p/gladelig-plate-grey-70600758,,,لم يُرصد,بانتظار أول رصد سعر,0,,,True,يحتاج اكتشاف رابط المنتج,الاسم ورقم الصنف والمواصفات الظاهرة مأخوذة من قائمة JSON-LD الرسمية للفئة في IKEA Egypt؛ لم تُنقل أي أسعار.,2026-07-30T00:00:00,2026-07-30T00:00:00
CASH-471339E45FC8ED,VAR-94A2451AFEABEC|EG-060|STORE,MAP-F9F8AB05003BE703,VAR-94A2451AFEABEC,EG-060,,,EGP,,,,,,,,,,,القاهرة,,,,,,,True,,JSON-LD,https://www.ikea.com/eg/en/p/gladelig-side-plate-blue-70600720,,,لم يُرصد,بانتظار أول رصد سعر,0,,,True,يحتاج اكتشاف رابط المنتج,الاسم ورقم الصنف والمواصفات الظاهرة مأخوذة من قائمة JSON-LD الرسمية للفئة في IKEA Egypt؛ لم تُنقل أي أسعار.,2026-07-30T00:00:00,2026-07-30T00:00:00
CASH-E77E57E498C23B,VAR-40001631281011|EG-060|STORE,MAP-F645E7CE6464044C,VAR-40001631281011,EG-060,,,EGP,,,,,,,,,,,القاهرة,,,,,,,True,,JSON-LD,https://www.ikea.com/eg/en/p/ikea-365-serving-plate-white-00607367,,,لم يُرصد,بانتظار أول رصد سعر,0,,,True,يحتاج اكتشاف رابط المنتج,الاسم ورقم الصنف والمواصفات الظاهرة مأخوذة من قائمة JSON-LD الرسمية للفئة في IKEA Egypt؛ لم تُنقل أي أسعار.,2026-07-30T00:00:00,2026-07-30T00:00:00
CASH-173CB3D8B50303,VAR-A65DB78537FAE9|EG-060|STORE,MAP-DB4C45ACE8ABBF2F,VAR-A65DB78537FAE9,EG-060,,,EGP,,,,,,,,,,,القاهرة,,,,,,,True,,JSON-LD,https://www.ikea.com/eg/en/p/mossmal-plate-bowl-set-of-3-dot-pattern-light-green-30582780,,,لم يُرصد,بانتظار أول رصد سعر,0,,,True,يحتاج اكتشاف رابط المنتج,الاسم ورقم الصنف والمواصفات الظاهرة مأخوذة من قائمة JSON-LD الرسمية للفئة في IKEA Egypt؛ لم تُنقل أي أسعار.,2026-07-30T00:00:00,2026-07-30T00:00:00
CASH-11E7C0E157883A,VAR-E61E042E70E541|EG-060|STORE,MAP-025FF2A4AEEC432C,VAR-E61E042E70E541,EG-060,,,EGP,,,,,,,,,,,القاهرة,,,,,,,True,,JSON-LD,https://www.ikea.com/eg/en/p/naetbarb-deep-plate-black-90563694,,,لم يُرصد,بانتظار أول رصد سعر,0,,,True,يحتاج اكتشاف رابط المنتج,الاسم ورقم الصنف والمواصفات الظاهرة مأخوذة من قائمة JSON-LD الرسمية للفئة في IKEA Egypt؛ لم تُنقل أي أسعار.,2026-07-30T00:00:00,2026-07-30T00:00:00
CASH-6BF5CF68567CB7,VAR-9D7146A314D2F9|EG-060|STORE,MAP-2BC2358BA2229746,VAR-9D7146A314D2F9,EG-060,,,EGP,,,,,,,,,,,القاهرة,,,,,,,True,,JSON-LD,https://www.ikea.com/eg/en/p/naetbarb-plate-black-90563689,,,لم يُرصد,بانتظار أول رصد سعر,0,,,True,يحتاج اكتشاف رابط المنتج,الاسم ورقم الصنف والمواصفات الظاهرة مأخوذة من قائمة JSON-LD الرسمية للفئة في IKEA Egypt؛ لم تُنقل أي أسعار.,2026-07-30T00:00:00,2026-07-30T00:00:00
CASH-35179A583E8A63,VAR-EE13522522049E|EG-060|STORE,MAP-315CA785AC848AC6,VAR-EE13522522049E,EG-060,,,EGP,,,,,,,,,,,القاهرة,,,,,,,True,,JSON-LD,https://www.ikea.com/eg/en/p/naetbarb-side-plate-black-40563696,,,لم يُرصد,بانتظار أول رصد سعر,0,,,True,يحتاج اكتشاف رابط المنتج,الاسم ورقم الصنف والمواصفات الظاهرة مأخوذة من قائمة JSON-LD الرسمية للفئة في IKEA Egypt؛ لم تُنقل أي أسعار.,2026-07-30T00:00:00,2026-07-30T00:00:00
CASH-585EC2FD461FF7,VAR-EEABCE229666DA|EG-060|STORE,MAP-6A2164C1B9506593,VAR-EEABCE229666DA,EG-060,,,EGP,,,,,,,,,,,القاهرة,,,,,,,True,,JSON-LD,https://www.ikea.com/eg/en/p/oftast-deep-plate-white-00318942,,,لم يُرصد,بانتظار أول رصد سعر,0,,,True,يحتاج اكتشاف رابط المنتج,الاسم ورقم الصنف والمواصفات الظاهرة مأخوذة من قائمة JSON-LD الرسمية للفئة في IKEA Egypt؛ لم تُنقل أي أسعار.,2026-07-30T00:00:00,2026-07-30T00:00:00
CASH-EC05BB312EEEFF,VAR-FB396653D0F800|EG-060|STORE,MAP-8C51316E2459E403,VAR-FB396653D0F800,EG-060,,,EGP,,,,,,,,,,,القاهرة,,,,,,,True,,JSON-LD,https://www.ikea.com/eg/en/p/oftast-plate-white-30258913,,,لم يُرصد,بانتظار أول رصد سعر,0,,,True,يحتاج اكتشاف رابط المنتج,الاسم ورقم الصنف والمواصفات الظاهرة مأخوذة من قائمة JSON-LD الرسمية للفئة في IKEA Egypt؛ لم تُنقل أي أسعار.,2026-07-30T00:00:00,2026-07-30T00:00:00
CASH-1929247B608C7E,VAR-026F86F475BA8D|EG-060|STORE,MAP-BE23622FD1F78970,VAR-026F86F475BA8D,EG-060,,,EGP,,,,,,,,,,,القاهرة,,,,,,,True,,JSON-LD,https://www.ikea.com/eg/en/p/oftast-side-plate-white-60318939,,,لم يُرصد,بانتظار أول رصد سعر,0,,,True,يحتاج اكتشاف رابط المنتج,الاسم ورقم الصنف والمواصفات الظاهرة مأخوذة من قائمة JSON-LD الرسمية للفئة في IKEA Egypt؛ لم تُنقل أي أسعار.,2026-07-30T00:00:00,2026-07-30T00:00:00
CASH-9277DA88632B11,VAR-839986DF7B2D25|EG-060|STORE,MAP-B3088EE37A5403D2,VAR-839986DF7B2D25,EG-060,,,EGP,,,,,,,,,,,القاهرة,,,,,,,True,,JSON-LD,https://www.ikea.com/eg/en/p/simkrabba-side-plate-plastic-green-grey-20609153,,,لم يُرصد,بانتظار أول رصد سعر,0,,,True,يحتاج اكتشاف رابط المنتج,الاسم ورقم الصنف والمواصفات الظاهرة مأخوذة من قائمة JSON-LD الرسمية للفئة في IKEA Egypt؛ لم تُنقل أي أسعار.,2026-07-30T00:00:00,2026-07-30T00:00:00
CASH-7A61EF8A507055,VAR-B3ECC5140367B9|EG-060|STORE,MAP-357C2491D1994917,VAR-B3ECC5140367B9,EG-060,,,EGP,,,,,,,,,,,القاهرة,,,,,,,True,,JSON-LD,https://www.ikea.com/eg/en/p/strimmig-deep-plate-stoneware-pale-grey-green-10567667,,,لم يُرصد,بانتظار أول رصد سعر,0,,,True,يحتاج اكتشاف رابط المنتج,الاسم ورقم الصنف والمواصفات الظاهرة مأخوذة من قائمة JSON-LD الرسمية للفئة في IKEA Egypt؛ لم تُنقل أي أسعار.,2026-07-30T00:00:00,2026-07-30T00:00:00
CASH-4CC417D3A04E78,VAR-9903A0398FFE41|EG-060|STORE,MAP-FAEE1C97D7EB801A,VAR-9903A0398FFE41,EG-060,,,EGP,,,,,,,,,,,القاهرة,,,,,,,True,,JSON-LD,https://www.ikea.com/eg/en/p/strimmig-plate-stoneware-pale-grey-green-50567670,,,لم يُرصد,بانتظار أول رصد سعر,0,,,True,يحتاج اكتشاف رابط المنتج,الاسم ورقم الصنف والمواصفات الظاهرة مأخوذة من قائمة JSON-LD الرسمية للفئة في IKEA Egypt؛ لم تُنقل أي أسعار.,2026-07-30T00:00:00,2026-07-30T00:00:00
CASH-578C9F1E2D1A71,VAR-003F229C83C9DA|EG-060|STORE,MAP-C63F443F69F9D70A,VAR-003F229C83C9DA,EG-060,,,EGP,,,,,,,,,,,القاهرة,,,,,,,True,,JSON-LD,https://www.ikea.com/eg/en/p/tofsand-plate-stand-white-00619600,,,لم يُرصد,بانتظار أول رصد سعر,0,,,True,يحتاج اكتشاف رابط المنتج,الاسم ورقم الصنف والمواصفات الظاهرة مأخوذة من قائمة JSON-LD الرسمية للفئة في IKEA Egypt؛ لم تُنقل أي أسعار.,2026-07-30T00:00:00,2026-07-30T00:00:00
CASH-12817C6376134E,VAR-715D5499D74E70|EG-060|STORE,MAP-D09CEF66CDAB1CA5,VAR-715D5499D74E70,EG-060,,,EGP,,,,,,,,,,,القاهرة,,,,,,,True,,JSON-LD,https://www.ikea.com/eg/en/p/tuvhaetta-serving-plate-stainless-steel-10539556,,,لم يُرصد,بانتظار أول رصد سعر,0,,,True,يحتاج اكتشاف رابط المنتج,الاسم ورقم الصنف والمواصفات الظاهرة مأخوذة من قائمة JSON-LD الرسمية للفئة في IKEA Egypt؛ لم تُنقل أي أسعار.,2026-07-30T00:00:00,2026-07-30T00:00:00
CASH-4DD6D6C2D741EA,VAR-4BD31CBF30AA45|EG-060|STORE,MAP-54DD7CC0C8F9DFEE,VAR-4BD31CBF30AA45,EG-060,,,EGP,,,,,,,,,,,القاهرة,,,,,,,True,,JSON-LD,https://www.ikea.com/eg/en/p/vitblecka-plate-white-70586451,,,لم يُرصد,بانتظار أول رصد سعر,0,,,True,يحتاج اكتشاف رابط المنتج,الاسم ورقم الصنف والمواصفات الظاهرة مأخوذة من قائمة JSON-LD الرسمية للفئة في IKEA Egypt؛ لم تُنقل أي أسعار.,2026-07-30T00:00:00,2026-07-30T00:00:00
CASH-5B508AFE485E36,VAR-AE234A1B7D313D|EG-063|STORE,MAP-AEF520A9C80B502C,VAR-AE234A1B7D313D,EG-063,,,EGP,,,,,,,,,,,القاهرة,,,,,,,True,,تغذية منتجات,https://mintra.eg/products/curly-plastic-deep-plate-1-%D8%B7%D8%A8%D9%82-%D9%84%D9%84%D8%BA%D8%AF%D8%A7%D8%A1,,,لم يُرصد,بانتظار أول رصد سعر,0,,,True,جاهز لأول رصد,الموديل والنسخة ورقم SKU مأخوذة من خلاصة المنتجات الرسمية لمتجر Mintra؛ لم تُنقل أي أسعار.,2026-07-30T00:00:00,2026-07-30T00:00:00
CASH-0225B761B7D429,VAR-06071EA7632224|EG-063|STORE,MAP-40171B88AE0C927C,VAR-06071EA7632224,EG-063,,,EGP,,,,,,,,,,,القاهرة,,,,,,,True,,تغذية منتجات,https://mintra.eg/products/curly-plastic-deep-plate-1-%D8%B7%D8%A8%D9%82-%D9%84%D9%84%D8%BA%D8%AF%D8%A7%D8%A1,,,لم يُرصد,بانتظار أول رصد سعر,0,,,True,جاهز لأول رصد,الموديل والنسخة ورقم SKU مأخوذة من خلاصة المنتجات الرسمية لمتجر Mintra؛ لم تُنقل أي أسعار.,2026-07-30T00:00:00,2026-07-30T00:00:00
CASH-6EB1D52B9BE6AB,VAR-92412BF66D067C|EG-063|STORE,MAP-3DD360504CB7F890,VAR-92412BF66D067C,EG-063,,,EGP,,,,,,,,,,,القاهرة,,,,,,,True,,تغذية منتجات,https://mintra.eg/products/curly-plastic-deep-plate-1-%D8%B7%D8%A8%D9%82-%D9%84%D9%84%D8%BA%D8%AF%D8%A7%D8%A1,,,لم يُرصد,بانتظار أول رصد سعر,0,,,True,جاهز لأول رصد,الموديل والنسخة ورقم SKU مأخوذة من خلاصة المنتجات الرسمية لمتجر Mintra؛ لم تُنقل أي أسعار.,2026-07-30T00:00:00,2026-07-30T00:00:00
CASH-FFAA468BB327F9,VAR-7D48D9EFD71E29|EG-063|STORE,MAP-BD8EF02BF07BA832,VAR-7D48D9EFD71E29,EG-063,,,EGP,,,,,,,,,,,القاهرة,,,,,,,True,,تغذية منتجات,https://mintra.eg/products/curly-plastic-deep-plate-1-%D8%B7%D8%A8%D9%82-%D9%84%D9%84%D8%BA%D8%AF%D8%A7%D8%A1,,,لم يُرصد,بانتظار أول رصد سعر,0,,,True,جاهز لأول رصد,الموديل والنسخة ورقم SKU مأخوذة من خلاصة المنتجات الرسمية لمتجر Mintra؛ لم تُنقل أي أسعار.,2026-07-30T00:00:00,2026-07-30T00:00:00
CASH-6B0D26047C90BD,VAR-AA79B00576F4A3|EG-063|STORE,MAP-42DD1CD246B69F2B,VAR-AA79B00576F4A3,EG-063,,,EGP,,,,,,,,,,,القاهرة,,,,,,,True,,تغذية منتجات,https://mintra.eg/products/curly-plastic-deep-plate-1-%D8%B7%D8%A8%D9%82-%D9%84%D9%84%D8%BA%D8%AF%D8%A7%D8%A1,,,لم يُرصد,بانتظار أول رصد سعر,0,,,True,جاهز لأول رصد,الموديل والنسخة ورقم SKU مأخوذة من خلاصة المنتجات الرسمية لمتجر Mintra؛ لم تُنقل أي أسعار.,2026-07-30T00:00:00,2026-07-30T00:00:00
CASH-84C07F65CEA3E1,VAR-1C57DB8C9855DA|EG-063|STORE,MAP-B84131FCA50A1CA6,VAR-1C57DB8C9855DA,EG-063,,,EGP,,,,,,,,,,,القاهرة,,,,,,,True,,تغذية منتجات,https://mintra.eg/products/curly-plastic-deep-plate-1-%D8%B7%D8%A8%D9%82-%D9%84%D9%84%D8%BA%D8%AF%D8%A7%D8%A1,,,لم يُرصد,بانتظار أول رصد سعر,0,,,True,جاهز لأول رصد,الموديل والنسخة ورقم SKU مأخوذة من خلاصة المنتجات الرسمية لمتجر Mintra؛ لم تُنقل أي أسعار.,2026-07-30T00:00:00,2026-07-30T00:00:00
CASH-073D4A03E40594,VAR-B205BE58AA4B03|EG-063|STORE,MAP-08F5D35B6F69D570,VAR-B205BE58AA4B03,EG-063,,,EGP,,,,,,,,,,,القاهرة,,,,,,,True,,تغذية منتجات,https://mintra.eg/products/curly-plastic-deep-plate-1-%D8%B7%D8%A8%D9%82-%D9%84%D9%84%D8%BA%D8%AF%D8%A7%D8%A1,,,لم يُرصد,بانتظار أول رصد سعر,0,,,True,جاهز لأول رصد,الموديل والنسخة ورقم SKU مأخوذة من خلاصة المنتجات الرسمية لمتجر Mintra؛ لم تُنقل أي أسعار.,2026-07-30T00:00:00,2026-07-30T00:00:00
CASH-1F58865262AFD3,VAR-F941CD51449C9F|EG-063|STORE,MAP-12C01033812659D4,VAR-F941CD51449C9F,EG-063,,,EGP,,,,,,,,,,,القاهرة,,,,,,,True,,تغذية منتجات,https://mintra.eg/products/curly-plastic-deep-plate-1-%D8%B7%D8%A8%D9%82-%D9%84%D9%84%D8%BA%D8%AF%D8%A7%D8%A1,,,لم يُرصد,بانتظار أول رصد سعر,0,,,True,جاهز لأول رصد,الموديل والنسخة ورقم SKU مأخوذة من خلاصة المنتجات الرسمية لمتجر Mintra؛ لم تُنقل أي أسعار.,2026-07-30T00:00:00,2026-07-30T00:00:00
CASH-CF8ACC7E11C541,VAR-55197E870EB16A|EG-063|STORE,MAP-EDC26EC176BAF2D1,VAR-55197E870EB16A,EG-063,,,EGP,,,,,,,,,,,القاهرة,,,,,,,True,,تغذية منتجات,https://mintra.eg/products/long-rectangular-serving-plte-%D8%B5%D9%8A%D9%86%D9%8A%D8%A9-%D8%AA%D9%82%D8%AF%D9%8A%D9%85-%D9%85%D8%B3%D8%AA%D8%B7%D9%8A%D9%84%D8%A9,,,لم يُرصد,بانتظار أول رصد سعر,0,,,True,جاهز لأول رصد,الموديل والنسخة ورقم SKU مأخوذة من خلاصة المنتجات الرسمية لمتجر Mintra؛ لم تُنقل أي أسعار.,2026-07-30T00:00:00,2026-07-30T00:00:00
CASH-65050B0FC94429,VAR-C3B97F4A40E9DD|EG-063|STORE,MAP-E7881F89EDD33256,VAR-C3B97F4A40E9DD,EG-063,,,EGP,,,,,,,,,,,القاهرة,,,,,,,True,,تغذية منتجات,https://mintra.eg/products/long-rectangular-serving-plte-%D8%B5%D9%8A%D9%86%D9%8A%D8%A9-%D8%AA%D9%82%D8%AF%D9%8A%D9%85-%D9%85%D8%B3%D8%AA%D8%B7%D9%8A%D9%84%D8%A9,,,لم يُرصد,بانتظار أول رصد سعر,0,,,True,جاهز لأول رصد,الموديل والنسخة ورقم SKU مأخوذة من خلاصة المنتجات الرسمية لمتجر Mintra؛ لم تُنقل أي أسعار.,2026-07-30T00:00:00,2026-07-30T00:00:00
CASH-45CBEFA08E41F2,VAR-CC92ACAF5B9B9B|EG-063|STORE,MAP-04517BA08A99A0CA,VAR-CC92ACAF5B9B9B,EG-063,,,EGP,,,,,,,,,,,القاهرة,,,,,,,True,,تغذية منتجات,https://mintra.eg/products/long-rectangular-serving-plte-%D8%B5%D9%8A%D9%86%D9%8A%D8%A9-%D8%AA%D9%82%D8%AF%D9%8A%D9%85-%D9%85%D8%B3%D8%AA%D8%B7%D9%8A%D9%84%D8%A9,,,لم يُرصد,بانتظار أول رصد سعر,0,,,True,جاهز لأول رصد,الموديل والنسخة ورقم SKU مأخوذة من خلاصة المنتجات الرسمية لمتجر Mintra؛ لم تُنقل أي أسعار.,2026-07-30T00:00:00,2026-07-30T00:00:00
CASH-C32BAF797BB0FF,VAR-D78C33BC828A94|EG-063|STORE,MAP-1C54239C410EA6CC,VAR-D78C33BC828A94,EG-063,,,EGP,,,,,,,,,,,القاهرة,,,,,,,True,,تغذية منتجات,https://mintra.eg/products/long-rectangular-serving-plte-%D8%B5%D9%8A%D9%86%D9%8A%D8%A9-%D8%AA%D9%82%D8%AF%D9%8A%D9%85-%D9%85%D8%B3%D8%AA%D8%B7%D9%8A%D9%84%D8%A9,,,لم يُرصد,بانتظار أول رصد سعر,0,,,True,جاهز لأول رصد,الموديل والنسخة ورقم SKU مأخوذة من خلاصة المنتجات الرسمية لمتجر Mintra؛ لم تُنقل أي أسعار.,2026-07-30T00:00:00,2026-07-30T00:00:00
CASH-D248905022AD53,VAR-C2C6328290A974|EG-063|STORE,MAP-B7A1232A1CFFB762,VAR-C2C6328290A974,EG-063,,,EGP,,,,,,,,,,,القاهرة,,,,,,,True,,تغذية منتجات,https://mintra.eg/products/long-rectangular-serving-plte-%D8%B5%D9%8A%D9%86%D9%8A%D8%A9-%D8%AA%D9%82%D8%AF%D9%8A%D9%85-%D9%85%D8%B3%D8%AA%D8%B7%D9%8A%D9%84%D8%A9,,,لم يُرصد,بانتظار أول رصد سعر,0,,,True,جاهز لأول رصد,الموديل والنسخة ورقم SKU مأخوذة من خلاصة المنتجات الرسمية لمتجر Mintra؛ لم تُنقل أي أسعار.,2026-07-30T00:00:00,2026-07-30T00:00:00
CASH-3AB6C6C299A0A9,VAR-AD7798F67F529F|EG-063|STORE,MAP-B0D306F4868BC4B5,VAR-AD7798F67F529F,EG-063,,,EGP,,,,,,,,,,,القاهرة,,,,,,,True,,تغذية منتجات,https://mintra.eg/products/long-rectangular-serving-plte-%D8%B5%D9%8A%D9%86%D9%8A%D8%A9-%D8%AA%D9%82%D8%AF%D9%8A%D9%85-%D9%85%D8%B3%D8%AA%D8%B7%D9%8A%D9%84%D8%A9,,,لم يُرصد,بانتظار أول رصد سعر,0,,,True,جاهز لأول رصد,الموديل والنسخة ورقم SKU مأخوذة من خلاصة المنتجات الرسمية لمتجر Mintra؛ لم تُنقل أي أسعار.,2026-07-30T00:00:00,2026-07-30T00:00:00
CASH-ADB67646D6EAEE,VAR-56A498A469E83D|EG-063|STORE,MAP-C43E2205932F36A0,VAR-56A498A469E83D,EG-063,,,EGP,,,,,,,,,,,القاهرة,,,,,,,True,,تغذية منتجات,https://mintra.eg/products/long-rectangular-serving-plte-%D8%B5%D9%8A%D9%86%D9%8A%D8%A9-%D8%AA%D9%82%D8%AF%D9%8A%D9%85-%D9%85%D8%B3%D8%AA%D8%B7%D9%8A%D9%84%D8%A9,,,لم يُرصد,بانتظار أول رصد سعر,0,,,True,جاهز لأول رصد,الموديل والنسخة ورقم SKU مأخوذة من خلاصة المنتجات الرسمية لمتجر Mintra؛ لم تُنقل أي أسعار.,2026-07-30T00:00:00,2026-07-30T00:00:00
CASH-BD1F0608FF130B,VAR-7065FAC4FC830E|EG-063|STORE,MAP-30B0439786306FE4,VAR-7065FAC4FC830E,EG-063,,,EGP,,,,,,,,,,,القاهرة,,,,,,,True,,تغذية منتجات,https://mintra.eg/products/long-rectangular-serving-plte-%D8%B5%D9%8A%D9%86%D9%8A%D8%A9-%D8%AA%D9%82%D8%AF%D9%8A%D9%85-%D9%85%D8%B3%D8%AA%D8%B7%D9%8A%D9%84%D8%A9,,,لم يُرصد,بانتظار أول رصد سعر,0,,,True,جاهز لأول رصد,الموديل والنسخة ورقم SKU مأخوذة من خلاصة المنتجات الرسمية لمتجر Mintra؛ لم تُنقل أي أسعار.,2026-07-30T00:00:00,2026-07-30T00:00:00
CASH-F22D541FD18A82,VAR-9E82A99252F79A|EG-063|STORE,MAP-46131484F5970045,VAR-9E82A99252F79A,EG-063,,,EGP,,,,,,,,,,,القاهرة,,,,,,,True,,تغذية منتجات,https://mintra.eg/products/round-serving-plate-%D8%B5%D9%8A%D9%86%D9%8A%D8%A9-%D8%A8%D9%84%D8%A7%D8%B3%D8%AA%D9%8A%D9%83-%D9%83%D8%A8%D9%8A%D8%B1%D8%A9,,,لم يُرصد,بانتظار أول رصد سعر,0,,,True,جاهز لأول رصد,الموديل والنسخة ورقم SKU مأخوذة من خلاصة المنتجات الرسمية لمتجر Mintra؛ لم تُنقل أي أسعار.,2026-07-30T00:00:00,2026-07-30T00:00:00
CASH-6E30E1A80E99D7,VAR-48BEA491B9B4F8|EG-063|STORE,MAP-EB5AF713A5B72F86,VAR-48BEA491B9B4F8,EG-063,,,EGP,,,,,,,,,,,القاهرة,,,,,,,True,,تغذية منتجات,https://mintra.eg/products/round-serving-plate-%D8%B5%D9%8A%D9%86%D9%8A%D8%A9-%D8%A8%D9%84%D8%A7%D8%B3%D8%AA%D9%8A%D9%83-%D9%83%D8%A8%D9%8A%D8%B1%D8%A9,,,لم يُرصد,بانتظار أول رصد سعر,0,,,True,جاهز لأول رصد,الموديل والنسخة ورقم SKU مأخوذة من خلاصة المنتجات الرسمية لمتجر Mintra؛ لم تُنقل أي أسعار.,2026-07-30T00:00:00,2026-07-30T00:00:00
CASH-6CBF9CA2BFBA2F,VAR-130EACE827D596|EG-063|STORE,MAP-D6B2B892217FA3DF,VAR-130EACE827D596,EG-063,,,EGP,,,,,,,,,,,القاهرة,,,,,,,True,,تغذية منتجات,https://mintra.eg/products/round-serving-plate-%D8%B5%D9%8A%D9%86%D9%8A%D8%A9-%D8%A8%D9%84%D8%A7%D8%B3%D8%AA%D9%8A%D9%83-%D9%83%D8%A8%D9%8A%D8%B1%D8%A9,,,لم يُرصد,بانتظار أول رصد سعر,0,,,True,جاهز لأول رصد,الموديل والنسخة ورقم SKU مأخوذة من خلاصة المنتجات الرسمية لمتجر Mintra؛ لم تُنقل أي أسعار.,2026-07-30T00:00:00,2026-07-30T00:00:00
CASH-6112DA02FF828A,VAR-1FE38EB07616A2|EG-063|STORE,MAP-B6FE202A8F3801CC,VAR-1FE38EB07616A2,EG-063,,,EGP,,,,,,,,,,,القاهرة,,,,,,,True,,تغذية منتجات,https://mintra.eg/products/round-serving-plate-%D8%B5%D9%8A%D9%86%D9%8A%D8%A9-%D8%A8%D9%84%D8%A7%D8%B3%D8%AA%D9%8A%D9%83-%D9%83%D8%A8%D9%8A%D8%B1%D8%A9,,,لم يُرصد,بانتظار أول رصد سعر,0,,,True,جاهز لأول رصد,الموديل والنسخة ورقم SKU مأخوذة من خلاصة المنتجات الرسمية لمتجر Mintra؛ لم تُنقل أي أسعار.,2026-07-30T00:00:00,2026-07-30T00:00:00
CASH-F94818CCEC094F,VAR-AF08519EF2AF7F|EG-063|STORE,MAP-C218E569E3ACEE57,VAR-AF08519EF2AF7F,EG-063,,,EGP,,,,,,,,,,,القاهرة,,,,,,,True,,تغذية منتجات,https://mintra.eg/products/round-serving-plate-%D8%B5%D9%8A%D9%86%D9%8A%D8%A9-%D8%A8%D9%84%D8%A7%D8%B3%D8%AA%D9%8A%D9%83-%D9%83%D8%A8%D9%8A%D8%B1%D8%A9,,,لم يُرصد,بانتظار أول رصد سعر,0,,,True,جاهز لأول رصد,الموديل والنسخة ورقم SKU مأخوذة من خلاصة المنتجات الرسمية لمتجر Mintra؛ لم تُنقل أي أسعار.,2026-07-30T00:00:00,2026-07-30T00:00:00
CASH-CE597F27DA52D8,VAR-556CE3602C3797|EG-063|STORE,MAP-75AFFB673A0CBB43,VAR-556CE3602C3797,EG-063,,,EGP,,,,,,,,,,,القاهرة,,,,,,,True,,تغذية منتجات,https://mintra.eg/products/round-serving-plate-%D8%B5%D9%8A%D9%86%D9%8A%D8%A9-%D8%A8%D9%84%D8%A7%D8%B3%D8%AA%D9%8A%D9%83-%D9%83%D8%A8%D9%8A%D8%B1%D8%A9,,,لم يُرصد,بانتظار أول رصد سعر,0,,,True,جاهز لأول رصد,الموديل والنسخة ورقم SKU مأخوذة من خلاصة المنتجات الرسمية لمتجر Mintra؛ لم تُنقل أي أسعار.,2026-07-30T00:00:00,2026-07-30T00:00:00
CASH-CFFFA3CF00F3F7,VAR-3CB4349BD0BBEF|EG-063|STORE,MAP-6433EA17EA2BDD46,VAR-3CB4349BD0BBEF,EG-063,,,EGP,,,,,,,,,,,القاهرة,,,,,,,True,,تغذية منتجات,https://mintra.eg/products/round-serving-plate-%D8%B5%D9%8A%D9%86%D9%8A%D8%A9-%D8%A8%D9%84%D8%A7%D8%B3%D8%AA%D9%8A%D9%83-%D9%83%D8%A8%D9%8A%D8%B1%D8%A9,,,لم يُرصد,بانتظار أول رصد سعر,0,,,True,جاهز لأول رصد,الموديل والنسخة ورقم SKU مأخوذة من خلاصة المنتجات الرسمية لمتجر Mintra؛ لم تُنقل أي أسعار.,2026-07-30T00:00:00,2026-07-30T00:00:00
CASH-9D8C499300BB51,VAR-1C324DD4F1BA18|EG-063|STORE,MAP-BBE29B3D1ACCFC2E,VAR-1C324DD4F1BA18,EG-063,,,EGP,,,,,,,,,,,القاهرة,,,,,,,True,,تغذية منتجات,https://mintra.eg/products/kitchen-tools-4-pack-%D8%A7%D8%AF%D9%88%D8%A7%D8%AA-%D9%84%D9%84%D8%B7%D9%87%D9%8A,,,لم يُرصد,بانتظار أول رصد سعر,0,,,True,جاهز لأول رصد,الموديل والنسخة ورقم SKU مأخوذة من خلاصة المنتجات الرسمية لمتجر Mintra؛ لم تُنقل أي أسعار.,2026-07-30T00:00:00,2026-07-30T00:00:00
CASH-C28BE787B0A5D4,VAR-F6DDB51450EDD4|EG-063|STORE,MAP-D36589FD6A5AE87A,VAR-F6DDB51450EDD4,EG-063,,,EGP,,,,,,,,,,,القاهرة,,,,,,,True,,تغذية منتجات,https://mintra.eg/products/kitchen-tools-4-pack-%D8%A7%D8%AF%D9%88%D8%A7%D8%AA-%D9%84%D9%84%D8%B7%D9%87%D9%8A,,,لم يُرصد,بانتظار أول رصد سعر,0,,,True,جاهز لأول رصد,الموديل والنسخة ورقم SKU مأخوذة من خلاصة المنتجات الرسمية لمتجر Mintra؛ لم تُنقل أي أسعار.,2026-07-30T00:00:00,2026-07-30T00:00:00
CASH-08A793C6908D89,VAR-B4D7E0C670278C|EG-079|STORE,MAP-4145AB1C61D34F03,VAR-B4D7E0C670278C,EG-079,,,EGP,,,,,,,,,,,القاهرة,,,,,,,True,,Sitemap ثم صفحة منتج,https://www.zahranstores.com/en/tefal-tempo-flame-stewpot-set-with-glass-lid-size-16202428-220091013 | https:/www.zahranstores.com/en/tefal-armatal-stewpot-set-size-16202428-220719982,,,لم يُرصد,بانتظار أول رصد سعر,0,,,True,يحتاج تأكيد صفحة المنتج,Exact product URL in Zahran Stores public sitemap; stock not asserted,2026-07-30T00:00:00,2026-07-30T00:00:00
CASH-63C9C2E6498316,VAR-E2A2C0009D3F01|EG-079|STORE,MAP-94808C4CB1C72321,VAR-E2A2C0009D3F01,EG-079,,,EGP,,,,,,,,,,,القاهرة,,,,,,,True,,Sitemap ثم صفحة منتج,https://www.zahranstores.com/en/tefal-xl-intense-stewpot-set-with-glass-lid-size-1820242630-403841102-2250-1704883074-1748348920,,,لم يُرصد,بانتظار أول رصد سعر,0,,,True,يحتاج تأكيد صفحة المنتج,Exact product URL in Zahran Stores public sitemap; stock not asserted,2026-07-30T00:00:00,2026-07-30T00:00:00
CASH-FF8216D77D49AB,VAR-F8FECB8ADA7BC4|EG-079|STORE,MAP-947B24831132F67B,VAR-F8FECB8ADA7BC4,EG-079,,,EGP,,,,,,,,,,,القاهرة,,,,,,,True,,Sitemap ثم صفحة منتج,https://www.zahranstores.com/en/tefal-tempo-cooking-set-with-glass-lid-4-stewpots-18202226-frypan-1822-wok-pan-28-free-kitchen-tools-1916,,,لم يُرصد,بانتظار أول رصد سعر,0,,,True,يحتاج تأكيد صفحة المنتج,Exact product URL in Zahran Stores public sitemap; stock not asserted,2026-07-30T00:00:00,2026-07-30T00:00:00
CASH-028D1EC58DB4D9,VAR-12DDC02C477F9C|EG-079|STORE,MAP-48D1DAB4A2FF9778,VAR-12DDC02C477F9C,EG-079,,,EGP,,,,,,,,,,,القاهرة,,,,,,,True,,Sitemap ثم صفحة منتج,https://www.zahranstores.com/en/tefal-armatal-stewpot-set-size-18202426-2041,,,لم يُرصد,بانتظار أول رصد سعر,0,,,True,يحتاج تأكيد صفحة المنتج,Exact product URL in Zahran Stores public sitemap; stock not asserted,2026-07-30T00:00:00,2026-07-30T00:00:00
CASH-0C33D5194407F4,VAR-5D20E4758C436B|EG-079|STORE,MAP-9F20CDFB2F55E551,VAR-5D20E4758C436B,EG-079,,,EGP,,,,,,,,,,,القاهرة,,,,,,,True,,Sitemap ثم صفحة منتج,https://www.zahranstores.com/en/tefal-xl-intense-cooking-set-stewpots-18202428-rectangular-oven-tray-30-round-oven-tray-26-wok-28-403841106,,,لم يُرصد,بانتظار أول رصد سعر,0,,,True,يحتاج تأكيد صفحة المنتج,Exact product URL in Zahran Stores public sitemap; stock not asserted,2026-07-30T00:00:00,2026-07-30T00:00:00
CASH-E33AF135CD4AC5,VAR-3C3C8D9C5A23C8|EG-079|STORE,MAP-EE4F57208D6E4E8A,VAR-3C3C8D9C5A23C8,EG-079,,,EGP,,,,,,,,,,,القاهرة,,,,,,,True,,Sitemap ثم صفحة منتج,https://www.zahranstores.com/en/tefal-tempo-flame-cooking-set-stewpots-18222630-wokpan-28-round-oven-tray-26-rectangular-oven-tray-30-220091014,,,لم يُرصد,بانتظار أول رصد سعر,0,,,True,يحتاج تأكيد صفحة المنتج,Exact product URL in Zahran Stores public sitemap; stock not asserted,2026-07-30T00:00:00,2026-07-30T00:00:00
CASH-F0736800F75899,VAR-7E20F676164DD4|EG-079|STORE,MAP-566D51E1CDF847FC,VAR-7E20F676164DD4,EG-079,,,EGP,,,,,,,,,,,القاهرة,,,,,,,True,,Sitemap ثم صفحة منتج,https://www.zahranstores.com/en/tefal-duetto-cooking-set-size-20242628-1468,,,لم يُرصد,بانتظار أول رصد سعر,0,,,True,يحتاج تأكيد صفحة المنتج,Exact product URL in Zahran Stores public sitemap; stock not asserted,2026-07-30T00:00:00,2026-07-30T00:00:00
CASH-241EBA5683F445,VAR-FE7DD6613C52DA|EG-079|STORE,MAP-6671397AD23ED66D,VAR-FE7DD6613C52DA,EG-079,,,EGP,,,,,,,,,,,القاهرة,,,,,,,True,,Sitemap ثم صفحة منتج,https://www.zahranstores.com/en/tefal-tempo-flame-stewpot-set-size-1820242628-220089958-1171,,,لم يُرصد,بانتظار أول رصد سعر,0,,,True,يحتاج تأكيد صفحة المنتج,Exact product URL in Zahran Stores public sitemap; stock not asserted,2026-07-30T00:00:00,2026-07-30T00:00:00
CASH-81AC24ABF186B4,VAR-D964B6F36D8772|EG-079|STORE,MAP-E6E12E264DD198D8,VAR-D964B6F36D8772,EG-079,,,EGP,,,,,,,,,,,القاهرة,,,,,,,True,,Sitemap ثم صفحة منتج,https://www.zahranstores.com/en/tefal-tempo-flame-stewpot-set-size-16202426-220089976-2326,,,لم يُرصد,بانتظار أول رصد سعر,0,,,True,يحتاج تأكيد صفحة المنتج,Exact product URL in Zahran Stores public sitemap; stock not asserted,2026-07-30T00:00:00,2026-07-30T00:00:00
CASH-00324FFAD715E0,VAR-0D9CEC346CB7BF|EG-079|STORE,MAP-C316EB94BD7D2E39,VAR-0D9CEC346CB7BF,EG-079,,,EGP,,,,,,,,,,,القاهرة,,,,,,,True,,Sitemap ثم صفحة منتج,https://www.zahranstores.com/en/tefal-tempo-flame-glass-lid-stewpot-set-size-18202426-220091010-1684,,,لم يُرصد,بانتظار أول رصد سعر,0,,,True,يحتاج تأكيد صفحة المنتج,Exact product URL in Zahran Stores public sitemap; stock not asserted,2026-07-30T00:00:00,2026-07-30T00:00:00
CASH-7EC66B6D0A1B8D,VAR-281A28D2FB5B34|EG-079|STORE,MAP-E0D2D49EAA2ED25D,VAR-281A28D2FB5B34,EG-079,,,EGP,,,,,,,,,,,القاهرة,,,,,,,True,,Sitemap ثم صفحة منتج,https://www.zahranstores.com/en/tefal-armatal-cooking-set-stewpots-18222630-wok-28-grill-26-oven-tray-30-220091074-2253,,,لم يُرصد,بانتظار أول رصد سعر,0,,,True,يحتاج تأكيد صفحة المنتج,Exact product URL in Zahran Stores public sitemap; stock not asserted,2026-07-30T00:00:00,2026-07-30T00:00:00
CASH-B1116DE551D9DE,VAR-77A94383079D51|EG-079|STORE,MAP-6E386EB50B721A82,VAR-77A94383079D51,EG-079,,,EGP,,,,,,,,,,,القاهرة,,,,,,,True,,Sitemap ثم صفحة منتج,https://www.zahranstores.com/en/tefal-tempo-flame-frypan-set-size-162024-220099992-1864,,,لم يُرصد,بانتظار أول رصد سعر,0,,,True,يحتاج تأكيد صفحة المنتج,Exact product URL in Zahran Stores public sitemap; stock not asserted,2026-07-30T00:00:00,2026-07-30T00:00:00
CASH-BF709613901895,VAR-247DC2382B95E9|EG-079|STORE,MAP-BE9A889C22808D08,VAR-247DC2382B95E9,EG-079,,,EGP,,,,,,,,,,,القاهرة,,,,,,,True,,Sitemap ثم صفحة منتج,https://www.zahranstores.com/en/tefal-armatal-frypan-set-size-182428-220101072-2071,,,لم يُرصد,بانتظار أول رصد سعر,0,,,True,يحتاج تأكيد صفحة المنتج,Exact product URL in Zahran Stores public sitemap; stock not asserted,2026-07-30T00:00:00,2026-07-30T00:00:00
CASH-D4D0C1113946D4,VAR-1F2B221A6BE044|EG-079|STORE,MAP-5807924C59E18620,VAR-1F2B221A6BE044,EG-079,,,EGP,,,,,,,,,,,القاهرة,,,,,,,True,,Sitemap ثم صفحة منتج,https://www.zahranstores.com/en/tefal-armatal-cooking-set-3-stewpot-162022-frypan-20-220708122-2327,,,لم يُرصد,بانتظار أول رصد سعر,0,,,True,يحتاج تأكيد صفحة المنتج,Exact product URL in Zahran Stores public sitemap; stock not asserted,2026-07-30T00:00:00,2026-07-30T00:00:00
CASH-353BADEF3D35FE,VAR-CE068114BBBA2C|EG-079|STORE,MAP-2E0F4C92B1C0BB39,VAR-CE068114BBBA2C,EG-079,,,EGP,,,,,,,,,,,القاهرة,,,,,,,True,,Sitemap ثم صفحة منتج,https://www.zahranstores.com/en/tefal-cook-natural-cooking-set-stewpots-18-20-24-28square-grill-26wokpan-28round-oven-tray-26rectangle-oven-tray-35-220920112-1771407759,,,لم يُرصد,بانتظار أول رصد سعر,0,,,True,يحتاج تأكيد صفحة المنتج,Exact product URL in Zahran Stores public sitemap; stock not asserted,2026-07-30T00:00:00,2026-07-30T00:00:00
CASH-2E04E60731030C,VAR-E0A5609CD2F841|EG-079|STORE,MAP-85F8C8B23E2D4060,VAR-E0A5609CD2F841,EG-079,,,EGP,,,,,,,,,,,القاهرة,,,,,,,True,,Sitemap ثم صفحة منتج,https://www.zahranstores.com/en/tefal-xl-intense-frypan-set-size-2026-403841101-2249 | https:/www.zahranstores.com/en/tefal-xl-intense-frypan-set-size-2026-403841101-2249-1739625569,,,لم يُرصد,بانتظار أول رصد سعر,0,,,True,يحتاج تأكيد صفحة المنتج,Exact product URL in Zahran Stores public sitemap; stock not asserted,2026-07-30T00:00:00,2026-07-30T00:00:00
CASH-341E1600ACCF90,VAR-49B88871F49771|EG-079|STORE,MAP-B158B9B1D23C8AC1,VAR-49B88871F49771,EG-079,,,EGP,,,,,,,,,,,القاهرة,,,,,,,True,,Sitemap ثم صفحة منتج,https://www.zahranstores.com/en/tefal-expert-stewpot-set-size-182426-c2891201,,,لم يُرصد,بانتظار أول رصد سعر,0,,,True,يحتاج تأكيد صفحة المنتج,Exact product URL in Zahran Stores public sitemap; stock not asserted,2026-07-30T00:00:00,2026-07-30T00:00:00
CASH-6A06FEDA4C7DB1,VAR-6F483BC4E08935|EG-079|STORE,MAP-79138F9D8071797C,VAR-6F483BC4E08935,EG-079,,,EGP,,,,,,,,,,,القاهرة,,,,,,,True,,Sitemap ثم صفحة منتج,https://www.zahranstores.com/en/tefal-expert-cooking-set-stewpot-size-182024-frypan-size-2024-wokpan-size-28-c2891202,,,لم يُرصد,بانتظار أول رصد سعر,0,,,True,يحتاج تأكيد صفحة المنتج,Exact product URL in Zahran Stores public sitemap; stock not asserted,2026-07-30T00:00:00,2026-07-30T00:00:00
CASH-9C860BFFA4D9FE,VAR-CBC3691DB5C750|EG-079|STORE,MAP-7ED89C9A8F10B98F,VAR-CBC3691DB5C750,EG-079,,,EGP,,,,,,,,,,,القاهرة,,,,,,,True,,Sitemap ثم صفحة منتج,https://www.zahranstores.com/en/tefal-expert-cooking-set-stewpot-size-182428-wokpan-28-c2891204,,,لم يُرصد,بانتظار أول رصد سعر,0,,,True,يحتاج تأكيد صفحة المنتج,Exact product URL in Zahran Stores public sitemap; stock not asserted,2026-07-30T00:00:00,2026-07-30T00:00:00
CASH-B43943841D5D64,VAR-C60C77B2AD84D1|EG-079|STORE,MAP-91E3E94A5A491467,VAR-C60C77B2AD84D1,EG-079,,,EGP,,,,,,,,,,,القاهرة,,,,,,,True,,Sitemap ثم صفحة منتج,https://www.zahranstores.com/en/tefal-ingenio-xl-force-removable-handle-frypan-set-3pieces-black-l1589011,,,لم يُرصد,بانتظار أول رصد سعر,0,,,True,يحتاج تأكيد صفحة المنتج,Exact product URL in Zahran Stores public sitemap; stock not asserted,2026-07-30T00:00:00,2026-07-30T00:00:00
CASH-5A434FA7D9656E,VAR-FAD89256875F55|EG-079|STORE,MAP-3A97F30F8D18EA34,VAR-FAD89256875F55,EG-079,,,EGP,,,,,,,,,,,القاهرة,,,,,,,True,,Sitemap ثم صفحة منتج,https://www.zahranstores.com/en/tefal-ingenio-xl-force-removable-handle-cooking-set-5pieces-black-l1589012,,,لم يُرصد,بانتظار أول رصد سعر,0,,,True,يحتاج تأكيد صفحة المنتج,Exact product URL in Zahran Stores public sitemap; stock not asserted,2026-07-30T00:00:00,2026-07-30T00:00:00
CASH-68121708CCC74E,VAR-AF2E72952679F9|EG-079|STORE,MAP-25BC0F8E8D2B000C,VAR-AF2E72952679F9,EG-079,,,EGP,,,,,,,,,,,القاهرة,,,,,,,True,,Sitemap ثم صفحة منتج,https://www.zahranstores.com/en/tefal-ingenio-xl-force-removable-handle-cooking-set-11pieces-black-l1589013,,,لم يُرصد,بانتظار أول رصد سعر,0,,,True,يحتاج تأكيد صفحة المنتج,Exact product URL in Zahran Stores public sitemap; stock not asserted,2026-07-30T00:00:00,2026-07-30T00:00:00
CASH-7C704966F4E825,VAR-CBF29864D300A0|EG-079|STORE,MAP-CE6D3A2DBB2E58DB,VAR-CBF29864D300A0,EG-079,,,EGP,,,,,,,,,,,القاهرة,,,,,,,True,,Sitemap ثم صفحة منتج,https://www.zahranstores.com/en/zahran-stainless-steel-classic-stewpot-set-1618202430-1924,,,لم يُرصد,بانتظار أول رصد سعر,0,,,True,يحتاج تأكيد صفحة المنتج,Exact product URL in Zahran Stores public sitemap; stock not asserted,2026-07-30T00:00:00,2026-07-30T00:00:00
CASH-DDC66E66DEC25F,VAR-F2E5E8A1B414DD|EG-079|STORE,MAP-B55ECCBABF240ECB,VAR-F2E5E8A1B414DD,EG-079,,,EGP,,,,,,,,,,,القاهرة,,,,,,,True,,Sitemap ثم صفحة منتج,https://www.zahranstores.com/en/zahran-stainless-steel-optima-stewpot-set-size-1618222428-1466-1739783040,,,لم يُرصد,بانتظار أول رصد سعر,0,,,True,يحتاج تأكيد صفحة المنتج,Exact product URL in Zahran Stores public sitemap; stock not asserted,2026-07-30T00:00:00,2026-07-30T00:00:00
CASH-0FCF6E3751E606,VAR-27AE93BD3D50E8|EG-079|STORE,MAP-2E724B0CAC09E99E,VAR-27AE93BD3D50E8,EG-079,,,EGP,,,,,,,,,,,القاهرة,,,,,,,True,,Sitemap ثم صفحة منتج,https://www.zahranstores.com/en/zahran-stainless-steel-stewpot-set-with-glass-lid-size-16182428-1464,,,لم يُرصد,بانتظار أول رصد سعر,0,,,True,يحتاج تأكيد صفحة المنتج,Exact product URL in Zahran Stores public sitemap; stock not asserted,2026-07-30T00:00:00,2026-07-30T00:00:00
CASH-01F07E82E41D9F,VAR-04982368266CE7|EG-079|STORE,MAP-491643598CCABEC9,VAR-04982368266CE7,EG-079,,,EGP,,,,,,,,,,,القاهرة,,,,,,,True,,Sitemap ثم صفحة منتج,https://www.zahranstores.com/en/zahran-stainless-steel-stewpot-set-size-1620222632-1465 | https:/www.zahranstores.com/en/zahran-stainless-steel-classic-stewpot-set-with-glass-lid-1620222632-1925,,,لم يُرصد,بانتظار أول رصد سعر,0,,,True,يحتاج تأكيد صفحة المنتج,Exact product URL in Zahran Stores public sitemap; stock not asserted,2026-07-30T00:00:00,2026-07-30T00:00:00
CASH-B3443010CCD8A2,VAR-0263F8A6E61B70|EG-079|STORE,MAP-7B576942B95066C1,VAR-0263F8A6E61B70,EG-079,,,EGP,,,,,,,,,,,القاهرة,,,,,,,True,,Sitemap ثم صفحة منتج,https://www.zahranstores.com/en/zahran-stainless-steel-optima-stewpot-set-size-16202428-1926,,,لم يُرصد,بانتظار أول رصد سعر,0,,,True,يحتاج تأكيد صفحة المنتج,Exact product URL in Zahran Stores public sitemap; stock not asserted,2026-07-30T00:00:00,2026-07-30T00:00:00
CASH-19C877D820D10B,VAR-5F5F135E6E95AD|EG-079|STORE,MAP-61EA65761607D38F,VAR-5F5F135E6E95AD,EG-079,,,EGP,,,,,,,,,,,القاهرة,,,,,,,True,,Sitemap ثم صفحة منتج,https://www.zahranstores.com/en/zahran-moderna-stewpot-set-with-glass-lid-size-1820222628-1841,,,لم يُرصد,بانتظار أول رصد سعر,0,,,True,يحتاج تأكيد صفحة المنتج,Exact product URL in Zahran Stores public sitemap; stock not asserted,2026-07-30T00:00:00,2026-07-30T00:00:00
CASH-0A978812326039,VAR-090DC0F3663F60|EG-079|STORE,MAP-0CFD4A7BAC94CBF3,VAR-090DC0F3663F60,EG-079,,,EGP,,,,,,,,,,,القاهرة,,,,,,,True,,Sitemap ثم صفحة منتج,https://www.zahranstores.com/en/zahran-moderna-stewpot-set-with-glass-lid-size-18202428-1842,,,لم يُرصد,بانتظار أول رصد سعر,0,,,True,يحتاج تأكيد صفحة المنتج,Exact product URL in Zahran Stores public sitemap; stock not asserted,2026-07-30T00:00:00,2026-07-30T00:00:00
CASH-2B25B6A055B792,VAR-9B843CAC63D3A7|EG-079|STORE,MAP-E22EE116D937B0F4,VAR-9B843CAC63D3A7,EG-079,,,EGP,,,,,,,,,,,القاهرة,,,,,,,True,,Sitemap ثم صفحة منتج,https://www.zahranstores.com/en/zahran-stainless-steel-classic-cooking-set-stewpots-18202630-sauce-pan-16-round-oven-tray-22-3-coffee-pot-2387,,,لم يُرصد,بانتظار أول رصد سعر,0,,,True,يحتاج تأكيد صفحة المنتج,Exact product URL in Zahran Stores public sitemap; stock not asserted,2026-07-30T00:00:00,2026-07-30T00:00:00
CASH-F67F9CD2CFC1CB,VAR-F74B9F18CFE6B7|EG-079|STORE,MAP-93F0504A064DCC93,VAR-F74B9F18CFE6B7,EG-079,,,EGP,,,,,,,,,,,القاهرة,,,,,,,True,,Sitemap ثم صفحة منتج,https://www.zahranstores.com/en/zahran-stainless-steel-classic-stewpot-set-18222632-2388 | https:/www.zahranstores.com/en/zahran-stainless-steel-classic-stewpot-set-18222632-2388-1704983648,,,لم يُرصد,بانتظار أول رصد سعر,0,,,True,يحتاج تأكيد صفحة المنتج,Exact product URL in Zahran Stores public sitemap; stock not asserted,2026-07-30T00:00:00,2026-07-30T00:00:00
CASH-22973108F83013,VAR-87FF3788AD0705|EG-079|STORE,MAP-B498EFB750BF749D,VAR-87FF3788AD0705,EG-079,,,EGP,,,,,,,,,,,القاهرة,,,,,,,True,,Sitemap ثم صفحة منتج,https://www.zahranstores.com/en/zahran-stainless-steel-stewpot-set-size-18202428-330019990-2328,,,لم يُرصد,بانتظار أول رصد سعر,0,,,True,يحتاج تأكيد صفحة المنتج,Exact product URL in Zahran Stores public sitemap; stock not asserted,2026-07-30T00:00:00,2026-07-30T00:00:00
CASH-EA7461A263ABC6,VAR-EC8DC0617A72D7|EG-060|STORE,MAP-753012FB53310045,VAR-EC8DC0617A72D7,EG-060,,,EGP,,,,,,,,,,,القاهرة,,,,,,,True,,JSON-LD,https://www.ikea.com/eg/en/p/foerdubbla-2-piece-knife-set-grey-00436790,,,لم يُرصد,بانتظار أول رصد سعر,0,,,True,يحتاج اكتشاف رابط المنتج,الاسم ورقم الصنف والمواصفات الظاهرة مأخوذة من قائمة JSON-LD الرسمية للفئة في IKEA Egypt؛ لم تُنقل أي أسعار.,2026-07-30T00:00:00,2026-07-30T00:00:00
CASH-464BC09E7272A1,VAR-3D2F224D4E77A4|EG-060|STORE,MAP-8E1A30E8F8F92615,VAR-3D2F224D4E77A4,EG-060,,,EGP,,,,,,,,,,,القاهرة,,,,,,,True,,JSON-LD,https://www.ikea.com/eg/en/p/hackig-3-piece-knife-set-ceramic-white-beige-10598485,,,لم يُرصد,بانتظار أول رصد سعر,0,,,True,يحتاج اكتشاف رابط المنتج,الاسم ورقم الصنف والمواصفات الظاهرة مأخوذة من قائمة JSON-LD الرسمية للفئة في IKEA Egypt؛ لم تُنقل أي أسعار.,2026-07-30T00:00:00,2026-07-30T00:00:00
CASH-41F6692217D3CA,VAR-A2F444C69A4D5D|EG-060|STORE,MAP-3A9C9FB1542AE691,VAR-A2F444C69A4D5D,EG-060,,,EGP,,,,,,,,,,,القاهرة,,,,,,,True,,JSON-LD,https://www.ikea.com/eg/en/p/prickig-microwave-lid-grey-70186090,,,لم يُرصد,بانتظار أول رصد سعر,0,,,True,يحتاج اكتشاف رابط المنتج,الاسم ورقم الصنف والمواصفات الظاهرة مأخوذة من قائمة JSON-LD الرسمية للفئة في IKEA Egypt؛ لم تُنقل أي أسعار.,2026-07-30T00:00:00,2026-07-30T00:00:00
CASH-765A241A294B76,VAR-4224566B4E3D11|EG-060|STORE,MAP-EEBB070BAA8AB472,VAR-4224566B4E3D11,EG-060,,,EGP,,,,,,,,,,,القاهرة,,,,,,,True,,JSON-LD,https://www.ikea.com/eg/en/p/beproevad-glass-clear-glass-00284386,,,لم يُرصد,بانتظار أول رصد سعر,0,,,True,يحتاج اكتشاف رابط المنتج,الاسم ورقم الصنف والمواصفات الظاهرة مأخوذة من قائمة JSON-LD الرسمية للفئة في IKEA Egypt؛ لم تُنقل أي أسعار.,2026-07-30T00:00:00,2026-07-30T00:00:00
CASH-16D981467BFE74,VAR-273D71A2259AA9|EG-060|STORE,MAP-33AFA1CF9B2D20BC,VAR-273D71A2259AA9,EG-060,,,EGP,,,,,,,,,,,القاهرة,,,,,,,True,,JSON-LD,https://www.ikea.com/eg/en/p/dyrgrip-glass-clear-glass-40309304,,,لم يُرصد,بانتظار أول رصد سعر,0,,,True,يحتاج اكتشاف رابط المنتج,الاسم ورقم الصنف والمواصفات الظاهرة مأخوذة من قائمة JSON-LD الرسمية للفئة في IKEA Egypt؛ لم تُنقل أي أسعار.,2026-07-30T00:00:00,2026-07-30T00:00:00
CASH-8C68B56CF40240,VAR-C487014FD7EB8F|EG-060|STORE,MAP-3B2887D89922F52D,VAR-C487014FD7EB8F,EG-060,,,EGP,,,,,,,,,,,القاهرة,,,,,,,True,,JSON-LD,https://www.ikea.com/eg/en/p/dyrgrip-juice-glass-clear-glass-80309302,,,لم يُرصد,بانتظار أول رصد سعر,0,,,True,يحتاج اكتشاف رابط المنتج,الاسم ورقم الصنف والمواصفات الظاهرة مأخوذة من قائمة JSON-LD الرسمية للفئة في IKEA Egypt؛ لم تُنقل أي أسعار.,2026-07-30T00:00:00,2026-07-30T00:00:00
CASH-2982381B9E57AC,VAR-E84892F2330E43|EG-060|STORE,MAP-04D59CCE1FA38A89,VAR-E84892F2330E43,EG-060,,,EGP,,,,,,,,,,,القاهرة,,,,,,,True,,JSON-LD,https://www.ikea.com/eg/en/p/godis-glass-clear-glass-20092107,,,لم يُرصد,بانتظار أول رصد سعر,0,,,True,يحتاج اكتشاف رابط المنتج,الاسم ورقم الصنف والمواصفات الظاهرة مأخوذة من قائمة JSON-LD الرسمية للفئة في IKEA Egypt؛ لم تُنقل أي أسعار.,2026-07-30T00:00:00,2026-07-30T00:00:00
CASH-B1B868AE762AFA,VAR-EC46E58E6BA179|EG-060|STORE,MAP-0D1276DDC66EFCEE,VAR-EC46E58E6BA179,EG-060,,,EGP,,,,,,,,,,,القاهرة,,,,,,,True,,JSON-LD,https://www.ikea.com/eg/en/p/ivrig-glass-clear-glass-50258323,,,لم يُرصد,بانتظار أول رصد سعر,0,,,True,يحتاج اكتشاف رابط المنتج,الاسم ورقم الصنف والمواصفات الظاهرة مأخوذة من قائمة JSON-LD الرسمية للفئة في IKEA Egypt؛ لم تُنقل أي أسعار.,2026-07-30T00:00:00,2026-07-30T00:00:00
CASH-348055839A1E4A,VAR-CE13619DEDF65A|EG-060|STORE,MAP-B8DFE2DFB391933D,VAR-CE13619DEDF65A,EG-060,,,EGP,,,,,,,,,,,القاهرة,,,,,,,True,,JSON-LD,https://www.ikea.com/eg/en/p/pokal-glass-clear-glass-80621816,,,لم يُرصد,بانتظار أول رصد سعر,0,,,True,يحتاج اكتشاف رابط المنتج,الاسم ورقم الصنف والمواصفات الظاهرة مأخوذة من قائمة JSON-LD الرسمية للفئة في IKEA Egypt؛ لم تُنقل أي أسعار.,2026-07-30T00:00:00,2026-07-30T00:00:00
CASH-95BD6903F89419,VAR-6D3F084245F6AA|EG-060|STORE,MAP-6E0269D64E39C44D,VAR-6D3F084245F6AA,EG-060,,,EGP,,,,,,,,,,,القاهرة,,,,,,,True,,JSON-LD,https://www.ikea.com/eg/en/p/pokal-glass-clear-glass-10270478,,,لم يُرصد,بانتظار أول رصد سعر,0,,,True,يحتاج اكتشاف رابط المنتج,الاسم ورقم الصنف والمواصفات الظاهرة مأخوذة من قائمة JSON-LD الرسمية للفئة في IKEA Egypt؛ لم تُنقل أي أسعار.,2026-07-30T00:00:00,2026-07-30T00:00:00
CASH-642D8F24CF0718,VAR-CFDBCEE7098C8E|EG-060|STORE,MAP-BC985E51BCCEF449,VAR-CFDBCEE7098C8E,EG-060,,,EGP,,,,,,,,,,,القاهرة,,,,,,,True,,JSON-LD,https://www.ikea.com/eg/en/p/pokal-glass-pink-10417710,,,لم يُرصد,بانتظار أول رصد سعر,0,,,True,يحتاج اكتشاف رابط المنتج,الاسم ورقم الصنف والمواصفات الظاهرة مأخوذة من قائمة JSON-LD الرسمية للفئة في IKEA Egypt؛ لم تُنقل أي أسعار.,2026-07-30T00:00:00,2026-07-30T00:00:00
CASH-849657DF75E7F3,VAR-5F932C081B3E60|EG-060|STORE,MAP-AC65CFFE9E840A31,VAR-5F932C081B3E60,EG-060,,,EGP,,,,,,,,,,,القاهرة,,,,,,,True,,JSON-LD,https://www.ikea.com/eg/en/p/pokal-snaps-glass-clear-glass-90091996,,,لم يُرصد,بانتظار أول رصد سعر,0,,,True,يحتاج اكتشاف رابط المنتج,الاسم ورقم الصنف والمواصفات الظاهرة مأخوذة من قائمة JSON-LD الرسمية للفئة في IKEA Egypt؛ لم تُنقل أي أسعار.,2026-07-30T00:00:00,2026-07-30T00:00:00
CASH-9D3666C1CE5AF0,VAR-E92CE828C0821B|EG-060|STORE,MAP-4CDA429D216BE39A,VAR-E92CE828C0821B,EG-060,,,EGP,,,,,,,,,,,القاهرة,,,,,,,True,,JSON-LD,https://www.ikea.com/eg/en/p/reko-glass-clear-glass-80094014,,,لم يُرصد,بانتظار أول رصد سعر,0,,,True,يحتاج اكتشاف رابط المنتج,الاسم ورقم الصنف والمواصفات الظاهرة مأخوذة من قائمة JSON-LD الرسمية للفئة في IKEA Egypt؛ لم تُنقل أي أسعار.,2026-07-30T00:00:00,2026-07-30T00:00:00
CASH-698FBEF27F9976,VAR-6E322A41A7C6E0|EG-060|STORE,MAP-9B1B8114DEC27854,VAR-6E322A41A7C6E0,EG-060,,,EGP,,,,,,,,,,,القاهرة,,,,,,,True,,JSON-LD,https://www.ikea.com/eg/en/p/vardagen-glass-clear-glass-20286916,,,لم يُرصد,بانتظار أول رصد سعر,0,,,True,يحتاج اكتشاف رابط المنتج,الاسم ورقم الصنف والمواصفات الظاهرة مأخوذة من قائمة JSON-LD الرسمية للفئة في IKEA Egypt؛ لم تُنقل أي أسعار.,2026-07-30T00:00:00,2026-07-30T00:00:00
CASH-590703624B99A0,VAR-845A49C18A3992|EG-060|STORE,MAP-AC7600BDBFA46B91,VAR-845A49C18A3992,EG-060,,,EGP,,,,,,,,,,,القاهرة,,,,,,,True,,JSON-LD,https://www.ikea.com/eg/en/p/vardagen-glass-clear-glass-70313106,,,لم يُرصد,بانتظار أول رصد سعر,0,,,True,يحتاج اكتشاف رابط المنتج,الاسم ورقم الصنف والمواصفات الظاهرة مأخوذة من قائمة JSON-LD الرسمية للفئة في IKEA Egypt؛ لم تُنقل أي أسعار.,2026-07-30T00:00:00,2026-07-30T00:00:00
CASH-E613AC748319E2,VAR-0140B9BE38F2E0|EG-060|STORE,MAP-4732493F9A831240,VAR-0140B9BE38F2E0,EG-060,,,EGP,,,,,,,,,,,القاهرة,,,,,,,True,,JSON-LD,https://www.ikea.com/eg/en/p/vardagen-glass-light-turquoise-30567591,,,لم يُرصد,بانتظار أول رصد سعر,0,,,True,يحتاج اكتشاف رابط المنتج,الاسم ورقم الصنف والمواصفات الظاهرة مأخوذة من قائمة JSON-LD الرسمية للفئة في IKEA Egypt؛ لم تُنقل أي أسعار.,2026-07-30T00:00:00,2026-07-30T00:00:00
CASH-105C28C3831468,VAR-89463DD5B43372|EG-060|STORE,MAP-7754D919C0E48F1C,VAR-89463DD5B43372,EG-060,,,EGP,,,,,,,,,,,القاهرة,,,,,,,True,,JSON-LD,https://www.ikea.com/eg/en/p/vitabborre-glass-plastic-blue-50625793,,,لم يُرصد,بانتظار أول رصد سعر,0,,,True,يحتاج اكتشاف رابط المنتج,الاسم ورقم الصنف والمواصفات الظاهرة مأخوذة من قائمة JSON-LD الرسمية للفئة في IKEA Egypt؛ لم تُنقل أي أسعار.,2026-07-30T00:00:00,2026-07-30T00:00:00
CASH-5C7943586E3676,VAR-171B66EB521184|EG-060|STORE,MAP-ACFD1BB2FDC601ED,VAR-171B66EB521184,EG-060,,,EGP,,,,,,,,,,,القاهرة,,,,,,,True,,JSON-LD,https://www.ikea.com/eg/en/p/finfoerdela-bendable-chopping-board-dark-green-grey-turquoise-50613016,,,لم يُرصد,بانتظار أول رصد سعر,0,,,True,يحتاج اكتشاف رابط المنتج,الاسم ورقم الصنف والمواصفات الظاهرة مأخوذة من قائمة JSON-LD الرسمية للفئة في IKEA Egypt؛ لم تُنقل أي أسعار.,2026-07-30T00:00:00,2026-07-30T00:00:00
CASH-1127E1BAFEFA8D,VAR-0BBBE4DAEA8073|EG-060|STORE,MAP-395184E61168F2FA,VAR-0BBBE4DAEA8073,EG-060,,,EGP,,,,,,,,,,,القاهرة,,,,,,,True,,JSON-LD,https://www.ikea.com/eg/en/p/gummihaj-holder-with-3-chopping-boards-mixed-colours-30573318,,,لم يُرصد,بانتظار أول رصد سعر,0,,,True,يحتاج اكتشاف رابط المنتج,الاسم ورقم الصنف والمواصفات الظاهرة مأخوذة من قائمة JSON-LD الرسمية للفئة في IKEA Egypt؛ لم تُنقل أي أسعار.,2026-07-30T00:00:00,2026-07-30T00:00:00
CASH-3750D19866E26B,VAR-772354FB577D97|EG-060|STORE,MAP-F2008E618E47D458,VAR-772354FB577D97,EG-060,,,EGP,,,,,,,,,,,القاهرة,,,,,,,True,,JSON-LD,https://www.ikea.com/eg/en/p/ikea-365-chopping-board-black-blue-grey-blue-light-blue-40613026,,,لم يُرصد,بانتظار أول رصد سعر,0,,,True,يحتاج اكتشاف رابط المنتج,الاسم ورقم الصنف والمواصفات الظاهرة مأخوذة من قائمة JSON-LD الرسمية للفئة في IKEA Egypt؛ لم تُنقل أي أسعار.,2026-07-30T00:00:00,2026-07-30T00:00:00
CASH-9C85FD71B034CF,VAR-BA5226BFD0A61E|EG-060|STORE,MAP-6A893893B5F640BD,VAR-BA5226BFD0A61E,EG-060,,,EGP,,,,,,,,,,,القاهرة,,,,,,,True,,JSON-LD,https://www.ikea.com/eg/en/p/laemplig-chopping-board-bamboo-00309829,,,لم يُرصد,بانتظار أول رصد سعر,0,,,True,يحتاج اكتشاف رابط المنتج,الاسم ورقم الصنف والمواصفات الظاهرة مأخوذة من قائمة JSON-LD الرسمية للفئة في IKEA Egypt؛ لم تُنقل أي أسعار.,2026-07-30T00:00:00,2026-07-30T00:00:00
CASH-0EAD31D54CA09D,VAR-BDCFA24321ED3B|EG-060|STORE,MAP-19CE8544EA816A11,VAR-BDCFA24321ED3B,EG-060,,,EGP,,,,,,,,,,,القاهرة,,,,,,,True,,JSON-LD,https://www.ikea.com/eg/en/p/legitim-chopping-board-set-of-2-white-70556703,,,لم يُرصد,بانتظار أول رصد سعر,0,,,True,يحتاج اكتشاف رابط المنتج,الاسم ورقم الصنف والمواصفات الظاهرة مأخوذة من قائمة JSON-LD الرسمية للفئة في IKEA Egypt؛ لم تُنقل أي أسعار.,2026-07-30T00:00:00,2026-07-30T00:00:00
CASH-19122B8E5D4E59,VAR-E52760A5CBC283|EG-060|STORE,MAP-56FFCA872D8B540E,VAR-E52760A5CBC283,EG-060,,,EGP,,,,,,,,,,,القاهرة,,,,,,,True,,JSON-LD,https://www.ikea.com/eg/en/p/sapoertmal-chopping-board-beech-90570661,,,لم يُرصد,بانتظار أول رصد سعر,0,,,True,يحتاج اكتشاف رابط المنتج,الاسم ورقم الصنف والمواصفات الظاهرة مأخوذة من قائمة JSON-LD الرسمية للفئة في IKEA Egypt؛ لم تُنقل أي أسعار.,2026-07-30T00:00:00,2026-07-30T00:00:00
CASH-5F84DC8BB3A9BB,VAR-477ECD2CC2E2C8|EG-060|STORE,MAP-0D3CEBB2818DD2FA,VAR-477ECD2CC2E2C8,EG-060,,,EGP,,,,,,,,,,,القاهرة,,,,,,,True,,JSON-LD,https://www.ikea.com/eg/en/p/stolthet-chopping-board-bamboo-30512810,,,لم يُرصد,بانتظار أول رصد سعر,0,,,True,يحتاج اكتشاف رابط المنتج,الاسم ورقم الصنف والمواصفات الظاهرة مأخوذة من قائمة JSON-LD الرسمية للفئة في IKEA Egypt؛ لم تُنقل أي أسعار.,2026-07-30T00:00:00,2026-07-30T00:00:00
CASH-BBE3E8B3062A0B,VAR-46D7031CF09A6E|EG-060|STORE,MAP-9AC0D9F02B48AE8A,VAR-46D7031CF09A6E,EG-060,,,EGP,,,,,,,,,,,القاهرة,,,,,,,True,,JSON-LD,https://www.ikea.com/eg/en/p/klockren-universal-lid-set-of-3-silicone-40449192,,,لم يُرصد,بانتظار أول رصد سعر,0,,,True,يحتاج اكتشاف رابط المنتج,الاسم ورقم الصنف والمواصفات الظاهرة مأخوذة من قائمة JSON-LD الرسمية للفئة في IKEA Egypt؛ لم تُنقل أي أسعار.,2026-07-30T00:00:00,2026-07-30T00:00:00
CASH-1D32AA7B98202C,VAR-1896F62BB28052|EG-060|STORE,MAP-9EF49439383373F1,VAR-1896F62BB28052,EG-060,,,EGP,,,,,,,,,,,القاهرة,,,,,,,True,,JSON-LD,https://www.ikea.com/eg/en/p/vardagen-casserole-with-lid-enamelled-cast-iron-light-beige-dark-grey-blue-50605709,,,لم يُرصد,بانتظار أول رصد سعر,0,,,True,يحتاج اكتشاف رابط المنتج,الاسم ورقم الصنف والمواصفات الظاهرة مأخوذة من قائمة JSON-LD الرسمية للفئة في IKEA Egypt؛ لم تُنقل أي أسعار.,2026-07-30T00:00:00,2026-07-30T00:00:00
CASH-B681434EE010F1,VAR-80094341116974|EG-060|STORE,MAP-59A47AE062D806B2,VAR-80094341116974,EG-060,,,EGP,,,,,,,,,,,القاهرة,,,,,,,True,,JSON-LD,https://www.ikea.com/eg/en/p/vardagen-casserole-with-lid-enamelled-cast-iron-matt-black-00560671,,,لم يُرصد,بانتظار أول رصد سعر,0,,,True,يحتاج اكتشاف رابط المنتج,الاسم ورقم الصنف والمواصفات الظاهرة مأخوذة من قائمة JSON-LD الرسمية للفئة في IKEA Egypt؛ لم تُنقل أي أسعار.,2026-07-30T00:00:00,2026-07-30T00:00:00
CASH-E2BEF3357FFE89,VAR-DF4F8BDB3B96BE|EG-060|STORE,MAP-CF19543B73E92ABB,VAR-DF4F8BDB3B96BE,EG-060,,,EGP,,,,,,,,,,,القاهرة,,,,,,,True,,JSON-LD,https://www.ikea.com/eg/en/p/vardagen-pie-dish-off-white-10289307,,,لم يُرصد,بانتظار أول رصد سعر,0,,,True,يحتاج اكتشاف رابط المنتج,الاسم ورقم الصنف والمواصفات الظاهرة مأخوذة من قائمة JSON-LD الرسمية للفئة في IKEA Egypt؛ لم تُنقل أي أسعار.,2026-07-30T00:00:00,2026-07-30T00:00:00
CASH-FE971F0CEB5B98,VAR-34767288EA5B78|EG-060|STORE,MAP-2DC08891389BB840,VAR-34767288EA5B78,EG-060,,,EGP,,,,,,,,,,,القاهرة,,,,,,,True,,JSON-LD,https://www.ikea.com/eg/en/p/akerhallon-serving-bowl-set-of-2-bamboo-30602306,,,لم يُرصد,بانتظار أول رصد سعر,0,,,True,يحتاج اكتشاف رابط المنتج,الاسم ورقم الصنف والمواصفات الظاهرة مأخوذة من قائمة JSON-LD الرسمية للفئة في IKEA Egypt؛ لم تُنقل أي أسعار.,2026-07-30T00:00:00,2026-07-30T00:00:00
CASH-1F10797502C066,VAR-84D862621DE01C|EG-060|STORE,MAP-518C712A1D2BCDB8,VAR-84D862621DE01C,EG-060,,,EGP,,,,,,,,,,,القاهرة,,,,,,,True,,JSON-LD,https://www.ikea.com/eg/en/p/blanda-matt-serving-bowl-bamboo-60214343,,,لم يُرصد,بانتظار أول رصد سعر,0,,,True,يحتاج اكتشاف رابط المنتج,الاسم ورقم الصنف والمواصفات الظاهرة مأخوذة من قائمة JSON-LD الرسمية للفئة في IKEA Egypt؛ لم تُنقل أي أسعار.,2026-07-30T00:00:00,2026-07-30T00:00:00
CASH-EC9A915E0587FC,VAR-061BB2BC9F730E|EG-060|STORE,MAP-BD2FB1B45DBF359B,VAR-061BB2BC9F730E,EG-060,,,EGP,,,,,,,,,,,القاهرة,,,,,,,True,,JSON-LD,https://www.ikea.com/eg/en/p/blanda-serving-bowl-clear-glass-90057252,,,لم يُرصد,بانتظار أول رصد سعر,0,,,True,يحتاج اكتشاف رابط المنتج,الاسم ورقم الصنف والمواصفات الظاهرة مأخوذة من قائمة JSON-LD الرسمية للفئة في IKEA Egypt؛ لم تُنقل أي أسعار.,2026-07-30T00:00:00,2026-07-30T00:00:00
CASH-D7376BAFD2F035,VAR-217A704418C2BA|EG-060|STORE,MAP-D4A0813A0410DB7E,VAR-217A704418C2BA,EG-060,,,EGP,,,,,,,,,,,القاهرة,,,,,,,True,,JSON-LD,https://www.ikea.com/eg/en/p/faergklar-bowl-lilac-30600425,,,لم يُرصد,بانتظار أول رصد سعر,0,,,True,يحتاج اكتشاف رابط المنتج,الاسم ورقم الصنف والمواصفات الظاهرة مأخوذة من قائمة JSON-LD الرسمية للفئة في IKEA Egypt؛ لم تُنقل أي أسعار.,2026-07-30T00:00:00,2026-07-30T00:00:00
CASH-5E43BD121A15FE,VAR-4884CCDC322260|EG-060|STORE,MAP-7BFE9EADFE363C40,VAR-4884CCDC322260,EG-060,,,EGP,,,,,,,,,,,القاهرة,,,,,,,True,,JSON-LD,https://www.ikea.com/eg/en/p/fikadags-mixing-bowl-white-40510839,,,لم يُرصد,بانتظار أول رصد سعر,0,,,True,يحتاج اكتشاف رابط المنتج,الاسم ورقم الصنف والمواصفات الظاهرة مأخوذة من قائمة JSON-LD الرسمية للفئة في IKEA Egypt؛ لم تُنقل أي أسعار.,2026-07-30T00:00:00,2026-07-30T00:00:00
CASH-8E89A5B71DBF69,VAR-86F0345335069E|EG-060|STORE,MAP-0B99A86B6E9B567C,VAR-86F0345335069E,EG-060,,,EGP,,,,,,,,,,,القاهرة,,,,,,,True,,JSON-LD,https://www.ikea.com/eg/en/p/gladelig-bowl-blue-40600712,,,لم يُرصد,بانتظار أول رصد سعر,0,,,True,يحتاج اكتشاف رابط المنتج,الاسم ورقم الصنف والمواصفات الظاهرة مأخوذة من قائمة JSON-LD الرسمية للفئة في IKEA Egypt؛ لم تُنقل أي أسعار.,2026-07-30T00:00:00,2026-07-30T00:00:00
CASH-EED51555CF6133,VAR-E4281E76571834|EG-060|STORE,MAP-A475BD9B86A2EF6B,VAR-E4281E76571834,EG-060,,,EGP,,,,,,,,,,,القاهرة,,,,,,,True,,JSON-LD,https://www.ikea.com/eg/en/p/kejserlig-bowl-mixed-colours-00511497,,,لم يُرصد,بانتظار أول رصد سعر,0,,,True,يحتاج اكتشاف رابط المنتج,الاسم ورقم الصنف والمواصفات الظاهرة مأخوذة من قائمة JSON-LD الرسمية للفئة في IKEA Egypt؛ لم تُنقل أي أسعار.,2026-07-30T00:00:00,2026-07-30T00:00:00
CASH-A09B0BA7395EEA,VAR-F3F8E986B4BC5F|EG-060|STORE,MAP-3BCA2CBD7C201CA2,VAR-F3F8E986B4BC5F,EG-060,,,EGP,,,,,,,,,,,القاهرة,,,,,,,True,,JSON-LD,https://www.ikea.com/eg/en/p/lillhavet-washing-up-bowl-anthracite-10503430,,,لم يُرصد,بانتظار أول رصد سعر,0,,,True,يحتاج اكتشاف رابط المنتج,الاسم ورقم الصنف والمواصفات الظاهرة مأخوذة من قائمة JSON-LD الرسمية للفئة في IKEA Egypt؛ لم تُنقل أي أسعار.,2026-07-30T00:00:00,2026-07-30T00:00:00
CASH-A36DBC68796E0A,VAR-6C8DF503C01A7A|EG-060|STORE,MAP-77B09D1440B4E400,VAR-6C8DF503C01A7A,EG-060,,,EGP,,,,,,,,,,,القاهرة,,,,,,,True,,JSON-LD,https://www.ikea.com/eg/en/p/naetbarb-bowl-black-10563693,,,لم يُرصد,بانتظار أول رصد سعر,0,,,True,يحتاج اكتشاف رابط المنتج,الاسم ورقم الصنف والمواصفات الظاهرة مأخوذة من قائمة JSON-LD الرسمية للفئة في IKEA Egypt؛ لم تُنقل أي أسعار.,2026-07-30T00:00:00,2026-07-30T00:00:00
CASH-8D6A14CB0AD35C,VAR-373BD25FB8F5E2|EG-060|STORE,MAP-39ADD915EF9BC7D6,VAR-373BD25FB8F5E2,EG-060,,,EGP,,,,,,,,,,,القاهرة,,,,,,,True,,JSON-LD,https://www.ikea.com/eg/en/p/oftast-bowl-white-black-dot-pattern-50608265,,,لم يُرصد,بانتظار أول رصد سعر,0,,,True,يحتاج اكتشاف رابط المنتج,الاسم ورقم الصنف والمواصفات الظاهرة مأخوذة من قائمة JSON-LD الرسمية للفئة في IKEA Egypt؛ لم تُنقل أي أسعار.,2026-07-30T00:00:00,2026-07-30T00:00:00
CASH-9714335040300C,VAR-DCDC66F25C19B9|EG-060|STORE,MAP-DCEC35A6ECE8192D,VAR-DCDC66F25C19B9,EG-060,,,EGP,,,,,,,,,,,القاهرة,,,,,,,True,,JSON-LD,https://www.ikea.com/eg/en/p/oftast-bowl-white-80258915,,,لم يُرصد,بانتظار أول رصد سعر,0,,,True,يحتاج اكتشاف رابط المنتج,الاسم ورقم الصنف والمواصفات الظاهرة مأخوذة من قائمة JSON-LD الرسمية للفئة في IKEA Egypt؛ لم تُنقل أي أسعار.,2026-07-30T00:00:00,2026-07-30T00:00:00
CASH-8A0BDF7B0FFE2D,VAR-9137FEEF54DEBD|EG-060|STORE,MAP-EBCCF7B09381B735,VAR-9137FEEF54DEBD,EG-060,,,EGP,,,,,,,,,,,القاهرة,,,,,,,True,,JSON-LD,https://www.ikea.com/eg/en/p/oftast-serving-bowl-white-20439392,,,لم يُرصد,بانتظار أول رصد سعر,0,,,True,يحتاج اكتشاف رابط المنتج,الاسم ورقم الصنف والمواصفات الظاهرة مأخوذة من قائمة JSON-LD الرسمية للفئة في IKEA Egypt؛ لم تُنقل أي أسعار.,2026-07-30T00:00:00,2026-07-30T00:00:00
CASH-CACCADA1351BE4,VAR-610AD80E7F82E7|EG-060|STORE,MAP-197C33076231F4F9,VAR-610AD80E7F82E7,EG-060,,,EGP,,,,,,,,,,,القاهرة,,,,,,,True,,JSON-LD,https://www.ikea.com/eg/en/p/ponnyfisk-mixing-bowl-light-grey-blue-90598491,,,لم يُرصد,بانتظار أول رصد سعر,0,,,True,يحتاج اكتشاف رابط المنتج,الاسم ورقم الصنف والمواصفات الظاهرة مأخوذة من قائمة JSON-LD الرسمية للفئة في IKEA Egypt؛ لم تُنقل أي أسعار.,2026-07-30T00:00:00,2026-07-30T00:00:00
CASH-DE7FEFDEA1155C,VAR-FC88974E9051F2|EG-060|STORE,MAP-D291DE72CE4B3D86,VAR-FC88974E9051F2,EG-060,,,EGP,,,,,,,,,,,القاهرة,,,,,,,True,,JSON-LD,https://www.ikea.com/eg/en/p/silversida-serving-bowl-patterned-blue-20565696,,,لم يُرصد,بانتظار أول رصد سعر,0,,,True,يحتاج اكتشاف رابط المنتج,الاسم ورقم الصنف والمواصفات الظاهرة مأخوذة من قائمة JSON-LD الرسمية للفئة في IKEA Egypt؛ لم تُنقل أي أسعار.,2026-07-30T00:00:00,2026-07-30T00:00:00
CASH-E7D43A9BC79F19,VAR-6F6D5EB175DBF0|EG-060|STORE,MAP-9C5CFEC2CA00E620,VAR-6F6D5EB175DBF0,EG-060,,,EGP,,,,,,,,,,,القاهرة,,,,,,,True,,JSON-LD,https://www.ikea.com/eg/en/p/upplaga-serving-bowl-white-10424715,,,لم يُرصد,بانتظار أول رصد سعر,0,,,True,يحتاج اكتشاف رابط المنتج,الاسم ورقم الصنف والمواصفات الظاهرة مأخوذة من قائمة JSON-LD الرسمية للفئة في IKEA Egypt؛ لم تُنقل أي أسعار.,2026-07-30T00:00:00,2026-07-30T00:00:00
CASH-0B6EF96952222F,VAR-9E3D4387983E06|EG-060|STORE,MAP-6BF7C1FA7B52076A,VAR-9E3D4387983E06,EG-060,,,EGP,,,,,,,,,,,القاهرة,,,,,,,True,,JSON-LD,https://www.ikea.com/eg/en/p/vardagen-bowl-clear-glass-70289248,,,لم يُرصد,بانتظار أول رصد سعر,0,,,True,يحتاج اكتشاف رابط المنتج,الاسم ورقم الصنف والمواصفات الظاهرة مأخوذة من قائمة JSON-LD الرسمية للفئة في IKEA Egypt؛ لم تُنقل أي أسعار.,2026-07-30T00:00:00,2026-07-30T00:00:00
CASH-5486F4A1A363F5,VAR-9BA7836B4E2BF5|EG-060|STORE,MAP-912DDEBBCC47D724,VAR-9BA7836B4E2BF5,EG-060,,,EGP,,,,,,,,,,,القاهرة,,,,,,,True,,JSON-LD,https://www.ikea.com/eg/en/p/vitblecka-serving-bowl-white-10586449,,,لم يُرصد,بانتظار أول رصد سعر,0,,,True,يحتاج اكتشاف رابط المنتج,الاسم ورقم الصنف والمواصفات الظاهرة مأخوذة من قائمة JSON-LD الرسمية للفئة في IKEA Egypt؛ لم تُنقل أي أسعار.,2026-07-30T00:00:00,2026-07-30T00:00:00
CASH-9C3C82CF8E7316,VAR-402E94945A0741|EG-063|STORE,MAP-4509C148D65F49A3,VAR-402E94945A0741,EG-063,,,EGP,,,,,,,,,,,القاهرة,,,,,,,True,,تغذية منتجات,https://mintra.eg/products/curly-plastic-large-bowl-%D8%A8%D9%88%D9%84%D8%A9-%D8%A8%D9%84%D8%A7%D8%B3%D8%AA%D9%8A%D9%83-%D9%83%D8%A8%D9%8A%D8%B1,,,لم يُرصد,بانتظار أول رصد سعر,0,,,True,جاهز لأول رصد,الموديل والنسخة ورقم SKU مأخوذة من خلاصة المنتجات الرسمية لمتجر Mintra؛ لم تُنقل أي أسعار.,2026-07-30T00:00:00,2026-07-30T00:00:00
CASH-60976873DAE4EA,VAR-B1C20FBAF9D3E3|EG-063|STORE,MAP-47F846B0D1F93F45,VAR-B1C20FBAF9D3E3,EG-063,,,EGP,,,,,,,,,,,القاهرة,,,,,,,True,,تغذية منتجات,https://mintra.eg/products/curly-plastic-large-bowl-%D8%A8%D9%88%D9%84%D8%A9-%D8%A8%D9%84%D8%A7%D8%B3%D8%AA%D9%8A%D9%83-%D9%83%D8%A8%D9%8A%D8%B1,,,لم يُرصد,بانتظار أول رصد سعر,0,,,True,جاهز لأول رصد,الموديل والنسخة ورقم SKU مأخوذة من خلاصة المنتجات الرسمية لمتجر Mintra؛ لم تُنقل أي أسعار.,2026-07-30T00:00:00,2026-07-30T00:00:00
CASH-04FB9A13E61670,VAR-F6FCF0FC3EEA79|EG-063|STORE,MAP-D39905D40A3327C0,VAR-F6FCF0FC3EEA79,EG-063,,,EGP,,,,,,,,,,,القاهرة,,,,,,,True,,تغذية منتجات,https://mintra.eg/products/curly-plastic-large-bowl-%D8%A8%D9%88%D9%84%D8%A9-%D8%A8%D9%84%D8%A7%D8%B3%D8%AA%D9%8A%D9%83-%D9%83%D8%A8%D9%8A%D8%B1,,,لم يُرصد,بانتظار أول رصد سعر,0,,,True,جاهز لأول رصد,الموديل والنسخة ورقم SKU مأخوذة من خلاصة المنتجات الرسمية لمتجر Mintra؛ لم تُنقل أي أسعار.,2026-07-30T00:00:00,2026-07-30T00:00:00
CASH-71386974D69821,VAR-56DC01829832F7|EG-063|STORE,MAP-069A3A4DDAA7D1D0,VAR-56DC01829832F7,EG-063,,,EGP,,,,,,,,,,,القاهرة,,,,,,,True,,تغذية منتجات,https://mintra.eg/products/curly-plastic-large-bowl-%D8%A8%D9%88%D9%84%D8%A9-%D8%A8%D9%84%D8%A7%D8%B3%D8%AA%D9%8A%D9%83-%D9%83%D8%A8%D9%8A%D8%B1,,,لم يُرصد,بانتظار أول رصد سعر,0,,,True,جاهز لأول رصد,الموديل والنسخة ورقم SKU مأخوذة من خلاصة المنتجات الرسمية لمتجر Mintra؛ لم تُنقل أي أسعار.,2026-07-30T00:00:00,2026-07-30T00:00:00
CASH-43D033124AD957,VAR-4B1E2CC5E80AA6|EG-063|STORE,MAP-BB80EE6AD0A43D6E,VAR-4B1E2CC5E80AA6,EG-063,,,EGP,,,,,,,,,,,القاهرة,,,,,,,True,,تغذية منتجات,https://mintra.eg/products/curly-plastic-large-bowl-%D8%A8%D9%88%D9%84%D8%A9-%D8%A8%D9%84%D8%A7%D8%B3%D8%AA%D9%8A%D9%83-%D9%83%D8%A8%D9%8A%D8%B1,,,لم يُرصد,بانتظار أول رصد سعر,0,,,True,جاهز لأول رصد,الموديل والنسخة ورقم SKU مأخوذة من خلاصة المنتجات الرسمية لمتجر Mintra؛ لم تُنقل أي أسعار.,2026-07-30T00:00:00,2026-07-30T00:00:00
CASH-5A825C7F977EAB,VAR-B28EED72C2F2C9|EG-063|STORE,MAP-1B16CE2C6B420EBA,VAR-B28EED72C2F2C9,EG-063,,,EGP,,,,,,,,,,,القاهرة,,,,,,,True,,تغذية منتجات,https://mintra.eg/products/curly-plastic-large-bowl-%D8%A8%D9%88%D9%84%D8%A9-%D8%A8%D9%84%D8%A7%D8%B3%D8%AA%D9%8A%D9%83-%D9%83%D8%A8%D9%8A%D8%B1,,,لم يُرصد,بانتظار أول رصد سعر,0,,,True,جاهز لأول رصد,الموديل والنسخة ورقم SKU مأخوذة من خلاصة المنتجات الرسمية لمتجر Mintra؛ لم تُنقل أي أسعار.,2026-07-30T00:00:00,2026-07-30T00:00:00
CASH-4CCCF36FB08274,VAR-4E54DF4D6B82A6|EG-063|STORE,MAP-9A184E355EA13FFC,VAR-4E54DF4D6B82A6,EG-063,,,EGP,,,,,,,,,,,القاهرة,,,,,,,True,,تغذية منتجات,https://mintra.eg/products/curly-plastic-large-bowl-%D8%A8%D9%88%D9%84%D8%A9-%D8%A8%D9%84%D8%A7%D8%B3%D8%AA%D9%8A%D9%83-%D9%83%D8%A8%D9%8A%D8%B1,,,لم يُرصد,بانتظار أول رصد سعر,0,,,True,جاهز لأول رصد,الموديل والنسخة ورقم SKU مأخوذة من خلاصة المنتجات الرسمية لمتجر Mintra؛ لم تُنقل أي أسعار.,2026-07-30T00:00:00,2026-07-30T00:00:00
CASH-9FA38BCF2BB83A,VAR-17E3EA11A3F2B9|EG-063|STORE,MAP-F7AACD2EA6AD4019,VAR-17E3EA11A3F2B9,EG-063,,,EGP,,,,,,,,,,,القاهرة,,,,,,,True,,تغذية منتجات,https://mintra.eg/products/curly-plastic-large-bowl-%D8%A8%D9%88%D9%84%D8%A9-%D8%A8%D9%84%D8%A7%D8%B3%D8%AA%D9%8A%D9%83-%D9%83%D8%A8%D9%8A%D8%B1,,,لم يُرصد,بانتظار أول رصد سعر,0,,,True,جاهز لأول رصد,الموديل والنسخة ورقم SKU مأخوذة من خلاصة المنتجات الرسمية لمتجر Mintra؛ لم تُنقل أي أسعار.,2026-07-30T00:00:00,2026-07-30T00:00:00
CASH-2AF30763B077B1,VAR-E664BA35BE7F46|EG-063|STORE,MAP-F3FD57260484F56F,VAR-E664BA35BE7F46,EG-063,,,EGP,,,,,,,,,,,القاهرة,,,,,,,True,,تغذية منتجات,https://mintra.eg/products/large-unbreakable-plastic-bowl-1-8-l-%D8%A8%D9%88%D9%84%D8%A9-%D8%A8%D9%84%D8%A7%D8%B3%D8%AA%D9%8A%D9%83-%D9%83%D8%A8%D9%8A%D8%B1,,,لم يُرصد,بانتظار أول رصد سعر,0,,,True,جاهز لأول رصد,الموديل والنسخة ورقم SKU مأخوذة من خلاصة المنتجات الرسمية لمتجر Mintra؛ لم تُنقل أي أسعار.,2026-07-30T00:00:00,2026-07-30T00:00:00
CASH-2BF8BD8DE8BB7B,VAR-F7DA95D7DE5E7B|EG-063|STORE,MAP-4953324C37F4D374,VAR-F7DA95D7DE5E7B,EG-063,,,EGP,,,,,,,,,,,القاهرة,,,,,,,True,,تغذية منتجات,https://mintra.eg/products/large-unbreakable-plastic-bowl-1-8-l-%D8%A8%D9%88%D9%84%D8%A9-%D8%A8%D9%84%D8%A7%D8%B3%D8%AA%D9%8A%D9%83-%D9%83%D8%A8%D9%8A%D8%B1,,,لم يُرصد,بانتظار أول رصد سعر,0,,,True,جاهز لأول رصد,الموديل والنسخة ورقم SKU مأخوذة من خلاصة المنتجات الرسمية لمتجر Mintra؛ لم تُنقل أي أسعار.,2026-07-30T00:00:00,2026-07-30T00:00:00
CASH-A0685029B1177D,VAR-FAFB00898B0613|EG-063|STORE,MAP-A1B33B948B4BED22,VAR-FAFB00898B0613,EG-063,,,EGP,,,,,,,,,,,القاهرة,,,,,,,True,,تغذية منتجات,https://mintra.eg/products/large-unbreakable-plastic-bowl-1-8-l-%D8%A8%D9%88%D9%84%D8%A9-%D8%A8%D9%84%D8%A7%D8%B3%D8%AA%D9%8A%D9%83-%D9%83%D8%A8%D9%8A%D8%B1,,,لم يُرصد,بانتظار أول رصد سعر,0,,,True,جاهز لأول رصد,الموديل والنسخة ورقم SKU مأخوذة من خلاصة المنتجات الرسمية لمتجر Mintra؛ لم تُنقل أي أسعار.,2026-07-30T00:00:00,2026-07-30T00:00:00
CASH-27081FBE710C30,VAR-4CF7B29669D5F2|EG-063|STORE,MAP-01829E672F032D1A,VAR-4CF7B29669D5F2,EG-063,,,EGP,,,,,,,,,,,القاهرة,,,,,,,True,,تغذية منتجات,https://mintra.eg/products/large-unbreakable-plastic-bowl-1-8-l-%D8%A8%D9%88%D9%84%D8%A9-%D8%A8%D9%84%D8%A7%D8%B3%D8%AA%D9%8A%D9%83-%D9%83%D8%A8%D9%8A%D8%B1,,,لم يُرصد,بانتظار أول رصد سعر,0,,,True,جاهز لأول رصد,الموديل والنسخة ورقم SKU مأخوذة من خلاصة المنتجات الرسمية لمتجر Mintra؛ لم تُنقل أي أسعار.,2026-07-30T00:00:00,2026-07-30T00:00:00
CASH-EF6C342B3158E0,VAR-F13BC83AA1C109|EG-063|STORE,MAP-57CB9061FAED88D3,VAR-F13BC83AA1C109,EG-063,,,EGP,,,,,,,,,,,القاهرة,,,,,,,True,,تغذية منتجات,https://mintra.eg/products/large-unbreakable-plastic-bowl-1-8-l-%D8%A8%D9%88%D9%84%D8%A9-%D8%A8%D9%84%D8%A7%D8%B3%D8%AA%D9%8A%D9%83-%D9%83%D8%A8%D9%8A%D8%B1,,,لم يُرصد,بانتظار أول رصد سعر,0,,,True,جاهز لأول رصد,الموديل والنسخة ورقم SKU مأخوذة من خلاصة المنتجات الرسمية لمتجر Mintra؛ لم تُنقل أي أسعار.,2026-07-30T00:00:00,2026-07-30T00:00:00
CASH-96717601B0725A,VAR-8A035502F1BB15|EG-063|STORE,MAP-27816A7DF3597CE9,VAR-8A035502F1BB15,EG-063,,,EGP,,,,,,,,,,,القاهرة,,,,,,,True,,تغذية منتجات,https://mintra.eg/products/large-unbreakable-plastic-bowl-1-8-l-%D8%A8%D9%88%D9%84%D8%A9-%D8%A8%D9%84%D8%A7%D8%B3%D8%AA%D9%8A%D9%83-%D9%83%D8%A8%D9%8A%D8%B1,,,لم يُرصد,بانتظار أول رصد سعر,0,,,True,جاهز لأول رصد,الموديل والنسخة ورقم SKU مأخوذة من خلاصة المنتجات الرسمية لمتجر Mintra؛ لم تُنقل أي أسعار.,2026-07-30T00:00:00,2026-07-30T00:00:00
CASH-C67964EA0B2118,VAR-39806893189D47|EG-063|STORE,MAP-AF79F2DE9C169E93,VAR-39806893189D47,EG-063,,,EGP,,,,,,,,,,,القاهرة,,,,,,,True,,تغذية منتجات,https://mintra.eg/products/large-unbreakable-plastic-bowl-1-8-l-%D8%A8%D9%88%D9%84%D8%A9-%D8%A8%D9%84%D8%A7%D8%B3%D8%AA%D9%8A%D9%83-%D9%83%D8%A8%D9%8A%D8%B1,,,لم يُرصد,بانتظار أول رصد سعر,0,,,True,جاهز لأول رصد,الموديل والنسخة ورقم SKU مأخوذة من خلاصة المنتجات الرسمية لمتجر Mintra؛ لم تُنقل أي أسعار.,2026-07-30T00:00:00,2026-07-30T00:00:00
CASH-C1CFD18FD669E2,VAR-270D8FC1835101|EG-063|STORE,MAP-2750B684EFE7C6EC,VAR-270D8FC1835101,EG-063,,,EGP,,,,,,,,,,,القاهرة,,,,,,,True,,تغذية منتجات,https://mintra.eg/products/large-unbreakable-plastic-bowl-1-8-l-%D8%A8%D9%88%D9%84%D8%A9-%D8%A8%D9%84%D8%A7%D8%B3%D8%AA%D9%8A%D9%83-%D9%83%D8%A8%D9%8A%D8%B1,,,لم يُرصد,بانتظار أول رصد سعر,0,,,True,جاهز لأول رصد,الموديل والنسخة ورقم SKU مأخوذة من خلاصة المنتجات الرسمية لمتجر Mintra؛ لم تُنقل أي أسعار.,2026-07-30T00:00:00,2026-07-30T00:00:00
CASH-FEAD1EBBDDF7EE,VAR-918B16EBC72208|EG-063|STORE,MAP-3518F2A50833ACB6,VAR-918B16EBC72208,EG-063,,,EGP,,,,,,,,,,,القاهرة,,,,,,,True,,تغذية منتجات,https://mintra.eg/products/large-unbreakable-plastic-bowl-1-8-l-%D8%A8%D9%88%D9%84%D8%A9-%D8%A8%D9%84%D8%A7%D8%B3%D8%AA%D9%8A%D9%83-%D9%83%D8%A8%D9%8A%D8%B1,,,لم يُرصد,بانتظار أول رصد سعر,0,,,True,جاهز لأول رصد,الموديل والنسخة ورقم SKU مأخوذة من خلاصة المنتجات الرسمية لمتجر Mintra؛ لم تُنقل أي أسعار.,2026-07-30T00:00:00,2026-07-30T00:00:00
CASH-527A141BE3104F,VAR-C041AD586D0194|EG-063|STORE,MAP-B8A3722F762395D8,VAR-C041AD586D0194,EG-063,,,EGP,,,,,,,,,,,القاهرة,,,,,,,True,,تغذية منتجات,https://mintra.eg/products/large-unbreakable-plastic-bowl-1-8-l-%D8%A8%D9%88%D9%84%D8%A9-%D8%A8%D9%84%D8%A7%D8%B3%D8%AA%D9%8A%D9%83-%D9%83%D8%A8%D9%8A%D8%B1,,,لم يُرصد,بانتظار أول رصد سعر,0,,,True,جاهز لأول رصد,الموديل والنسخة ورقم SKU مأخوذة من خلاصة المنتجات الرسمية لمتجر Mintra؛ لم تُنقل أي أسعار.,2026-07-30T00:00:00,2026-07-30T00:00:00
CASH-5AB66398C8850C,VAR-068AF7971286E9|EG-063|STORE,MAP-A6BB40BE4D11FB66,VAR-068AF7971286E9,EG-063,,,EGP,,,,,,,,,,,القاهرة,,,,,,,True,,تغذية منتجات,https://mintra.eg/products/large-unbreakable-plastic-bowl-1-8-l-%D8%A8%D9%88%D9%84%D8%A9-%D8%A8%D9%84%D8%A7%D8%B3%D8%AA%D9%8A%D9%83-%D9%83%D8%A8%D9%8A%D8%B1,,,لم يُرصد,بانتظار أول رصد سعر,0,,,True,جاهز لأول رصد,الموديل والنسخة ورقم SKU مأخوذة من خلاصة المنتجات الرسمية لمتجر Mintra؛ لم تُنقل أي أسعار.,2026-07-30T00:00:00,2026-07-30T00:00:00
CASH-DC372DAB38B3F7,VAR-B586F95E3D42F4|EG-063|STORE,MAP-0CF614877E1DD873,VAR-B586F95E3D42F4,EG-063,,,EGP,,,,,,,,,,,القاهرة,,,,,,,True,,تغذية منتجات,https://mintra.eg/products/large-unbreakable-plastic-bowl-1-8-l-%D8%A8%D9%88%D9%84%D8%A9-%D8%A8%D9%84%D8%A7%D8%B3%D8%AA%D9%8A%D9%83-%D9%83%D8%A8%D9%8A%D8%B1,,,لم يُرصد,بانتظار أول رصد سعر,0,,,True,جاهز لأول رصد,الموديل والنسخة ورقم SKU مأخوذة من خلاصة المنتجات الرسمية لمتجر Mintra؛ لم تُنقل أي أسعار.,2026-07-30T00:00:00,2026-07-30T00:00:00
CASH-3BB9F9F6A4CC82,VAR-95CC243FCB58A6|EG-063|STORE,MAP-017CD952028573A7,VAR-95CC243FCB58A6,EG-063,,,EGP,,,,,,,,,,,القاهرة,,,,,,,True,,تغذية منتجات,https://mintra.eg/products/large-unbreakable-plastic-bowl-1-8-l-%D8%A8%D9%88%D9%84%D8%A9-%D8%A8%D9%84%D8%A7%D8%B3%D8%AA%D9%8A%D9%83-%D9%83%D8%A8%D9%8A%D8%B1,,,لم يُرصد,بانتظار أول رصد سعر,0,,,True,جاهز لأول رصد,الموديل والنسخة ورقم SKU مأخوذة من خلاصة المنتجات الرسمية لمتجر Mintra؛ لم تُنقل أي أسعار.,2026-07-30T00:00:00,2026-07-30T00:00:00
CASH-5172BB7362744F,VAR-9B62135598243C|EG-063|STORE,MAP-60E7817CC01B14B4,VAR-9B62135598243C,EG-063,,,EGP,,,,,,,,,,,القاهرة,,,,,,,True,,تغذية منتجات,https://mintra.eg/products/lotus-bowl,,,لم يُرصد,بانتظار أول رصد سعر,0,,,True,جاهز لأول رصد,الموديل والنسخة ورقم SKU مأخوذة من خلاصة المنتجات الرسمية لمتجر Mintra؛ لم تُنقل أي أسعار.,2026-07-30T00:00:00,2026-07-30T00:00:00
CASH-F06762354B0768,VAR-ABCA1DD8A6B749|EG-063|STORE,MAP-BA8FB8662ECB8B63,VAR-ABCA1DD8A6B749,EG-063,,,EGP,,,,,,,,,,,القاهرة,,,,,,,True,,تغذية منتجات,https://mintra.eg/products/lotus-bowl,,,لم يُرصد,بانتظار أول رصد سعر,0,,,True,جاهز لأول رصد,الموديل والنسخة ورقم SKU مأخوذة من خلاصة المنتجات الرسمية لمتجر Mintra؛ لم تُنقل أي أسعار.,2026-07-30T00:00:00,2026-07-30T00:00:00
CASH-C75DD753203ABA,VAR-FCAF89C02326FA|EG-063|STORE,MAP-737F74ADE7E70551,VAR-FCAF89C02326FA,EG-063,,,EGP,,,,,,,,,,,القاهرة,,,,,,,True,,تغذية منتجات,https://mintra.eg/products/lotus-bowl,,,لم يُرصد,بانتظار أول رصد سعر,0,,,True,جاهز لأول رصد,الموديل والنسخة ورقم SKU مأخوذة من خلاصة المنتجات الرسمية لمتجر Mintra؛ لم تُنقل أي أسعار.,2026-07-30T00:00:00,2026-07-30T00:00:00
CASH-0A35FE20A1FD28,VAR-C8019B7007100F|EG-063|STORE,MAP-BF41009D155808BB,VAR-C8019B7007100F,EG-063,,,EGP,,,,,,,,,,,القاهرة,,,,,,,True,,تغذية منتجات,https://mintra.eg/products/lotus-bowl,,,لم يُرصد,بانتظار أول رصد سعر,0,,,True,جاهز لأول رصد,الموديل والنسخة ورقم SKU مأخوذة من خلاصة المنتجات الرسمية لمتجر Mintra؛ لم تُنقل أي أسعار.,2026-07-30T00:00:00,2026-07-30T00:00:00
CASH-696BA030F57AB0,VAR-87E0FA39C20F58|EG-063|STORE,MAP-B6C8F0C6415C3EB3,VAR-87E0FA39C20F58,EG-063,,,EGP,,,,,,,,,,,القاهرة,,,,,,,True,,تغذية منتجات,https://mintra.eg/products/lotus-bowl,,,لم يُرصد,بانتظار أول رصد سعر,0,,,True,جاهز لأول رصد,الموديل والنسخة ورقم SKU مأخوذة من خلاصة المنتجات الرسمية لمتجر Mintra؛ لم تُنقل أي أسعار.,2026-07-30T00:00:00,2026-07-30T00:00:00
CASH-E1829ABB5345E3,VAR-EA2AAD060A2CFB|EG-063|STORE,MAP-6F6513A0803DBB1C,VAR-EA2AAD060A2CFB,EG-063,,,EGP,,,,,,,,,,,القاهرة,,,,,,,True,,تغذية منتجات,https://mintra.eg/products/lotus-bowl,,,لم يُرصد,بانتظار أول رصد سعر,0,,,True,جاهز لأول رصد,الموديل والنسخة ورقم SKU مأخوذة من خلاصة المنتجات الرسمية لمتجر Mintra؛ لم تُنقل أي أسعار.,2026-07-30T00:00:00,2026-07-30T00:00:00
CASH-CB493D4196F0AD,VAR-869DF78C1C375D|EG-063|STORE,MAP-71F443FDA40BBF13,VAR-869DF78C1C375D,EG-063,,,EGP,,,,,,,,,,,القاهرة,,,,,,,True,,تغذية منتجات,https://mintra.eg/products/lotus-bowl,,,لم يُرصد,بانتظار أول رصد سعر,0,,,True,جاهز لأول رصد,الموديل والنسخة ورقم SKU مأخوذة من خلاصة المنتجات الرسمية لمتجر Mintra؛ لم تُنقل أي أسعار.,2026-07-30T00:00:00,2026-07-30T00:00:00
CASH-90B22283BB1C98,VAR-10DF9E9A48AC75|EG-063|STORE,MAP-585FEB2D18BBF64C,VAR-10DF9E9A48AC75,EG-063,,,EGP,,,,,,,,,,,القاهرة,,,,,,,True,,تغذية منتجات,https://mintra.eg/products/medium-unbreakable-plastic-bowl-750-ml-%D8%A8%D9%88%D9%84%D9%87-%D8%AF%D8%A7%D8%A6%D8%B1%D9%8A%D9%87-%D8%A8%D9%84%D8%A7%D8%B3%D8%AA%D9%8A%D9%83,,,لم يُرصد,بانتظار أول رصد سعر,0,,,True,جاهز لأول رصد,الموديل والنسخة ورقم SKU مأخوذة من خلاصة المنتجات الرسمية لمتجر Mintra؛ لم تُنقل أي أسعار.,2026-07-30T00:00:00,2026-07-30T00:00:00
CASH-C8737AF3B9B9F3,VAR-D41D28ADA6058E|EG-063|STORE,MAP-05B721A51C058E51,VAR-D41D28ADA6058E,EG-063,,,EGP,,,,,,,,,,,القاهرة,,,,,,,True,,تغذية منتجات,https://mintra.eg/products/medium-unbreakable-plastic-bowl-750-ml-%D8%A8%D9%88%D9%84%D9%87-%D8%AF%D8%A7%D8%A6%D8%B1%D9%8A%D9%87-%D8%A8%D9%84%D8%A7%D8%B3%D8%AA%D9%8A%D9%83,,,لم يُرصد,بانتظار أول رصد سعر,0,,,True,جاهز لأول رصد,الموديل والنسخة ورقم SKU مأخوذة من خلاصة المنتجات الرسمية لمتجر Mintra؛ لم تُنقل أي أسعار.,2026-07-30T00:00:00,2026-07-30T00:00:00
CASH-4AFF6EB2C107B2,VAR-80BB7A3E6A9BC7|EG-063|STORE,MAP-ADCBDC0E1A0FEF14,VAR-80BB7A3E6A9BC7,EG-063,,,EGP,,,,,,,,,,,القاهرة,,,,,,,True,,تغذية منتجات,https://mintra.eg/products/medium-unbreakable-plastic-bowl-750-ml-%D8%A8%D9%88%D9%84%D9%87-%D8%AF%D8%A7%D8%A6%D8%B1%D9%8A%D9%87-%D8%A8%D9%84%D8%A7%D8%B3%D8%AA%D9%8A%D9%83,,,لم يُرصد,بانتظار أول رصد سعر,0,,,True,جاهز لأول رصد,الموديل والنسخة ورقم SKU مأخوذة من خلاصة المنتجات الرسمية لمتجر Mintra؛ لم تُنقل أي أسعار.,2026-07-30T00:00:00,2026-07-30T00:00:00
CASH-556BFF3512D66E,VAR-A171113F7878F7|EG-063|STORE,MAP-4CF6CCC9F93C1689,VAR-A171113F7878F7,EG-063,,,EGP,,,,,,,,,,,القاهرة,,,,,,,True,,تغذية منتجات,https://mintra.eg/products/medium-unbreakable-plastic-bowl-750-ml-%D8%A8%D9%88%D9%84%D9%87-%D8%AF%D8%A7%D8%A6%D8%B1%D9%8A%D9%87-%D8%A8%D9%84%D8%A7%D8%B3%D8%AA%D9%8A%D9%83,,,لم يُرصد,بانتظار أول رصد سعر,0,,,True,جاهز لأول رصد,الموديل والنسخة ورقم SKU مأخوذة من خلاصة المنتجات الرسمية لمتجر Mintra؛ لم تُنقل أي أسعار.,2026-07-30T00:00:00,2026-07-30T00:00:00
CASH-1BA99DE396C479,VAR-E89EBD7B11DDE1|EG-063|STORE,MAP-0703A26815EA2AFC,VAR-E89EBD7B11DDE1,EG-063,,,EGP,,,,,,,,,,,القاهرة,,,,,,,True,,تغذية منتجات,https://mintra.eg/products/medium-unbreakable-plastic-bowl-750-ml-%D8%A8%D9%88%D9%84%D9%87-%D8%AF%D8%A7%D8%A6%D8%B1%D9%8A%D9%87-%D8%A8%D9%84%D8%A7%D8%B3%D8%AA%D9%8A%D9%83,,,لم يُرصد,بانتظار أول رصد سعر,0,,,True,جاهز لأول رصد,الموديل والنسخة ورقم SKU مأخوذة من خلاصة المنتجات الرسمية لمتجر Mintra؛ لم تُنقل أي أسعار.,2026-07-30T00:00:00,2026-07-30T00:00:00
CASH-3A80AB048B6557,VAR-C5C0CC9E86E3B1|EG-063|STORE,MAP-2C2B401B4FBF75C4,VAR-C5C0CC9E86E3B1,EG-063,,,EGP,,,,,,,,,,,القاهرة,,,,,,,True,,تغذية منتجات,https://mintra.eg/products/medium-unbreakable-plastic-bowl-750-ml-%D8%A8%D9%88%D9%84%D9%87-%D8%AF%D8%A7%D8%A6%D8%B1%D9%8A%D9%87-%D8%A8%D9%84%D8%A7%D8%B3%D8%AA%D9%8A%D9%83,,,لم يُرصد,بانتظار أول رصد سعر,0,,,True,جاهز لأول رصد,الموديل والنسخة ورقم SKU مأخوذة من خلاصة المنتجات الرسمية لمتجر Mintra؛ لم تُنقل أي أسعار.,2026-07-30T00:00:00,2026-07-30T00:00:00
CASH-B145DEA279A56F,VAR-420E5F69C69F9B|EG-063|STORE,MAP-8313489B867C3F13,VAR-420E5F69C69F9B,EG-063,,,EGP,,,,,,,,,,,القاهرة,,,,,,,True,,تغذية منتجات,https://mintra.eg/products/medium-unbreakable-plastic-bowl-750-ml-%D8%A8%D9%88%D9%84%D9%87-%D8%AF%D8%A7%D8%A6%D8%B1%D9%8A%D9%87-%D8%A8%D9%84%D8%A7%D8%B3%D8%AA%D9%8A%D9%83,,,لم يُرصد,بانتظار أول رصد سعر,0,,,True,جاهز لأول رصد,الموديل والنسخة ورقم SKU مأخوذة من خلاصة المنتجات الرسمية لمتجر Mintra؛ لم تُنقل أي أسعار.,2026-07-30T00:00:00,2026-07-30T00:00:00
CASH-E26BCEC840DEDF,VAR-E241500C3602C4|EG-063|STORE,MAP-D77307EFD8D4F496,VAR-E241500C3602C4,EG-063,,,EGP,,,,,,,,,,,القاهرة,,,,,,,True,,تغذية منتجات,https://mintra.eg/products/medium-unbreakable-plastic-bowl-750-ml-%D8%A8%D9%88%D9%84%D9%87-%D8%AF%D8%A7%D8%A6%D8%B1%D9%8A%D9%87-%D8%A8%D9%84%D8%A7%D8%B3%D8%AA%D9%8A%D9%83,,,لم يُرصد,بانتظار أول رصد سعر,0,,,True,جاهز لأول رصد,الموديل والنسخة ورقم SKU مأخوذة من خلاصة المنتجات الرسمية لمتجر Mintra؛ لم تُنقل أي أسعار.,2026-07-30T00:00:00,2026-07-30T00:00:00
CASH-8C903A12C157F3,VAR-7598C7E76B714B|EG-063|STORE,MAP-82879656382C7AC0,VAR-7598C7E76B714B,EG-063,,,EGP,,,,,,,,,,,القاهرة,,,,,,,True,,تغذية منتجات,https://mintra.eg/products/medium-unbreakable-plastic-bowl-750-ml-%D8%A8%D9%88%D9%84%D9%87-%D8%AF%D8%A7%D8%A6%D8%B1%D9%8A%D9%87-%D8%A8%D9%84%D8%A7%D8%B3%D8%AA%D9%8A%D9%83,,,لم يُرصد,بانتظار أول رصد سعر,0,,,True,جاهز لأول رصد,الموديل والنسخة ورقم SKU مأخوذة من خلاصة المنتجات الرسمية لمتجر Mintra؛ لم تُنقل أي أسعار.,2026-07-30T00:00:00,2026-07-30T00:00:00
CASH-302C96E83A9FB8,VAR-0288094D01B284|EG-063|STORE,MAP-E0605A02B26808E4,VAR-0288094D01B284,EG-063,,,EGP,,,,,,,,,,,القاهرة,,,,,,,True,,تغذية منتجات,https://mintra.eg/products/medium-unbreakable-plastic-bowl-750-ml-%D8%A8%D9%88%D9%84%D9%87-%D8%AF%D8%A7%D8%A6%D8%B1%D9%8A%D9%87-%D8%A8%D9%84%D8%A7%D8%B3%D8%AA%D9%8A%D9%83,,,لم يُرصد,بانتظار أول رصد سعر,0,,,True,جاهز لأول رصد,الموديل والنسخة ورقم SKU مأخوذة من خلاصة المنتجات الرسمية لمتجر Mintra؛ لم تُنقل أي أسعار.,2026-07-30T00:00:00,2026-07-30T00:00:00
CASH-9AFEF3D6DF94BE,VAR-1D308B2AAF211D|EG-063|STORE,MAP-BA7DC042292E595C,VAR-1D308B2AAF211D,EG-063,,,EGP,,,,,,,,,,,القاهرة,,,,,,,True,,تغذية منتجات,https://mintra.eg/products/medium-unbreakable-plastic-bowl-750-ml-%D8%A8%D9%88%D9%84%D9%87-%D8%AF%D8%A7%D8%A6%D8%B1%D9%8A%D9%87-%D8%A8%D9%84%D8%A7%D8%B3%D8%AA%D9%8A%D9%83,,,لم يُرصد,بانتظار أول رصد سعر,0,,,True,جاهز لأول رصد,الموديل والنسخة ورقم SKU مأخوذة من خلاصة المنتجات الرسمية لمتجر Mintra؛ لم تُنقل أي أسعار.,2026-07-30T00:00:00,2026-07-30T00:00:00
CASH-7D6DF905B2E14F,VAR-CE61630C4A3B4B|EG-063|STORE,MAP-970C24F1EBEC3CAE,VAR-CE61630C4A3B4B,EG-063,,,EGP,,,,,,,,,,,القاهرة,,,,,,,True,,تغذية منتجات,https://mintra.eg/products/medium-unbreakable-plastic-bowl-750-ml-%D8%A8%D9%88%D9%84%D9%87-%D8%AF%D8%A7%D8%A6%D8%B1%D9%8A%D9%87-%D8%A8%D9%84%D8%A7%D8%B3%D8%AA%D9%8A%D9%83,,,لم يُرصد,بانتظار أول رصد سعر,0,,,True,جاهز لأول رصد,الموديل والنسخة ورقم SKU مأخوذة من خلاصة المنتجات الرسمية لمتجر Mintra؛ لم تُنقل أي أسعار.,2026-07-30T00:00:00,2026-07-30T00:00:00
CASH-269F87766D98D7,VAR-6346FCBFF6C4A4|EG-063|STORE,MAP-7A1C09F0FC52DD54,VAR-6346FCBFF6C4A4,EG-063,,,EGP,,,,,,,,,,,القاهرة,,,,,,,True,,تغذية منتجات,https://mintra.eg/products/mixing-bowl-%D8%B7%D8%A8%D9%82-%D8%AE%D9%84%D8%B7-%D8%B9%D9%85%D9%8A%D9%82,,,لم يُرصد,بانتظار أول رصد سعر,0,,,True,جاهز لأول رصد,الموديل والنسخة ورقم SKU مأخوذة من خلاصة المنتجات الرسمية لمتجر Mintra؛ لم تُنقل أي أسعار.,2026-07-30T00:00:00,2026-07-30T00:00:00
CASH-B6A871CDF1D5DC,VAR-506B26F2D15B9D|EG-063|STORE,MAP-6C9C2E04AA570909,VAR-506B26F2D15B9D,EG-063,,,EGP,,,,,,,,,,,القاهرة,,,,,,,True,,تغذية منتجات,https://mintra.eg/products/mixing-bowl-%D8%B7%D8%A8%D9%82-%D8%AE%D9%84%D8%B7-%D8%B9%D9%85%D9%8A%D9%82,,,لم يُرصد,بانتظار أول رصد سعر,0,,,True,جاهز لأول رصد,الموديل والنسخة ورقم SKU مأخوذة من خلاصة المنتجات الرسمية لمتجر Mintra؛ لم تُنقل أي أسعار.,2026-07-30T00:00:00,2026-07-30T00:00:00
CASH-01E48C35BF9437,VAR-5512DFE642C991|EG-063|STORE,MAP-F5CF02E7AAC962A7,VAR-5512DFE642C991,EG-063,,,EGP,,,,,,,,,,,القاهرة,,,,,,,True,,تغذية منتجات,https://mintra.eg/products/mixing-bowl-%D8%B7%D8%A8%D9%82-%D8%AE%D9%84%D8%B7-%D8%B9%D9%85%D9%8A%D9%82,,,لم يُرصد,بانتظار أول رصد سعر,0,,,True,جاهز لأول رصد,الموديل والنسخة ورقم SKU مأخوذة من خلاصة المنتجات الرسمية لمتجر Mintra؛ لم تُنقل أي أسعار.,2026-07-30T00:00:00,2026-07-30T00:00:00
CASH-617FD81EC52B6A,VAR-8E2F3029FD37FB|EG-063|STORE,MAP-CF1A5E8B6E192521,VAR-8E2F3029FD37FB,EG-063,,,EGP,,,,,,,,,,,القاهرة,,,,,,,True,,تغذية منتجات,https://mintra.eg/products/mixing-bowl-%D8%B7%D8%A8%D9%82-%D8%AE%D9%84%D8%B7-%D8%B9%D9%85%D9%8A%D9%82,,,لم يُرصد,بانتظار أول رصد سعر,0,,,True,جاهز لأول رصد,الموديل والنسخة ورقم SKU مأخوذة من خلاصة المنتجات الرسمية لمتجر Mintra؛ لم تُنقل أي أسعار.,2026-07-30T00:00:00,2026-07-30T00:00:00
CASH-FC7CED70BF8B9E,VAR-F3173EDB0119C5|EG-063|STORE,MAP-74B6E4E8DDB390C1,VAR-F3173EDB0119C5,EG-063,,,EGP,,,,,,,,,,,القاهرة,,,,,,,True,,تغذية منتجات,https://mintra.eg/products/mixing-bowl-%D8%B7%D8%A8%D9%82-%D8%AE%D9%84%D8%B7-%D8%B9%D9%85%D9%8A%D9%82,,,لم يُرصد,بانتظار أول رصد سعر,0,,,True,جاهز لأول رصد,الموديل والنسخة ورقم SKU مأخوذة من خلاصة المنتجات الرسمية لمتجر Mintra؛ لم تُنقل أي أسعار.,2026-07-30T00:00:00,2026-07-30T00:00:00
CASH-85B15CDC6C4F9C,VAR-D8B6ABCDDC1E06|EG-063|STORE,MAP-39FA2C6A0A7D9E8B,VAR-D8B6ABCDDC1E06,EG-063,,,EGP,,,,,,,,,,,القاهرة,,,,,,,True,,تغذية منتجات,https://mintra.eg/products/mixing-bowl-%D8%B7%D8%A8%D9%82-%D8%AE%D9%84%D8%B7-%D8%B9%D9%85%D9%8A%D9%82,,,لم يُرصد,بانتظار أول رصد سعر,0,,,True,جاهز لأول رصد,الموديل والنسخة ورقم SKU مأخوذة من خلاصة المنتجات الرسمية لمتجر Mintra؛ لم تُنقل أي أسعار.,2026-07-30T00:00:00,2026-07-30T00:00:00
CASH-4866DF7D294A53,VAR-62007E1671E61A|EG-063|STORE,MAP-36D831ABEA2568BD,VAR-62007E1671E61A,EG-063,,,EGP,,,,,,,,,,,القاهرة,,,,,,,True,,تغذية منتجات,https://mintra.eg/products/mixing-bowl-%D8%B7%D8%A8%D9%82-%D8%AE%D9%84%D8%B7-%D8%B9%D9%85%D9%8A%D9%82,,,لم يُرصد,بانتظار أول رصد سعر,0,,,True,جاهز لأول رصد,الموديل والنسخة ورقم SKU مأخوذة من خلاصة المنتجات الرسمية لمتجر Mintra؛ لم تُنقل أي أسعار.,2026-07-30T00:00:00,2026-07-30T00:00:00
CASH-85D92A8AFD7B5A,VAR-DB0B0FD2398BF2|EG-060|STORE,MAP-1019DADEE6437B0A,VAR-DB0B0FD2398BF2,EG-060,,,EGP,,,,,,,,,,,القاهرة,,,,,,,True,,JSON-LD,https://www.ikea.com/eg/en/p/sumpcypress-bowl-with-lid-set-of-2-80559273,,,لم يُرصد,بانتظار أول رصد سعر,0,,,True,يحتاج اكتشاف رابط المنتج,الاسم ورقم الصنف والمواصفات الظاهرة مأخوذة من قائمة JSON-LD الرسمية للفئة في IKEA Egypt؛ لم تُنقل أي أسعار.,2026-07-30T00:00:00,2026-07-30T00:00:00
CASH-DBE1E86F8B3ABF,VAR-74229A0289092D|EG-063|STORE,MAP-DD032557CE42177C,VAR-74229A0289092D,EG-063,,,EGP,,,,,,,,,,,القاهرة,,,,,,,True,,تغذية منتجات,https://mintra.eg/products/round-preservation-box-pack-of-4-%D8%AD%D8%A7%D9%81%D8%B8%D8%A9-%D8%B7%D8%B9%D8%A7%D9%85-%D8%A8%D9%84%D8%A7%D8%B3%D8%AA%D9%8A%D9%83,,,لم يُرصد,بانتظار أول رصد سعر,0,,,True,جاهز لأول رصد,الموديل والنسخة ورقم SKU مأخوذة من خلاصة المنتجات الرسمية لمتجر Mintra؛ لم تُنقل أي أسعار.,2026-07-30T00:00:00,2026-07-30T00:00:00
CASH-5B0F83A34C4BD5,VAR-FBBBC0D83C724A|EG-063|STORE,MAP-09B3E5BB2329FAE9,VAR-FBBBC0D83C724A,EG-063,,,EGP,,,,,,,,,,,القاهرة,,,,,,,True,,تغذية منتجات,https://mintra.eg/products/round-preservation-box-pack-of-4-%D8%AD%D8%A7%D9%81%D8%B8%D8%A9-%D8%B7%D8%B9%D8%A7%D9%85-%D8%A8%D9%84%D8%A7%D8%B3%D8%AA%D9%8A%D9%83,,,لم يُرصد,بانتظار أول رصد سعر,0,,,True,جاهز لأول رصد,الموديل والنسخة ورقم SKU مأخوذة من خلاصة المنتجات الرسمية لمتجر Mintra؛ لم تُنقل أي أسعار.,2026-07-30T00:00:00,2026-07-30T00:00:00
CASH-46DE6994880CB2,VAR-EABA2DD19F7DAC|EG-063|STORE,MAP-72A577864A887630,VAR-EABA2DD19F7DAC,EG-063,,,EGP,,,,,,,,,,,القاهرة,,,,,,,True,,تغذية منتجات,https://mintra.eg/products/round-preservation-box-pack-of-4-%D8%AD%D8%A7%D9%81%D8%B8%D8%A9-%D8%B7%D8%B9%D8%A7%D9%85-%D8%A8%D9%84%D8%A7%D8%B3%D8%AA%D9%8A%D9%83,,,لم يُرصد,بانتظار أول رصد سعر,0,,,True,جاهز لأول رصد,الموديل والنسخة ورقم SKU مأخوذة من خلاصة المنتجات الرسمية لمتجر Mintra؛ لم تُنقل أي أسعار.,2026-07-30T00:00:00,2026-07-30T00:00:00
CASH-D82A3D632F9032,VAR-FC3414DF5EE569|EG-063|STORE,MAP-C6EA75AF850F37EC,VAR-FC3414DF5EE569,EG-063,,,EGP,,,,,,,,,,,القاهرة,,,,,,,True,,تغذية منتجات,https://mintra.eg/products/round-preservation-box-pack-of-4-%D8%AD%D8%A7%D9%81%D8%B8%D8%A9-%D8%B7%D8%B9%D8%A7%D9%85-%D8%A8%D9%84%D8%A7%D8%B3%D8%AA%D9%8A%D9%83,,,لم يُرصد,بانتظار أول رصد سعر,0,,,True,جاهز لأول رصد,الموديل والنسخة ورقم SKU مأخوذة من خلاصة المنتجات الرسمية لمتجر Mintra؛ لم تُنقل أي أسعار.,2026-07-30T00:00:00,2026-07-30T00:00:00
CASH-8C0B613C195A46,VAR-A27BBF0F50AC9A|EG-063|STORE,MAP-D76DBA782C0BBA26,VAR-A27BBF0F50AC9A,EG-063,,,EGP,,,,,,,,,,,القاهرة,,,,,,,True,,تغذية منتجات,https://mintra.eg/products/round-preservation-box-pack-of-4-%D8%AD%D8%A7%D9%81%D8%B8%D8%A9-%D8%B7%D8%B9%D8%A7%D9%85-%D8%A8%D9%84%D8%A7%D8%B3%D8%AA%D9%8A%D9%83,,,لم يُرصد,بانتظار أول رصد سعر,0,,,True,جاهز لأول رصد,الموديل والنسخة ورقم SKU مأخوذة من خلاصة المنتجات الرسمية لمتجر Mintra؛ لم تُنقل أي أسعار.,2026-07-30T00:00:00,2026-07-30T00:00:00
CASH-7D8EEBC85DF131,VAR-40152CE4DDA153|EG-063|STORE,MAP-F9BDA28AB7537FF5,VAR-40152CE4DDA153,EG-063,,,EGP,,,,,,,,,,,القاهرة,,,,,,,True,,تغذية منتجات,https://mintra.eg/products/round-preservation-box-pack-of-4-%D8%AD%D8%A7%D9%81%D8%B8%D8%A9-%D8%B7%D8%B9%D8%A7%D9%85-%D8%A8%D9%84%D8%A7%D8%B3%D8%AA%D9%8A%D9%83,,,لم يُرصد,بانتظار أول رصد سعر,0,,,True,جاهز لأول رصد,الموديل والنسخة ورقم SKU مأخوذة من خلاصة المنتجات الرسمية لمتجر Mintra؛ لم تُنقل أي أسعار.,2026-07-30T00:00:00,2026-07-30T00:00:00
CASH-C1F92DD03C3809,VAR-AD30E05A26D9AD|EG-063|STORE,MAP-1E92FFBCAAF7BA77,VAR-AD30E05A26D9AD,EG-063,,,EGP,,,,,,,,,,,القاهرة,,,,,,,True,,تغذية منتجات,https://mintra.eg/products/round-preservation-box-pack-of-4-%D8%AD%D8%A7%D9%81%D8%B8%D8%A9-%D8%B7%D8%B9%D8%A7%D9%85-%D8%A8%D9%84%D8%A7%D8%B3%D8%AA%D9%8A%D9%83,,,لم يُرصد,بانتظار أول رصد سعر,0,,,True,جاهز لأول رصد,الموديل والنسخة ورقم SKU مأخوذة من خلاصة المنتجات الرسمية لمتجر Mintra؛ لم تُنقل أي أسعار.,2026-07-30T00:00:00,2026-07-30T00:00:00
CASH-EEF25831D20886,VAR-F276B2C9A20533|EG-063|STORE,MAP-829FA42AA16EEC6D,VAR-F276B2C9A20533,EG-063,,,EGP,,,,,,,,,,,القاهرة,,,,,,,True,,تغذية منتجات,https://mintra.eg/products/round-preservation-box-pack-of-4-%D8%AD%D8%A7%D9%81%D8%B8%D8%A9-%D8%B7%D8%B9%D8%A7%D9%85-%D8%A8%D9%84%D8%A7%D8%B3%D8%AA%D9%8A%D9%83,,,لم يُرصد,بانتظار أول رصد سعر,0,,,True,جاهز لأول رصد,الموديل والنسخة ورقم SKU مأخوذة من خلاصة المنتجات الرسمية لمتجر Mintra؛ لم تُنقل أي أسعار.,2026-07-30T00:00:00,2026-07-30T00:00:00
CASH-FDFEFA4560D1E6,VAR-62714D951F5018|EG-060|STORE,MAP-A53C99990726FFC9,VAR-62714D951F5018,EG-060,,,EGP,,,,,,,,,,,القاهرة,,,,,,,True,,JSON-LD,https://www.ikea.com/eg/en/p/blomning-coffee-tea-tin-00373207,,,لم يُرصد,بانتظار أول رصد سعر,0,,,True,يحتاج اكتشاف رابط المنتج,الاسم ورقم الصنف والمواصفات الظاهرة مأخوذة من قائمة JSON-LD الرسمية للفئة في IKEA Egypt؛ لم تُنقل أي أسعار.,2026-07-30T00:00:00,2026-07-30T00:00:00
CASH-0C217CB65AE501,VAR-96FE0448C17059|EG-060|STORE,MAP-2FBE0FF0A037629C,VAR-96FE0448C17059,EG-060,,,EGP,,,,,,,,,,,القاهرة,,,,,,,True,,JSON-LD,https://www.ikea.com/eg/en/p/ikea-365-dry-food-jar-with-lid-transparent-white-80066723,,,لم يُرصد,بانتظار أول رصد سعر,0,,,True,يحتاج اكتشاف رابط المنتج,الاسم ورقم الصنف والمواصفات الظاهرة مأخوذة من قائمة JSON-LD الرسمية للفئة في IKEA Egypt؛ لم تُنقل أي أسعار.,2026-07-30T00:00:00,2026-07-30T00:00:00
CASH-F75E81D5B8880B,VAR-CC02BE5D90DB5E|EG-060|STORE,MAP-A1092B2F85156225,VAR-CC02BE5D90DB5E,EG-060,,,EGP,,,,,,,,,,,القاهرة,,,,,,,True,,JSON-LD,https://www.ikea.com/eg/en/p/rajtan-spice-jar-glass-aluminium-colour-40064702,,,لم يُرصد,بانتظار أول رصد سعر,0,,,True,يحتاج اكتشاف رابط المنتج,الاسم ورقم الصنف والمواصفات الظاهرة مأخوذة من قائمة JSON-LD الرسمية للفئة في IKEA Egypt؛ لم تُنقل أي أسعار.,2026-07-30T00:00:00,2026-07-30T00:00:00
CASH-A4E393773EA0C4,VAR-F38DE8C6836A13|EG-060|STORE,MAP-B9F094815E70FDC8,VAR-F38DE8C6836A13,EG-060,,,EGP,,,,,,,,,,,القاهرة,,,,,,,True,,JSON-LD,https://www.ikea.com/eg/en/p/vardagen-jar-with-lid-clear-glass-00291928,,,لم يُرصد,بانتظار أول رصد سعر,0,,,True,يحتاج اكتشاف رابط المنتج,الاسم ورقم الصنف والمواصفات الظاهرة مأخوذة من قائمة JSON-LD الرسمية للفئة في IKEA Egypt؛ لم تُنقل أي أسعار.,2026-07-30T00:00:00,2026-07-30T00:00:00
CASH-3BA2159E424256,VAR-16D665E6348DDA|EG-060|STORE,MAP-0F1BD3E0911A8ACB,VAR-16D665E6348DDA,EG-060,,,EGP,,,,,,,,,,,القاهرة,,,,,,,True,,JSON-LD,https://www.ikea.com/eg/en/p/vardagen-jar-with-tap-80452639,,,لم يُرصد,بانتظار أول رصد سعر,0,,,True,يحتاج اكتشاف رابط المنتج,الاسم ورقم الصنف والمواصفات الظاهرة مأخوذة من قائمة JSON-LD الرسمية للفئة في IKEA Egypt؛ لم تُنقل أي أسعار.,2026-07-30T00:00:00,2026-07-30T00:00:00
CASH-C618FB9CD06A24,VAR-1B0DD151BF08AC|EG-060|STORE,MAP-3E5B34E552B8B580,VAR-1B0DD151BF08AC,EG-060,,,EGP,,,,,,,,,,,القاهرة,,,,,,,True,,JSON-LD,https://www.ikea.com/eg/en/p/pepprig-3-piece-bucket-set-with-lid-grey-blue-50567613,,,لم يُرصد,بانتظار أول رصد سعر,0,,,True,يحتاج اكتشاف رابط المنتج,الاسم ورقم الصنف والمواصفات الظاهرة مأخوذة من قائمة JSON-LD الرسمية للفئة في IKEA Egypt؛ لم تُنقل أي أسعار.,2026-07-30T00:00:00,2026-07-30T00:00:00
CASH-32594BA0778BE0,VAR-74BEA340E5A727|EG-060|STORE,MAP-29DAE10C48631A30,VAR-74BEA340E5A727,EG-060,,,EGP,,,,,,,,,,,القاهرة,,,,,,,True,,JSON-LD,https://www.ikea.com/eg/en/p/pepprig-cleaning-bucket-and-caddy-green-20567619,,,لم يُرصد,بانتظار أول رصد سعر,0,,,True,يحتاج اكتشاف رابط المنتج,الاسم ورقم الصنف والمواصفات الظاهرة مأخوذة من قائمة JSON-LD الرسمية للفئة في IKEA Egypt؛ لم تُنقل أي أسعار.,2026-07-30T00:00:00,2026-07-30T00:00:00
CASH-2E9B94C2C00ADA,VAR-AD41471697109A|EG-060|STORE,MAP-EB64AD3E328F6493,VAR-AD41471697109A,EG-060,,,EGP,,,,,,,,,,,القاهرة,,,,,,,True,,JSON-LD,https://www.ikea.com/eg/en/p/bevara-sealing-clip-anthracite-dark-yellow-90524179,,,لم يُرصد,بانتظار أول رصد سعر,0,,,True,يحتاج اكتشاف رابط المنتج,الاسم ورقم الصنف والمواصفات الظاهرة مأخوذة من قائمة JSON-LD الرسمية للفئة في IKEA Egypt؛ لم تُنقل أي أسعار.,2026-07-30T00:00:00,2026-07-30T00:00:00
CASH-573BFDC961F0FB,VAR-A8D436E227A147|EG-060|STORE,MAP-16AF110BB3566F38,VAR-A8D436E227A147,EG-060,,,EGP,,,,,,,,,,,القاهرة,,,,,,,True,,JSON-LD,https://www.ikea.com/eg/en/p/brugdhaj-utensil-holder-beige-90596171,,,لم يُرصد,بانتظار أول رصد سعر,0,,,True,يحتاج اكتشاف رابط المنتج,الاسم ورقم الصنف والمواصفات الظاهرة مأخوذة من قائمة JSON-LD الرسمية للفئة في IKEA Egypt؛ لم تُنقل أي أسعار.,2026-07-30T00:00:00,2026-07-30T00:00:00
CASH-D08C4B17FF157A,VAR-15C819FE0A57A3|EG-060|STORE,MAP-3EF369FBF5FB2EB0,VAR-15C819FE0A57A3,EG-060,,,EGP,,,,,,,,,,,القاهرة,,,,,,,True,,JSON-LD,https://www.ikea.com/eg/en/p/istad-resealable-bag-patterned-red-pink-80525674,,,لم يُرصد,بانتظار أول رصد سعر,0,,,True,يحتاج اكتشاف رابط المنتج,الاسم ورقم الصنف والمواصفات الظاهرة مأخوذة من قائمة JSON-LD الرسمية للفئة في IKEA Egypt؛ لم تُنقل أي أسعار.,2026-07-30T00:00:00,2026-07-30T00:00:00
CASH-9101EF4515DCF4,VAR-850D545A96C400|EG-060|STORE,MAP-02F0FBFBE45D3514,VAR-850D545A96C400,EG-060,,,EGP,,,,,,,,,,,القاهرة,,,,,,,True,,JSON-LD,https://www.ikea.com/eg/en/p/istad-resealable-bag-patterned-black-yellow-50525642,,,لم يُرصد,بانتظار أول رصد سعر,0,,,True,يحتاج اكتشاف رابط المنتج,الاسم ورقم الصنف والمواصفات الظاهرة مأخوذة من قائمة JSON-LD الرسمية للفئة في IKEA Egypt؛ لم تُنقل أي أسعار.,2026-07-30T00:00:00,2026-07-30T00:00:00
CASH-0064C180C6D993,VAR-F6D13985044C45|EG-060|STORE,MAP-75AD3CC93F1B43D4,VAR-F6D13985044C45,EG-060,,,EGP,,,,,,,,,,,القاهرة,,,,,,,True,,JSON-LD,https://www.ikea.com/eg/en/p/kanelmott-vegetable-fruit-basket-set-of-2-bamboo-00581800,,,لم يُرصد,بانتظار أول رصد سعر,0,,,True,يحتاج اكتشاف رابط المنتج,الاسم ورقم الصنف والمواصفات الظاهرة مأخوذة من قائمة JSON-LD الرسمية للفئة في IKEA Egypt؛ لم تُنقل أي أسعار.,2026-07-30T00:00:00,2026-07-30T00:00:00
CASH-6F63566B8D4EA4,VAR-DB124A63691242|EG-060|STORE,MAP-827FDC5631B81872,VAR-DB124A63691242,EG-060,,,EGP,,,,,,,,,,,القاهرة,,,,,,,True,,JSON-LD,https://www.ikea.com/eg/en/p/klippkaktus-drink-holder-for-fridge-transparent-00610992,,,لم يُرصد,بانتظار أول رصد سعر,0,,,True,يحتاج اكتشاف رابط المنتج,الاسم ورقم الصنف والمواصفات الظاهرة مأخوذة من قائمة JSON-LD الرسمية للفئة في IKEA Egypt؛ لم تُنقل أي أسعار.,2026-07-30T00:00:00,2026-07-30T00:00:00
CASH-8E832CBF4DF365,VAR-9EC43B8F463578|EG-060|STORE,MAP-853C84BB7EAB980F,VAR-9EC43B8F463578,EG-060,,,EGP,,,,,,,,,,,القاهرة,,,,,,,True,,JSON-LD,https://www.ikea.com/eg/en/p/klippkaktus-storage-basket-for-fridge-transparent-80610993,,,لم يُرصد,بانتظار أول رصد سعر,0,,,True,يحتاج اكتشاف رابط المنتج,الاسم ورقم الصنف والمواصفات الظاهرة مأخوذة من قائمة JSON-LD الرسمية للفئة في IKEA Egypt؛ لم تُنقل أي أسعار.,2026-07-30T00:00:00,2026-07-30T00:00:00
CASH-2937949ACE2946,VAR-823FFC53019436|EG-060|STORE,MAP-F4D2993608AC4E80,VAR-823FFC53019436,EG-060,,,EGP,,,,,,,,,,,القاهرة,,,,,,,True,,JSON-LD,https://www.ikea.com/eg/en/p/klippkaktus-storage-box-for-fridge-transparent-80568885,,,لم يُرصد,بانتظار أول رصد سعر,0,,,True,يحتاج اكتشاف رابط المنتج,الاسم ورقم الصنف والمواصفات الظاهرة مأخوذة من قائمة JSON-LD الرسمية للفئة في IKEA Egypt؛ لم تُنقل أي أسعار.,2026-07-30T00:00:00,2026-07-30T00:00:00
CASH-EA4EA17D148189,VAR-B190731AE2FCB3|EG-060|STORE,MAP-89455A8FAE70273A,VAR-B190731AE2FCB3,EG-060,,,EGP,,,,,,,,,,,القاهرة,,,,,,,True,,JSON-LD,https://www.ikea.com/eg/en/p/palycke-clip-on-towel-rack-50534439,,,لم يُرصد,بانتظار أول رصد سعر,0,,,True,يحتاج اكتشاف رابط المنتج,الاسم ورقم الصنف والمواصفات الظاهرة مأخوذة من قائمة JSON-LD الرسمية للفئة في IKEA Egypt؛ لم تُنقل أي أسعار.,2026-07-30T00:00:00,2026-07-30T00:00:00
CASH-F4826DD9B86928,VAR-2A5A4F8C747A71|EG-060|STORE,MAP-C017532451AC4AD8,VAR-2A5A4F8C747A71,EG-060,,,EGP,,,,,,,,,,,القاهرة,,,,,,,True,,JSON-LD,https://www.ikea.com/eg/en/p/pruta-sandwich-container-with-lid-lilac-green-60596709,,,لم يُرصد,بانتظار أول رصد سعر,0,,,True,يحتاج اكتشاف رابط المنتج,الاسم ورقم الصنف والمواصفات الظاهرة مأخوذة من قائمة JSON-LD الرسمية للفئة في IKEA Egypt؛ لم تُنقل أي أسعار.,2026-07-30T00:00:00,2026-07-30T00:00:00
CASH-0929478E7C95DB,VAR-206981DC7D5B36|EG-060|STORE,MAP-CEB0BC09319EF203,VAR-206981DC7D5B36,EG-060,,,EGP,,,,,,,,,,,القاهرة,,,,,,,True,,JSON-LD,https://www.ikea.com/eg/en/p/pruta-snack-container-with-lid-lilac-green-80596708,,,لم يُرصد,بانتظار أول رصد سعر,0,,,True,يحتاج اكتشاف رابط المنتج,الاسم ورقم الصنف والمواصفات الظاهرة مأخوذة من قائمة JSON-LD الرسمية للفئة في IKEA Egypt؛ لم تُنقل أي أسعار.,2026-07-30T00:00:00,2026-07-30T00:00:00
CASH-185C392DC53711,VAR-8A0C0EB351D5BF|EG-060|STORE,MAP-160EAA4C3AB69CAB,VAR-8A0C0EB351D5BF,EG-060,,,EGP,,,,,,,,,,,القاهرة,,,,,,,True,,JSON-LD,https://www.ikea.com/eg/en/p/variera-shelf-insert-white-80136622,,,لم يُرصد,بانتظار أول رصد سعر,0,,,True,يحتاج اكتشاف رابط المنتج,الاسم ورقم الصنف والمواصفات الظاهرة مأخوذة من قائمة JSON-LD الرسمية للفئة في IKEA Egypt؛ لم تُنقل أي أسعار.,2026-07-30T00:00:00,2026-07-30T00:00:00
CASH-CE8F768F344C2E,VAR-558B85852F7D1D|EG-063|STORE,MAP-9F31BA47B2EDBBCA,VAR-558B85852F7D1D,EG-063,,,EGP,,,,,,,,,,,القاهرة,,,,,,,True,,تغذية منتجات,https://mintra.eg/products/fridge-1-3l-storage-box-container-pack-of-3-%D8%AD%D8%A7%D9%81%D8%B8%D8%A9-%D8%B7%D8%B9%D8%A7%D9%85,,,لم يُرصد,بانتظار أول رصد سعر,0,,,True,جاهز لأول رصد,الموديل والنسخة ورقم SKU مأخوذة من خلاصة المنتجات الرسمية لمتجر Mintra؛ لم تُنقل أي أسعار.,2026-07-30T00:00:00,2026-07-30T00:00:00
CASH-66F9A45A7FEDD5,VAR-E15AF92D9A1F33|EG-063|STORE,MAP-642D15326E4872DA,VAR-E15AF92D9A1F33,EG-063,,,EGP,,,,,,,,,,,القاهرة,,,,,,,True,,تغذية منتجات,https://mintra.eg/products/fridge-1-3l-storage-box-container-pack-of-3-%D8%AD%D8%A7%D9%81%D8%B8%D8%A9-%D8%B7%D8%B9%D8%A7%D9%85,,,لم يُرصد,بانتظار أول رصد سعر,0,,,True,جاهز لأول رصد,الموديل والنسخة ورقم SKU مأخوذة من خلاصة المنتجات الرسمية لمتجر Mintra؛ لم تُنقل أي أسعار.,2026-07-30T00:00:00,2026-07-30T00:00:00
CASH-591B67E11CB2B2,VAR-E7C984E58BB767|EG-063|STORE,MAP-1DDA8B203FC22FB1,VAR-E7C984E58BB767,EG-063,,,EGP,,,,,,,,,,,القاهرة,,,,,,,True,,تغذية منتجات,https://mintra.eg/products/fridge-1-3l-storage-box-container-pack-of-3-%D8%AD%D8%A7%D9%81%D8%B8%D8%A9-%D8%B7%D8%B9%D8%A7%D9%85,,,لم يُرصد,بانتظار أول رصد سعر,0,,,True,جاهز لأول رصد,الموديل والنسخة ورقم SKU مأخوذة من خلاصة المنتجات الرسمية لمتجر Mintra؛ لم تُنقل أي أسعار.,2026-07-30T00:00:00,2026-07-30T00:00:00
CASH-5C073F3E4A87E1,VAR-90231E8C5CF4CC|EG-063|STORE,MAP-38434455FECEE0D8,VAR-90231E8C5CF4CC,EG-063,,,EGP,,,,,,,,,,,القاهرة,,,,,,,True,,تغذية منتجات,https://mintra.eg/products/fridge-1-3l-storage-box-container-pack-of-3-%D8%AD%D8%A7%D9%81%D8%B8%D8%A9-%D8%B7%D8%B9%D8%A7%D9%85,,,لم يُرصد,بانتظار أول رصد سعر,0,,,True,جاهز لأول رصد,الموديل والنسخة ورقم SKU مأخوذة من خلاصة المنتجات الرسمية لمتجر Mintra؛ لم تُنقل أي أسعار.,2026-07-30T00:00:00,2026-07-30T00:00:00
CASH-11CC759CCB014B,VAR-CB82FA74902363|EG-063|STORE,MAP-472360C6C2AB0BAB,VAR-CB82FA74902363,EG-063,,,EGP,,,,,,,,,,,القاهرة,,,,,,,True,,تغذية منتجات,https://mintra.eg/products/fridge-1-3l-storage-box-container-pack-of-3-%D8%AD%D8%A7%D9%81%D8%B8%D8%A9-%D8%B7%D8%B9%D8%A7%D9%85,,,لم يُرصد,بانتظار أول رصد سعر,0,,,True,جاهز لأول رصد,الموديل والنسخة ورقم SKU مأخوذة من خلاصة المنتجات الرسمية لمتجر Mintra؛ لم تُنقل أي أسعار.,2026-07-30T00:00:00,2026-07-30T00:00:00
CASH-A52AA60F8EF213,VAR-1CB2ED6707B479|EG-063|STORE,MAP-BB5FB8C15CEA5A06,VAR-1CB2ED6707B479,EG-063,,,EGP,,,,,,,,,,,القاهرة,,,,,,,True,,تغذية منتجات,https://mintra.eg/products/fridge-1-3l-storage-box-container-pack-of-3-%D8%AD%D8%A7%D9%81%D8%B8%D8%A9-%D8%B7%D8%B9%D8%A7%D9%85,,,لم يُرصد,بانتظار أول رصد سعر,0,,,True,جاهز لأول رصد,الموديل والنسخة ورقم SKU مأخوذة من خلاصة المنتجات الرسمية لمتجر Mintra؛ لم تُنقل أي أسعار.,2026-07-30T00:00:00,2026-07-30T00:00:00
CASH-36703E7C7FE3E4,VAR-E5D129A8DCE7DA|EG-063|STORE,MAP-E82E5F921E558EA5,VAR-E5D129A8DCE7DA,EG-063,,,EGP,,,,,,,,,,,القاهرة,,,,,,,True,,تغذية منتجات,https://mintra.eg/products/fridge-1-3l-storage-box-container-pack-of-3-%D8%AD%D8%A7%D9%81%D8%B8%D8%A9-%D8%B7%D8%B9%D8%A7%D9%85,,,لم يُرصد,بانتظار أول رصد سعر,0,,,True,جاهز لأول رصد,الموديل والنسخة ورقم SKU مأخوذة من خلاصة المنتجات الرسمية لمتجر Mintra؛ لم تُنقل أي أسعار.,2026-07-30T00:00:00,2026-07-30T00:00:00
CASH-B5644A223D2D1B,VAR-077B87A0C573E2|EG-063|STORE,MAP-32998E7E86EEDA8F,VAR-077B87A0C573E2,EG-063,,,EGP,,,,,,,,,,,القاهرة,,,,,,,True,,تغذية منتجات,https://mintra.eg/products/fridge-1-3l-storage-box-container-pack-of-3-%D8%AD%D8%A7%D9%81%D8%B8%D8%A9-%D8%B7%D8%B9%D8%A7%D9%85,,,لم يُرصد,بانتظار أول رصد سعر,0,,,True,جاهز لأول رصد,الموديل والنسخة ورقم SKU مأخوذة من خلاصة المنتجات الرسمية لمتجر Mintra؛ لم تُنقل أي أسعار.,2026-07-30T00:00:00,2026-07-30T00:00:00
CASH-7CDF65CDB6EB6D,VAR-FDAD5EE5AC8358|EG-063|STORE,MAP-425CE85A4091F7CE,VAR-FDAD5EE5AC8358,EG-063,,,EGP,,,,,,,,,,,القاهرة,,,,,,,True,,تغذية منتجات,https://mintra.eg/products/fridge-storage-container-2-3-l-3-l-4-l-pack-of-3,,,لم يُرصد,بانتظار أول رصد سعر,0,,,True,جاهز لأول رصد,الموديل والنسخة ورقم SKU مأخوذة من خلاصة المنتجات الرسمية لمتجر Mintra؛ لم تُنقل أي أسعار.,2026-07-30T00:00:00,2026-07-30T00:00:00
CASH-2756A72932730E,VAR-7D10A316E9F8E9|EG-063|STORE,MAP-CFBFAEFB0503C645,VAR-7D10A316E9F8E9,EG-063,,,EGP,,,,,,,,,,,القاهرة,,,,,,,True,,تغذية منتجات,https://mintra.eg/products/fridge-storage-container-2-3-l-3-l-4-l-pack-of-3,,,لم يُرصد,بانتظار أول رصد سعر,0,,,True,جاهز لأول رصد,الموديل والنسخة ورقم SKU مأخوذة من خلاصة المنتجات الرسمية لمتجر Mintra؛ لم تُنقل أي أسعار.,2026-07-30T00:00:00,2026-07-30T00:00:00
CASH-A15B10F1D4E60B,VAR-2F76876C1CECCE|EG-063|STORE,MAP-F05E2F5DA9C3A021,VAR-2F76876C1CECCE,EG-063,,,EGP,,,,,,,,,,,القاهرة,,,,,,,True,,تغذية منتجات,https://mintra.eg/products/fridge-storage-container-2-3-l-3-l-4-l-pack-of-3,,,لم يُرصد,بانتظار أول رصد سعر,0,,,True,جاهز لأول رصد,الموديل والنسخة ورقم SKU مأخوذة من خلاصة المنتجات الرسمية لمتجر Mintra؛ لم تُنقل أي أسعار.,2026-07-30T00:00:00,2026-07-30T00:00:00
CASH-D141ECEB0EA723,VAR-AB4B713DE4E967|EG-063|STORE,MAP-A3491992129A5686,VAR-AB4B713DE4E967,EG-063,,,EGP,,,,,,,,,,,القاهرة,,,,,,,True,,تغذية منتجات,https://mintra.eg/products/fridge-storage-container-2-3-l-3-l-4-l-pack-of-3,,,لم يُرصد,بانتظار أول رصد سعر,0,,,True,جاهز لأول رصد,الموديل والنسخة ورقم SKU مأخوذة من خلاصة المنتجات الرسمية لمتجر Mintra؛ لم تُنقل أي أسعار.,2026-07-30T00:00:00,2026-07-30T00:00:00
CASH-73DCBED2F56691,VAR-C50AB92348E64D|EG-063|STORE,MAP-A0896596001152D7,VAR-C50AB92348E64D,EG-063,,,EGP,,,,,,,,,,,القاهرة,,,,,,,True,,تغذية منتجات,https://mintra.eg/products/fridge-storage-container-2-3-l-3-l-4-l-pack-of-3,,,لم يُرصد,بانتظار أول رصد سعر,0,,,True,جاهز لأول رصد,الموديل والنسخة ورقم SKU مأخوذة من خلاصة المنتجات الرسمية لمتجر Mintra؛ لم تُنقل أي أسعار.,2026-07-30T00:00:00,2026-07-30T00:00:00
CASH-49E16759DC4BF4,VAR-26338A67958A47|EG-063|STORE,MAP-259AFF2CDC21C5C9,VAR-26338A67958A47,EG-063,,,EGP,,,,,,,,,,,القاهرة,,,,,,,True,,تغذية منتجات,https://mintra.eg/products/fridge-storage-container-2-3-l-3-l-4-l-pack-of-3,,,لم يُرصد,بانتظار أول رصد سعر,0,,,True,جاهز لأول رصد,الموديل والنسخة ورقم SKU مأخوذة من خلاصة المنتجات الرسمية لمتجر Mintra؛ لم تُنقل أي أسعار.,2026-07-30T00:00:00,2026-07-30T00:00:00
CASH-863E0672576134,VAR-E8790474DFF16D|EG-063|STORE,MAP-F94DCAB754E02F8A,VAR-E8790474DFF16D,EG-063,,,EGP,,,,,,,,,,,القاهرة,,,,,,,True,,تغذية منتجات,https://mintra.eg/products/fridge-storage-container-2-3-l-pack-of-6,,,لم يُرصد,بانتظار أول رصد سعر,0,,,True,جاهز لأول رصد,الموديل والنسخة ورقم SKU مأخوذة من خلاصة المنتجات الرسمية لمتجر Mintra؛ لم تُنقل أي أسعار.,2026-07-30T00:00:00,2026-07-30T00:00:00
CASH-D9A269316635AE,VAR-600880F8EC4AF8|EG-063|STORE,MAP-1DF310AB4FC17D03,VAR-600880F8EC4AF8,EG-063,,,EGP,,,,,,,,,,,القاهرة,,,,,,,True,,تغذية منتجات,https://mintra.eg/products/fridge-storage-container-2-3-l-pack-of-6,,,لم يُرصد,بانتظار أول رصد سعر,0,,,True,جاهز لأول رصد,الموديل والنسخة ورقم SKU مأخوذة من خلاصة المنتجات الرسمية لمتجر Mintra؛ لم تُنقل أي أسعار.,2026-07-30T00:00:00,2026-07-30T00:00:00
CASH-E569F90D335008,VAR-E8F3A197F4363B|EG-063|STORE,MAP-9C5912AE68B17DBF,VAR-E8F3A197F4363B,EG-063,,,EGP,,,,,,,,,,,القاهرة,,,,,,,True,,تغذية منتجات,https://mintra.eg/products/fridge-storage-container-2-3-l-pack-of-6,,,لم يُرصد,بانتظار أول رصد سعر,0,,,True,جاهز لأول رصد,الموديل والنسخة ورقم SKU مأخوذة من خلاصة المنتجات الرسمية لمتجر Mintra؛ لم تُنقل أي أسعار.,2026-07-30T00:00:00,2026-07-30T00:00:00
CASH-D7DCED21B40F32,VAR-FA9FFABF0BEE72|EG-063|STORE,MAP-F9AC3EFC0F48B58D,VAR-FA9FFABF0BEE72,EG-063,,,EGP,,,,,,,,,,,القاهرة,,,,,,,True,,تغذية منتجات,https://mintra.eg/products/fridge-storage-container-2-3-l-pack-of-6,,,لم يُرصد,بانتظار أول رصد سعر,0,,,True,جاهز لأول رصد,الموديل والنسخة ورقم SKU مأخوذة من خلاصة المنتجات الرسمية لمتجر Mintra؛ لم تُنقل أي أسعار.,2026-07-30T00:00:00,2026-07-30T00:00:00
CASH-7E88A82D0DFA8B,VAR-8676DAE76ACD86|EG-063|STORE,MAP-AF59A362E27F87E6,VAR-8676DAE76ACD86,EG-063,,,EGP,,,,,,,,,,,القاهرة,,,,,,,True,,تغذية منتجات,https://mintra.eg/products/fridge-storage-container-2-3-l-pack-of-6,,,لم يُرصد,بانتظار أول رصد سعر,0,,,True,جاهز لأول رصد,الموديل والنسخة ورقم SKU مأخوذة من خلاصة المنتجات الرسمية لمتجر Mintra؛ لم تُنقل أي أسعار.,2026-07-30T00:00:00,2026-07-30T00:00:00
CASH-B8798BDE34F75A,VAR-6EFBAFE21DBF8A|EG-063|STORE,MAP-FD23FF4CA05BF1E5,VAR-6EFBAFE21DBF8A,EG-063,,,EGP,,,,,,,,,,,القاهرة,,,,,,,True,,تغذية منتجات,https://mintra.eg/products/fridge-storage-container-2-3-l-pack-of-6,,,لم يُرصد,بانتظار أول رصد سعر,0,,,True,جاهز لأول رصد,الموديل والنسخة ورقم SKU مأخوذة من خلاصة المنتجات الرسمية لمتجر Mintra؛ لم تُنقل أي أسعار.,2026-07-30T00:00:00,2026-07-30T00:00:00
CASH-7F1968F93E37D6,VAR-DEA2E9539B16F1|EG-063|STORE,MAP-F9D2E91395C2ECA1,VAR-DEA2E9539B16F1,EG-063,,,EGP,,,,,,,,,,,القاهرة,,,,,,,True,,تغذية منتجات,https://mintra.eg/products/fridge-storage-container-2-3-l-pack-of-6,,,لم يُرصد,بانتظار أول رصد سعر,0,,,True,جاهز لأول رصد,الموديل والنسخة ورقم SKU مأخوذة من خلاصة المنتجات الرسمية لمتجر Mintra؛ لم تُنقل أي أسعار.,2026-07-30T00:00:00,2026-07-30T00:00:00
CASH-35E458CF9F11FE,VAR-793778E995B66C|EG-063|STORE,MAP-89BF78AF9842AEE9,VAR-793778E995B66C,EG-063,,,EGP,,,,,,,,,,,القاهرة,,,,,,,True,,تغذية منتجات,https://mintra.eg/products/fridge-storage-container-2-3-l-pack-of-6,,,لم يُرصد,بانتظار أول رصد سعر,0,,,True,جاهز لأول رصد,الموديل والنسخة ورقم SKU مأخوذة من خلاصة المنتجات الرسمية لمتجر Mintra؛ لم تُنقل أي أسعار.,2026-07-30T00:00:00,2026-07-30T00:00:00
CASH-B59E5B9F3559D0,VAR-E5071280F30918|EG-063|STORE,MAP-72DEA84E67773523,VAR-E5071280F30918,EG-063,,,EGP,,,,,,,,,,,القاهرة,,,,,,,True,,تغذية منتجات,https://mintra.eg/products/fridge-storage-container-3-l-pack-of-6,,,لم يُرصد,بانتظار أول رصد سعر,0,,,True,جاهز لأول رصد,الموديل والنسخة ورقم SKU مأخوذة من خلاصة المنتجات الرسمية لمتجر Mintra؛ لم تُنقل أي أسعار.,2026-07-30T00:00:00,2026-07-30T00:00:00
CASH-BB4B8532F86CFD,VAR-3EBE8A47908E9B|EG-063|STORE,MAP-D36200EBE163116B,VAR-3EBE8A47908E9B,EG-063,,,EGP,,,,,,,,,,,القاهرة,,,,,,,True,,تغذية منتجات,https://mintra.eg/products/fridge-storage-container-3-l-pack-of-6,,,لم يُرصد,بانتظار أول رصد سعر,0,,,True,جاهز لأول رصد,الموديل والنسخة ورقم SKU مأخوذة من خلاصة المنتجات الرسمية لمتجر Mintra؛ لم تُنقل أي أسعار.,2026-07-30T00:00:00,2026-07-30T00:00:00
CASH-DE79DB59495F80,VAR-D5E7628BE3394B|EG-063|STORE,MAP-29EEA605AAA223B9,VAR-D5E7628BE3394B,EG-063,,,EGP,,,,,,,,,,,القاهرة,,,,,,,True,,تغذية منتجات,https://mintra.eg/products/fridge-storage-container-3-l-pack-of-6,,,لم يُرصد,بانتظار أول رصد سعر,0,,,True,جاهز لأول رصد,الموديل والنسخة ورقم SKU مأخوذة من خلاصة المنتجات الرسمية لمتجر Mintra؛ لم تُنقل أي أسعار.,2026-07-30T00:00:00,2026-07-30T00:00:00
CASH-511286FC9257A8,VAR-245F81C45E070F|EG-063|STORE,MAP-3A0D6D9268013326,VAR-245F81C45E070F,EG-063,,,EGP,,,,,,,,,,,القاهرة,,,,,,,True,,تغذية منتجات,https://mintra.eg/products/fridge-storage-container-3-l-pack-of-6,,,لم يُرصد,بانتظار أول رصد سعر,0,,,True,جاهز لأول رصد,الموديل والنسخة ورقم SKU مأخوذة من خلاصة المنتجات الرسمية لمتجر Mintra؛ لم تُنقل أي أسعار.,2026-07-30T00:00:00,2026-07-30T00:00:00
CASH-BB81184846E37D,VAR-FF10E365F940EF|EG-063|STORE,MAP-07B2641D6E6CE9D7,VAR-FF10E365F940EF,EG-063,,,EGP,,,,,,,,,,,القاهرة,,,,,,,True,,تغذية منتجات,https://mintra.eg/products/fridge-storage-container-3-l-pack-of-6,,,لم يُرصد,بانتظار أول رصد سعر,0,,,True,جاهز لأول رصد,الموديل والنسخة ورقم SKU مأخوذة من خلاصة المنتجات الرسمية لمتجر Mintra؛ لم تُنقل أي أسعار.,2026-07-30T00:00:00,2026-07-30T00:00:00
CASH-E26CFB2B69ED1A,VAR-A69C9FCC6B3757|EG-063|STORE,MAP-F104A63EB0FC31FD,VAR-A69C9FCC6B3757,EG-063,,,EGP,,,,,,,,,,,القاهرة,,,,,,,True,,تغذية منتجات,https://mintra.eg/products/fridge-storage-container-3-l-pack-of-6,,,لم يُرصد,بانتظار أول رصد سعر,0,,,True,جاهز لأول رصد,الموديل والنسخة ورقم SKU مأخوذة من خلاصة المنتجات الرسمية لمتجر Mintra؛ لم تُنقل أي أسعار.,2026-07-30T00:00:00,2026-07-30T00:00:00
CASH-5915F82E1EAE31,VAR-367D2C3DBAC1FC|EG-063|STORE,MAP-A40FF1BED1063E13,VAR-367D2C3DBAC1FC,EG-063,,,EGP,,,,,,,,,,,القاهرة,,,,,,,True,,تغذية منتجات,https://mintra.eg/products/fridge-storage-container-3-l-pack-of-6,,,لم يُرصد,بانتظار أول رصد سعر,0,,,True,جاهز لأول رصد,الموديل والنسخة ورقم SKU مأخوذة من خلاصة المنتجات الرسمية لمتجر Mintra؛ لم تُنقل أي أسعار.,2026-07-30T00:00:00,2026-07-30T00:00:00
CASH-5B7A5787F6CF38,VAR-239EBAA1806ED2|EG-063|STORE,MAP-DBB052BF312BCBD8,VAR-239EBAA1806ED2,EG-063,,,EGP,,,,,,,,,,,القاهرة,,,,,,,True,,تغذية منتجات,https://mintra.eg/products/fridge-storage-container-4-l-pack-of-6,,,لم يُرصد,بانتظار أول رصد سعر,0,,,True,جاهز لأول رصد,الموديل والنسخة ورقم SKU مأخوذة من خلاصة المنتجات الرسمية لمتجر Mintra؛ لم تُنقل أي أسعار.,2026-07-30T00:00:00,2026-07-30T00:00:00
CASH-C1C21638AA0395,VAR-5DD5EA72771B3C|EG-063|STORE,MAP-91217824881A8868,VAR-5DD5EA72771B3C,EG-063,,,EGP,,,,,,,,,,,القاهرة,,,,,,,True,,تغذية منتجات,https://mintra.eg/products/fridge-storage-container-4-l-pack-of-6,,,لم يُرصد,بانتظار أول رصد سعر,0,,,True,جاهز لأول رصد,الموديل والنسخة ورقم SKU مأخوذة من خلاصة المنتجات الرسمية لمتجر Mintra؛ لم تُنقل أي أسعار.,2026-07-30T00:00:00,2026-07-30T00:00:00
CASH-308F0CEB13E6FF,VAR-B98104746DB3EE|EG-063|STORE,MAP-037A6692377B1D2B,VAR-B98104746DB3EE,EG-063,,,EGP,,,,,,,,,,,القاهرة,,,,,,,True,,تغذية منتجات,https://mintra.eg/products/fridge-storage-container-4-l-pack-of-6,,,لم يُرصد,بانتظار أول رصد سعر,0,,,True,جاهز لأول رصد,الموديل والنسخة ورقم SKU مأخوذة من خلاصة المنتجات الرسمية لمتجر Mintra؛ لم تُنقل أي أسعار.,2026-07-30T00:00:00,2026-07-30T00:00:00
CASH-95CC5E3689EDF5,VAR-A8EA779ABBAE85|EG-063|STORE,MAP-1FFDA32AF175ADA6,VAR-A8EA779ABBAE85,EG-063,,,EGP,,,,,,,,,,,القاهرة,,,,,,,True,,تغذية منتجات,https://mintra.eg/products/fridge-storage-container-4-l-pack-of-6,,,لم يُرصد,بانتظار أول رصد سعر,0,,,True,جاهز لأول رصد,الموديل والنسخة ورقم SKU مأخوذة من خلاصة المنتجات الرسمية لمتجر Mintra؛ لم تُنقل أي أسعار.,2026-07-30T00:00:00,2026-07-30T00:00:00
CASH-5C64F0A6C053A2,VAR-F89D55145AA54F|EG-063|STORE,MAP-6CC6C9058D5966D4,VAR-F89D55145AA54F,EG-063,,,EGP,,,,,,,,,,,القاهرة,,,,,,,True,,تغذية منتجات,https://mintra.eg/products/fridge-storage-container-4-l-pack-of-6,,,لم يُرصد,بانتظار أول رصد سعر,0,,,True,جاهز لأول رصد,الموديل والنسخة ورقم SKU مأخوذة من خلاصة المنتجات الرسمية لمتجر Mintra؛ لم تُنقل أي أسعار.,2026-07-30T00:00:00,2026-07-30T00:00:00
CASH-AE0DFFD73B72E6,VAR-E30D4DBB937E88|EG-063|STORE,MAP-81363FB3FA2AF630,VAR-E30D4DBB937E88,EG-063,,,EGP,,,,,,,,,,,القاهرة,,,,,,,True,,تغذية منتجات,https://mintra.eg/products/fridge-storage-container-4-l-pack-of-6,,,لم يُرصد,بانتظار أول رصد سعر,0,,,True,جاهز لأول رصد,الموديل والنسخة ورقم SKU مأخوذة من خلاصة المنتجات الرسمية لمتجر Mintra؛ لم تُنقل أي أسعار.,2026-07-30T00:00:00,2026-07-30T00:00:00
CASH-BCDCD4E02A078A,VAR-E86333DA1864A1|EG-063|STORE,MAP-A8ADB4640196C9C4,VAR-E86333DA1864A1,EG-063,,,EGP,,,,,,,,,,,القاهرة,,,,,,,True,,تغذية منتجات,https://mintra.eg/products/fridge-storage-container-4-l-pack-of-6,,,لم يُرصد,بانتظار أول رصد سعر,0,,,True,جاهز لأول رصد,الموديل والنسخة ورقم SKU مأخوذة من خلاصة المنتجات الرسمية لمتجر Mintra؛ لم تُنقل أي أسعار.,2026-07-30T00:00:00,2026-07-30T00:00:00
CASH-83495D2492E7FC,VAR-D2FF8DD6A79A32|EG-063|STORE,MAP-D69CD0C4F8643195,VAR-D2FF8DD6A79A32,EG-063,,,EGP,,,,,,,,,,,القاهرة,,,,,,,True,,تغذية منتجات,https://mintra.eg/products/fridge-storage-container-4-l-pack-of-6,,,لم يُرصد,بانتظار أول رصد سعر,0,,,True,جاهز لأول رصد,الموديل والنسخة ورقم SKU مأخوذة من خلاصة المنتجات الرسمية لمتجر Mintra؛ لم تُنقل أي أسعار.,2026-07-30T00:00:00,2026-07-30T00:00:00
CASH-ADAE152884DF82,VAR-9BA158692784AB|EG-060|STORE,MAP-E9878396B4BE6ABE,VAR-9BA158692784AB,EG-060,,,EGP,,,,,,,,,,,القاهرة,,,,,,,True,,JSON-LD,https://www.ikea.com/eg/en/p/hemlagad-saucepan-non-stick-coating-black-60580911,,,لم يُرصد,بانتظار أول رصد سعر,0,,,True,يحتاج اكتشاف رابط المنتج,الاسم ورقم الصنف والمواصفات الظاهرة مأخوذة من قائمة JSON-LD الرسمية للفئة في IKEA Egypt؛ لم تُنقل أي أسعار.,2026-07-30T00:00:00,2026-07-30T00:00:00
CASH-2C556CF7D93FAE,VAR-BCF17741DD6B67|EG-079|STORE,MAP-0DAD90E2D7A9CF9F,VAR-BCF17741DD6B67,EG-079,,,EGP,,,,,,,,,,,القاهرة,,,,,,,True,,Sitemap ثم صفحة منتج,https://www.zahranstores.com/en/tefal-clipsominut-easy-9l-pressure-cooker-p4624966-1133,,,لم يُرصد,بانتظار أول رصد سعر,0,,,True,يحتاج تأكيد صفحة المنتج,Exact product URL in Zahran Stores public sitemap; stock not asserted,2026-07-30T00:00:00,2026-07-30T00:00:00
CASH-7EA5F2116CFEFE,VAR-D06A74FFB70FE8|EG-060|STORE,MAP-5DEFDFA03F66132A,VAR-D06A74FFB70FE8,EG-060,,,EGP,,,,,,,,,,,القاهرة,,,,,,,True,,JSON-LD,https://www.ikea.com/eg/en/p/vardagen-pot-with-lid-enamelled-cast-iron-matt-black-80560667,,,لم يُرصد,بانتظار أول رصد سعر,0,,,True,يحتاج اكتشاف رابط المنتج,الاسم ورقم الصنف والمواصفات الظاهرة مأخوذة من قائمة JSON-LD الرسمية للفئة في IKEA Egypt؛ لم تُنقل أي أسعار.,2026-07-30T00:00:00,2026-07-30T00:00:00
CASH-E137BBAF1BA14D,VAR-C542D3C0EA5D2E|EG-079|STORE,MAP-3A7A3E47115D5797,VAR-C542D3C0EA5D2E,EG-079,,,EGP,,,,,,,,,,,القاهرة,,,,,,,True,,Sitemap ثم صفحة منتج,https://www.zahranstores.com/en/tefal-tempo-flame-stewpot-16cm-220091016-2000,,,لم يُرصد,بانتظار أول رصد سعر,0,,,True,يحتاج تأكيد صفحة المنتج,Exact product URL in Zahran Stores public sitemap; stock not asserted,2026-07-30T00:00:00,2026-07-30T00:00:00
CASH-CC9AF1405F177A,VAR-EAFC615AE158A2|EG-079|STORE,MAP-B641E6CF89B2D133,VAR-EAFC615AE158A2,EG-079,,,EGP,,,,,,,,,,,القاهرة,,,,,,,True,,Sitemap ثم صفحة منتج,https://www.zahranstores.com/en/tefal-tempo-flame-stewpot-18cm-220091018-2001,,,لم يُرصد,بانتظار أول رصد سعر,0,,,True,يحتاج تأكيد صفحة المنتج,Exact product URL in Zahran Stores public sitemap; stock not asserted,2026-07-30T00:00:00,2026-07-30T00:00:00
CASH-259197848297CC,VAR-8EB116021FBF05|EG-079|STORE,MAP-10530ABF6F8E9A34,VAR-8EB116021FBF05,EG-079,,,EGP,,,,,,,,,,,القاهرة,,,,,,,True,,Sitemap ثم صفحة منتج,https://www.zahranstores.com/en/tefal-tempo-flame-stewpot-20cm-220091020-2002,,,لم يُرصد,بانتظار أول رصد سعر,0,,,True,يحتاج تأكيد صفحة المنتج,Exact product URL in Zahran Stores public sitemap; stock not asserted,2026-07-30T00:00:00,2026-07-30T00:00:00
CASH-BED48ED765978C,VAR-AE5CFB6CE1340B|EG-079|STORE,MAP-1918AB284A17A77F,VAR-AE5CFB6CE1340B,EG-079,,,EGP,,,,,,,,,,,القاهرة,,,,,,,True,,Sitemap ثم صفحة منتج,https://www.zahranstores.com/en/tefal-tempo-flame-stewpot-22cm-220091022-2003,,,لم يُرصد,بانتظار أول رصد سعر,0,,,True,يحتاج تأكيد صفحة المنتج,Exact product URL in Zahran Stores public sitemap; stock not asserted,2026-07-30T00:00:00,2026-07-30T00:00:00
CASH-287A33304C5E3F,VAR-E9730B31358F3B|EG-079|STORE,MAP-E5CFD783E73A22DB,VAR-E9730B31358F3B,EG-079,,,EGP,,,,,,,,,,,القاهرة,,,,,,,True,,Sitemap ثم صفحة منتج,https://www.zahranstores.com/en/tefal-tempo-flame-stewpot-24cm-220091024-2004,,,لم يُرصد,بانتظار أول رصد سعر,0,,,True,يحتاج تأكيد صفحة المنتج,Exact product URL in Zahran Stores public sitemap; stock not asserted,2026-07-30T00:00:00,2026-07-30T00:00:00
CASH-E87372F7ED77EE,VAR-83CB179F5EBD73|EG-079|STORE,MAP-64E5516F307135F2,VAR-83CB179F5EBD73,EG-079,,,EGP,,,,,,,,,,,القاهرة,,,,,,,True,,Sitemap ثم صفحة منتج,https://www.zahranstores.com/en/tefal-tempo-flame-stewpot-26cm-220091026-2005,,,لم يُرصد,بانتظار أول رصد سعر,0,,,True,يحتاج تأكيد صفحة المنتج,Exact product URL in Zahran Stores public sitemap; stock not asserted,2026-07-30T00:00:00,2026-07-30T00:00:00
CASH-D8D4E019360090,VAR-B4BD0A1FD8B6AA|EG-079|STORE,MAP-C4AE9C9F5122C1C7,VAR-B4BD0A1FD8B6AA,EG-079,,,EGP,,,,,,,,,,,القاهرة,,,,,,,True,,Sitemap ثم صفحة منتج,https://www.zahranstores.com/en/tefal-tempo-flame-stewpot-28cm-220091028-2006,,,لم يُرصد,بانتظار أول رصد سعر,0,,,True,يحتاج تأكيد صفحة المنتج,Exact product URL in Zahran Stores public sitemap; stock not asserted,2026-07-30T00:00:00,2026-07-30T00:00:00
CASH-0BBEA72F66C27C,VAR-C9808FCD0F5D7D|EG-079|STORE,MAP-E8FDA0CB82D78A8E,VAR-C9808FCD0F5D7D,EG-079,,,EGP,,,,,,,,,,,القاهرة,,,,,,,True,,Sitemap ثم صفحة منتج,https://www.zahranstores.com/en/tefal-tempo-flame-stewpot-30cm-220091030-2007,,,لم يُرصد,بانتظار أول رصد سعر,0,,,True,يحتاج تأكيد صفحة المنتج,Exact product URL in Zahran Stores public sitemap; stock not asserted,2026-07-30T00:00:00,2026-07-30T00:00:00
CASH-339FCB35D41909,VAR-71BEADF500E131|EG-079|STORE,MAP-B5C30FEAC2632BE1,VAR-71BEADF500E131,EG-079,,,EGP,,,,,,,,,,,القاهرة,,,,,,,True,,Sitemap ثم صفحة منتج,https://www.zahranstores.com/en/tefal-tempo-flame-sauce-pan-18cm-220092518-2016,,,لم يُرصد,بانتظار أول رصد سعر,0,,,True,يحتاج تأكيد صفحة المنتج,Exact product URL in Zahran Stores public sitemap; stock not asserted,2026-07-30T00:00:00,2026-07-30T00:00:00
CASH-1E1EE04AFEF29B,VAR-A979E8621633C3|EG-079|STORE,MAP-25AEE3166161F08F,VAR-A979E8621633C3,EG-079,,,EGP,,,,,,,,,,,القاهرة,,,,,,,True,,Sitemap ثم صفحة منتج,https://www.zahranstores.com/en/tefal-tempo-flame-milk-pot-14cm-220093514-2017,,,لم يُرصد,بانتظار أول رصد سعر,0,,,True,يحتاج تأكيد صفحة المنتج,Exact product URL in Zahran Stores public sitemap; stock not asserted,2026-07-30T00:00:00,2026-07-30T00:00:00
CASH-FFE8BD3E709F09,VAR-47655CC0BB805B|EG-079|STORE,MAP-5C3BA63530C46E42,VAR-47655CC0BB805B,EG-079,,,EGP,,,,,,,,,,,القاهرة,,,,,,,True,,Sitemap ثم صفحة منتج,https://www.zahranstores.com/en/tefal-armatal-stewpot-16-cm-220711016-2042,,,لم يُرصد,بانتظار أول رصد سعر,0,,,True,يحتاج تأكيد صفحة المنتج,Exact product URL in Zahran Stores public sitemap; stock not asserted,2026-07-30T00:00:00,2026-07-30T00:00:00
CASH-D55555C6910981,VAR-81B20BF4F36922|EG-079|STORE,MAP-09DB6959C30E653C,VAR-81B20BF4F36922,EG-079,,,EGP,,,,,,,,,,,القاهرة,,,,,,,True,,Sitemap ثم صفحة منتج,https://www.zahranstores.com/en/tefal-armatal-stewpot-18-cm-220711018-2043,,,لم يُرصد,بانتظار أول رصد سعر,0,,,True,يحتاج تأكيد صفحة المنتج,Exact product URL in Zahran Stores public sitemap; stock not asserted,2026-07-30T00:00:00,2026-07-30T00:00:00
CASH-BFBE1446780DF0,VAR-AF5C668FDE29BD|EG-079|STORE,MAP-569A83C6C03CEB44,VAR-AF5C668FDE29BD,EG-079,,,EGP,,,,,,,,,,,القاهرة,,,,,,,True,,Sitemap ثم صفحة منتج,https://www.zahranstores.com/en/tefal-armatal-stewpot-20-cm-220711020-2044,,,لم يُرصد,بانتظار أول رصد سعر,0,,,True,يحتاج تأكيد صفحة المنتج,Exact product URL in Zahran Stores public sitemap; stock not asserted,2026-07-30T00:00:00,2026-07-30T00:00:00
CASH-4B898550560B32,VAR-378AF9AED28EF6|EG-079|STORE,MAP-83CA7FEFCE32F8B2,VAR-378AF9AED28EF6,EG-079,,,EGP,,,,,,,,,,,القاهرة,,,,,,,True,,Sitemap ثم صفحة منتج,https://www.zahranstores.com/en/tefal-armatal-stewpot-22-cm-220711022-2045,,,لم يُرصد,بانتظار أول رصد سعر,0,,,True,يحتاج تأكيد صفحة المنتج,Exact product URL in Zahran Stores public sitemap; stock not asserted,2026-07-30T00:00:00,2026-07-30T00:00:00
CASH-AC31351F2B6D61,VAR-7776781FF6D52B|EG-079|STORE,MAP-85E51EF7840B1212,VAR-7776781FF6D52B,EG-079,,,EGP,,,,,,,,,,,القاهرة,,,,,,,True,,Sitemap ثم صفحة منتج,https://www.zahranstores.com/en/tefal-armatal-stewpot-24-cm-220711024-2046,,,لم يُرصد,بانتظار أول رصد سعر,0,,,True,يحتاج تأكيد صفحة المنتج,Exact product URL in Zahran Stores public sitemap; stock not asserted,2026-07-30T00:00:00,2026-07-30T00:00:00
CASH-FC981962D944EE,VAR-28C939B6E44C62|EG-079|STORE,MAP-E3A5A531BB88841B,VAR-28C939B6E44C62,EG-079,,,EGP,,,,,,,,,,,القاهرة,,,,,,,True,,Sitemap ثم صفحة منتج,https://www.zahranstores.com/en/tefal-armatal-stewpot-26-cm-220711026-2047,,,لم يُرصد,بانتظار أول رصد سعر,0,,,True,يحتاج تأكيد صفحة المنتج,Exact product URL in Zahran Stores public sitemap; stock not asserted,2026-07-30T00:00:00,2026-07-30T00:00:00
CASH-8CE0DF71942712,VAR-63FC4F117C284B|EG-079|STORE,MAP-39CDAEDA7F1031AF,VAR-63FC4F117C284B,EG-079,,,EGP,,,,,,,,,,,القاهرة,,,,,,,True,,Sitemap ثم صفحة منتج,https://www.zahranstores.com/en/tefal-armatal-stewpot-28-cm-220711028-2048,,,لم يُرصد,بانتظار أول رصد سعر,0,,,True,يحتاج تأكيد صفحة المنتج,Exact product URL in Zahran Stores public sitemap; stock not asserted,2026-07-30T00:00:00,2026-07-30T00:00:00
CASH-AA74C831263BB9,VAR-7DFA6E389DB205|EG-079|STORE,MAP-8B1AA3469EC557A0,VAR-7DFA6E389DB205,EG-079,,,EGP,,,,,,,,,,,القاهرة,,,,,,,True,,Sitemap ثم صفحة منتج,https://www.zahranstores.com/en/tefal-armatal-stewpot-30-cm-220711030-2049,,,لم يُرصد,بانتظار أول رصد سعر,0,,,True,يحتاج تأكيد صفحة المنتج,Exact product URL in Zahran Stores public sitemap; stock not asserted,2026-07-30T00:00:00,2026-07-30T00:00:00
CASH-F31113EE33D8CD,VAR-BA192336C14034|EG-079|STORE,MAP-D37D7A976786561C,VAR-BA192336C14034,EG-079,,,EGP,,,,,,,,,,,القاهرة,,,,,,,True,,Sitemap ثم صفحة منتج,https://www.zahranstores.com/en/tefal-armatal-sauce-pan-16-cm-220712516-2064,,,لم يُرصد,بانتظار أول رصد سعر,0,,,True,يحتاج تأكيد صفحة المنتج,Exact product URL in Zahran Stores public sitemap; stock not asserted,2026-07-30T00:00:00,2026-07-30T00:00:00
CASH-B584BA3A2E020D,VAR-7E8BC5240903A2|EG-079|STORE,MAP-F8304B5F4E08250A,VAR-7E8BC5240903A2,EG-079,,,EGP,,,,,,,,,,,القاهرة,,,,,,,True,,Sitemap ثم صفحة منتج,https://www.zahranstores.com/en/tefal-armatal-sauce-pan-18-cm-220712518-2065,,,لم يُرصد,بانتظار أول رصد سعر,0,,,True,يحتاج تأكيد صفحة المنتج,Exact product URL in Zahran Stores public sitemap; stock not asserted,2026-07-30T00:00:00,2026-07-30T00:00:00
CASH-76BFD666563A4B,VAR-12907C8314BC52|EG-079|STORE,MAP-8DEB48715C4499E7,VAR-12907C8314BC52,EG-079,,,EGP,,,,,,,,,,,القاهرة,,,,,,,True,,Sitemap ثم صفحة منتج,https://www.zahranstores.com/en/tefal-armatal-milk-pot-14-cm-220713514-2057,,,لم يُرصد,بانتظار أول رصد سعر,0,,,True,يحتاج تأكيد صفحة المنتج,Exact product URL in Zahran Stores public sitemap; stock not asserted,2026-07-30T00:00:00,2026-07-30T00:00:00
CASH-D1A3940485FC97,VAR-AF1E6EE4FADB94|EG-079|STORE,MAP-E661CE7C3B23215C,VAR-AF1E6EE4FADB94,EG-079,,,EGP,,,,,,,,,,,القاهرة,,,,,,,True,,Sitemap ثم صفحة منتج,https://www.zahranstores.com/en/tefal-armatal-milk-pot-16-cm-220713516-2058,,,لم يُرصد,بانتظار أول رصد سعر,0,,,True,يحتاج تأكيد صفحة المنتج,Exact product URL in Zahran Stores public sitemap; stock not asserted,2026-07-30T00:00:00,2026-07-30T00:00:00
CASH-509B816A266A05,VAR-2EEBD5992459D5|EG-079|STORE,MAP-919B8792FD8A6550,VAR-2EEBD5992459D5,EG-079,,,EGP,,,,,,,,,,,القاهرة,,,,,,,True,,Sitemap ثم صفحة منتج,https://www.zahranstores.com/en/tefal-duetto-stewpot-20-cm-220800001-2116,,,لم يُرصد,بانتظار أول رصد سعر,0,,,True,يحتاج تأكيد صفحة المنتج,Exact product URL in Zahran Stores public sitemap; stock not asserted,2026-07-30T00:00:00,2026-07-30T00:00:00
CASH-BF3EC3CA3487E3,VAR-5EA0E5A29C9D79|EG-079|STORE,MAP-BF2249E3968797B5,VAR-5EA0E5A29C9D79,EG-079,,,EGP,,,,,,,,,,,القاهرة,,,,,,,True,,Sitemap ثم صفحة منتج,https://www.zahranstores.com/en/tefal-duetto-stewpot-24-cm-220800002-2117,,,لم يُرصد,بانتظار أول رصد سعر,0,,,True,يحتاج تأكيد صفحة المنتج,Exact product URL in Zahran Stores public sitemap; stock not asserted,2026-07-30T00:00:00,2026-07-30T00:00:00
CASH-F35807F466ED8C,VAR-72EDE0CBAF5F17|EG-079|STORE,MAP-1B76BC9AEC6656C5,VAR-72EDE0CBAF5F17,EG-079,,,EGP,,,,,,,,,,,القاهرة,,,,,,,True,,Sitemap ثم صفحة منتج,https://www.zahranstores.com/en/tefal-duetto-stewpot-26-cm-220800003-2118,,,لم يُرصد,بانتظار أول رصد سعر,0,,,True,يحتاج تأكيد صفحة المنتج,Exact product URL in Zahran Stores public sitemap; stock not asserted,2026-07-30T00:00:00,2026-07-30T00:00:00
CASH-B835DCC92D3605,VAR-11AE701B5C2DBF|EG-079|STORE,MAP-98B84CE3BC03B190,VAR-11AE701B5C2DBF,EG-079,,,EGP,,,,,,,,,,,القاهرة,,,,,,,True,,Sitemap ثم صفحة منتج,https://www.zahranstores.com/en/tefal-duetto-stewpot-28-cm-220800004-2119,,,لم يُرصد,بانتظار أول رصد سعر,0,,,True,يحتاج تأكيد صفحة المنتج,Exact product URL in Zahran Stores public sitemap; stock not asserted,2026-07-30T00:00:00,2026-07-30T00:00:00
CASH-29ED0AAA025DA4,VAR-8C28D51854DA15|EG-079|STORE,MAP-D478AAF82F1C1E7D,VAR-8C28D51854DA15,EG-079,,,EGP,,,,,,,,,,,القاهرة,,,,,,,True,,Sitemap ثم صفحة منتج,https://www.zahranstores.com/en/tefal-duetto-stewpot-30-cm-220800005-2120,,,لم يُرصد,بانتظار أول رصد سعر,0,,,True,يحتاج تأكيد صفحة المنتج,Exact product URL in Zahran Stores public sitemap; stock not asserted,2026-07-30T00:00:00,2026-07-30T00:00:00
CASH-0F2A91992DEB84,VAR-3699B0715366C3|EG-079|STORE,MAP-D43387CD7F6FB186,VAR-3699B0715366C3,EG-079,,,EGP,,,,,,,,,,,القاهرة,,,,,,,True,,Sitemap ثم صفحة منتج,https://www.zahranstores.com/en/tefal-duetto-stewpot-16-cm-220800016-2125,,,لم يُرصد,بانتظار أول رصد سعر,0,,,True,يحتاج تأكيد صفحة المنتج,Exact product URL in Zahran Stores public sitemap; stock not asserted,2026-07-30T00:00:00,2026-07-30T00:00:00
CASH-6ACEF08A8A5A6A,VAR-67E3997893DF78|EG-079|STORE,MAP-FC8592BA97E25990,VAR-67E3997893DF78,EG-079,,,EGP,,,,,,,,,,,القاهرة,,,,,,,True,,Sitemap ثم صفحة منتج,https://www.zahranstores.com/en/tefal-duetto-stewpot-22-cm-220800022-2126,,,لم يُرصد,بانتظار أول رصد سعر,0,,,True,يحتاج تأكيد صفحة المنتج,Exact product URL in Zahran Stores public sitemap; stock not asserted,2026-07-30T00:00:00,2026-07-30T00:00:00
CASH-9F6C1DA9445F0A,VAR-66987BC2D8409D|EG-079|STORE,MAP-D2C5E85B209C2C99,VAR-66987BC2D8409D,EG-079,,,EGP,,,,,,,,,,,القاهرة,,,,,,,True,,Sitemap ثم صفحة منتج,https://www.zahranstores.com/en/tefal-cook-natural-stewpot-18-cm-220900001-2078,,,لم يُرصد,بانتظار أول رصد سعر,0,,,True,يحتاج تأكيد صفحة المنتج,Exact product URL in Zahran Stores public sitemap; stock not asserted,2026-07-30T00:00:00,2026-07-30T00:00:00
CASH-7EC32525B736C8,VAR-C3E19B561E6B12|EG-079|STORE,MAP-F45CF21B3B386E5B,VAR-C3E19B561E6B12,EG-079,,,EGP,,,,,,,,,,,القاهرة,,,,,,,True,,Sitemap ثم صفحة منتج,https://www.zahranstores.com/en/tefal-cook-natural-stewpot-20-cm-220900002-2079,,,لم يُرصد,بانتظار أول رصد سعر,0,,,True,يحتاج تأكيد صفحة المنتج,Exact product URL in Zahran Stores public sitemap; stock not asserted,2026-07-30T00:00:00,2026-07-30T00:00:00
CASH-ECC890710A2436,VAR-97156B3A68183D|EG-079|STORE,MAP-5BDE65223D3D0A2A,VAR-97156B3A68183D,EG-079,,,EGP,,,,,,,,,,,القاهرة,,,,,,,True,,Sitemap ثم صفحة منتج,https://www.zahranstores.com/en/tefal-cook-natural-stewpot-22-cm-220900003-2080,,,لم يُرصد,بانتظار أول رصد سعر,0,,,True,يحتاج تأكيد صفحة المنتج,Exact product URL in Zahran Stores public sitemap; stock not asserted,2026-07-30T00:00:00,2026-07-30T00:00:00
CASH-56AA46DD450C0F,VAR-36157887D15C58|EG-079|STORE,MAP-C6C10EBAA9C57FC2,VAR-36157887D15C58,EG-079,,,EGP,,,,,,,,,,,القاهرة,,,,,,,True,,Sitemap ثم صفحة منتج,https://www.zahranstores.com/en/tefal-cook-natural-stewpot-24-cm-220900004-2081,,,لم يُرصد,بانتظار أول رصد سعر,0,,,True,يحتاج تأكيد صفحة المنتج,Exact product URL in Zahran Stores public sitemap; stock not asserted,2026-07-30T00:00:00,2026-07-30T00:00:00
CASH-E77F213129802F,VAR-601CA3759B94F1|EG-079|STORE,MAP-0ADC95A6751F51F7,VAR-601CA3759B94F1,EG-079,,,EGP,,,,,,,,,,,القاهرة,,,,,,,True,,Sitemap ثم صفحة منتج,https://www.zahranstores.com/en/tefal-cook-natural-stewpot-26-cm-220900005-2082,,,لم يُرصد,بانتظار أول رصد سعر,0,,,True,يحتاج تأكيد صفحة المنتج,Exact product URL in Zahran Stores public sitemap; stock not asserted,2026-07-30T00:00:00,2026-07-30T00:00:00
CASH-1490BB9ED079FE,VAR-862F90DA0953C1|EG-079|STORE,MAP-FCDA3CA28A10D467,VAR-862F90DA0953C1,EG-079,,,EGP,,,,,,,,,,,القاهرة,,,,,,,True,,Sitemap ثم صفحة منتج,https://www.zahranstores.com/en/tefal-cook-natural-stewpot-28-cm-220900006-2083,,,لم يُرصد,بانتظار أول رصد سعر,0,,,True,يحتاج تأكيد صفحة المنتج,Exact product URL in Zahran Stores public sitemap; stock not asserted,2026-07-30T00:00:00,2026-07-30T00:00:00
CASH-61EF563A975B67,VAR-729FA586B5A8AD|EG-079|STORE,MAP-C6E01DA160ED2293,VAR-729FA586B5A8AD,EG-079,,,EGP,,,,,,,,,,,القاهرة,,,,,,,True,,Sitemap ثم صفحة منتج,https://www.zahranstores.com/en/tefal-cook-natural-stewpot-30-cm-220900007-2084,,,لم يُرصد,بانتظار أول رصد سعر,0,,,True,يحتاج تأكيد صفحة المنتج,Exact product URL in Zahran Stores public sitemap; stock not asserted,2026-07-30T00:00:00,2026-07-30T00:00:00
CASH-67A721D40C6E55,VAR-ABD06C4BC03AAF|EG-079|STORE,MAP-20966D040F01E130,VAR-ABD06C4BC03AAF,EG-079,,,EGP,,,,,,,,,,,القاهرة,,,,,,,True,,Sitemap ثم صفحة منتج,https://www.zahranstores.com/en/tefal-xl-intense-stewpot-with-glass-lid-size-18-403841001-1968 | https:/www.zahranstores.com/en/tefal-xl-intense-stewpot-with-glass-lid-size-18-403841001-1968-1773772662,,,لم يُرصد,بانتظار أول رصد سعر,0,,,True,يحتاج تأكيد صفحة المنتج,Exact product URL in Zahran Stores public sitemap; stock not asserted,2026-07-30T00:00:00,2026-07-30T00:00:00
CASH-698516BDC273C6,VAR-ACDA0E593BA64F|EG-079|STORE,MAP-F6901D60E1B7B0BA,VAR-ACDA0E593BA64F,EG-079,,,EGP,,,,,,,,,,,القاهرة,,,,,,,True,,Sitemap ثم صفحة منتج,https://www.zahranstores.com/en/tefal-xl-intense-stewpot-with-glass-lid-size-20-403841002-1969,,,لم يُرصد,بانتظار أول رصد سعر,0,,,True,يحتاج تأكيد صفحة المنتج,Exact product URL in Zahran Stores public sitemap; stock not asserted,2026-07-30T00:00:00,2026-07-30T00:00:00
CASH-BDF720D6FCF37C,VAR-E7C86CA68FD288|EG-079|STORE,MAP-41F16F384EFBA8AA,VAR-E7C86CA68FD288,EG-079,,,EGP,,,,,,,,,,,القاهرة,,,,,,,True,,Sitemap ثم صفحة منتج,https://www.zahranstores.com/en/tefal-xl-intense-stewpot-with-glass-lid-size-22-403841003-1970,,,لم يُرصد,بانتظار أول رصد سعر,0,,,True,يحتاج تأكيد صفحة المنتج,Exact product URL in Zahran Stores public sitemap; stock not asserted,2026-07-30T00:00:00,2026-07-30T00:00:00
CASH-533B43039B744A,VAR-0FEB534D1D96CE|EG-079|STORE,MAP-30D621B3FFC5DD88,VAR-0FEB534D1D96CE,EG-079,,,EGP,,,,,,,,,,,القاهرة,,,,,,,True,,Sitemap ثم صفحة منتج,https://www.zahranstores.com/en/tefal-xl-intense-stewpot-with-glass-lid-size-24-403841004-1971,,,لم يُرصد,بانتظار أول رصد سعر,0,,,True,يحتاج تأكيد صفحة المنتج,Exact product URL in Zahran Stores public sitemap; stock not asserted,2026-07-30T00:00:00,2026-07-30T00:00:00
CASH-7A2735A3A8B5FD,VAR-7256A70C1ECAEA|EG-079|STORE,MAP-BDF254F607205E8F,VAR-7256A70C1ECAEA,EG-079,,,EGP,,,,,,,,,,,القاهرة,,,,,,,True,,Sitemap ثم صفحة منتج,https://www.zahranstores.com/en/tefal-xl-intense-stewpot-with-glass-lid-size-26-403841005-1972,,,لم يُرصد,بانتظار أول رصد سعر,0,,,True,يحتاج تأكيد صفحة المنتج,Exact product URL in Zahran Stores public sitemap; stock not asserted,2026-07-30T00:00:00,2026-07-30T00:00:00
CASH-5EC1848B670E02,VAR-719DEF153DC0F9|EG-079|STORE,MAP-0497F3E7B947EE0F,VAR-719DEF153DC0F9,EG-079,,,EGP,,,,,,,,,,,القاهرة,,,,,,,True,,Sitemap ثم صفحة منتج,https://www.zahranstores.com/en/tefal-xl-intense-stewpot-with-glass-lid-size-28-403841006-1973,,,لم يُرصد,بانتظار أول رصد سعر,0,,,True,يحتاج تأكيد صفحة المنتج,Exact product URL in Zahran Stores public sitemap; stock not asserted,2026-07-30T00:00:00,2026-07-30T00:00:00
CASH-AB2B0DD0E7A043,VAR-877F5569F58FF0|EG-079|STORE,MAP-5D514C44D9E65090,VAR-877F5569F58FF0,EG-079,,,EGP,,,,,,,,,,,القاهرة,,,,,,,True,,Sitemap ثم صفحة منتج,https://www.zahranstores.com/en/tefal-xl-intense-stewpot-with-glass-lid-size-30-403841007-1974,,,لم يُرصد,بانتظار أول رصد سعر,0,,,True,يحتاج تأكيد صفحة المنتج,Exact product URL in Zahran Stores public sitemap; stock not asserted,2026-07-30T00:00:00,2026-07-30T00:00:00
CASH-5769B336F3B7C9,VAR-4BBED56BA05B10|EG-079|STORE,MAP-3BE833E8B930CC45,VAR-4BBED56BA05B10,EG-079,,,EGP,,,,,,,,,,,القاهرة,,,,,,,True,,Sitemap ثم صفحة منتج,https://www.zahranstores.com/en/tefal-xl-intense-sauce-pan-with-glass-lid-size-18-403841021-1975,,,لم يُرصد,بانتظار أول رصد سعر,0,,,True,يحتاج تأكيد صفحة المنتج,Exact product URL in Zahran Stores public sitemap; stock not asserted,2026-07-30T00:00:00,2026-07-30T00:00:00
CASH-1F34E3B7EF3039,VAR-F880CAC833E535|EG-079|STORE,MAP-99FF4AA2F09048A2,VAR-F880CAC833E535,EG-079,,,EGP,,,,,,,,,,,القاهرة,,,,,,,True,,Sitemap ثم صفحة منتج,https://www.zahranstores.com/en/tefal-expert-stewpot-with-glass-lid-size-18-c2891001,,,لم يُرصد,بانتظار أول رصد سعر,0,,,True,يحتاج تأكيد صفحة المنتج,Exact product URL in Zahran Stores public sitemap; stock not asserted,2026-07-30T00:00:00,2026-07-30T00:00:00
CASH-A88A94248E2E89,VAR-B441C833A325E2|EG-079|STORE,MAP-5ED403F6FCC40F6D,VAR-B441C833A325E2,EG-079,,,EGP,,,,,,,,,,,القاهرة,,,,,,,True,,Sitemap ثم صفحة منتج,https://www.zahranstores.com/en/tefal-expert-stewpot-with-glass-lid-size-20-c2891002,,,لم يُرصد,بانتظار أول رصد سعر,0,,,True,يحتاج تأكيد صفحة المنتج,Exact product URL in Zahran Stores public sitemap; stock not asserted,2026-07-30T00:00:00,2026-07-30T00:00:00
CASH-A742C38EE69329,VAR-16E503053DF1F5|EG-079|STORE,MAP-169786C16CA16FC1,VAR-16E503053DF1F5,EG-079,,,EGP,,,,,,,,,,,القاهرة,,,,,,,True,,Sitemap ثم صفحة منتج,https://www.zahranstores.com/en/tefal-expert-stewpot-with-glass-lid-size-24-c2891003,,,لم يُرصد,بانتظار أول رصد سعر,0,,,True,يحتاج تأكيد صفحة المنتج,Exact product URL in Zahran Stores public sitemap; stock not asserted,2026-07-30T00:00:00,2026-07-30T00:00:00
CASH-A025D748E198A1,VAR-76FC77FF496B98|EG-079|STORE,MAP-CD9A78DBB3707577,VAR-76FC77FF496B98,EG-079,,,EGP,,,,,,,,,,,القاهرة,,,,,,,True,,Sitemap ثم صفحة منتج,https://www.zahranstores.com/en/tefal-expert-stewpot-with-glass-lid-size-26-c2891004,,,لم يُرصد,بانتظار أول رصد سعر,0,,,True,يحتاج تأكيد صفحة المنتج,Exact product URL in Zahran Stores public sitemap; stock not asserted,2026-07-30T00:00:00,2026-07-30T00:00:00
CASH-7DBEC50726C3AF,VAR-6F273BE06FE92D|EG-079|STORE,MAP-52DAAB7F60DCC415,VAR-6F273BE06FE92D,EG-079,,,EGP,,,,,,,,,,,القاهرة,,,,,,,True,,Sitemap ثم صفحة منتج,https://www.zahranstores.com/en/tefal-expert-stewpot-with-glass-lid-size-28-c2891005,,,لم يُرصد,بانتظار أول رصد سعر,0,,,True,يحتاج تأكيد صفحة المنتج,Exact product URL in Zahran Stores public sitemap; stock not asserted,2026-07-30T00:00:00,2026-07-30T00:00:00
CASH-A7C4BE45BF378D,VAR-A2CDCC945BFA3C|EG-079|STORE,MAP-02FD1B16BF9055ED,VAR-A2CDCC945BFA3C,EG-079,,,EGP,,,,,,,,,,,القاهرة,,,,,,,True,,Sitemap ثم صفحة منتج,https://www.zahranstores.com/en/tefal-minute-stewpot-20-cm-d7a570f3-1995,,,لم يُرصد,بانتظار أول رصد سعر,0,,,True,يحتاج تأكيد صفحة المنتج,Exact product URL in Zahran Stores public sitemap; stock not asserted,2026-07-30T00:00:00,2026-07-30T00:00:00
CASH-D78516A6920700,VAR-F0D42C83DC63EC|EG-079|STORE,MAP-B9151C702DD27A53,VAR-F0D42C83DC63EC,EG-079,,,EGP,,,,,,,,,,,القاهرة,,,,,,,True,,Sitemap ثم صفحة منتج,https://www.zahranstores.com/en/tefal-unlimited-stewpot-20-cm-black-g2554602-2088,,,لم يُرصد,بانتظار أول رصد سعر,0,,,True,يحتاج تأكيد صفحة المنتج,Exact product URL in Zahran Stores public sitemap; stock not asserted,2026-07-30T00:00:00,2026-07-30T00:00:00
CASH-BBF4A76E50A1C7,VAR-32E89F74D8365D|EG-079|STORE,MAP-5ADA895E29320661,VAR-32E89F74D8365D,EG-079,,,EGP,,,,,,,,,,,القاهرة,,,,,,,True,,Sitemap ثم صفحة منتج,https://www.zahranstores.com/en/tefal-natural-force-stewpot-24-cm-g2664603-2113,,,لم يُرصد,بانتظار أول رصد سعر,0,,,True,يحتاج تأكيد صفحة المنتج,Exact product URL in Zahran Stores public sitemap; stock not asserted,2026-07-30T00:00:00,2026-07-30T00:00:00
CASH-B7529454A14E5B,VAR-6328516AA9F886|EG-079|STORE,MAP-7BCBB262505B7B8A,VAR-6328516AA9F886,EG-079,,,EGP,,,,,,,,,,,القاهرة,,,,,,,True,,Sitemap ثم صفحة منتج,https://www.zahranstores.com/en/tefal-natural-force-stewpot-28-cm-g2665305,,,لم يُرصد,بانتظار أول رصد سعر,0,,,True,يحتاج تأكيد صفحة المنتج,Exact product URL in Zahran Stores public sitemap; stock not asserted,2026-07-30T00:00:00,2026-07-30T00:00:00
CASH-4B37F83F6439A2,VAR-AE815134F0A257|EG-079|STORE,MAP-54EAD56C2D9FC7A4,VAR-AE815134F0A257,EG-079,,,EGP,,,,,,,,,,,القاهرة,,,,,,,True,,Sitemap ثم صفحة منتج,https://www.zahranstores.com/en/zahran-stainless-steel-classic-stewpot-16-330010016-2139,,,لم يُرصد,بانتظار أول رصد سعر,0,,,True,يحتاج تأكيد صفحة المنتج,Exact product URL in Zahran Stores public sitemap; stock not asserted,2026-07-30T00:00:00,2026-07-30T00:00:00
CASH-0CAA3DD7A4A878,VAR-60260FB16A7CF4|EG-079|STORE,MAP-44B6B83ED90B3353,VAR-60260FB16A7CF4,EG-079,,,EGP,,,,,,,,,,,القاهرة,,,,,,,True,,Sitemap ثم صفحة منتج,https://www.zahranstores.com/en/zahran-stainless-steel-classic-stewpot-20-330010020-2141,,,لم يُرصد,بانتظار أول رصد سعر,0,,,True,يحتاج تأكيد صفحة المنتج,Exact product URL in Zahran Stores public sitemap; stock not asserted,2026-07-30T00:00:00,2026-07-30T00:00:00
CASH-E18EADB68D69FB,VAR-B2F0AE028A3EAF|EG-079|STORE,MAP-366B225DBB12A9FC,VAR-B2F0AE028A3EAF,EG-079,,,EGP,,,,,,,,,,,القاهرة,,,,,,,True,,Sitemap ثم صفحة منتج,https://www.zahranstores.com/en/zahran-stainless-steel-classic-stewpot-22-330010022-2142,,,لم يُرصد,بانتظار أول رصد سعر,0,,,True,يحتاج تأكيد صفحة المنتج,Exact product URL in Zahran Stores public sitemap; stock not asserted,2026-07-30T00:00:00,2026-07-30T00:00:00
CASH-7463DACE4660AD,VAR-5A469157AF80F5|EG-079|STORE,MAP-0A1CFAEBDBFC28BD,VAR-5A469157AF80F5,EG-079,,,EGP,,,,,,,,,,,القاهرة,,,,,,,True,,Sitemap ثم صفحة منتج,https://www.zahranstores.com/en/zahran-stainless-steel-classic-stewpot-24-330010024-2143,,,لم يُرصد,بانتظار أول رصد سعر,0,,,True,يحتاج تأكيد صفحة المنتج,Exact product URL in Zahran Stores public sitemap; stock not asserted,2026-07-30T00:00:00,2026-07-30T00:00:00
CASH-EF85DB3CF2C890,VAR-D9CC6126452712|EG-079|STORE,MAP-2946EB63E38B8AA9,VAR-D9CC6126452712,EG-079,,,EGP,,,,,,,,,,,القاهرة,,,,,,,True,,Sitemap ثم صفحة منتج,https://www.zahranstores.com/en/zahran-stainless-steel-classic-stewpot-26-330010026-2144,,,لم يُرصد,بانتظار أول رصد سعر,0,,,True,يحتاج تأكيد صفحة المنتج,Exact product URL in Zahran Stores public sitemap; stock not asserted,2026-07-30T00:00:00,2026-07-30T00:00:00
CASH-532D044CB0F017,VAR-0FE60163137916|EG-079|STORE,MAP-796098B4D6096541,VAR-0FE60163137916,EG-079,,,EGP,,,,,,,,,,,القاهرة,,,,,,,True,,Sitemap ثم صفحة منتج,https://www.zahranstores.com/en/zahran-stainless-steel-classic-stewpot-28-330010028-2145,,,لم يُرصد,بانتظار أول رصد سعر,0,,,True,يحتاج تأكيد صفحة المنتج,Exact product URL in Zahran Stores public sitemap; stock not asserted,2026-07-30T00:00:00,2026-07-30T00:00:00
CASH-F87427D2ADE8E8,VAR-C9116E01F91CFC|EG-079|STORE,MAP-AF1D3A94FE0F1989,VAR-C9116E01F91CFC,EG-079,,,EGP,,,,,,,,,,,القاهرة,,,,,,,True,,Sitemap ثم صفحة منتج,https://www.zahranstores.com/en/zahran-stainless-steel-classic-stewpot-30-330010030-2146,,,لم يُرصد,بانتظار أول رصد سعر,0,,,True,يحتاج تأكيد صفحة المنتج,Exact product URL in Zahran Stores public sitemap; stock not asserted,2026-07-30T00:00:00,2026-07-30T00:00:00
CASH-9E0B04A1683DF4,VAR-1F811392437A78|EG-079|STORE,MAP-58474AEEB839A001,VAR-1F811392437A78,EG-079,,,EGP,,,,,,,,,,,القاهرة,,,,,,,True,,Sitemap ثم صفحة منتج,https://www.zahranstores.com/en/zahran-stainless-steel-classic-stewpot-32-330010032-2147,,,لم يُرصد,بانتظار أول رصد سعر,0,,,True,يحتاج تأكيد صفحة المنتج,Exact product URL in Zahran Stores public sitemap; stock not asserted,2026-07-30T00:00:00,2026-07-30T00:00:00
CASH-AE4D35F1451965,VAR-334B071F5E7AFB|EG-079|STORE,MAP-7B2A08F54DF19694,VAR-334B071F5E7AFB,EG-079,,,EGP,,,,,,,,,,,القاهرة,,,,,,,True,,Sitemap ثم صفحة منتج,https://www.zahranstores.com/en/zahran-stainless-steel-classic-milkpot-14-330011614-2160,,,لم يُرصد,بانتظار أول رصد سعر,0,,,True,يحتاج تأكيد صفحة المنتج,Exact product URL in Zahran Stores public sitemap; stock not asserted,2026-07-30T00:00:00,2026-07-30T00:00:00
CASH-79BA16C80E6E66,VAR-52DAEB53DD27EE|EG-079|STORE,MAP-A90F7596BDE6497E,VAR-52DAEB53DD27EE,EG-079,,,EGP,,,,,,,,,,,القاهرة,,,,,,,True,,Sitemap ثم صفحة منتج,https://www.zahranstores.com/en/zahran-stainless-steel-classic-stewpot-with-glass-lid-16cm-330030016-2176,,,لم يُرصد,بانتظار أول رصد سعر,0,,,True,يحتاج تأكيد صفحة المنتج,Exact product URL in Zahran Stores public sitemap; stock not asserted,2026-07-30T00:00:00,2026-07-30T00:00:00
CASH-842DD04C8BBA59,VAR-92B86FA84A8628|EG-079|STORE,MAP-396C81D402CC7F56,VAR-92B86FA84A8628,EG-079,,,EGP,,,,,,,,,,,القاهرة,,,,,,,True,,Sitemap ثم صفحة منتج,https://www.zahranstores.com/en/zahran-stainless-steel-classic-stewpot-with-glass-lid-18cm-330030018-2177,,,لم يُرصد,بانتظار أول رصد سعر,0,,,True,يحتاج تأكيد صفحة المنتج,Exact product URL in Zahran Stores public sitemap; stock not asserted,2026-07-30T00:00:00,2026-07-30T00:00:00
CASH-3264E1C893C7B2,VAR-0E3D79FCC3F36A|EG-079|STORE,MAP-D931D359DA319C95,VAR-0E3D79FCC3F36A,EG-079,,,EGP,,,,,,,,,,,القاهرة,,,,,,,True,,Sitemap ثم صفحة منتج,https://www.zahranstores.com/en/zahran-stainless-steel-classic-stewpot-with-glass-lid-20cm-330030020-2178,,,لم يُرصد,بانتظار أول رصد سعر,0,,,True,يحتاج تأكيد صفحة المنتج,Exact product URL in Zahran Stores public sitemap; stock not asserted,2026-07-30T00:00:00,2026-07-30T00:00:00
CASH-42B9AE9CBF8F02,VAR-8D1CE353E85B81|EG-079|STORE,MAP-327F0F3ACB3B7539,VAR-8D1CE353E85B81,EG-079,,,EGP,,,,,,,,,,,القاهرة,,,,,,,True,,Sitemap ثم صفحة منتج,https://www.zahranstores.com/en/zahran-stainless-steel-classic-stewpot-with-glass-lid-22cm-330030022-2179,,,لم يُرصد,بانتظار أول رصد سعر,0,,,True,يحتاج تأكيد صفحة المنتج,Exact product URL in Zahran Stores public sitemap; stock not asserted,2026-07-30T00:00:00,2026-07-30T00:00:00
CASH-1C2E8BABEBEF7F,VAR-88F13AA8DA822A|EG-079|STORE,MAP-FB6A7A9D56CB79A7,VAR-88F13AA8DA822A,EG-079,,,EGP,,,,,,,,,,,القاهرة,,,,,,,True,,Sitemap ثم صفحة منتج,https://www.zahranstores.com/en/zahran-stainless-steel-classic-stewpot-with-glass-lid-24cm-330030024-2180,,,لم يُرصد,بانتظار أول رصد سعر,0,,,True,يحتاج تأكيد صفحة المنتج,Exact product URL in Zahran Stores public sitemap; stock not asserted,2026-07-30T00:00:00,2026-07-30T00:00:00
CASH-EEBBA5FDEF3838,VAR-F7D778D419F849|EG-079|STORE,MAP-F93FF5D67C0BE504,VAR-F7D778D419F849,EG-079,,,EGP,,,,,,,,,,,القاهرة,,,,,,,True,,Sitemap ثم صفحة منتج,https://www.zahranstores.com/en/zahran-stainless-steel-classic-stewpot-with-glass-lid-26cm-330030026-2181,,,لم يُرصد,بانتظار أول رصد سعر,0,,,True,يحتاج تأكيد صفحة المنتج,Exact product URL in Zahran Stores public sitemap; stock not asserted,2026-07-30T00:00:00,2026-07-30T00:00:00
CASH-C9D26771C0B351,VAR-853E650A3E576C|EG-079|STORE,MAP-22C27CAE6A844EF0,VAR-853E650A3E576C,EG-079,,,EGP,,,,,,,,,,,القاهرة,,,,,,,True,,Sitemap ثم صفحة منتج,https://www.zahranstores.com/en/zahran-stainless-steel-classic-stewpot-with-glass-lid-28cm-330030028-2182,,,لم يُرصد,بانتظار أول رصد سعر,0,,,True,يحتاج تأكيد صفحة المنتج,Exact product URL in Zahran Stores public sitemap; stock not asserted,2026-07-30T00:00:00,2026-07-30T00:00:00
CASH-F428AB78BED53B,VAR-2A6ADD00A21C86|EG-079|STORE,MAP-BC4D5E68DFACD905,VAR-2A6ADD00A21C86,EG-079,,,EGP,,,,,,,,,,,القاهرة,,,,,,,True,,Sitemap ثم صفحة منتج,https://www.zahranstores.com/en/zahran-stainless-steel-classic-stewpot-with-glass-lid-30cm-330030030-2183,,,لم يُرصد,بانتظار أول رصد سعر,0,,,True,يحتاج تأكيد صفحة المنتج,Exact product URL in Zahran Stores public sitemap; stock not asserted,2026-07-30T00:00:00,2026-07-30T00:00:00
CASH-73AF38BB6850AF,VAR-59729F81184951|EG-079|STORE,MAP-07BBA083AABA793F,VAR-59729F81184951,EG-079,,,EGP,,,,,,,,,,,القاهرة,,,,,,,True,,Sitemap ثم صفحة منتج,https://www.zahranstores.com/en/zahran-stainless-steel-classic-stewpot-with-glass-lid-32cm-330030032-2184,,,لم يُرصد,بانتظار أول رصد سعر,0,,,True,يحتاج تأكيد صفحة المنتج,Exact product URL in Zahran Stores public sitemap; stock not asserted,2026-07-30T00:00:00,2026-07-30T00:00:00
CASH-866F1168E62F57,VAR-D10AC6E52A3D54|EG-079|STORE,MAP-56FCE80994CFF563,VAR-D10AC6E52A3D54,EG-079,,,EGP,,,,,,,,,,,القاهرة,,,,,,,True,,Sitemap ثم صفحة منتج,https://www.zahranstores.com/en/zahran-stainless-steel-optima-stewpot-16cm-330040016-2130,,,لم يُرصد,بانتظار أول رصد سعر,0,,,True,يحتاج تأكيد صفحة المنتج,Exact product URL in Zahran Stores public sitemap; stock not asserted,2026-07-30T00:00:00,2026-07-30T00:00:00
CASH-AD31702AD6C4E4,VAR-42F9EBB0639BF8|EG-079|STORE,MAP-21AEB8E315D6E8B7,VAR-42F9EBB0639BF8,EG-079,,,EGP,,,,,,,,,,,القاهرة,,,,,,,True,,Sitemap ثم صفحة منتج,https://www.zahranstores.com/en/zahran-stainless-steel-optima-stewpot-18cm-330040018-2131,,,لم يُرصد,بانتظار أول رصد سعر,0,,,True,يحتاج تأكيد صفحة المنتج,Exact product URL in Zahran Stores public sitemap; stock not asserted,2026-07-30T00:00:00,2026-07-30T00:00:00
CASH-B70DE7B6112E86,VAR-1A33D9F4E7EE63|EG-079|STORE,MAP-99C6EDCB2BA90107,VAR-1A33D9F4E7EE63,EG-079,,,EGP,,,,,,,,,,,القاهرة,,,,,,,True,,Sitemap ثم صفحة منتج,https://www.zahranstores.com/en/zahran-stainless-steel-optima-stewpot-20cm-330040020-2132,,,لم يُرصد,بانتظار أول رصد سعر,0,,,True,يحتاج تأكيد صفحة المنتج,Exact product URL in Zahran Stores public sitemap; stock not asserted,2026-07-30T00:00:00,2026-07-30T00:00:00
CASH-CD2133BAED7EA6,VAR-3F22A374B5825D|EG-079|STORE,MAP-5884A7015890E999,VAR-3F22A374B5825D,EG-079,,,EGP,,,,,,,,,,,القاهرة,,,,,,,True,,Sitemap ثم صفحة منتج,https://www.zahranstores.com/en/zahran-stainless-steel-optima-stewpot-22cm-330040022-2133,,,لم يُرصد,بانتظار أول رصد سعر,0,,,True,يحتاج تأكيد صفحة المنتج,Exact product URL in Zahran Stores public sitemap; stock not asserted,2026-07-30T00:00:00,2026-07-30T00:00:00
CASH-87C7470FE06696,VAR-389BDD7470C4DF|EG-079|STORE,MAP-B4D98D3078B3E78F,VAR-389BDD7470C4DF,EG-079,,,EGP,,,,,,,,,,,القاهرة,,,,,,,True,,Sitemap ثم صفحة منتج,https://www.zahranstores.com/en/zahran-stainless-steel-optima-stewpot-24cm-330040024-2134,,,لم يُرصد,بانتظار أول رصد سعر,0,,,True,يحتاج تأكيد صفحة المنتج,Exact product URL in Zahran Stores public sitemap; stock not asserted,2026-07-30T00:00:00,2026-07-30T00:00:00
CASH-363FF185D87C30,VAR-9D1EF62B5DC61D|EG-079|STORE,MAP-D60F63792A79FB6D,VAR-9D1EF62B5DC61D,EG-079,,,EGP,,,,,,,,,,,القاهرة,,,,,,,True,,Sitemap ثم صفحة منتج,https://www.zahranstores.com/en/zahran-stainless-steel-optima-stewpot-26cm-330040026-2135,,,لم يُرصد,بانتظار أول رصد سعر,0,,,True,يحتاج تأكيد صفحة المنتج,Exact product URL in Zahran Stores public sitemap; stock not asserted,2026-07-30T00:00:00,2026-07-30T00:00:00
CASH-5F3C8BB620DED2,VAR-481759D604E60E|EG-079|STORE,MAP-38A5E87B6E4703D0,VAR-481759D604E60E,EG-079,,,EGP,,,,,,,,,,,القاهرة,,,,,,,True,,Sitemap ثم صفحة منتج,https://www.zahranstores.com/en/zahran-stainless-steel-optima-stewpot-28cm-330040028-2136,,,لم يُرصد,بانتظار أول رصد سعر,0,,,True,يحتاج تأكيد صفحة المنتج,Exact product URL in Zahran Stores public sitemap; stock not asserted,2026-07-30T00:00:00,2026-07-30T00:00:00
CASH-90A06CAD413D46,VAR-97BB2F4D54E88B|EG-079|STORE,MAP-7D5D1DC46F3F3CD6,VAR-97BB2F4D54E88B,EG-079,,,EGP,,,,,,,,,,,القاهرة,,,,,,,True,,Sitemap ثم صفحة منتج,https://www.zahranstores.com/en/zahran-stainless-steel-optima-stewpot-30cm-330040030-2137,,,لم يُرصد,بانتظار أول رصد سعر,0,,,True,يحتاج تأكيد صفحة المنتج,Exact product URL in Zahran Stores public sitemap; stock not asserted,2026-07-30T00:00:00,2026-07-30T00:00:00
CASH-5D9489E728D7A9,VAR-079495C9F23CE2|EG-079|STORE,MAP-4A0B7AA090C5772A,VAR-079495C9F23CE2,EG-079,,,EGP,,,,,,,,,,,القاهرة,,,,,,,True,,Sitemap ثم صفحة منتج,https://www.zahranstores.com/en/zahran-moderna-stainless-steel-stewpot-16-cm-330090001-2213,,,لم يُرصد,بانتظار أول رصد سعر,0,,,True,يحتاج تأكيد صفحة المنتج,Exact product URL in Zahran Stores public sitemap; stock not asserted,2026-07-30T00:00:00,2026-07-30T00:00:00
CASH-18F48232956592,VAR-90A93136E57ECA|EG-079|STORE,MAP-0ABBFDAEEC0663E4,VAR-90A93136E57ECA,EG-079,,,EGP,,,,,,,,,,,القاهرة,,,,,,,True,,Sitemap ثم صفحة منتج,https://www.zahranstores.com/en/zahran-moderna-stainless-steel-stewpot-18-cm-330090002-2214,,,لم يُرصد,بانتظار أول رصد سعر,0,,,True,يحتاج تأكيد صفحة المنتج,Exact product URL in Zahran Stores public sitemap; stock not asserted,2026-07-30T00:00:00,2026-07-30T00:00:00
CASH-2B04F7A4F158D4,VAR-7036843DD11125|EG-079|STORE,MAP-87AD03FFC2EDAECF,VAR-7036843DD11125,EG-079,,,EGP,,,,,,,,,,,القاهرة,,,,,,,True,,Sitemap ثم صفحة منتج,https://www.zahranstores.com/en/zahran-moderna-stainless-steel-stewpot-20-cm-330090003-2215,,,لم يُرصد,بانتظار أول رصد سعر,0,,,True,يحتاج تأكيد صفحة المنتج,Exact product URL in Zahran Stores public sitemap; stock not asserted,2026-07-30T00:00:00,2026-07-30T00:00:00
CASH-944DDD0BF26237,VAR-A41759CAE65D33|EG-079|STORE,MAP-FDB34A05C23DDEAF,VAR-A41759CAE65D33,EG-079,,,EGP,,,,,,,,,,,القاهرة,,,,,,,True,,Sitemap ثم صفحة منتج,https://www.zahranstores.com/en/zahran-moderna-stainless-steel-stewpot-24-cm-330090005-2217,,,لم يُرصد,بانتظار أول رصد سعر,0,,,True,يحتاج تأكيد صفحة المنتج,Exact product URL in Zahran Stores public sitemap; stock not asserted,2026-07-30T00:00:00,2026-07-30T00:00:00
CASH-5B43DBC5441259,VAR-382D961EA8784E|EG-079|STORE,MAP-9AFA68F788E38D4F,VAR-382D961EA8784E,EG-079,,,EGP,,,,,,,,,,,القاهرة,,,,,,,True,,Sitemap ثم صفحة منتج,https://www.zahranstores.com/en/zahran-moderna-stainless-steel-stewpot-26-cm-330090006-2218,,,لم يُرصد,بانتظار أول رصد سعر,0,,,True,يحتاج تأكيد صفحة المنتج,Exact product URL in Zahran Stores public sitemap; stock not asserted,2026-07-30T00:00:00,2026-07-30T00:00:00
CASH-F10476D5B46DD3,VAR-ACE0DFF95D6FD6|EG-079|STORE,MAP-549C40235402BF5C,VAR-ACE0DFF95D6FD6,EG-079,,,EGP,,,,,,,,,,,القاهرة,,,,,,,True,,Sitemap ثم صفحة منتج,https://www.zahranstores.com/en/zahran-moderna-stainless-steel-stewpot-28-cm-330090007-2219,,,لم يُرصد,بانتظار أول رصد سعر,0,,,True,يحتاج تأكيد صفحة المنتج,Exact product URL in Zahran Stores public sitemap; stock not asserted,2026-07-30T00:00:00,2026-07-30T00:00:00
CASH-628D3C433C4CF7,VAR-C0AE5316E7C717|EG-079|STORE,MAP-22187027988B1C47,VAR-C0AE5316E7C717,EG-079,,,EGP,,,,,,,,,,,القاهرة,,,,,,,True,,Sitemap ثم صفحة منتج,https://www.zahranstores.com/en/zahran-stainless-steel-classic-pastapot-22-330013022-2157,,,لم يُرصد,بانتظار أول رصد سعر,0,,,True,يحتاج تأكيد صفحة المنتج,Exact product URL in Zahran Stores public sitemap; stock not asserted,2026-07-30T00:00:00,2026-07-30T00:00:00
CASH-85FD79C4D7BEF3,VAR-F6E5AB4FF759CF|EG-060|STORE,MAP-B70D21F4D1B443B1,VAR-F6E5AB4FF759CF,EG-060,,,EGP,,,,,,,,,,,القاهرة,,,,,,,True,,JSON-LD,https://www.ikea.com/eg/en/p/hundhaj-spice-rack-green-70601692,,,لم يُرصد,بانتظار أول رصد سعر,0,,,True,يحتاج اكتشاف رابط المنتج,الاسم ورقم الصنف والمواصفات الظاهرة مأخوذة من قائمة JSON-LD الرسمية للفئة في IKEA Egypt؛ لم تُنقل أي أسعار.,2026-07-30T00:00:00,2026-07-30T00:00:00
CASH-B28A4A362CAADF,VAR-48616C0C61C10C|EG-079|STORE,MAP-1C5C1B9D532E0D63,VAR-48616C0C61C10C,EG-079,,,EGP,,,,,,,,,,,القاهرة,,,,,,,True,,Sitemap ثم صفحة منتج,https://www.zahranstores.com/en/tefal-bludrop-sleeve-drinking-bottle-05-liter-green-n3110610-1961,,,لم يُرصد,بانتظار أول رصد سعر,0,,,True,يحتاج تأكيد صفحة المنتج,Exact product URL in Zahran Stores public sitemap; stock not asserted,2026-07-30T00:00:00,2026-07-30T00:00:00
CASH-D4E9BE62AE5F88,VAR-6E49FA0F943B5B|EG-079|STORE,MAP-36996BC7439075C7,VAR-6E49FA0F943B5B,EG-079,,,EGP,,,,,,,,,,,القاهرة,,,,,,,True,,Sitemap ثم صفحة منتج,https://www.zahranstores.com/en/tefal-bludrop-sleeve-drinking-bottle-07-liter-black-n3110910-2350,,,لم يُرصد,بانتظار أول رصد سعر,0,,,True,يحتاج تأكيد صفحة المنتج,Exact product URL in Zahran Stores public sitemap; stock not asserted,2026-07-30T00:00:00,2026-07-30T00:00:00
CASH-54F6672EADED7C,VAR-CE6017D73A6244|EG-060|STORE,MAP-1B8F4E8DA5F7F5A7,VAR-CE6017D73A6244,EG-060,,,EGP,,,,,,,,,,,القاهرة,,,,,,,True,,JSON-LD,https://www.ikea.com/eg/en/p/behoevd-vacuum-flask-light-green-beige-70353890,,,لم يُرصد,بانتظار أول رصد سعر,0,,,True,يحتاج اكتشاف رابط المنتج,الاسم ورقم الصنف والمواصفات الظاهرة مأخوذة من قائمة JSON-LD الرسمية للفئة في IKEA Egypt؛ لم تُنقل أي أسعار.,2026-07-30T00:00:00,2026-07-30T00:00:00
CASH-84916A555CFDF6,VAR-8675F4A36CC083|EG-060|STORE,MAP-D507EF294EDF231E,VAR-8675F4A36CC083,EG-060,,,EGP,,,,,,,,,,,القاهرة,,,,,,,True,,JSON-LD,https://www.ikea.com/eg/en/p/envaeldig-insulated-travel-mug-stainless-steel-black-80511525,,,لم يُرصد,بانتظار أول رصد سعر,0,,,True,يحتاج اكتشاف رابط المنتج,الاسم ورقم الصنف والمواصفات الظاهرة مأخوذة من قائمة JSON-LD الرسمية للفئة في IKEA Egypt؛ لم تُنقل أي أسعار.,2026-07-30T00:00:00,2026-07-30T00:00:00
CASH-C07C5B6EEB759F,VAR-F51619EB8843F3|EG-060|STORE,MAP-A93184058352D9F2,VAR-F51619EB8843F3,EG-060,,,EGP,,,,,,,,,,,القاهرة,,,,,,,True,,JSON-LD,https://www.ikea.com/eg/en/p/korken-bottle-with-stopper-clear-glass-30213552,,,لم يُرصد,بانتظار أول رصد سعر,0,,,True,يحتاج اكتشاف رابط المنتج,الاسم ورقم الصنف والمواصفات الظاهرة مأخوذة من قائمة JSON-LD الرسمية للفئة في IKEA Egypt؛ لم تُنقل أي أسعار.,2026-07-30T00:00:00,2026-07-30T00:00:00
CASH-08105347E83A06,VAR-D39405E5C28B84|EG-060|STORE,MAP-6934BAE86CCFD536,VAR-D39405E5C28B84,EG-060,,,EGP,,,,,,,,,,,القاهرة,,,,,,,True,,JSON-LD,https://www.ikea.com/eg/en/p/korken-bottle-with-stopper-clear-glass-80476334,,,لم يُرصد,بانتظار أول رصد سعر,0,,,True,يحتاج اكتشاف رابط المنتج,الاسم ورقم الصنف والمواصفات الظاهرة مأخوذة من قائمة JSON-LD الرسمية للفئة في IKEA Egypt؛ لم تُنقل أي أسعار.,2026-07-30T00:00:00,2026-07-30T00:00:00
CASH-ED1F3B03817804,VAR-F175E5F6A28374|EG-060|STORE,MAP-C09037BA7551D833,VAR-F175E5F6A28374,EG-060,,,EGP,,,,,,,,,,,القاهرة,,,,,,,True,,JSON-LD,https://www.ikea.com/eg/en/p/undersoeka-insulated-travel-mug-black-30497268,,,لم يُرصد,بانتظار أول رصد سعر,0,,,True,يحتاج اكتشاف رابط المنتج,الاسم ورقم الصنف والمواصفات الظاهرة مأخوذة من قائمة JSON-LD الرسمية للفئة في IKEA Egypt؛ لم تُنقل أي أسعار.,2026-07-30T00:00:00,2026-07-30T00:00:00
CASH-9D3E057D192D56,VAR-AB5833A772A163|EG-063|STORE,MAP-088E234DC1A72BEF,VAR-AB5833A772A163,EG-063,,,EGP,,,,,,,,,,,القاهرة,,,,,,,True,,تغذية منتجات,https://mintra.eg/products/water-bottle-1-l,,,لم يُرصد,بانتظار أول رصد سعر,0,,,True,جاهز لأول رصد,الموديل والنسخة ورقم SKU مأخوذة من خلاصة المنتجات الرسمية لمتجر Mintra؛ لم تُنقل أي أسعار.,2026-07-30T00:00:00,2026-07-30T00:00:00
CASH-55CA84410882DE,VAR-892E18420E1C25|EG-063|STORE,MAP-4281E405F333C2A6,VAR-892E18420E1C25,EG-063,,,EGP,,,,,,,,,,,القاهرة,,,,,,,True,,تغذية منتجات,https://mintra.eg/products/water-bottle-1-l,,,لم يُرصد,بانتظار أول رصد سعر,0,,,True,جاهز لأول رصد,الموديل والنسخة ورقم SKU مأخوذة من خلاصة المنتجات الرسمية لمتجر Mintra؛ لم تُنقل أي أسعار.,2026-07-30T00:00:00,2026-07-30T00:00:00
CASH-5DFA06964A6415,VAR-F0001CBCFF7335|EG-063|STORE,MAP-BB3C3D162655548D,VAR-F0001CBCFF7335,EG-063,,,EGP,,,,,,,,,,,القاهرة,,,,,,,True,,تغذية منتجات,https://mintra.eg/products/water-bottle-1-l,,,لم يُرصد,بانتظار أول رصد سعر,0,,,True,جاهز لأول رصد,الموديل والنسخة ورقم SKU مأخوذة من خلاصة المنتجات الرسمية لمتجر Mintra؛ لم تُنقل أي أسعار.,2026-07-30T00:00:00,2026-07-30T00:00:00
CASH-E8B009EE8A4A61,VAR-DA56CDB87D7F1A|EG-063|STORE,MAP-E08969E151CF7808,VAR-DA56CDB87D7F1A,EG-063,,,EGP,,,,,,,,,,,القاهرة,,,,,,,True,,تغذية منتجات,https://mintra.eg/products/water-bottle-1-l,,,لم يُرصد,بانتظار أول رصد سعر,0,,,True,جاهز لأول رصد,الموديل والنسخة ورقم SKU مأخوذة من خلاصة المنتجات الرسمية لمتجر Mintra؛ لم تُنقل أي أسعار.,2026-07-30T00:00:00,2026-07-30T00:00:00
CASH-1001E4A34A6365,VAR-0E16EAE1BFA2A6|EG-063|STORE,MAP-8BB20CE7BA66610E,VAR-0E16EAE1BFA2A6,EG-063,,,EGP,,,,,,,,,,,القاهرة,,,,,,,True,,تغذية منتجات,https://mintra.eg/products/water-bottle-1-l,,,لم يُرصد,بانتظار أول رصد سعر,0,,,True,جاهز لأول رصد,الموديل والنسخة ورقم SKU مأخوذة من خلاصة المنتجات الرسمية لمتجر Mintra؛ لم تُنقل أي أسعار.,2026-07-30T00:00:00,2026-07-30T00:00:00
CASH-383AADC8FFC619,VAR-1369AA0066AB82|EG-063|STORE,MAP-6C475B0B9BBD1FC6,VAR-1369AA0066AB82,EG-063,,,EGP,,,,,,,,,,,القاهرة,,,,,,,True,,تغذية منتجات,https://mintra.eg/products/water-bottle-1-l-with-straw,,,لم يُرصد,بانتظار أول رصد سعر,0,,,True,جاهز لأول رصد,الموديل والنسخة ورقم SKU مأخوذة من خلاصة المنتجات الرسمية لمتجر Mintra؛ لم تُنقل أي أسعار.,2026-07-30T00:00:00,2026-07-30T00:00:00
CASH-2B194F2EF8E9F3,VAR-D91E47AAEBF0FC|EG-063|STORE,MAP-4F875FFE3AA5FFAF,VAR-D91E47AAEBF0FC,EG-063,,,EGP,,,,,,,,,,,القاهرة,,,,,,,True,,تغذية منتجات,https://mintra.eg/products/water-bottle-1-l-with-straw,,,لم يُرصد,بانتظار أول رصد سعر,0,,,True,جاهز لأول رصد,الموديل والنسخة ورقم SKU مأخوذة من خلاصة المنتجات الرسمية لمتجر Mintra؛ لم تُنقل أي أسعار.,2026-07-30T00:00:00,2026-07-30T00:00:00
CASH-7E80A10F586A1A,VAR-5F91A97FF97303|EG-063|STORE,MAP-AEADE1804EEED5E9,VAR-5F91A97FF97303,EG-063,,,EGP,,,,,,,,,,,القاهرة,,,,,,,True,,تغذية منتجات,https://mintra.eg/products/water-bottle-1-l-with-straw,,,لم يُرصد,بانتظار أول رصد سعر,0,,,True,جاهز لأول رصد,الموديل والنسخة ورقم SKU مأخوذة من خلاصة المنتجات الرسمية لمتجر Mintra؛ لم تُنقل أي أسعار.,2026-07-30T00:00:00,2026-07-30T00:00:00
CASH-25AD2345AD0907,VAR-D21F2A7AC19D1E|EG-063|STORE,MAP-7F08AA4D756BA540,VAR-D21F2A7AC19D1E,EG-063,,,EGP,,,,,,,,,,,القاهرة,,,,,,,True,,تغذية منتجات,https://mintra.eg/products/water-bottle-1-l-with-straw,,,لم يُرصد,بانتظار أول رصد سعر,0,,,True,جاهز لأول رصد,الموديل والنسخة ورقم SKU مأخوذة من خلاصة المنتجات الرسمية لمتجر Mintra؛ لم تُنقل أي أسعار.,2026-07-30T00:00:00,2026-07-30T00:00:00
CASH-D2C28DF74412E7,VAR-BEEBF9E3DD2792|EG-063|STORE,MAP-120A052C917457A3,VAR-BEEBF9E3DD2792,EG-063,,,EGP,,,,,,,,,,,القاهرة,,,,,,,True,,تغذية منتجات,https://mintra.eg/products/water-bottle-1-l-with-straw,,,لم يُرصد,بانتظار أول رصد سعر,0,,,True,جاهز لأول رصد,الموديل والنسخة ورقم SKU مأخوذة من خلاصة المنتجات الرسمية لمتجر Mintra؛ لم تُنقل أي أسعار.,2026-07-30T00:00:00,2026-07-30T00:00:00
CASH-94B005373AD553,VAR-0EC005DEC93CC3|EG-063|STORE,MAP-9361A7A70D0326B2,VAR-0EC005DEC93CC3,EG-063,,,EGP,,,,,,,,,,,القاهرة,,,,,,,True,,تغذية منتجات,https://mintra.eg/products/water-bottle-1-l-_-%C2%A9-_o%C9%AF_oeo_-%C2%A9-o%C9%AF-a,,,لم يُرصد,بانتظار أول رصد سعر,0,,,True,جاهز لأول رصد,الموديل والنسخة ورقم SKU مأخوذة من خلاصة المنتجات الرسمية لمتجر Mintra؛ لم تُنقل أي أسعار.,2026-07-30T00:00:00,2026-07-30T00:00:00
CASH-F5B7152DDAC53F,VAR-EA425914D84A19|EG-063|STORE,MAP-61BFBD6EFE846771,VAR-EA425914D84A19,EG-063,,,EGP,,,,,,,,,,,القاهرة,,,,,,,True,,تغذية منتجات,https://mintra.eg/products/water-bottle-1-l-_-%C2%A9-_o%C9%AF_oeo_-%C2%A9-o%C9%AF-a,,,لم يُرصد,بانتظار أول رصد سعر,0,,,True,جاهز لأول رصد,الموديل والنسخة ورقم SKU مأخوذة من خلاصة المنتجات الرسمية لمتجر Mintra؛ لم تُنقل أي أسعار.,2026-07-30T00:00:00,2026-07-30T00:00:00
CASH-50BB17AD195333,VAR-9083E3ADC5729F|EG-063|STORE,MAP-22669D81502E03B3,VAR-9083E3ADC5729F,EG-063,,,EGP,,,,,,,,,,,القاهرة,,,,,,,True,,تغذية منتجات,https://mintra.eg/products/water-bottle-1-l-_-%C2%A9-_o%C9%AF_oeo_-%C2%A9-o%C9%AF-a,,,لم يُرصد,بانتظار أول رصد سعر,0,,,True,جاهز لأول رصد,الموديل والنسخة ورقم SKU مأخوذة من خلاصة المنتجات الرسمية لمتجر Mintra؛ لم تُنقل أي أسعار.,2026-07-30T00:00:00,2026-07-30T00:00:00
CASH-6E287F97D754E5,VAR-563B4465306A10|EG-063|STORE,MAP-78D9BAAA1DFC2760,VAR-563B4465306A10,EG-063,,,EGP,,,,,,,,,,,القاهرة,,,,,,,True,,تغذية منتجات,https://mintra.eg/products/water-bottle-1-l-_-%C2%A9-_o%C9%AF_oeo_-%C2%A9-o%C9%AF-a,,,لم يُرصد,بانتظار أول رصد سعر,0,,,True,جاهز لأول رصد,الموديل والنسخة ورقم SKU مأخوذة من خلاصة المنتجات الرسمية لمتجر Mintra؛ لم تُنقل أي أسعار.,2026-07-30T00:00:00,2026-07-30T00:00:00
CASH-403173846C4937,VAR-CE98EA3AEC0F6B|EG-063|STORE,MAP-00CE1F9E84B875E0,VAR-CE98EA3AEC0F6B,EG-063,,,EGP,,,,,,,,,,,القاهرة,,,,,,,True,,تغذية منتجات,https://mintra.eg/products/water-bottle-1-l-_-%C2%A9-_o%C9%AF_oeo_-%C2%A9-o%C9%AF-a,,,لم يُرصد,بانتظار أول رصد سعر,0,,,True,جاهز لأول رصد,الموديل والنسخة ورقم SKU مأخوذة من خلاصة المنتجات الرسمية لمتجر Mintra؛ لم تُنقل أي أسعار.,2026-07-30T00:00:00,2026-07-30T00:00:00
CASH-D8BC84C61B1885,VAR-B547C2B85D375F|EG-063|STORE,MAP-040183549D67DAF7,VAR-B547C2B85D375F,EG-063,,,EGP,,,,,,,,,,,القاهرة,,,,,,,True,,تغذية منتجات,https://mintra.eg/products/water-bottle-1-l-_-%C2%A9-_o%C9%AF_oeo_-%C2%A9-o%C9%AF-a,,,لم يُرصد,بانتظار أول رصد سعر,0,,,True,جاهز لأول رصد,الموديل والنسخة ورقم SKU مأخوذة من خلاصة المنتجات الرسمية لمتجر Mintra؛ لم تُنقل أي أسعار.,2026-07-30T00:00:00,2026-07-30T00:00:00
CASH-3363A7AB475145,VAR-5996330959BC1A|EG-063|STORE,MAP-012CD18A83183700,VAR-5996330959BC1A,EG-063,,,EGP,,,,,,,,,,,القاهرة,,,,,,,True,,تغذية منتجات,https://mintra.eg/products/water-bottle-1-l-_-%C2%A9-_o%C9%AF_oeo_-%C2%A9-o%C9%AF-a,,,لم يُرصد,بانتظار أول رصد سعر,0,,,True,جاهز لأول رصد,الموديل والنسخة ورقم SKU مأخوذة من خلاصة المنتجات الرسمية لمتجر Mintra؛ لم تُنقل أي أسعار.,2026-07-30T00:00:00,2026-07-30T00:00:00
CASH-C146AD39E810CA,VAR-A0E28F7E35542D|EG-063|STORE,MAP-C02C152F1CCE5256,VAR-A0E28F7E35542D,EG-063,,,EGP,,,,,,,,,,,القاهرة,,,,,,,True,,تغذية منتجات,https://mintra.eg/products/water-bottle-1-l-_-%C2%A9-_o%C9%AF_oeo_-%C2%A9-o%C9%AF-a,,,لم يُرصد,بانتظار أول رصد سعر,0,,,True,جاهز لأول رصد,الموديل والنسخة ورقم SKU مأخوذة من خلاصة المنتجات الرسمية لمتجر Mintra؛ لم تُنقل أي أسعار.,2026-07-30T00:00:00,2026-07-30T00:00:00
CASH-2AEDB483B09194,VAR-867BBFCA638343|EG-063|STORE,MAP-0FEFF9EECEB89DD5,VAR-867BBFCA638343,EG-063,,,EGP,,,,,,,,,,,القاهرة,,,,,,,True,,تغذية منتجات,https://mintra.eg/products/water-bottle-1-l-_-%C2%A9-_o%C9%AF_oeo_-%C2%A9-o%C9%AF-a,,,لم يُرصد,بانتظار أول رصد سعر,0,,,True,جاهز لأول رصد,الموديل والنسخة ورقم SKU مأخوذة من خلاصة المنتجات الرسمية لمتجر Mintra؛ لم تُنقل أي أسعار.,2026-07-30T00:00:00,2026-07-30T00:00:00
CASH-0E34873A7BE9A0,VAR-4B72A1F6E18E02|EG-063|STORE,MAP-521D89E84265B2EB,VAR-4B72A1F6E18E02,EG-063,,,EGP,,,,,,,,,,,القاهرة,,,,,,,True,,تغذية منتجات,https://mintra.eg/products/water-bottle-1-l-_-%C2%A9-_o%C9%AF_oeo_-%C2%A9-o%C9%AF-a,,,لم يُرصد,بانتظار أول رصد سعر,0,,,True,جاهز لأول رصد,الموديل والنسخة ورقم SKU مأخوذة من خلاصة المنتجات الرسمية لمتجر Mintra؛ لم تُنقل أي أسعار.,2026-07-30T00:00:00,2026-07-30T00:00:00
CASH-78E7562E8BA839,VAR-91E82E5FFD3E22|EG-063|STORE,MAP-F906A915D5FEB5DA,VAR-91E82E5FFD3E22,EG-063,,,EGP,,,,,,,,,,,القاهرة,,,,,,,True,,تغذية منتجات,https://mintra.eg/products/water-bottle-1-l-_-%C2%A9-_o%C9%AF_oeo_-%C2%A9-o%C9%AF-a,,,لم يُرصد,بانتظار أول رصد سعر,0,,,True,جاهز لأول رصد,الموديل والنسخة ورقم SKU مأخوذة من خلاصة المنتجات الرسمية لمتجر Mintra؛ لم تُنقل أي أسعار.,2026-07-30T00:00:00,2026-07-30T00:00:00
CASH-1D659ABD7D5E69,VAR-93E82FF59FDC15|EG-063|STORE,MAP-4B6183C523485879,VAR-93E82FF59FDC15,EG-063,,,EGP,,,,,,,,,,,القاهرة,,,,,,,True,,تغذية منتجات,https://mintra.eg/products/water-bottle-500-ml-with-straw-kids-size,,,لم يُرصد,بانتظار أول رصد سعر,0,,,True,جاهز لأول رصد,الموديل والنسخة ورقم SKU مأخوذة من خلاصة المنتجات الرسمية لمتجر Mintra؛ لم تُنقل أي أسعار.,2026-07-30T00:00:00,2026-07-30T00:00:00
CASH-D746EB622E4894,VAR-38072546763FB0|EG-063|STORE,MAP-547CAF38BF44A56B,VAR-38072546763FB0,EG-063,,,EGP,,,,,,,,,,,القاهرة,,,,,,,True,,تغذية منتجات,https://mintra.eg/products/water-bottle-500-ml-with-straw-kids-size,,,لم يُرصد,بانتظار أول رصد سعر,0,,,True,جاهز لأول رصد,الموديل والنسخة ورقم SKU مأخوذة من خلاصة المنتجات الرسمية لمتجر Mintra؛ لم تُنقل أي أسعار.,2026-07-30T00:00:00,2026-07-30T00:00:00
CASH-55BAA9E54A8DB1,VAR-BE97704B9E2E21|EG-063|STORE,MAP-E5BD841A0509A946,VAR-BE97704B9E2E21,EG-063,,,EGP,,,,,,,,,,,القاهرة,,,,,,,True,,تغذية منتجات,https://mintra.eg/products/water-bottle-500-ml-with-straw-kids-size,,,لم يُرصد,بانتظار أول رصد سعر,0,,,True,جاهز لأول رصد,الموديل والنسخة ورقم SKU مأخوذة من خلاصة المنتجات الرسمية لمتجر Mintra؛ لم تُنقل أي أسعار.,2026-07-30T00:00:00,2026-07-30T00:00:00
CASH-3B29BD6FC7CE37,VAR-407E6DD91ECCF9|EG-063|STORE,MAP-5EAF67E7D0D19BEE,VAR-407E6DD91ECCF9,EG-063,,,EGP,,,,,,,,,,,القاهرة,,,,,,,True,,تغذية منتجات,https://mintra.eg/products/water-bottle-500-ml-with-straw-kids-size,,,لم يُرصد,بانتظار أول رصد سعر,0,,,True,جاهز لأول رصد,الموديل والنسخة ورقم SKU مأخوذة من خلاصة المنتجات الرسمية لمتجر Mintra؛ لم تُنقل أي أسعار.,2026-07-30T00:00:00,2026-07-30T00:00:00
CASH-9E7568612581C3,VAR-A6CECB38E49CB2|EG-063|STORE,MAP-75241C0DF8C93C11,VAR-A6CECB38E49CB2,EG-063,,,EGP,,,,,,,,,,,القاهرة,,,,,,,True,,تغذية منتجات,https://mintra.eg/products/water-bottle-500-ml-with-straw-kids-size,,,لم يُرصد,بانتظار أول رصد سعر,0,,,True,جاهز لأول رصد,الموديل والنسخة ورقم SKU مأخوذة من خلاصة المنتجات الرسمية لمتجر Mintra؛ لم تُنقل أي أسعار.,2026-07-30T00:00:00,2026-07-30T00:00:00
CASH-6F533B5BAEA461,VAR-6C6A184AFCDAB3|EG-063|STORE,MAP-9502FE812BCBF43A,VAR-6C6A184AFCDAB3,EG-063,,,EGP,,,,,,,,,,,القاهرة,,,,,,,True,,تغذية منتجات,https://mintra.eg/products/water-bottle-500-ml-with-straw-kids-size,,,لم يُرصد,بانتظار أول رصد سعر,0,,,True,جاهز لأول رصد,الموديل والنسخة ورقم SKU مأخوذة من خلاصة المنتجات الرسمية لمتجر Mintra؛ لم تُنقل أي أسعار.,2026-07-30T00:00:00,2026-07-30T00:00:00
CASH-0674271624ED4B,VAR-C9D24890028ABB|EG-063|STORE,MAP-64C156935520843D,VAR-C9D24890028ABB,EG-063,,,EGP,,,,,,,,,,,القاهرة,,,,,,,True,,تغذية منتجات,https://mintra.eg/products/water-bottle-500-ml-kids-size-_-%C2%A9-_o%C9%AF_oeo_-%C2%A9-o%C9%AF-a,,,لم يُرصد,بانتظار أول رصد سعر,0,,,True,جاهز لأول رصد,الموديل والنسخة ورقم SKU مأخوذة من خلاصة المنتجات الرسمية لمتجر Mintra؛ لم تُنقل أي أسعار.,2026-07-30T00:00:00,2026-07-30T00:00:00
CASH-FC2D55ABBD8FA6,VAR-6AD46AFADC281B|EG-063|STORE,MAP-E6DC937274B5504C,VAR-6AD46AFADC281B,EG-063,,,EGP,,,,,,,,,,,القاهرة,,,,,,,True,,تغذية منتجات,https://mintra.eg/products/water-bottle-500-ml-kids-size-_-%C2%A9-_o%C9%AF_oeo_-%C2%A9-o%C9%AF-a,,,لم يُرصد,بانتظار أول رصد سعر,0,,,True,جاهز لأول رصد,الموديل والنسخة ورقم SKU مأخوذة من خلاصة المنتجات الرسمية لمتجر Mintra؛ لم تُنقل أي أسعار.,2026-07-30T00:00:00,2026-07-30T00:00:00
CASH-22E3C977AAA218,VAR-1D0428CFE3710B|EG-063|STORE,MAP-F5971650C9E42E0D,VAR-1D0428CFE3710B,EG-063,,,EGP,,,,,,,,,,,القاهرة,,,,,,,True,,تغذية منتجات,https://mintra.eg/products/water-bottle-500-ml-kids-size-_-%C2%A9-_o%C9%AF_oeo_-%C2%A9-o%C9%AF-a,,,لم يُرصد,بانتظار أول رصد سعر,0,,,True,جاهز لأول رصد,الموديل والنسخة ورقم SKU مأخوذة من خلاصة المنتجات الرسمية لمتجر Mintra؛ لم تُنقل أي أسعار.,2026-07-30T00:00:00,2026-07-30T00:00:00
CASH-5E979C4AE75D16,VAR-F4B47504474A28|EG-063|STORE,MAP-48E36F0BA16EE95F,VAR-F4B47504474A28,EG-063,,,EGP,,,,,,,,,,,القاهرة,,,,,,,True,,تغذية منتجات,https://mintra.eg/products/water-bottle-500-ml-kids-size-_-%C2%A9-_o%C9%AF_oeo_-%C2%A9-o%C9%AF-a,,,لم يُرصد,بانتظار أول رصد سعر,0,,,True,جاهز لأول رصد,الموديل والنسخة ورقم SKU مأخوذة من خلاصة المنتجات الرسمية لمتجر Mintra؛ لم تُنقل أي أسعار.,2026-07-30T00:00:00,2026-07-30T00:00:00
CASH-ADA9DA11916AC3,VAR-4975F5F1CBC3AE|EG-063|STORE,MAP-129A46DE4F107B62,VAR-4975F5F1CBC3AE,EG-063,,,EGP,,,,,,,,,,,القاهرة,,,,,,,True,,تغذية منتجات,https://mintra.eg/products/water-bottle-500-ml-kids-size-_-%C2%A9-_o%C9%AF_oeo_-%C2%A9-o%C9%AF-a,,,لم يُرصد,بانتظار أول رصد سعر,0,,,True,جاهز لأول رصد,الموديل والنسخة ورقم SKU مأخوذة من خلاصة المنتجات الرسمية لمتجر Mintra؛ لم تُنقل أي أسعار.,2026-07-30T00:00:00,2026-07-30T00:00:00
CASH-0F44BE0F0B38C1,VAR-9D28C9627418E3|EG-063|STORE,MAP-BE486E51ED6FDDD9,VAR-9D28C9627418E3,EG-063,,,EGP,,,,,,,,,,,القاهرة,,,,,,,True,,تغذية منتجات,https://mintra.eg/products/water-bottle-500-ml-kids-size-_-%C2%A9-_o%C9%AF_oeo_-%C2%A9-o%C9%AF-a,,,لم يُرصد,بانتظار أول رصد سعر,0,,,True,جاهز لأول رصد,الموديل والنسخة ورقم SKU مأخوذة من خلاصة المنتجات الرسمية لمتجر Mintra؛ لم تُنقل أي أسعار.,2026-07-30T00:00:00,2026-07-30T00:00:00
CASH-0865D6EC5767E8,VAR-89ED1EC4D11797|EG-063|STORE,MAP-B70FBCFD39C0F9CE,VAR-89ED1EC4D11797,EG-063,,,EGP,,,,,,,,,,,القاهرة,,,,,,,True,,تغذية منتجات,https://mintra.eg/products/water-bottle-500-ml-kids-size-_-%C2%A9-_o%C9%AF_oeo_-%C2%A9-o%C9%AF-a,,,لم يُرصد,بانتظار أول رصد سعر,0,,,True,جاهز لأول رصد,الموديل والنسخة ورقم SKU مأخوذة من خلاصة المنتجات الرسمية لمتجر Mintra؛ لم تُنقل أي أسعار.,2026-07-30T00:00:00,2026-07-30T00:00:00
CASH-35D71E5BDA17C7,VAR-60D890EADDAF27|EG-063|STORE,MAP-75195DC3ACCDE861,VAR-60D890EADDAF27,EG-063,,,EGP,,,,,,,,,,,القاهرة,,,,,,,True,,تغذية منتجات,https://mintra.eg/products/water-bottle-500-ml-kids-size-_-%C2%A9-_o%C9%AF_oeo_-%C2%A9-o%C9%AF-a,,,لم يُرصد,بانتظار أول رصد سعر,0,,,True,جاهز لأول رصد,الموديل والنسخة ورقم SKU مأخوذة من خلاصة المنتجات الرسمية لمتجر Mintra؛ لم تُنقل أي أسعار.,2026-07-30T00:00:00,2026-07-30T00:00:00
CASH-45FFB48454336D,VAR-730E08002EF095|EG-063|STORE,MAP-DDFBACE4859FBB28,VAR-730E08002EF095,EG-063,,,EGP,,,,,,,,,,,القاهرة,,,,,,,True,,تغذية منتجات,https://mintra.eg/products/water-bottle-500-ml-kids-size-_-%C2%A9-_o%C9%AF_oeo_-%C2%A9-o%C9%AF-a,,,لم يُرصد,بانتظار أول رصد سعر,0,,,True,جاهز لأول رصد,الموديل والنسخة ورقم SKU مأخوذة من خلاصة المنتجات الرسمية لمتجر Mintra؛ لم تُنقل أي أسعار.,2026-07-30T00:00:00,2026-07-30T00:00:00
CASH-6F4F34AAB32529,VAR-058E6E6753C4B4|EG-063|STORE,MAP-290FD55975DF94BB,VAR-058E6E6753C4B4,EG-063,,,EGP,,,,,,,,,,,القاهرة,,,,,,,True,,تغذية منتجات,https://mintra.eg/products/water-bottle-500-ml-kids-size-_-%C2%A9-_o%C9%AF_oeo_-%C2%A9-o%C9%AF-a,,,لم يُرصد,بانتظار أول رصد سعر,0,,,True,جاهز لأول رصد,الموديل والنسخة ورقم SKU مأخوذة من خلاصة المنتجات الرسمية لمتجر Mintra؛ لم تُنقل أي أسعار.,2026-07-30T00:00:00,2026-07-30T00:00:00
CASH-D4D78C371B20B6,VAR-FB0D0A2EB5D8DA|EG-063|STORE,MAP-DC7B6878A9FCEE2F,VAR-FB0D0A2EB5D8DA,EG-063,,,EGP,,,,,,,,,,,القاهرة,,,,,,,True,,تغذية منتجات,https://mintra.eg/products/water-bottle-500-ml-kids-size-_-%C2%A9-_o%C9%AF_oeo_-%C2%A9-o%C9%AF-a,,,لم يُرصد,بانتظار أول رصد سعر,0,,,True,جاهز لأول رصد,الموديل والنسخة ورقم SKU مأخوذة من خلاصة المنتجات الرسمية لمتجر Mintra؛ لم تُنقل أي أسعار.,2026-07-30T00:00:00,2026-07-30T00:00:00
CASH-1B42FFAE7CD5A7,VAR-B478A58536EA6A|EG-063|STORE,MAP-37C77613D3F4B50D,VAR-B478A58536EA6A,EG-063,,,EGP,,,,,,,,,,,القاهرة,,,,,,,True,,تغذية منتجات,https://mintra.eg/products/water-bottle-650-ml,,,لم يُرصد,بانتظار أول رصد سعر,0,,,True,جاهز لأول رصد,الموديل والنسخة ورقم SKU مأخوذة من خلاصة المنتجات الرسمية لمتجر Mintra؛ لم تُنقل أي أسعار.,2026-07-30T00:00:00,2026-07-30T00:00:00
CASH-672C9AA8C24B21,VAR-BD1D46DB6FFC60|EG-063|STORE,MAP-C643DDDFCA586903,VAR-BD1D46DB6FFC60,EG-063,,,EGP,,,,,,,,,,,القاهرة,,,,,,,True,,تغذية منتجات,https://mintra.eg/products/water-bottle-650-ml,,,لم يُرصد,بانتظار أول رصد سعر,0,,,True,جاهز لأول رصد,الموديل والنسخة ورقم SKU مأخوذة من خلاصة المنتجات الرسمية لمتجر Mintra؛ لم تُنقل أي أسعار.,2026-07-30T00:00:00,2026-07-30T00:00:00
CASH-E5E1E3CAB25384,VAR-3A3418A2058AF9|EG-063|STORE,MAP-D6F767453E296772,VAR-3A3418A2058AF9,EG-063,,,EGP,,,,,,,,,,,القاهرة,,,,,,,True,,تغذية منتجات,https://mintra.eg/products/water-bottle-650-ml,,,لم يُرصد,بانتظار أول رصد سعر,0,,,True,جاهز لأول رصد,الموديل والنسخة ورقم SKU مأخوذة من خلاصة المنتجات الرسمية لمتجر Mintra؛ لم تُنقل أي أسعار.,2026-07-30T00:00:00,2026-07-30T00:00:00
CASH-43B10AC3A7446A,VAR-917A35D19F8CB6|EG-063|STORE,MAP-63FACD1C2724AFC6,VAR-917A35D19F8CB6,EG-063,,,EGP,,,,,,,,,,,القاهرة,,,,,,,True,,تغذية منتجات,https://mintra.eg/products/water-bottle-650-ml,,,لم يُرصد,بانتظار أول رصد سعر,0,,,True,جاهز لأول رصد,الموديل والنسخة ورقم SKU مأخوذة من خلاصة المنتجات الرسمية لمتجر Mintra؛ لم تُنقل أي أسعار.,2026-07-30T00:00:00,2026-07-30T00:00:00
CASH-72CF47E25B9C46,VAR-121D3DF23AC93A|EG-063|STORE,MAP-23D1BB6FCD79806E,VAR-121D3DF23AC93A,EG-063,,,EGP,,,,,,,,,,,القاهرة,,,,,,,True,,تغذية منتجات,https://mintra.eg/products/water-bottle-650-ml,,,لم يُرصد,بانتظار أول رصد سعر,0,,,True,جاهز لأول رصد,الموديل والنسخة ورقم SKU مأخوذة من خلاصة المنتجات الرسمية لمتجر Mintra؛ لم تُنقل أي أسعار.,2026-07-30T00:00:00,2026-07-30T00:00:00
CASH-6155D52F4B17E4,VAR-FCB60DFE44E4D7|EG-063|STORE,MAP-442ACAC1E4BB2E29,VAR-FCB60DFE44E4D7,EG-063,,,EGP,,,,,,,,,,,القاهرة,,,,,,,True,,تغذية منتجات,https://mintra.eg/products/water-bottle-650-ml,,,لم يُرصد,بانتظار أول رصد سعر,0,,,True,جاهز لأول رصد,الموديل والنسخة ورقم SKU مأخوذة من خلاصة المنتجات الرسمية لمتجر Mintra؛ لم تُنقل أي أسعار.,2026-07-30T00:00:00,2026-07-30T00:00:00
CASH-A2AA53116900BC,VAR-2C3B33A22346FC|EG-063|STORE,MAP-285880D84C23F637,VAR-2C3B33A22346FC,EG-063,,,EGP,,,,,,,,,,,القاهرة,,,,,,,True,,تغذية منتجات,https://mintra.eg/products/water-bottle-650-ml,,,لم يُرصد,بانتظار أول رصد سعر,0,,,True,جاهز لأول رصد,الموديل والنسخة ورقم SKU مأخوذة من خلاصة المنتجات الرسمية لمتجر Mintra؛ لم تُنقل أي أسعار.,2026-07-30T00:00:00,2026-07-30T00:00:00
CASH-1E0D91712CDCA7,VAR-3F10C1E094CDE6|EG-063|STORE,MAP-16FE42308B0DCE50,VAR-3F10C1E094CDE6,EG-063,,,EGP,,,,,,,,,,,القاهرة,,,,,,,True,,تغذية منتجات,https://mintra.eg/products/water-bottle-650-ml-with-straw,,,لم يُرصد,بانتظار أول رصد سعر,0,,,True,جاهز لأول رصد,الموديل والنسخة ورقم SKU مأخوذة من خلاصة المنتجات الرسمية لمتجر Mintra؛ لم تُنقل أي أسعار.,2026-07-30T00:00:00,2026-07-30T00:00:00
CASH-8E2F8E4AEBEB28,VAR-5DAF3D386DDF1A|EG-063|STORE,MAP-06235B0DE392A643,VAR-5DAF3D386DDF1A,EG-063,,,EGP,,,,,,,,,,,القاهرة,,,,,,,True,,تغذية منتجات,https://mintra.eg/products/water-bottle-650-ml-with-straw,,,لم يُرصد,بانتظار أول رصد سعر,0,,,True,جاهز لأول رصد,الموديل والنسخة ورقم SKU مأخوذة من خلاصة المنتجات الرسمية لمتجر Mintra؛ لم تُنقل أي أسعار.,2026-07-30T00:00:00,2026-07-30T00:00:00
CASH-6C5434239AE8B6,VAR-C395694FBEAED3|EG-063|STORE,MAP-0B287573306223F8,VAR-C395694FBEAED3,EG-063,,,EGP,,,,,,,,,,,القاهرة,,,,,,,True,,تغذية منتجات,https://mintra.eg/products/water-bottle-650-ml-with-straw,,,لم يُرصد,بانتظار أول رصد سعر,0,,,True,جاهز لأول رصد,الموديل والنسخة ورقم SKU مأخوذة من خلاصة المنتجات الرسمية لمتجر Mintra؛ لم تُنقل أي أسعار.,2026-07-30T00:00:00,2026-07-30T00:00:00
CASH-45CC2BA52292A0,VAR-A941F30B21AB05|EG-063|STORE,MAP-97C75769BC8B2096,VAR-A941F30B21AB05,EG-063,,,EGP,,,,,,,,,,,القاهرة,,,,,,,True,,تغذية منتجات,https://mintra.eg/products/water-bottle-650-ml-with-straw,,,لم يُرصد,بانتظار أول رصد سعر,0,,,True,جاهز لأول رصد,الموديل والنسخة ورقم SKU مأخوذة من خلاصة المنتجات الرسمية لمتجر Mintra؛ لم تُنقل أي أسعار.,2026-07-30T00:00:00,2026-07-30T00:00:00
CASH-69DF7E59EA7D10,VAR-95B22A6A89FD64|EG-063|STORE,MAP-392961256D1F87FC,VAR-95B22A6A89FD64,EG-063,,,EGP,,,,,,,,,,,القاهرة,,,,,,,True,,تغذية منتجات,https://mintra.eg/products/water-bottle-650-ml-with-straw,,,لم يُرصد,بانتظار أول رصد سعر,0,,,True,جاهز لأول رصد,الموديل والنسخة ورقم SKU مأخوذة من خلاصة المنتجات الرسمية لمتجر Mintra؛ لم تُنقل أي أسعار.,2026-07-30T00:00:00,2026-07-30T00:00:00
CASH-8193A951322D27,VAR-B22A382E9CA7B5|EG-063|STORE,MAP-381D39E321D93F5A,VAR-B22A382E9CA7B5,EG-063,,,EGP,,,,,,,,,,,القاهرة,,,,,,,True,,تغذية منتجات,https://mintra.eg/products/water-bottle-650-ml-with-straw,,,لم يُرصد,بانتظار أول رصد سعر,0,,,True,جاهز لأول رصد,الموديل والنسخة ورقم SKU مأخوذة من خلاصة المنتجات الرسمية لمتجر Mintra؛ لم تُنقل أي أسعار.,2026-07-30T00:00:00,2026-07-30T00:00:00
CASH-88F445A6DCEAD9,VAR-378EFC3BF70AA2|EG-063|STORE,MAP-7396B19C0E8993DC,VAR-378EFC3BF70AA2,EG-063,,,EGP,,,,,,,,,,,القاهرة,,,,,,,True,,تغذية منتجات,https://mintra.eg/products/water-bottle-650-ml-with-straw,,,لم يُرصد,بانتظار أول رصد سعر,0,,,True,جاهز لأول رصد,الموديل والنسخة ورقم SKU مأخوذة من خلاصة المنتجات الرسمية لمتجر Mintra؛ لم تُنقل أي أسعار.,2026-07-30T00:00:00,2026-07-30T00:00:00
CASH-98C178C748533A,VAR-B17667993E435E|EG-063|STORE,MAP-399F9751EBD47D09,VAR-B17667993E435E,EG-063,,,EGP,,,,,,,,,,,القاهرة,,,,,,,True,,تغذية منتجات,https://mintra.eg/products/water-bottle-21oz-%D8%B2%D8%AC%D8%A7%D8%AC%D8%A9-%D8%B2%D9%85%D8%B2%D9%85%D9%8A%D8%A9-%D9%85%D8%A7%D8%A1,,,لم يُرصد,بانتظار أول رصد سعر,0,,,True,جاهز لأول رصد,الموديل والنسخة ورقم SKU مأخوذة من خلاصة المنتجات الرسمية لمتجر Mintra؛ لم تُنقل أي أسعار.,2026-07-30T00:00:00,2026-07-30T00:00:00
CASH-5A49ECBC778EC8,VAR-5FA07A2BB60BE7|EG-063|STORE,MAP-A8AF0C1239536703,VAR-5FA07A2BB60BE7,EG-063,,,EGP,,,,,,,,,,,القاهرة,,,,,,,True,,تغذية منتجات,https://mintra.eg/products/water-bottle-21oz-%D8%B2%D8%AC%D8%A7%D8%AC%D8%A9-%D8%B2%D9%85%D8%B2%D9%85%D9%8A%D8%A9-%D9%85%D8%A7%D8%A1,,,لم يُرصد,بانتظار أول رصد سعر,0,,,True,جاهز لأول رصد,الموديل والنسخة ورقم SKU مأخوذة من خلاصة المنتجات الرسمية لمتجر Mintra؛ لم تُنقل أي أسعار.,2026-07-30T00:00:00,2026-07-30T00:00:00
CASH-E24AFA7D9B5E10,VAR-D979D820AFA9FD|EG-063|STORE,MAP-7CAE8C261B951D3C,VAR-D979D820AFA9FD,EG-063,,,EGP,,,,,,,,,,,القاهرة,,,,,,,True,,تغذية منتجات,https://mintra.eg/products/water-bottle-21oz-%D8%B2%D8%AC%D8%A7%D8%AC%D8%A9-%D8%B2%D9%85%D8%B2%D9%85%D9%8A%D8%A9-%D9%85%D8%A7%D8%A1,,,لم يُرصد,بانتظار أول رصد سعر,0,,,True,جاهز لأول رصد,الموديل والنسخة ورقم SKU مأخوذة من خلاصة المنتجات الرسمية لمتجر Mintra؛ لم تُنقل أي أسعار.,2026-07-30T00:00:00,2026-07-30T00:00:00
CASH-F6755929091FAF,VAR-D963E6EFA647F8|EG-063|STORE,MAP-08BEFD628965D1E1,VAR-D963E6EFA647F8,EG-063,,,EGP,,,,,,,,,,,القاهرة,,,,,,,True,,تغذية منتجات,https://mintra.eg/products/water-bottle-21oz-%D8%B2%D8%AC%D8%A7%D8%AC%D8%A9-%D8%B2%D9%85%D8%B2%D9%85%D9%8A%D8%A9-%D9%85%D8%A7%D8%A1,,,لم يُرصد,بانتظار أول رصد سعر,0,,,True,جاهز لأول رصد,الموديل والنسخة ورقم SKU مأخوذة من خلاصة المنتجات الرسمية لمتجر Mintra؛ لم تُنقل أي أسعار.,2026-07-30T00:00:00,2026-07-30T00:00:00
CASH-06E2AF9A9154B0,VAR-4C151DE7D742D3|EG-063|STORE,MAP-BEAFD1CDF39A986C,VAR-4C151DE7D742D3,EG-063,,,EGP,,,,,,,,,,,القاهرة,,,,,,,True,,تغذية منتجات,https://mintra.eg/products/water-bottle-21oz-%D8%B2%D8%AC%D8%A7%D8%AC%D8%A9-%D8%B2%D9%85%D8%B2%D9%85%D9%8A%D8%A9-%D9%85%D8%A7%D8%A1,,,لم يُرصد,بانتظار أول رصد سعر,0,,,True,جاهز لأول رصد,الموديل والنسخة ورقم SKU مأخوذة من خلاصة المنتجات الرسمية لمتجر Mintra؛ لم تُنقل أي أسعار.,2026-07-30T00:00:00,2026-07-30T00:00:00
CASH-3A5BF578DBB8D8,VAR-C69FFA54BD2D7E|EG-063|STORE,MAP-61686DA6BCA6D9DC,VAR-C69FFA54BD2D7E,EG-063,,,EGP,,,,,,,,,,,القاهرة,,,,,,,True,,تغذية منتجات,https://mintra.eg/products/water-bottle-21oz-%D8%B2%D8%AC%D8%A7%D8%AC%D8%A9-%D8%B2%D9%85%D8%B2%D9%85%D9%8A%D8%A9-%D9%85%D8%A7%D8%A1,,,لم يُرصد,بانتظار أول رصد سعر,0,,,True,جاهز لأول رصد,الموديل والنسخة ورقم SKU مأخوذة من خلاصة المنتجات الرسمية لمتجر Mintra؛ لم تُنقل أي أسعار.,2026-07-30T00:00:00,2026-07-30T00:00:00
CASH-2EA0F5142E74F7,VAR-F812D2916D0FD0|EG-063|STORE,MAP-B74D96C8AF3471E7,VAR-F812D2916D0FD0,EG-063,,,EGP,,,,,,,,,,,القاهرة,,,,,,,True,,تغذية منتجات,https://mintra.eg/products/water-bottle-21oz-%D8%B2%D8%AC%D8%A7%D8%AC%D8%A9-%D8%B2%D9%85%D8%B2%D9%85%D9%8A%D8%A9-%D9%85%D8%A7%D8%A1,,,لم يُرصد,بانتظار أول رصد سعر,0,,,True,جاهز لأول رصد,الموديل والنسخة ورقم SKU مأخوذة من خلاصة المنتجات الرسمية لمتجر Mintra؛ لم تُنقل أي أسعار.,2026-07-30T00:00:00,2026-07-30T00:00:00
CASH-4407120C17C2A4,VAR-35297203886092|EG-063|STORE,MAP-CE6A16B5C64BE111,VAR-35297203886092,EG-063,,,EGP,,,,,,,,,,,القاهرة,,,,,,,True,,تغذية منتجات,https://mintra.eg/products/water-bottle-21oz-%D8%B2%D8%AC%D8%A7%D8%AC%D8%A9-%D8%B2%D9%85%D8%B2%D9%85%D9%8A%D8%A9-%D9%85%D8%A7%D8%A1,,,لم يُرصد,بانتظار أول رصد سعر,0,,,True,جاهز لأول رصد,الموديل والنسخة ورقم SKU مأخوذة من خلاصة المنتجات الرسمية لمتجر Mintra؛ لم تُنقل أي أسعار.,2026-07-30T00:00:00,2026-07-30T00:00:00
CASH-B9BED331976BA7,VAR-C51B8A5DEDED54|EG-063|STORE,MAP-DF2341A6CD143FF0,VAR-C51B8A5DEDED54,EG-063,,,EGP,,,,,,,,,,,القاهرة,,,,,,,True,,تغذية منتجات,https://mintra.eg/products/water-bottle-21oz-%D8%B2%D8%AC%D8%A7%D8%AC%D8%A9-%D8%B2%D9%85%D8%B2%D9%85%D9%8A%D8%A9-%D9%85%D8%A7%D8%A1,,,لم يُرصد,بانتظار أول رصد سعر,0,,,True,جاهز لأول رصد,الموديل والنسخة ورقم SKU مأخوذة من خلاصة المنتجات الرسمية لمتجر Mintra؛ لم تُنقل أي أسعار.,2026-07-30T00:00:00,2026-07-30T00:00:00
CASH-0BDE1A28B8AAB8,VAR-1AF319EB7B4302|EG-063|STORE,MAP-5CB44DD60071D5DD,VAR-1AF319EB7B4302,EG-063,,,EGP,,,,,,,,,,,القاهرة,,,,,,,True,,تغذية منتجات,https://mintra.eg/products/water-bottle-21oz-%D8%B2%D8%AC%D8%A7%D8%AC%D8%A9-%D8%B2%D9%85%D8%B2%D9%85%D9%8A%D8%A9-%D9%85%D8%A7%D8%A1,,,لم يُرصد,بانتظار أول رصد سعر,0,,,True,جاهز لأول رصد,الموديل والنسخة ورقم SKU مأخوذة من خلاصة المنتجات الرسمية لمتجر Mintra؛ لم تُنقل أي أسعار.,2026-07-30T00:00:00,2026-07-30T00:00:00
CASH-B30EF44F1F3AC4,VAR-49188FEF0F126D|EG-063|STORE,MAP-FC8ECD8A70E9ABB1,VAR-49188FEF0F126D,EG-063,,,EGP,,,,,,,,,,,القاهرة,,,,,,,True,,تغذية منتجات,https://mintra.eg/products/water-bottle-21oz-%D8%B2%D8%AC%D8%A7%D8%AC%D8%A9-%D8%B2%D9%85%D8%B2%D9%85%D9%8A%D8%A9-%D9%85%D8%A7%D8%A1,,,لم يُرصد,بانتظار أول رصد سعر,0,,,True,جاهز لأول رصد,الموديل والنسخة ورقم SKU مأخوذة من خلاصة المنتجات الرسمية لمتجر Mintra؛ لم تُنقل أي أسعار.,2026-07-30T00:00:00,2026-07-30T00:00:00
CASH-FAA197746299E5,VAR-4F46CE244FEB14|EG-063|STORE,MAP-934A64E04E8C88F5,VAR-4F46CE244FEB14,EG-063,,,EGP,,,,,,,,,,,القاهرة,,,,,,,True,,تغذية منتجات,https://mintra.eg/products/water-bottle-800-ml,,,لم يُرصد,بانتظار أول رصد سعر,0,,,True,جاهز لأول رصد,الموديل والنسخة ورقم SKU مأخوذة من خلاصة المنتجات الرسمية لمتجر Mintra؛ لم تُنقل أي أسعار.,2026-07-30T00:00:00,2026-07-30T00:00:00
CASH-3F59E16B8C3740,VAR-2D208E1DC68A00|EG-063|STORE,MAP-B89FCD2B97663043,VAR-2D208E1DC68A00,EG-063,,,EGP,,,,,,,,,,,القاهرة,,,,,,,True,,تغذية منتجات,https://mintra.eg/products/water-bottle-800-ml,,,لم يُرصد,بانتظار أول رصد سعر,0,,,True,جاهز لأول رصد,الموديل والنسخة ورقم SKU مأخوذة من خلاصة المنتجات الرسمية لمتجر Mintra؛ لم تُنقل أي أسعار.,2026-07-30T00:00:00,2026-07-30T00:00:00
CASH-2F9B20B0E870A6,VAR-A6E1AB8B0C0B7F|EG-063|STORE,MAP-1A4B65A893C8AEEF,VAR-A6E1AB8B0C0B7F,EG-063,,,EGP,,,,,,,,,,,القاهرة,,,,,,,True,,تغذية منتجات,https://mintra.eg/products/water-bottle-800-ml,,,لم يُرصد,بانتظار أول رصد سعر,0,,,True,جاهز لأول رصد,الموديل والنسخة ورقم SKU مأخوذة من خلاصة المنتجات الرسمية لمتجر Mintra؛ لم تُنقل أي أسعار.,2026-07-30T00:00:00,2026-07-30T00:00:00
CASH-1903B781F0A0A5,VAR-77FAAA4D87FA71|EG-063|STORE,MAP-1924220AE7F22650,VAR-77FAAA4D87FA71,EG-063,,,EGP,,,,,,,,,,,القاهرة,,,,,,,True,,تغذية منتجات,https://mintra.eg/products/water-bottle-800-ml,,,لم يُرصد,بانتظار أول رصد سعر,0,,,True,جاهز لأول رصد,الموديل والنسخة ورقم SKU مأخوذة من خلاصة المنتجات الرسمية لمتجر Mintra؛ لم تُنقل أي أسعار.,2026-07-30T00:00:00,2026-07-30T00:00:00
CASH-0F0F438AF0E1CF,VAR-EF8236E0E53050|EG-063|STORE,MAP-01FC9549A2DEEBDE,VAR-EF8236E0E53050,EG-063,,,EGP,,,,,,,,,,,القاهرة,,,,,,,True,,تغذية منتجات,https://mintra.eg/products/water-bottle-800-ml,,,لم يُرصد,بانتظار أول رصد سعر,0,,,True,جاهز لأول رصد,الموديل والنسخة ورقم SKU مأخوذة من خلاصة المنتجات الرسمية لمتجر Mintra؛ لم تُنقل أي أسعار.,2026-07-30T00:00:00,2026-07-30T00:00:00
CASH-20B46F64BDD07E,VAR-D12FB3E306435A|EG-063|STORE,MAP-DC68F232E86D96D1,VAR-D12FB3E306435A,EG-063,,,EGP,,,,,,,,,,,القاهرة,,,,,,,True,,تغذية منتجات,https://mintra.eg/products/water-bottle-800-ml,,,لم يُرصد,بانتظار أول رصد سعر,0,,,True,جاهز لأول رصد,الموديل والنسخة ورقم SKU مأخوذة من خلاصة المنتجات الرسمية لمتجر Mintra؛ لم تُنقل أي أسعار.,2026-07-30T00:00:00,2026-07-30T00:00:00
CASH-4A05C839837564,VAR-9FF951DC9B95AD|EG-063|STORE,MAP-FEEB4E288F61536E,VAR-9FF951DC9B95AD,EG-063,,,EGP,,,,,,,,,,,القاهرة,,,,,,,True,,تغذية منتجات,https://mintra.eg/products/water-bottle-800-ml,,,لم يُرصد,بانتظار أول رصد سعر,0,,,True,جاهز لأول رصد,الموديل والنسخة ورقم SKU مأخوذة من خلاصة المنتجات الرسمية لمتجر Mintra؛ لم تُنقل أي أسعار.,2026-07-30T00:00:00,2026-07-30T00:00:00
CASH-D4EDD4C8CF55FB,VAR-B7A5FB115400E4|EG-063|STORE,MAP-83BF8A9284908426,VAR-B7A5FB115400E4,EG-063,,,EGP,,,,,,,,,,,القاهرة,,,,,,,True,,تغذية منتجات,https://mintra.eg/products/sports-water-bottle-with-straw-800-ml-%D8%B2%D8%AC%D8%A7%D8%AC%D8%A9-%D8%B2%D9%85%D8%B2%D9%85%D9%8A%D8%A9-%D9%85%D8%A7%D8%A1,,,لم يُرصد,بانتظار أول رصد سعر,0,,,True,جاهز لأول رصد,الموديل والنسخة ورقم SKU مأخوذة من خلاصة المنتجات الرسمية لمتجر Mintra؛ لم تُنقل أي أسعار.,2026-07-30T00:00:00,2026-07-30T00:00:00
CASH-C9D6623EC6D929,VAR-76B9096FAF2904|EG-063|STORE,MAP-E00D0D53F2240C7E,VAR-76B9096FAF2904,EG-063,,,EGP,,,,,,,,,,,القاهرة,,,,,,,True,,تغذية منتجات,https://mintra.eg/products/sports-water-bottle-with-straw-800-ml-%D8%B2%D8%AC%D8%A7%D8%AC%D8%A9-%D8%B2%D9%85%D8%B2%D9%85%D9%8A%D8%A9-%D9%85%D8%A7%D8%A1,,,لم يُرصد,بانتظار أول رصد سعر,0,,,True,جاهز لأول رصد,الموديل والنسخة ورقم SKU مأخوذة من خلاصة المنتجات الرسمية لمتجر Mintra؛ لم تُنقل أي أسعار.,2026-07-30T00:00:00,2026-07-30T00:00:00
CASH-A595477B38C1F7,VAR-60FA40D95DFA23|EG-063|STORE,MAP-A91C4E51D8C7A713,VAR-60FA40D95DFA23,EG-063,,,EGP,,,,,,,,,,,القاهرة,,,,,,,True,,تغذية منتجات,https://mintra.eg/products/sports-water-bottle-with-straw-800-ml-%D8%B2%D8%AC%D8%A7%D8%AC%D8%A9-%D8%B2%D9%85%D8%B2%D9%85%D9%8A%D8%A9-%D9%85%D8%A7%D8%A1,,,لم يُرصد,بانتظار أول رصد سعر,0,,,True,جاهز لأول رصد,الموديل والنسخة ورقم SKU مأخوذة من خلاصة المنتجات الرسمية لمتجر Mintra؛ لم تُنقل أي أسعار.,2026-07-30T00:00:00,2026-07-30T00:00:00
CASH-1875CD95FB23EA,VAR-25B3D9F9DC7737|EG-063|STORE,MAP-1B58E700FAD8827D,VAR-25B3D9F9DC7737,EG-063,,,EGP,,,,,,,,,,,القاهرة,,,,,,,True,,تغذية منتجات,https://mintra.eg/products/sports-water-bottle-with-straw-800-ml-%D8%B2%D8%AC%D8%A7%D8%AC%D8%A9-%D8%B2%D9%85%D8%B2%D9%85%D9%8A%D8%A9-%D9%85%D8%A7%D8%A1,,,لم يُرصد,بانتظار أول رصد سعر,0,,,True,جاهز لأول رصد,الموديل والنسخة ورقم SKU مأخوذة من خلاصة المنتجات الرسمية لمتجر Mintra؛ لم تُنقل أي أسعار.,2026-07-30T00:00:00,2026-07-30T00:00:00
CASH-6C1803A7C30933,VAR-193D1F69827F32|EG-063|STORE,MAP-2E4A731032CED76F,VAR-193D1F69827F32,EG-063,,,EGP,,,,,,,,,,,القاهرة,,,,,,,True,,تغذية منتجات,https://mintra.eg/products/sports-water-bottle-with-straw-800-ml-%D8%B2%D8%AC%D8%A7%D8%AC%D8%A9-%D8%B2%D9%85%D8%B2%D9%85%D9%8A%D8%A9-%D9%85%D8%A7%D8%A1,,,لم يُرصد,بانتظار أول رصد سعر,0,,,True,جاهز لأول رصد,الموديل والنسخة ورقم SKU مأخوذة من خلاصة المنتجات الرسمية لمتجر Mintra؛ لم تُنقل أي أسعار.,2026-07-30T00:00:00,2026-07-30T00:00:00
CASH-44CF66A169526B,VAR-1AAEF0A445F20E|EG-063|STORE,MAP-14EF0C896E2E4EC0,VAR-1AAEF0A445F20E,EG-063,,,EGP,,,,,,,,,,,القاهرة,,,,,,,True,,تغذية منتجات,https://mintra.eg/products/sports-water-bottle-with-straw-800-ml-%D8%B2%D8%AC%D8%A7%D8%AC%D8%A9-%D8%B2%D9%85%D8%B2%D9%85%D9%8A%D8%A9-%D9%85%D8%A7%D8%A1,,,لم يُرصد,بانتظار أول رصد سعر,0,,,True,جاهز لأول رصد,الموديل والنسخة ورقم SKU مأخوذة من خلاصة المنتجات الرسمية لمتجر Mintra؛ لم تُنقل أي أسعار.,2026-07-30T00:00:00,2026-07-30T00:00:00
CASH-8DC7ADAD26C715,VAR-06248AB12E9D21|EG-063|STORE,MAP-059C639467369750,VAR-06248AB12E9D21,EG-063,,,EGP,,,,,,,,,,,القاهرة,,,,,,,True,,تغذية منتجات,https://mintra.eg/products/sports-water-bottle-with-straw-800-ml-%D8%B2%D8%AC%D8%A7%D8%AC%D8%A9-%D8%B2%D9%85%D8%B2%D9%85%D9%8A%D8%A9-%D9%85%D8%A7%D8%A1,,,لم يُرصد,بانتظار أول رصد سعر,0,,,True,جاهز لأول رصد,الموديل والنسخة ورقم SKU مأخوذة من خلاصة المنتجات الرسمية لمتجر Mintra؛ لم تُنقل أي أسعار.,2026-07-30T00:00:00,2026-07-30T00:00:00
CASH-AE022DF1F8DDF0,VAR-2E8CF8817750B2|EG-063|STORE,MAP-74F843CF81D1257E,VAR-2E8CF8817750B2,EG-063,,,EGP,,,,,,,,,,,القاهرة,,,,,,,True,,تغذية منتجات,https://mintra.eg/products/sports-water-bottle-with-straw-800-ml-%D8%B2%D8%AC%D8%A7%D8%AC%D8%A9-%D8%B2%D9%85%D8%B2%D9%85%D9%8A%D8%A9-%D9%85%D8%A7%D8%A1,,,لم يُرصد,بانتظار أول رصد سعر,0,,,True,جاهز لأول رصد,الموديل والنسخة ورقم SKU مأخوذة من خلاصة المنتجات الرسمية لمتجر Mintra؛ لم تُنقل أي أسعار.,2026-07-30T00:00:00,2026-07-30T00:00:00
CASH-C6A15A362EC639,VAR-0C8F7773B2E338|EG-063|STORE,MAP-EA0D1E6D3F247DD0,VAR-0C8F7773B2E338,EG-063,,,EGP,,,,,,,,,,,القاهرة,,,,,,,True,,تغذية منتجات,https://mintra.eg/products/sports-water-bottle-with-straw-800-ml-%D8%B2%D8%AC%D8%A7%D8%AC%D8%A9-%D8%B2%D9%85%D8%B2%D9%85%D9%8A%D8%A9-%D9%85%D8%A7%D8%A1,,,لم يُرصد,بانتظار أول رصد سعر,0,,,True,جاهز لأول رصد,الموديل والنسخة ورقم SKU مأخوذة من خلاصة المنتجات الرسمية لمتجر Mintra؛ لم تُنقل أي أسعار.,2026-07-30T00:00:00,2026-07-30T00:00:00
CASH-CAEF50EC9C354A,VAR-285C91D4098C4C|EG-063|STORE,MAP-7F4532CAB324B988,VAR-285C91D4098C4C,EG-063,,,EGP,,,,,,,,,,,القاهرة,,,,,,,True,,تغذية منتجات,https://mintra.eg/products/sports-water-bottle-with-straw-800-ml-%D8%B2%D8%AC%D8%A7%D8%AC%D8%A9-%D8%B2%D9%85%D8%B2%D9%85%D9%8A%D8%A9-%D9%85%D8%A7%D8%A1,,,لم يُرصد,بانتظار أول رصد سعر,0,,,True,جاهز لأول رصد,الموديل والنسخة ورقم SKU مأخوذة من خلاصة المنتجات الرسمية لمتجر Mintra؛ لم تُنقل أي أسعار.,2026-07-30T00:00:00,2026-07-30T00:00:00
CASH-631F24243EEA67,VAR-25919F3CA746A4|EG-063|STORE,MAP-90173A58D3A70242,VAR-25919F3CA746A4,EG-063,,,EGP,,,,,,,,,,,القاهرة,,,,,,,True,,تغذية منتجات,https://mintra.eg/products/sports-water-bottle-with-straw-800-ml-%D8%B2%D8%AC%D8%A7%D8%AC%D8%A9-%D8%B2%D9%85%D8%B2%D9%85%D9%8A%D8%A9-%D9%85%D8%A7%D8%A1,,,لم يُرصد,بانتظار أول رصد سعر,0,,,True,جاهز لأول رصد,الموديل والنسخة ورقم SKU مأخوذة من خلاصة المنتجات الرسمية لمتجر Mintra؛ لم تُنقل أي أسعار.,2026-07-30T00:00:00,2026-07-30T00:00:00
CASH-F45B8FEBC8C47D,VAR-A7FF77AC0E5B5C|EG-063|STORE,MAP-369EB0C7D409D7FA,VAR-A7FF77AC0E5B5C,EG-063,,,EGP,,,,,,,,,,,القاهرة,,,,,,,True,,تغذية منتجات,https://mintra.eg/products/sports-water-bottle-with-straw-800-ml-%D8%B2%D8%AC%D8%A7%D8%AC%D8%A9-%D8%B2%D9%85%D8%B2%D9%85%D9%8A%D8%A9-%D9%85%D8%A7%D8%A1,,,لم يُرصد,بانتظار أول رصد سعر,0,,,True,جاهز لأول رصد,الموديل والنسخة ورقم SKU مأخوذة من خلاصة المنتجات الرسمية لمتجر Mintra؛ لم تُنقل أي أسعار.,2026-07-30T00:00:00,2026-07-30T00:00:00
CASH-B5ADC5B168FBE3,VAR-629B63776141D5|EG-060|STORE,MAP-4B21672503EFE70D,VAR-629B63776141D5,EG-060,,,EGP,,,,,,,,,,,القاهرة,,,,,,,True,,JSON-LD,https://www.ikea.com/eg/en/p/aspekt-knife-sharpener-black-57145296,,,لم يُرصد,بانتظار أول رصد سعر,0,,,True,يحتاج اكتشاف رابط المنتج,الاسم ورقم الصنف والمواصفات الظاهرة مأخوذة من قائمة JSON-LD الرسمية للفئة في IKEA Egypt؛ لم تُنقل أي أسعار.,2026-07-30T00:00:00,2026-07-30T00:00:00
CASH-7B5C7CC066F39A,VAR-979D8447458D61|EG-060|STORE,MAP-DE6C0506A294DA92,VAR-979D8447458D61,EG-060,,,EGP,,,,,,,,,,,القاهرة,,,,,,,True,,JSON-LD,https://www.ikea.com/eg/en/p/hackig-cooks-knife-ceramic-white-beige-40598484,,,لم يُرصد,بانتظار أول رصد سعر,0,,,True,يحتاج اكتشاف رابط المنتج,الاسم ورقم الصنف والمواصفات الظاهرة مأخوذة من قائمة JSON-LD الرسمية للفئة في IKEA Egypt؛ لم تُنقل أي أسعار.,2026-07-30T00:00:00,2026-07-30T00:00:00
CASH-46BD626FB95447,VAR-F55F49DA7613D7|EG-060|STORE,MAP-04E37E65F27C59A0,VAR-F55F49DA7613D7,EG-060,,,EGP,,,,,,,,,,,القاهرة,,,,,,,True,,JSON-LD,https://www.ikea.com/eg/en/p/hultarp-magnetic-knife-rack-black-80444442,,,لم يُرصد,بانتظار أول رصد سعر,0,,,True,يحتاج اكتشاف رابط المنتج,الاسم ورقم الصنف والمواصفات الظاهرة مأخوذة من قائمة JSON-LD الرسمية للفئة في IKEA Egypt؛ لم تُنقل أي أسعار.,2026-07-30T00:00:00,2026-07-30T00:00:00
CASH-381FFD30C46EE8,VAR-3B586D30E0534B|EG-060|STORE,MAP-49BE610C5EAC92B0,VAR-3B586D30E0534B,EG-060,,,EGP,,,,,,,,,,,القاهرة,,,,,,,True,,JSON-LD,https://www.ikea.com/eg/en/p/ikea-365-knife-block-10286399,,,لم يُرصد,بانتظار أول رصد سعر,0,,,True,يحتاج اكتشاف رابط المنتج,الاسم ورقم الصنف والمواصفات الظاهرة مأخوذة من قائمة JSON-LD الرسمية للفئة في IKEA Egypt؛ لم تُنقل أي أسعار.,2026-07-30T00:00:00,2026-07-30T00:00:00
CASH-97ED2B5C712087,VAR-A68F086077D7F0|EG-060|STORE,MAP-16902FF58A0B95E5,VAR-A68F086077D7F0,EG-060,,,EGP,,,,,,,,,,,القاهرة,,,,,,,True,,JSON-LD,https://www.ikea.com/eg/en/p/jaemfoera-knife-block-with-3-knives-black-10346831,,,لم يُرصد,بانتظار أول رصد سعر,0,,,True,يحتاج اكتشاف رابط المنتج,الاسم ورقم الصنف والمواصفات الظاهرة مأخوذة من قائمة JSON-LD الرسمية للفئة في IKEA Egypt؛ لم تُنقل أي أسعار.,2026-07-30T00:00:00,2026-07-30T00:00:00
CASH-AACE7D6D570E3A,VAR-9531E1C44BF245|EG-060|STORE,MAP-5AD22DC71891D6C1,VAR-9531E1C44BF245,EG-060,,,EGP,,,,,,,,,,,القاهرة,,,,,,,True,,JSON-LD,https://www.ikea.com/eg/en/p/kungsfors-magnetic-knife-rack-stainless-steel-40334921,,,لم يُرصد,بانتظار أول رصد سعر,0,,,True,يحتاج اكتشاف رابط المنتج,الاسم ورقم الصنف والمواصفات الظاهرة مأخوذة من قائمة JSON-LD الرسمية للفئة في IKEA Egypt؛ لم تُنقل أي أسعار.,2026-07-30T00:00:00,2026-07-30T00:00:00
CASH-44D9C365101019,VAR-3C16DD931898D8|EG-060|STORE,MAP-7DB9B17E8A9C342B,VAR-3C16DD931898D8,EG-060,,,EGP,,,,,,,,,,,القاهرة,,,,,,,True,,JSON-LD,https://www.ikea.com/eg/en/p/skaerande-knife-sharpener-black-50289169,,,لم يُرصد,بانتظار أول رصد سعر,0,,,True,يحتاج اكتشاف رابط المنتج,الاسم ورقم الصنف والمواصفات الظاهرة مأخوذة من قائمة JSON-LD الرسمية للفئة في IKEA Egypt؛ لم تُنقل أي أسعار.,2026-07-30T00:00:00,2026-07-30T00:00:00
CASH-78C4204F2F645A,VAR-453CF9A2048D19|EG-060|STORE,MAP-F1CE83BFCAF3A73F,VAR-453CF9A2048D19,EG-060,,,EGP,,,,,,,,,,,القاهرة,,,,,,,True,,JSON-LD,https://www.ikea.com/eg/en/p/vardagen-cooks-knife-stainless-steel-walnut-40602476,,,لم يُرصد,بانتظار أول رصد سعر,0,,,True,يحتاج اكتشاف رابط المنتج,الاسم ورقم الصنف والمواصفات الظاهرة مأخوذة من قائمة JSON-LD الرسمية للفئة في IKEA Egypt؛ لم تُنقل أي أسعار.,2026-07-30T00:00:00,2026-07-30T00:00:00
CASH-77A4C65A9D3D70,VAR-57A54568653298|EG-060|STORE,MAP-4274186F7CB5D18F,VAR-57A54568653298,EG-060,,,EGP,,,,,,,,,,,القاهرة,,,,,,,True,,JSON-LD,https://www.ikea.com/eg/en/p/vimpelfisk-knife-block-bamboo-grey-turquoise-50582699,,,لم يُرصد,بانتظار أول رصد سعر,0,,,True,يحتاج اكتشاف رابط المنتج,الاسم ورقم الصنف والمواصفات الظاهرة مأخوذة من قائمة JSON-LD الرسمية للفئة في IKEA Egypt؛ لم تُنقل أي أسعار.,2026-07-30T00:00:00,2026-07-30T00:00:00
CASH-D922F700E43CDB,VAR-19E892D6D947B1|EG-060|STORE,MAP-18526FF13DDDB7CB,VAR-19E892D6D947B1,EG-060,,,EGP,,,,,,,,,,,القاهرة,,,,,,,True,,JSON-LD,https://www.ikea.com/eg/en/p/voerda-cooks-knife-black-20289236,,,لم يُرصد,بانتظار أول رصد سعر,0,,,True,يحتاج اكتشاف رابط المنتج,الاسم ورقم الصنف والمواصفات الظاهرة مأخوذة من قائمة JSON-LD الرسمية للفئة في IKEA Egypt؛ لم تُنقل أي أسعار.,2026-07-30T00:00:00,2026-07-30T00:00:00
CASH-02ECE96B9D4454,VAR-70DF4EC4623E69|EG-060|STORE,MAP-E2DFC7EB6A17D028,VAR-70DF4EC4623E69,EG-060,,,EGP,,,,,,,,,,,القاهرة,,,,,,,True,,JSON-LD,https://www.ikea.com/eg/en/p/voerda-filleting-knife-black-70289168,,,لم يُرصد,بانتظار أول رصد سعر,0,,,True,يحتاج اكتشاف رابط المنتج,الاسم ورقم الصنف والمواصفات الظاهرة مأخوذة من قائمة JSON-LD الرسمية للفئة في IKEA Egypt؛ لم تُنقل أي أسعار.,2026-07-30T00:00:00,2026-07-30T00:00:00
CASH-4577C83046114D,VAR-3A51EEB137EFE1|EG-060|STORE,MAP-5CC6A933DEC8BE94,VAR-3A51EEB137EFE1,EG-060,,,EGP,,,,,,,,,,,القاهرة,,,,,,,True,,JSON-LD,https://www.ikea.com/eg/en/p/voerda-paring-knife-black-10289265,,,لم يُرصد,بانتظار أول رصد سعر,0,,,True,يحتاج اكتشاف رابط المنتج,الاسم ورقم الصنف والمواصفات الظاهرة مأخوذة من قائمة JSON-LD الرسمية للفئة في IKEA Egypt؛ لم تُنقل أي أسعار.,2026-07-30T00:00:00,2026-07-30T00:00:00
CASH-787F6E29A3FA0A,VAR-611AB5BB3E6276|EG-060|STORE,MAP-9694D92902BCFAE0,VAR-611AB5BB3E6276,EG-060,,,EGP,,,,,,,,,,,القاهرة,,,,,,,True,,JSON-LD,https://www.ikea.com/eg/en/p/voerda-utility-knife-black-10289246,,,لم يُرصد,بانتظار أول رصد سعر,0,,,True,يحتاج اكتشاف رابط المنتج,الاسم ورقم الصنف والمواصفات الظاهرة مأخوذة من قائمة JSON-LD الرسمية للفئة في IKEA Egypt؛ لم تُنقل أي أسعار.,2026-07-30T00:00:00,2026-07-30T00:00:00
CASH-3F59C3FA4D7B73,VAR-BD25642F17B9C6|EG-060|STORE,MAP-7742DDBC80B31660,VAR-BD25642F17B9C6,EG-060,,,EGP,,,,,,,,,,,القاهرة,,,,,,,True,,JSON-LD,https://www.ikea.com/eg/en/p/voerda-vegetable-knife-black-60289244,,,لم يُرصد,بانتظار أول رصد سعر,0,,,True,يحتاج اكتشاف رابط المنتج,الاسم ورقم الصنف والمواصفات الظاهرة مأخوذة من قائمة JSON-LD الرسمية للفئة في IKEA Egypt؛ لم تُنقل أي أسعار.,2026-07-30T00:00:00,2026-07-30T00:00:00
CASH-40B6EAB363733F,VAR-62FC1062C47682|EG-079|STORE,MAP-DCA9C9A94900DC3B,VAR-62FC1062C47682,EG-079,,,EGP,,,,,,,,,,,القاهرة,,,,,,,True,,Sitemap ثم صفحة منتج,https://www.zahranstores.com/en/tefal-fresh-kitchen-santoku-knife-12-cm-k1220104-2238,,,لم يُرصد,بانتظار أول رصد سعر,0,,,True,يحتاج تأكيد صفحة المنتج,Exact product URL in Zahran Stores public sitemap; stock not asserted,2026-07-30T00:00:00,2026-07-30T00:00:00
CASH-CB1F18B6B19F01,VAR-B2B69CE70BD270|EG-079|STORE,MAP-C44191B85A9BB9F2,VAR-B2B69CE70BD270,EG-079,,,EGP,,,,,,,,,,,القاهرة,,,,,,,True,,Sitemap ثم صفحة منتج,https://www.zahranstores.com/en/tefal-fresh-kitchen-chef-knife-20-cm-k1220205-2240,,,لم يُرصد,بانتظار أول رصد سعر,0,,,True,يحتاج تأكيد صفحة المنتج,Exact product URL in Zahran Stores public sitemap; stock not asserted,2026-07-30T00:00:00,2026-07-30T00:00:00
CASH-97C345CD646D39,VAR-3A8016D578BCA7|EG-079|STORE,MAP-E97E53CBEC7DF36B,VAR-3A8016D578BCA7,EG-079,,,EGP,,,,,,,,,,,القاهرة,,,,,,,True,,Sitemap ثم صفحة منتج,https://www.zahranstores.com/en/tefal-fresh-kitchen-paring-knife-9-cm-k1220604-2236,,,لم يُرصد,بانتظار أول رصد سعر,0,,,True,يحتاج تأكيد صفحة المنتج,Exact product URL in Zahran Stores public sitemap; stock not asserted,2026-07-30T00:00:00,2026-07-30T00:00:00
CASH-8B54714E9EFA4B,VAR-65D711BD7FB54E|EG-079|STORE,MAP-40C6E34A6848908E,VAR-65D711BD7FB54E,EG-079,,,EGP,,,,,,,,,,,القاهرة,,,,,,,True,,Sitemap ثم صفحة منتج,https://www.zahranstores.com/en/tefal-comfort-chef-knife-15-cm-black-k2213104-2338,,,لم يُرصد,بانتظار أول رصد سعر,0,,,True,يحتاج تأكيد صفحة المنتج,Exact product URL in Zahran Stores public sitemap; stock not asserted,2026-07-30T00:00:00,2026-07-30T00:00:00
CASH-14250C07D56DE1,VAR-403F49384DA838|EG-079|STORE,MAP-D0D025765D36AF8F,VAR-403F49384DA838,EG-079,,,EGP,,,,,,,,,,,القاهرة,,,,,,,True,,Sitemap ثم صفحة منتج,https://www.zahranstores.com/en/tefal-comfort-chef-knife-20-cm-black-k2213204-2339,,,لم يُرصد,بانتظار أول رصد سعر,0,,,True,يحتاج تأكيد صفحة المنتج,Exact product URL in Zahran Stores public sitemap; stock not asserted,2026-07-30T00:00:00,2026-07-30T00:00:00
CASH-39952A3BC8A2EA,VAR-F0B64A5F172FF1|EG-079|STORE,MAP-C21406568B7BC964,VAR-F0B64A5F172FF1,EG-079,,,EGP,,,,,,,,,,,القاهرة,,,,,,,True,,Sitemap ثم صفحة منتج,https://www.zahranstores.com/en/tefal-comfort-paring-knife-9-cm-black-k2213504-2335,,,لم يُرصد,بانتظار أول رصد سعر,0,,,True,يحتاج تأكيد صفحة المنتج,Exact product URL in Zahran Stores public sitemap; stock not asserted,2026-07-30T00:00:00,2026-07-30T00:00:00
CASH-3AA12EAC5335D4,VAR-AD515400E3CE4D|EG-079|STORE,MAP-4E9FDB970C3439DD,VAR-AD515400E3CE4D,EG-079,,,EGP,,,,,,,,,,,القاهرة,,,,,,,True,,Sitemap ثم صفحة منتج,https://www.zahranstores.com/en/tefal-comfort-santoku-knife-12-cm-black-k2213604-2337,,,لم يُرصد,بانتظار أول رصد سعر,0,,,True,يحتاج تأكيد صفحة المنتج,Exact product URL in Zahran Stores public sitemap; stock not asserted,2026-07-30T00:00:00,2026-07-30T00:00:00
CASH-776A73E8471413,VAR-080B97DFFE2977|EG-079|STORE,MAP-C955EBDF45637DCF,VAR-080B97DFFE2977,EG-079,,,EGP,,,,,,,,,,,القاهرة,,,,,,,True,,Sitemap ثم صفحة منتج,https://www.zahranstores.com/en/tefal-comfort-paring-knife-set-3-pieces-paring-9-cm-utility-12-cm-chef-15-cm-black-k221s375-2340,,,لم يُرصد,بانتظار أول رصد سعر,0,,,True,يحتاج تأكيد صفحة المنتج,Exact product URL in Zahran Stores public sitemap; stock not asserted,2026-07-30T00:00:00,2026-07-30T00:00:00
CASH-F8125FF430580B,VAR-8C866AF3D3B071|EG-079|STORE,MAP-8FB3B1A742A6E8A0,VAR-8C866AF3D3B071,EG-079,,,EGP,,,,,,,,,,,القاهرة,,,,,,,True,,Sitemap ثم صفحة منتج,https://www.zahranstores.com/en/tefal-kitchen-knife-ice-force-chef-20-cm-k2320214-1128,,,لم يُرصد,بانتظار أول رصد سعر,0,,,True,يحتاج تأكيد صفحة المنتج,Exact product URL in Zahran Stores public sitemap; stock not asserted,2026-07-30T00:00:00,2026-07-30T00:00:00
CASH-0F2C492EF7E7FB,VAR-1D74E31205456D|EG-079|STORE,MAP-0311AC63A2375266,VAR-1D74E31205456D,EG-079,,,EGP,,,,,,,,,,,القاهرة,,,,,,,True,,Sitemap ثم صفحة منتج,https://www.zahranstores.com/en/tefal-santoku-kitchen-knife-ice-force-chef-18-cm-k2320614-1127,,,لم يُرصد,بانتظار أول رصد سعر,0,,,True,يحتاج تأكيد صفحة المنتج,Exact product URL in Zahran Stores public sitemap; stock not asserted,2026-07-30T00:00:00,2026-07-30T00:00:00
CASH-BB45E00F1462DE,VAR-4552923D2141B0|EG-079|STORE,MAP-0AA3F9DA2C8F327F,VAR-4552923D2141B0,EG-079,,,EGP,,,,,,,,,,,القاهرة,,,,,,,True,,Sitemap ثم صفحة منتج,https://www.zahranstores.com/en/tefal-kitchen-knife-ice-force-chef-11-cm-k2320914-1126,,,لم يُرصد,بانتظار أول رصد سعر,0,,,True,يحتاج تأكيد صفحة المنتج,Exact product URL in Zahran Stores public sitemap; stock not asserted,2026-07-30T00:00:00,2026-07-30T00:00:00
CASH-BE31E512244DCD,VAR-F56334DFFDA720|EG-079|STORE,MAP-390BABA57F6D8E66,VAR-F56334DFFDA720,EG-079,,,EGP,,,,,,,,,,,القاهرة,,,,,,,True,,Sitemap ثم صفحة منتج,https://www.zahranstores.com/en/tefal-ever-sharp-stainless-steel-chef-knife-165cm-k2569004-1923,,,لم يُرصد,بانتظار أول رصد سعر,0,,,True,يحتاج تأكيد صفحة المنتج,Exact product URL in Zahran Stores public sitemap; stock not asserted,2026-07-30T00:00:00,2026-07-30T00:00:00
CASH-B16A254D16593D,VAR-A720C65F195CA8|EG-060|STORE,MAP-5CD639B8D58AA23E,VAR-A720C65F195CA8,EG-060,,,EGP,,,,,,,,,,,القاهرة,,,,,,,True,,JSON-LD,https://www.ikea.com/eg/en/p/aptitlig-butchers-block-bamboo-00233429,,,لم يُرصد,بانتظار أول رصد سعر,0,,,True,يحتاج اكتشاف رابط المنتج,الاسم ورقم الصنف والمواصفات الظاهرة مأخوذة من قائمة JSON-LD الرسمية للفئة في IKEA Egypt؛ لم تُنقل أي أسعار.,2026-07-30T00:00:00,2026-07-30T00:00:00
CASH-597CD6FE3E34D4,VAR-CFBE68267B16F6|EG-060|STORE,MAP-D989129E991C28C4,VAR-CFBE68267B16F6,EG-060,,,EGP,,,,,,,,,,,القاهرة,,,,,,,True,,JSON-LD,https://www.ikea.com/eg/en/p/brogrund-touch-top-bin-stainless-steel-70433364,,,لم يُرصد,بانتظار أول رصد سعر,0,,,True,يحتاج اكتشاف رابط المنتج,الاسم ورقم الصنف والمواصفات الظاهرة مأخوذة من قائمة JSON-LD الرسمية للفئة في IKEA Egypt؛ لم تُنقل أي أسعار.,2026-07-30T00:00:00,2026-07-30T00:00:00
CASH-4552F4C38D97BC,VAR-4CC25731FFDE52|EG-060|STORE,MAP-CE797059053040DB,VAR-4CC25731FFDE52,EG-060,,,EGP,,,,,,,,,,,القاهرة,,,,,,,True,,JSON-LD,https://www.ikea.com/eg/en/p/dammaeng-bin-with-lid-dark-grey-00559984,,,لم يُرصد,بانتظار أول رصد سعر,0,,,True,يحتاج اكتشاف رابط المنتج,الاسم ورقم الصنف والمواصفات الظاهرة مأخوذة من قائمة JSON-LD الرسمية للفئة في IKEA Egypt؛ لم تُنقل أي أسعار.,2026-07-30T00:00:00,2026-07-30T00:00:00
CASH-168743A701780B,VAR-4E54A93400F4E0|EG-060|STORE,MAP-1B2557C233B07C09,VAR-4E54A93400F4E0,EG-060,,,EGP,,,,,,,,,,,القاهرة,,,,,,,True,,JSON-LD,https://www.ikea.com/eg/en/p/dammaeng-bin-with-lid-grey-green-00559979,,,لم يُرصد,بانتظار أول رصد سعر,0,,,True,يحتاج اكتشاف رابط المنتج,الاسم ورقم الصنف والمواصفات الظاهرة مأخوذة من قائمة JSON-LD الرسمية للفئة في IKEA Egypt؛ لم تُنقل أي أسعار.,2026-07-30T00:00:00,2026-07-30T00:00:00
CASH-BDE3E2BF8133CB,VAR-010659BE58343B|EG-060|STORE,MAP-1A6A8072B2881F9E,VAR-010659BE58343B,EG-060,,,EGP,,,,,,,,,,,القاهرة,,,,,,,True,,JSON-LD,https://www.ikea.com/eg/en/p/ekoln-waste-bin-beige-10623475,,,لم يُرصد,بانتظار أول رصد سعر,0,,,True,يحتاج اكتشاف رابط المنتج,الاسم ورقم الصنف والمواصفات الظاهرة مأخوذة من قائمة JSON-LD الرسمية للفئة في IKEA Egypt؛ لم تُنقل أي أسعار.,2026-07-30T00:00:00,2026-07-30T00:00:00
CASH-133D6EA639D033,VAR-A452AD3207C741|EG-060|STORE,MAP-363AE4AA91435339,VAR-A452AD3207C741,EG-060,,,EGP,,,,,,,,,,,القاهرة,,,,,,,True,,JSON-LD,https://www.ikea.com/eg/en/p/filur-bin-with-lid-white-20193899,,,لم يُرصد,بانتظار أول رصد سعر,0,,,True,يحتاج اكتشاف رابط المنتج,الاسم ورقم الصنف والمواصفات الظاهرة مأخوذة من قائمة JSON-LD الرسمية للفئة في IKEA Egypt؛ لم تُنقل أي أسعار.,2026-07-30T00:00:00,2026-07-30T00:00:00
CASH-378F871A4DACE2,VAR-91AB0CBD7657D9|EG-060|STORE,MAP-918A4E5DF67ACDBD,VAR-91AB0CBD7657D9,EG-060,,,EGP,,,,,,,,,,,القاهرة,,,,,,,True,,JSON-LD,https://www.ikea.com/eg/en/p/florsjoen-waste-bin-beige-60604865,,,لم يُرصد,بانتظار أول رصد سعر,0,,,True,يحتاج اكتشاف رابط المنتج,الاسم ورقم الصنف والمواصفات الظاهرة مأخوذة من قائمة JSON-LD الرسمية للفئة في IKEA Egypt؛ لم تُنقل أي أسعار.,2026-07-30T00:00:00,2026-07-30T00:00:00
CASH-2AB6DE5E15C01B,VAR-5C173828FE7D61|EG-060|STORE,MAP-2064133755875896,VAR-5C173828FE7D61,EG-060,,,EGP,,,,,,,,,,,القاهرة,,,,,,,True,,JSON-LD,https://www.ikea.com/eg/en/p/fniss-waste-bin-black-60295438,,,لم يُرصد,بانتظار أول رصد سعر,0,,,True,يحتاج اكتشاف رابط المنتج,الاسم ورقم الصنف والمواصفات الظاهرة مأخوذة من قائمة JSON-LD الرسمية للفئة في IKEA Egypt؛ لم تُنقل أي أسعار.,2026-07-30T00:00:00,2026-07-30T00:00:00
CASH-C5714A9C6874E9,VAR-FFD7296750FF2A|EG-060|STORE,MAP-3839E6DDBF6AD741,VAR-FFD7296750FF2A,EG-060,,,EGP,,,,,,,,,,,القاهرة,,,,,,,True,,JSON-LD,https://www.ikea.com/eg/en/p/fniss-waste-bin-white-40295439,,,لم يُرصد,بانتظار أول رصد سعر,0,,,True,يحتاج اكتشاف رابط المنتج,الاسم ورقم الصنف والمواصفات الظاهرة مأخوذة من قائمة JSON-LD الرسمية للفئة في IKEA Egypt؛ لم تُنقل أي أسعار.,2026-07-30T00:00:00,2026-07-30T00:00:00
CASH-C1841BBF8EB1BF,VAR-DB87FE7ADBE0F0|EG-060|STORE,MAP-7140394566BCE634,VAR-DB87FE7ADBE0F0,EG-060,,,EGP,,,,,,,,,,,القاهرة,,,,,,,True,,JSON-LD,https://www.ikea.com/eg/en/p/gansjoen-waste-bin-black-20605471,,,لم يُرصد,بانتظار أول رصد سعر,0,,,True,يحتاج اكتشاف رابط المنتج,الاسم ورقم الصنف والمواصفات الظاهرة مأخوذة من قائمة JSON-LD الرسمية للفئة في IKEA Egypt؛ لم تُنقل أي أسعار.,2026-07-30T00:00:00,2026-07-30T00:00:00
CASH-3FBDD9DBD819E8,VAR-24131A3B8E1F2D|EG-060|STORE,MAP-21E36F2FEF351F52,VAR-24131A3B8E1F2D,EG-060,,,EGP,,,,,,,,,,,القاهرة,,,,,,,True,,JSON-LD,https://www.ikea.com/eg/en/p/gardsbutik-bin-with-lid-grey-beige-70565199,,,لم يُرصد,بانتظار أول رصد سعر,0,,,True,يحتاج اكتشاف رابط المنتج,الاسم ورقم الصنف والمواصفات الظاهرة مأخوذة من قائمة JSON-LD الرسمية للفئة في IKEA Egypt؛ لم تُنقل أي أسعار.,2026-07-30T00:00:00,2026-07-30T00:00:00
CASH-874B90A4AF3E26,VAR-79E3258196314C|EG-060|STORE,MAP-66377DFADB8CFE51,VAR-79E3258196314C,EG-060,,,EGP,,,,,,,,,,,القاهرة,,,,,,,True,,JSON-LD,https://www.ikea.com/eg/en/p/hallbar-bin-with-lid-light-grey-50420206,,,لم يُرصد,بانتظار أول رصد سعر,0,,,True,يحتاج اكتشاف رابط المنتج,الاسم ورقم الصنف والمواصفات الظاهرة مأخوذة من قائمة JSON-LD الرسمية للفئة في IKEA Egypt؛ لم تُنقل أي أسعار.,2026-07-30T00:00:00,2026-07-30T00:00:00
CASH-B14684AAFD82AE,VAR-75C5C83C78FDD8|EG-060|STORE,MAP-7DAD8BBE3E1A2B70,VAR-75C5C83C78FDD8,EG-060,,,EGP,,,,,,,,,,,القاهرة,,,,,,,True,,JSON-LD,https://www.ikea.com/eg/en/p/hoelass-bin-with-lid-black-00520500,,,لم يُرصد,بانتظار أول رصد سعر,0,,,True,يحتاج اكتشاف رابط المنتج,الاسم ورقم الصنف والمواصفات الظاهرة مأخوذة من قائمة JSON-LD الرسمية للفئة في IKEA Egypt؛ لم تُنقل أي أسعار.,2026-07-30T00:00:00,2026-07-30T00:00:00
CASH-84D0AD8B8DAA97,VAR-7EA433C310AD80|EG-060|STORE,MAP-566AAA5582E8BAEF,VAR-7EA433C310AD80,EG-060,,,EGP,,,,,,,,,,,القاهرة,,,,,,,True,,JSON-LD,https://www.ikea.com/eg/en/p/kinnasjoe-waste-bin-with-lid-self-adhesive-green-00591856,,,لم يُرصد,بانتظار أول رصد سعر,0,,,True,يحتاج اكتشاف رابط المنتج,الاسم ورقم الصنف والمواصفات الظاهرة مأخوذة من قائمة JSON-LD الرسمية للفئة في IKEA Egypt؛ لم تُنقل أي أسعار.,2026-07-30T00:00:00,2026-07-30T00:00:00
CASH-A8A658AAFC9756,VAR-DCBACEAF044EDB|EG-060|STORE,MAP-87F0E37B5C48D3D6,VAR-DCBACEAF044EDB,EG-060,,,EGP,,,,,,,,,,,القاهرة,,,,,,,True,,JSON-LD,https://www.ikea.com/eg/en/p/knoeckla-pedal-bin-dark-grey-70514100,,,لم يُرصد,بانتظار أول رصد سعر,0,,,True,يحتاج اكتشاف رابط المنتج,الاسم ورقم الصنف والمواصفات الظاهرة مأخوذة من قائمة JSON-LD الرسمية للفئة في IKEA Egypt؛ لم تُنقل أي أسعار.,2026-07-30T00:00:00,2026-07-30T00:00:00
CASH-B96CF594337078,VAR-60A0948B1503CD|EG-060|STORE,MAP-649D206E08DF5D5E,VAR-60A0948B1503CD,EG-060,,,EGP,,,,,,,,,,,القاهرة,,,,,,,True,,JSON-LD,https://www.ikea.com/eg/en/p/knodd-bin-with-lid-grey-90315312,,,لم يُرصد,بانتظار أول رصد سعر,0,,,True,يحتاج اكتشاف رابط المنتج,الاسم ورقم الصنف والمواصفات الظاهرة مأخوذة من قائمة JSON-LD الرسمية للفئة في IKEA Egypt؛ لم تُنقل أي أسعار.,2026-07-30T00:00:00,2026-07-30T00:00:00
CASH-7CB2FBF3DA910C,VAR-2295DD0E2CF47D|EG-060|STORE,MAP-97A4EFEED0513087,VAR-2295DD0E2CF47D,EG-060,,,EGP,,,,,,,,,,,القاهرة,,,,,,,True,,JSON-LD,https://www.ikea.com/eg/en/p/skolaest-waste-bin-for-cabinet-with-door-light-grey-40561013,,,لم يُرصد,بانتظار أول رصد سعر,0,,,True,يحتاج اكتشاف رابط المنتج,الاسم ورقم الصنف والمواصفات الظاهرة مأخوذة من قائمة JSON-LD الرسمية للفئة في IKEA Egypt؛ لم تُنقل أي أسعار.,2026-07-30T00:00:00,2026-07-30T00:00:00
CASH-893C637A3C6C51,VAR-C22AC52F93C050|EG-060|STORE,MAP-08924C39C1DA43F2,VAR-C22AC52F93C050,EG-060,,,EGP,,,,,,,,,,,القاهرة,,,,,,,True,,JSON-LD,https://www.ikea.com/eg/en/p/snoerpa-pedal-bin-stainless-steel-50511211,,,لم يُرصد,بانتظار أول رصد سعر,0,,,True,يحتاج اكتشاف رابط المنتج,الاسم ورقم الصنف والمواصفات الظاهرة مأخوذة من قائمة JSON-LD الرسمية للفئة في IKEA Egypt؛ لم تُنقل أي أسعار.,2026-07-30T00:00:00,2026-07-30T00:00:00
CASH-EF404757F3E325,VAR-16587AEA42F346|EG-060|STORE,MAP-ABA530519CD1AAFF,VAR-16587AEA42F346,EG-060,,,EGP,,,,,,,,,,,القاهرة,,,,,,,True,,JSON-LD,https://www.ikea.com/eg/en/p/stentrappa-pedal-bin-light-grey-beige-20595387,,,لم يُرصد,بانتظار أول رصد سعر,0,,,True,يحتاج اكتشاف رابط المنتج,الاسم ورقم الصنف والمواصفات الظاهرة مأخوذة من قائمة JSON-LD الرسمية للفئة في IKEA Egypt؛ لم تُنقل أي أسعار.,2026-07-30T00:00:00,2026-07-30T00:00:00
CASH-FA32F56714F88B,VAR-2AA92D20E87ADE|EG-060|STORE,MAP-6415A8B91B631E71,VAR-2AA92D20E87ADE,EG-060,,,EGP,,,,,,,,,,,القاهرة,,,,,,,True,,JSON-LD,https://www.ikea.com/eg/en/p/sulten-pedal-bin-stainless-steel-60511220,,,لم يُرصد,بانتظار أول رصد سعر,0,,,True,يحتاج اكتشاف رابط المنتج,الاسم ورقم الصنف والمواصفات الظاهرة مأخوذة من قائمة JSON-LD الرسمية للفئة في IKEA Egypt؛ لم تُنقل أي أسعار.,2026-07-30T00:00:00,2026-07-30T00:00:00
CASH-7DC90146924EF1,VAR-394B2A3612BCCA|EG-060|STORE,MAP-7D999F448429AD32,VAR-394B2A3612BCCA,EG-060,,,EGP,,,,,,,,,,,القاهرة,,,,,,,True,,JSON-LD,https://www.ikea.com/eg/en/p/troeskning-bin-with-lid-light-grey-blue-00592257,,,لم يُرصد,بانتظار أول رصد سعر,0,,,True,يحتاج اكتشاف رابط المنتج,الاسم ورقم الصنف والمواصفات الظاهرة مأخوذة من قائمة JSON-LD الرسمية للفئة في IKEA Egypt؛ لم تُنقل أي أسعار.,2026-07-30T00:00:00,2026-07-30T00:00:00
CASH-C4655745CBF15E,VAR-0DB0540F617992|EG-060|STORE,MAP-687CA1BFAE6B41C4,VAR-0DB0540F617992,EG-060,,,EGP,,,,,,,,,,,القاهرة,,,,,,,True,,JSON-LD,https://www.ikea.com/eg/en/p/brattby-bag-blue-20103648,,,لم يُرصد,بانتظار أول رصد سعر,0,,,True,يحتاج اكتشاف رابط المنتج,الاسم ورقم الصنف والمواصفات الظاهرة مأخوذة من قائمة JSON-LD الرسمية للفئة في IKEA Egypt؛ لم تُنقل أي أسعار.,2026-07-30T00:00:00,2026-07-30T00:00:00
CASH-10F9E1D998D6C3,VAR-0D44CEED9A8FFF|EG-060|STORE,MAP-A1A03755BD191C32,VAR-0D44CEED9A8FFF,EG-060,,,EGP,,,,,,,,,,,القاهرة,,,,,,,True,,JSON-LD,https://www.ikea.com/eg/en/p/dimpa-sorting-bag-with-lid-light-grey-beige-40601434,,,لم يُرصد,بانتظار أول رصد سعر,0,,,True,يحتاج اكتشاف رابط المنتج,الاسم ورقم الصنف والمواصفات الظاهرة مأخوذة من قائمة JSON-LD الرسمية للفئة في IKEA Egypt؛ لم تُنقل أي أسعار.,2026-07-30T00:00:00,2026-07-30T00:00:00
CASH-957CB53B49DBE9,VAR-A53599AB5B758F|EG-060|STORE,MAP-CAE1CBB2E3989B4B,VAR-A53599AB5B758F,EG-060,,,EGP,,,,,,,,,,,القاهرة,,,,,,,True,,JSON-LD,https://www.ikea.com/eg/en/p/frakta-carrier-bag-medium-blue-60611111,,,لم يُرصد,بانتظار أول رصد سعر,0,,,True,يحتاج اكتشاف رابط المنتج,الاسم ورقم الصنف والمواصفات الظاهرة مأخوذة من قائمة JSON-LD الرسمية للفئة في IKEA Egypt؛ لم تُنقل أي أسعار.,2026-07-30T00:00:00,2026-07-30T00:00:00
CASH-9AA201DCE0170F,VAR-919231B84E685D|EG-060|STORE,MAP-6D6EFE9DDE0D2371,VAR-919231B84E685D,EG-060,,,EGP,,,,,,,,,,,القاهرة,,,,,,,True,,JSON-LD,https://www.ikea.com/eg/en/p/goersnygg-storage-case-white-transparent-40504193,,,لم يُرصد,بانتظار أول رصد سعر,0,,,True,يحتاج اكتشاف رابط المنتج,الاسم ورقم الصنف والمواصفات الظاهرة مأخوذة من قائمة JSON-LD الرسمية للفئة في IKEA Egypt؛ لم تُنقل أي أسعار.,2026-07-30T00:00:00,2026-07-30T00:00:00
CASH-BB2D97A2517860,VAR-D7D70D2AFF674E|EG-060|STORE,MAP-46F63222B10BF375,VAR-D7D70D2AFF674E,EG-060,,,EGP,,,,,,,,,,,القاهرة,,,,,,,True,,JSON-LD,https://www.ikea.com/eg/en/p/bandslaetting-proofing-bread-basket-rattan-60603489,,,لم يُرصد,بانتظار أول رصد سعر,0,,,True,يحتاج اكتشاف رابط المنتج,الاسم ورقم الصنف والمواصفات الظاهرة مأخوذة من قائمة JSON-LD الرسمية للفئة في IKEA Egypt؛ لم تُنقل أي أسعار.,2026-07-30T00:00:00,2026-07-30T00:00:00
CASH-CE4C30A5DA5382,VAR-37381A50CF31EE|EG-060|STORE,MAP-DAF9D11D3BEC82B0,VAR-37381A50CF31EE,EG-060,,,EGP,,,,,,,,,,,القاهرة,,,,,,,True,,JSON-LD,https://www.ikea.com/eg/en/p/grilltider-serving-tray-stainless-steel-40615153,,,لم يُرصد,بانتظار أول رصد سعر,0,,,True,يحتاج اكتشاف رابط المنتج,الاسم ورقم الصنف والمواصفات الظاهرة مأخوذة من قائمة JSON-LD الرسمية للفئة في IKEA Egypt؛ لم تُنقل أي أسعار.,2026-07-30T00:00:00,2026-07-30T00:00:00
CASH-BB9A9FEA6B3605,VAR-BFB86F10CA2324|EG-060|STORE,MAP-B9C74BFD1B32D07E,VAR-BFB86F10CA2324,EG-060,,,EGP,,,,,,,,,,,القاهرة,,,,,,,True,,JSON-LD,https://www.ikea.com/eg/en/p/ombonad-tray-walnut-50504734,,,لم يُرصد,بانتظار أول رصد سعر,0,,,True,يحتاج اكتشاف رابط المنتج,الاسم ورقم الصنف والمواصفات الظاهرة مأخوذة من قائمة JSON-LD الرسمية للفئة في IKEA Egypt؛ لم تُنقل أي أسعار.,2026-07-30T00:00:00,2026-07-30T00:00:00
CASH-68FC0A37D7FD51,VAR-66FC2733BE055A|EG-060|STORE,MAP-D6DE69E9767F6D89,VAR-66FC2733BE055A,EG-060,,,EGP,,,,,,,,,,,القاهرة,,,,,,,True,,JSON-LD,https://www.ikea.com/eg/en/p/ommjaenge-tray-set-of-2-orange-birch-veneer-30593910,,,لم يُرصد,بانتظار أول رصد سعر,0,,,True,يحتاج اكتشاف رابط المنتج,الاسم ورقم الصنف والمواصفات الظاهرة مأخوذة من قائمة JSON-LD الرسمية للفئة في IKEA Egypt؛ لم تُنقل أي أسعار.,2026-07-30T00:00:00,2026-07-30T00:00:00
CASH-8F0DA40C008D29,VAR-4F739B8F04FF33|EG-060|STORE,MAP-87B3CAEAAAFC9054,VAR-4F739B8F04FF33,EG-060,,,EGP,,,,,,,,,,,القاهرة,,,,,,,True,,JSON-LD,https://www.ikea.com/eg/en/p/ostbit-tray-bamboo-30452991,,,لم يُرصد,بانتظار أول رصد سعر,0,,,True,يحتاج اكتشاف رابط المنتج,الاسم ورقم الصنف والمواصفات الظاهرة مأخوذة من قائمة JSON-LD الرسمية للفئة في IKEA Egypt؛ لم تُنقل أي أسعار.,2026-07-30T00:00:00,2026-07-30T00:00:00
CASH-8AD8E6B38FDF04,VAR-5B5F51A87E8411|EG-060|STORE,MAP-EE2C03A6419B635E,VAR-5B5F51A87E8411,EG-060,,,EGP,,,,,,,,,,,القاهرة,,,,,,,True,,JSON-LD,https://www.ikea.com/eg/en/p/skala-tray-birch-20056642,,,لم يُرصد,بانتظار أول رصد سعر,0,,,True,يحتاج اكتشاف رابط المنتج,الاسم ورقم الصنف والمواصفات الظاهرة مأخوذة من قائمة JSON-LD الرسمية للفئة في IKEA Egypt؛ لم تُنقل أي أسعار.,2026-07-30T00:00:00,2026-07-30T00:00:00
CASH-0861C0B273B612,VAR-3BEE434626F294|EG-060|STORE,MAP-202B3122A6A9F83F,VAR-3BEE434626F294,EG-060,,,EGP,,,,,,,,,,,القاهرة,,,,,,,True,,JSON-LD,https://www.ikea.com/eg/en/p/smoerling-serving-tray-set-of-2-beech-10570660,,,لم يُرصد,بانتظار أول رصد سعر,0,,,True,يحتاج اكتشاف رابط المنتج,الاسم ورقم الصنف والمواصفات الظاهرة مأخوذة من قائمة JSON-LD الرسمية للفئة في IKEA Egypt؛ لم تُنقل أي أسعار.,2026-07-30T00:00:00,2026-07-30T00:00:00
CASH-88FB7B7A1AD9FA,VAR-CFCD762BBEE53F|EG-060|STORE,MAP-9CDED2CA326FCF80,VAR-CFCD762BBEE53F,EG-060,,,EGP,,,,,,,,,,,القاهرة,,,,,,,True,,JSON-LD,https://www.ikea.com/eg/en/p/smula-tray-transparent-40041131,,,لم يُرصد,بانتظار أول رصد سعر,0,,,True,يحتاج اكتشاف رابط المنتج,الاسم ورقم الصنف والمواصفات الظاهرة مأخوذة من قائمة JSON-LD الرسمية للفئة في IKEA Egypt؛ لم تُنقل أي أسعار.,2026-07-30T00:00:00,2026-07-30T00:00:00
CASH-14780DDC15BA70,VAR-FC7AC19892615E|EG-060|STORE,MAP-6AE22419E4BDEE2D,VAR-FC7AC19892615E,EG-060,,,EGP,,,,,,,,,,,القاهرة,,,,,,,True,,JSON-LD,https://www.ikea.com/eg/en/p/sursoet-ice-cube-tray-bright-yellow-60512936,,,لم يُرصد,بانتظار أول رصد سعر,0,,,True,يحتاج اكتشاف رابط المنتج,الاسم ورقم الصنف والمواصفات الظاهرة مأخوذة من قائمة JSON-LD الرسمية للفئة في IKEA Egypt؛ لم تُنقل أي أسعار.,2026-07-30T00:00:00,2026-07-30T00:00:00
CASH-42481265C40C90,VAR-08AA0ACCDD095B|EG-060|STORE,MAP-1F92DE5986BC3CD1,VAR-08AA0ACCDD095B,EG-060,,,EGP,,,,,,,,,,,القاهرة,,,,,,,True,,JSON-LD,https://www.ikea.com/eg/en/p/tillgang-tray-pale-green-60562295,,,لم يُرصد,بانتظار أول رصد سعر,0,,,True,يحتاج اكتشاف رابط المنتج,الاسم ورقم الصنف والمواصفات الظاهرة مأخوذة من قائمة JSON-LD الرسمية للفئة في IKEA Egypt؛ لم تُنقل أي أسعار.,2026-07-30T00:00:00,2026-07-30T00:00:00
CASH-2A5D7CBD10400E,VAR-68084E42448998|EG-063|STORE,MAP-2E0CF32726782BAD,VAR-68084E42448998,EG-063,,,EGP,,,,,,,,,,,القاهرة,,,,,,,True,,تغذية منتجات,https://mintra.eg/products/bread-basket-%D8%A8%D8%A7%D8%B3%D9%83%D8%AA-%D8%B9%D9%8A%D8%B4,,,لم يُرصد,بانتظار أول رصد سعر,0,,,True,جاهز لأول رصد,الموديل والنسخة ورقم SKU مأخوذة من خلاصة المنتجات الرسمية لمتجر Mintra؛ لم تُنقل أي أسعار.,2026-07-30T00:00:00,2026-07-30T00:00:00
CASH-9016923A6E7931,VAR-280FE7DBCF919D|EG-063|STORE,MAP-72EFA3B0B8ED02B5,VAR-280FE7DBCF919D,EG-063,,,EGP,,,,,,,,,,,القاهرة,,,,,,,True,,تغذية منتجات,https://mintra.eg/products/bread-basket-%D8%A8%D8%A7%D8%B3%D9%83%D8%AA-%D8%B9%D9%8A%D8%B4,,,لم يُرصد,بانتظار أول رصد سعر,0,,,True,جاهز لأول رصد,الموديل والنسخة ورقم SKU مأخوذة من خلاصة المنتجات الرسمية لمتجر Mintra؛ لم تُنقل أي أسعار.,2026-07-30T00:00:00,2026-07-30T00:00:00
CASH-D7418ABCF60C4D,VAR-974FE9DD11E5EC|EG-063|STORE,MAP-C2E75C9EC151A28E,VAR-974FE9DD11E5EC,EG-063,,,EGP,,,,,,,,,,,القاهرة,,,,,,,True,,تغذية منتجات,https://mintra.eg/products/bread-basket-%D8%A8%D8%A7%D8%B3%D9%83%D8%AA-%D8%B9%D9%8A%D8%B4,,,لم يُرصد,بانتظار أول رصد سعر,0,,,True,جاهز لأول رصد,الموديل والنسخة ورقم SKU مأخوذة من خلاصة المنتجات الرسمية لمتجر Mintra؛ لم تُنقل أي أسعار.,2026-07-30T00:00:00,2026-07-30T00:00:00
CASH-C74DC02FE7C946,VAR-01FA90910FED04|EG-063|STORE,MAP-26F6E5A32BC67EFA,VAR-01FA90910FED04,EG-063,,,EGP,,,,,,,,,,,القاهرة,,,,,,,True,,تغذية منتجات,https://mintra.eg/products/bread-basket-%D8%A8%D8%A7%D8%B3%D9%83%D8%AA-%D8%B9%D9%8A%D8%B4,,,لم يُرصد,بانتظار أول رصد سعر,0,,,True,جاهز لأول رصد,الموديل والنسخة ورقم SKU مأخوذة من خلاصة المنتجات الرسمية لمتجر Mintra؛ لم تُنقل أي أسعار.,2026-07-30T00:00:00,2026-07-30T00:00:00
CASH-2A5530C0B562A6,VAR-0692F5A625E06B|EG-063|STORE,MAP-E0062288A343C3E6,VAR-0692F5A625E06B,EG-063,,,EGP,,,,,,,,,,,القاهرة,,,,,,,True,,تغذية منتجات,https://mintra.eg/products/bread-basket-%D8%A8%D8%A7%D8%B3%D9%83%D8%AA-%D8%B9%D9%8A%D8%B4,,,لم يُرصد,بانتظار أول رصد سعر,0,,,True,جاهز لأول رصد,الموديل والنسخة ورقم SKU مأخوذة من خلاصة المنتجات الرسمية لمتجر Mintra؛ لم تُنقل أي أسعار.,2026-07-30T00:00:00,2026-07-30T00:00:00
CASH-8E4151B4C5AD3C,VAR-1C5E95A8862184|EG-063|STORE,MAP-ECE0A9DE837B784A,VAR-1C5E95A8862184,EG-063,,,EGP,,,,,,,,,,,القاهرة,,,,,,,True,,تغذية منتجات,https://mintra.eg/products/bread-basket-%D8%A8%D8%A7%D8%B3%D9%83%D8%AA-%D8%B9%D9%8A%D8%B4,,,لم يُرصد,بانتظار أول رصد سعر,0,,,True,جاهز لأول رصد,الموديل والنسخة ورقم SKU مأخوذة من خلاصة المنتجات الرسمية لمتجر Mintra؛ لم تُنقل أي أسعار.,2026-07-30T00:00:00,2026-07-30T00:00:00
CASH-FF25626A6D364E,VAR-FF227EF8D51062|EG-063|STORE,MAP-C75D98ED0B8E76A2,VAR-FF227EF8D51062,EG-063,,,EGP,,,,,,,,,,,القاهرة,,,,,,,True,,تغذية منتجات,https://mintra.eg/products/bread-basket-%D8%A8%D8%A7%D8%B3%D9%83%D8%AA-%D8%B9%D9%8A%D8%B4,,,لم يُرصد,بانتظار أول رصد سعر,0,,,True,جاهز لأول رصد,الموديل والنسخة ورقم SKU مأخوذة من خلاصة المنتجات الرسمية لمتجر Mintra؛ لم تُنقل أي أسعار.,2026-07-30T00:00:00,2026-07-30T00:00:00
CASH-AC5A03F7F72499,VAR-9DD5715C0509DE|EG-063|STORE,MAP-CF5193435EC027EA,VAR-9DD5715C0509DE,EG-063,,,EGP,,,,,,,,,,,القاهرة,,,,,,,True,,تغذية منتجات,https://mintra.eg/products/bread-basket-%D8%A8%D8%A7%D8%B3%D9%83%D8%AA-%D8%B9%D9%8A%D8%B4,,,لم يُرصد,بانتظار أول رصد سعر,0,,,True,جاهز لأول رصد,الموديل والنسخة ورقم SKU مأخوذة من خلاصة المنتجات الرسمية لمتجر Mintra؛ لم تُنقل أي أسعار.,2026-07-30T00:00:00,2026-07-30T00:00:00
CASH-93E4EADA6C934D,VAR-9AC28941992043|EG-063|STORE,MAP-C964BC24DF392EF0,VAR-9AC28941992043,EG-063,,,EGP,,,,,,,,,,,القاهرة,,,,,,,True,,تغذية منتجات,https://mintra.eg/products/fruit-tray-1,,,لم يُرصد,بانتظار أول رصد سعر,0,,,True,جاهز لأول رصد,الموديل والنسخة ورقم SKU مأخوذة من خلاصة المنتجات الرسمية لمتجر Mintra؛ لم تُنقل أي أسعار.,2026-07-30T00:00:00,2026-07-30T00:00:00
CASH-10D5AEA6C78DCC,VAR-71C7A2C075C58B|EG-063|STORE,MAP-648DE80346C1F406,VAR-71C7A2C075C58B,EG-063,,,EGP,,,,,,,,,,,القاهرة,,,,,,,True,,تغذية منتجات,https://mintra.eg/products/fruit-tray-1,,,لم يُرصد,بانتظار أول رصد سعر,0,,,True,جاهز لأول رصد,الموديل والنسخة ورقم SKU مأخوذة من خلاصة المنتجات الرسمية لمتجر Mintra؛ لم تُنقل أي أسعار.,2026-07-30T00:00:00,2026-07-30T00:00:00
CASH-B84CF4DCD83DF5,VAR-C7169CCBC24A08|EG-063|STORE,MAP-D79814690F793CC9,VAR-C7169CCBC24A08,EG-063,,,EGP,,,,,,,,,,,القاهرة,,,,,,,True,,تغذية منتجات,https://mintra.eg/products/fruit-tray-1,,,لم يُرصد,بانتظار أول رصد سعر,0,,,True,جاهز لأول رصد,الموديل والنسخة ورقم SKU مأخوذة من خلاصة المنتجات الرسمية لمتجر Mintra؛ لم تُنقل أي أسعار.,2026-07-30T00:00:00,2026-07-30T00:00:00
CASH-7E35F861A59645,VAR-AD812A47CA49D0|EG-063|STORE,MAP-708B84A149C637C4,VAR-AD812A47CA49D0,EG-063,,,EGP,,,,,,,,,,,القاهرة,,,,,,,True,,تغذية منتجات,https://mintra.eg/products/fruit-tray-1,,,لم يُرصد,بانتظار أول رصد سعر,0,,,True,جاهز لأول رصد,الموديل والنسخة ورقم SKU مأخوذة من خلاصة المنتجات الرسمية لمتجر Mintra؛ لم تُنقل أي أسعار.,2026-07-30T00:00:00,2026-07-30T00:00:00
CASH-D07605841E30C8,VAR-7A7589AA2F0CDD|EG-063|STORE,MAP-B8354D417C41504B,VAR-7A7589AA2F0CDD,EG-063,,,EGP,,,,,,,,,,,القاهرة,,,,,,,True,,تغذية منتجات,https://mintra.eg/products/fruit-tray-1,,,لم يُرصد,بانتظار أول رصد سعر,0,,,True,جاهز لأول رصد,الموديل والنسخة ورقم SKU مأخوذة من خلاصة المنتجات الرسمية لمتجر Mintra؛ لم تُنقل أي أسعار.,2026-07-30T00:00:00,2026-07-30T00:00:00
CASH-BDDC65562BE6D5,VAR-081D80B8452BD5|EG-063|STORE,MAP-6A23B03A19CC1302,VAR-081D80B8452BD5,EG-063,,,EGP,,,,,,,,,,,القاهرة,,,,,,,True,,تغذية منتجات,https://mintra.eg/products/fruit-tray-1,,,لم يُرصد,بانتظار أول رصد سعر,0,,,True,جاهز لأول رصد,الموديل والنسخة ورقم SKU مأخوذة من خلاصة المنتجات الرسمية لمتجر Mintra؛ لم تُنقل أي أسعار.,2026-07-30T00:00:00,2026-07-30T00:00:00
CASH-81222B8B636209,VAR-76106E9F3D53E5|EG-063|STORE,MAP-952C2FC29F121DB6,VAR-76106E9F3D53E5,EG-063,,,EGP,,,,,,,,,,,القاهرة,,,,,,,True,,تغذية منتجات,https://mintra.eg/products/fruit-tray-1,,,لم يُرصد,بانتظار أول رصد سعر,0,,,True,جاهز لأول رصد,الموديل والنسخة ورقم SKU مأخوذة من خلاصة المنتجات الرسمية لمتجر Mintra؛ لم تُنقل أي أسعار.,2026-07-30T00:00:00,2026-07-30T00:00:00
CASH-EF96ED8FFE41E3,VAR-232228A92E3580|EG-063|STORE,MAP-D46F55695A1F5854,VAR-232228A92E3580,EG-063,,,EGP,,,,,,,,,,,القاهرة,,,,,,,True,,تغذية منتجات,https://mintra.eg/products/oval-serving-tray-%D8%B3%D8%B1%D9%81%D9%8A%D8%B3_%D8%A7%D9%83%D9%84-_%D8%A8%D9%84%D8%A7%D8%B3%D8%AA%D9%8A%D9%83,,,لم يُرصد,بانتظار أول رصد سعر,0,,,True,جاهز لأول رصد,الموديل والنسخة ورقم SKU مأخوذة من خلاصة المنتجات الرسمية لمتجر Mintra؛ لم تُنقل أي أسعار.,2026-07-30T00:00:00,2026-07-30T00:00:00
CASH-455DB22BDAAEBD,VAR-3FE52B5E0DB427|EG-063|STORE,MAP-358D27C7713CC2A5,VAR-3FE52B5E0DB427,EG-063,,,EGP,,,,,,,,,,,القاهرة,,,,,,,True,,تغذية منتجات,https://mintra.eg/products/oval-serving-tray-%D8%B3%D8%B1%D9%81%D9%8A%D8%B3_%D8%A7%D9%83%D9%84-_%D8%A8%D9%84%D8%A7%D8%B3%D8%AA%D9%8A%D9%83,,,لم يُرصد,بانتظار أول رصد سعر,0,,,True,جاهز لأول رصد,الموديل والنسخة ورقم SKU مأخوذة من خلاصة المنتجات الرسمية لمتجر Mintra؛ لم تُنقل أي أسعار.,2026-07-30T00:00:00,2026-07-30T00:00:00
CASH-FA10B345BF69C7,VAR-2F9781139FD420|EG-063|STORE,MAP-CDCD54FC7BE3CA5A,VAR-2F9781139FD420,EG-063,,,EGP,,,,,,,,,,,القاهرة,,,,,,,True,,تغذية منتجات,https://mintra.eg/products/oval-serving-tray-%D8%B3%D8%B1%D9%81%D9%8A%D8%B3_%D8%A7%D9%83%D9%84-_%D8%A8%D9%84%D8%A7%D8%B3%D8%AA%D9%8A%D9%83,,,لم يُرصد,بانتظار أول رصد سعر,0,,,True,جاهز لأول رصد,الموديل والنسخة ورقم SKU مأخوذة من خلاصة المنتجات الرسمية لمتجر Mintra؛ لم تُنقل أي أسعار.,2026-07-30T00:00:00,2026-07-30T00:00:00
CASH-5B4EF9D986BA41,VAR-258A3B585DF26F|EG-063|STORE,MAP-6AD25957976CD5F7,VAR-258A3B585DF26F,EG-063,,,EGP,,,,,,,,,,,القاهرة,,,,,,,True,,تغذية منتجات,https://mintra.eg/products/oval-serving-tray-%D8%B3%D8%B1%D9%81%D9%8A%D8%B3_%D8%A7%D9%83%D9%84-_%D8%A8%D9%84%D8%A7%D8%B3%D8%AA%D9%8A%D9%83,,,لم يُرصد,بانتظار أول رصد سعر,0,,,True,جاهز لأول رصد,الموديل والنسخة ورقم SKU مأخوذة من خلاصة المنتجات الرسمية لمتجر Mintra؛ لم تُنقل أي أسعار.,2026-07-30T00:00:00,2026-07-30T00:00:00
CASH-B5FF83B4F5C4C9,VAR-D08DFAB6BEE90E|EG-063|STORE,MAP-45E3F859D9A8FC02,VAR-D08DFAB6BEE90E,EG-063,,,EGP,,,,,,,,,,,القاهرة,,,,,,,True,,تغذية منتجات,https://mintra.eg/products/oval-serving-tray-%D8%B3%D8%B1%D9%81%D9%8A%D8%B3_%D8%A7%D9%83%D9%84-_%D8%A8%D9%84%D8%A7%D8%B3%D8%AA%D9%8A%D9%83,,,لم يُرصد,بانتظار أول رصد سعر,0,,,True,جاهز لأول رصد,الموديل والنسخة ورقم SKU مأخوذة من خلاصة المنتجات الرسمية لمتجر Mintra؛ لم تُنقل أي أسعار.,2026-07-30T00:00:00,2026-07-30T00:00:00
CASH-245A78AC203B0C,VAR-4AB00BA0F1E3E5|EG-063|STORE,MAP-B9CD23B587ABEF2F,VAR-4AB00BA0F1E3E5,EG-063,,,EGP,,,,,,,,,,,القاهرة,,,,,,,True,,تغذية منتجات,https://mintra.eg/products/oval-serving-tray-%D8%B3%D8%B1%D9%81%D9%8A%D8%B3_%D8%A7%D9%83%D9%84-_%D8%A8%D9%84%D8%A7%D8%B3%D8%AA%D9%8A%D9%83,,,لم يُرصد,بانتظار أول رصد سعر,0,,,True,جاهز لأول رصد,الموديل والنسخة ورقم SKU مأخوذة من خلاصة المنتجات الرسمية لمتجر Mintra؛ لم تُنقل أي أسعار.,2026-07-30T00:00:00,2026-07-30T00:00:00
CASH-A1A5DA1D2D733E,VAR-5C80E9E96ABB63|EG-063|STORE,MAP-A9F74FC76339F092,VAR-5C80E9E96ABB63,EG-063,,,EGP,,,,,,,,,,,القاهرة,,,,,,,True,,تغذية منتجات,https://mintra.eg/products/rectangular-tray-%D8%B5%D9%8A%D9%86%D9%8A%D8%A9-%D8%A8%D9%84%D8%A7%D8%B3%D8%AA%D9%8A%D9%83-%D9%85%D8%B3%D8%AA%D8%B7%D9%8A%D9%84%D8%A9,,,لم يُرصد,بانتظار أول رصد سعر,0,,,True,جاهز لأول رصد,الموديل والنسخة ورقم SKU مأخوذة من خلاصة المنتجات الرسمية لمتجر Mintra؛ لم تُنقل أي أسعار.,2026-07-30T00:00:00,2026-07-30T00:00:00
CASH-2044A6129135E2,VAR-E4911D84455979|EG-063|STORE,MAP-0B913F33795D5130,VAR-E4911D84455979,EG-063,,,EGP,,,,,,,,,,,القاهرة,,,,,,,True,,تغذية منتجات,https://mintra.eg/products/rectangular-tray-%D8%B5%D9%8A%D9%86%D9%8A%D8%A9-%D8%A8%D9%84%D8%A7%D8%B3%D8%AA%D9%8A%D9%83-%D9%85%D8%B3%D8%AA%D8%B7%D9%8A%D9%84%D8%A9,,,لم يُرصد,بانتظار أول رصد سعر,0,,,True,جاهز لأول رصد,الموديل والنسخة ورقم SKU مأخوذة من خلاصة المنتجات الرسمية لمتجر Mintra؛ لم تُنقل أي أسعار.,2026-07-30T00:00:00,2026-07-30T00:00:00
CASH-61DA751B988F5C,VAR-B0F3E71975EE9B|EG-063|STORE,MAP-FA22C77D5921D86A,VAR-B0F3E71975EE9B,EG-063,,,EGP,,,,,,,,,,,القاهرة,,,,,,,True,,تغذية منتجات,https://mintra.eg/products/rectangular-tray-%D8%B5%D9%8A%D9%86%D9%8A%D8%A9-%D8%A8%D9%84%D8%A7%D8%B3%D8%AA%D9%8A%D9%83-%D9%85%D8%B3%D8%AA%D8%B7%D9%8A%D9%84%D8%A9,,,لم يُرصد,بانتظار أول رصد سعر,0,,,True,جاهز لأول رصد,الموديل والنسخة ورقم SKU مأخوذة من خلاصة المنتجات الرسمية لمتجر Mintra؛ لم تُنقل أي أسعار.,2026-07-30T00:00:00,2026-07-30T00:00:00
CASH-46F6AFE1FE2309,VAR-217370424A3EFD|EG-063|STORE,MAP-67CFE2DC573A25F1,VAR-217370424A3EFD,EG-063,,,EGP,,,,,,,,,,,القاهرة,,,,,,,True,,تغذية منتجات,https://mintra.eg/products/rectangular-tray-%D8%B5%D9%8A%D9%86%D9%8A%D8%A9-%D8%A8%D9%84%D8%A7%D8%B3%D8%AA%D9%8A%D9%83-%D9%85%D8%B3%D8%AA%D8%B7%D9%8A%D9%84%D8%A9,,,لم يُرصد,بانتظار أول رصد سعر,0,,,True,جاهز لأول رصد,الموديل والنسخة ورقم SKU مأخوذة من خلاصة المنتجات الرسمية لمتجر Mintra؛ لم تُنقل أي أسعار.,2026-07-30T00:00:00,2026-07-30T00:00:00
CASH-F4A0DDDE18A083,VAR-D832BC14AF35D2|EG-063|STORE,MAP-20E6685023199740,VAR-D832BC14AF35D2,EG-063,,,EGP,,,,,,,,,,,القاهرة,,,,,,,True,,تغذية منتجات,https://mintra.eg/products/rectangular-tray-%D8%B5%D9%8A%D9%86%D9%8A%D8%A9-%D8%A8%D9%84%D8%A7%D8%B3%D8%AA%D9%8A%D9%83-%D9%85%D8%B3%D8%AA%D8%B7%D9%8A%D9%84%D8%A9,,,لم يُرصد,بانتظار أول رصد سعر,0,,,True,جاهز لأول رصد,الموديل والنسخة ورقم SKU مأخوذة من خلاصة المنتجات الرسمية لمتجر Mintra؛ لم تُنقل أي أسعار.,2026-07-30T00:00:00,2026-07-30T00:00:00
CASH-FAE41E84D7C39C,VAR-EA5231B1878FA5|EG-063|STORE,MAP-0B71C5987260908B,VAR-EA5231B1878FA5,EG-063,,,EGP,,,,,,,,,,,القاهرة,,,,,,,True,,تغذية منتجات,https://mintra.eg/products/rectangular-tray-%D8%B5%D9%8A%D9%86%D9%8A%D8%A9-%D8%A8%D9%84%D8%A7%D8%B3%D8%AA%D9%8A%D9%83-%D9%85%D8%B3%D8%AA%D8%B7%D9%8A%D9%84%D8%A9,,,لم يُرصد,بانتظار أول رصد سعر,0,,,True,جاهز لأول رصد,الموديل والنسخة ورقم SKU مأخوذة من خلاصة المنتجات الرسمية لمتجر Mintra؛ لم تُنقل أي أسعار.,2026-07-30T00:00:00,2026-07-30T00:00:00
CASH-AFFCC62D467814,VAR-6F09FBBD1C28F0|EG-063|STORE,MAP-F56BC97A503A5071,VAR-6F09FBBD1C28F0,EG-063,,,EGP,,,,,,,,,,,القاهرة,,,,,,,True,,تغذية منتجات,https://mintra.eg/products/rectangular-tray-%D8%B5%D9%8A%D9%86%D9%8A%D8%A9-%D8%A8%D9%84%D8%A7%D8%B3%D8%AA%D9%8A%D9%83-%D9%85%D8%B3%D8%AA%D8%B7%D9%8A%D9%84%D8%A9,,,لم يُرصد,بانتظار أول رصد سعر,0,,,True,جاهز لأول رصد,الموديل والنسخة ورقم SKU مأخوذة من خلاصة المنتجات الرسمية لمتجر Mintra؛ لم تُنقل أي أسعار.,2026-07-30T00:00:00,2026-07-30T00:00:00
CASH-90FDF9A247C6D5,VAR-A66F64A5E4FC9E|EG-063|STORE,MAP-BBEBF2BC32C4A217,VAR-A66F64A5E4FC9E,EG-063,,,EGP,,,,,,,,,,,القاهرة,,,,,,,True,,تغذية منتجات,https://mintra.eg/products/rectangular-tray-%D8%B5%D9%8A%D9%86%D9%8A%D8%A9-%D8%A8%D9%84%D8%A7%D8%B3%D8%AA%D9%8A%D9%83-%D9%85%D8%B3%D8%AA%D8%B7%D9%8A%D9%84%D8%A9,,,لم يُرصد,بانتظار أول رصد سعر,0,,,True,جاهز لأول رصد,الموديل والنسخة ورقم SKU مأخوذة من خلاصة المنتجات الرسمية لمتجر Mintra؛ لم تُنقل أي أسعار.,2026-07-30T00:00:00,2026-07-30T00:00:00
CASH-CFE319D5284327,VAR-19D6F358F1F9A4|EG-063|STORE,MAP-67DC9E2597C5366D,VAR-19D6F358F1F9A4,EG-063,,,EGP,,,,,,,,,,,القاهرة,,,,,,,True,,تغذية منتجات,https://mintra.eg/products/rectangular-tray-%D8%B5%D9%8A%D9%86%D9%8A%D8%A9-%D8%A8%D9%84%D8%A7%D8%B3%D8%AA%D9%8A%D9%83-%D9%85%D8%B3%D8%AA%D8%B7%D9%8A%D9%84%D8%A9,,,لم يُرصد,بانتظار أول رصد سعر,0,,,True,جاهز لأول رصد,الموديل والنسخة ورقم SKU مأخوذة من خلاصة المنتجات الرسمية لمتجر Mintra؛ لم تُنقل أي أسعار.,2026-07-30T00:00:00,2026-07-30T00:00:00
CASH-CF8818E1D2518F,VAR-F22C2636F493AD|EG-063|STORE,MAP-7818365DB1E04E7C,VAR-F22C2636F493AD,EG-063,,,EGP,,,,,,,,,,,القاهرة,,,,,,,True,,تغذية منتجات,https://mintra.eg/products/rectangular-tray-%D8%B5%D9%8A%D9%86%D9%8A%D8%A9-%D8%A8%D9%84%D8%A7%D8%B3%D8%AA%D9%8A%D9%83-%D9%85%D8%B3%D8%AA%D8%B7%D9%8A%D9%84%D8%A9,,,لم يُرصد,بانتظار أول رصد سعر,0,,,True,جاهز لأول رصد,الموديل والنسخة ورقم SKU مأخوذة من خلاصة المنتجات الرسمية لمتجر Mintra؛ لم تُنقل أي أسعار.,2026-07-30T00:00:00,2026-07-30T00:00:00
CASH-CAB175050191AA,VAR-20C79C09486AA0|EG-063|STORE,MAP-DB36C24480A9D94D,VAR-20C79C09486AA0,EG-063,,,EGP,,,,,,,,,,,القاهرة,,,,,,,True,,تغذية منتجات,https://mintra.eg/products/rectangular-tray-%D8%B5%D9%8A%D9%86%D9%8A%D8%A9-%D8%A8%D9%84%D8%A7%D8%B3%D8%AA%D9%8A%D9%83-%D9%85%D8%B3%D8%AA%D8%B7%D9%8A%D9%84%D8%A9,,,لم يُرصد,بانتظار أول رصد سعر,0,,,True,جاهز لأول رصد,الموديل والنسخة ورقم SKU مأخوذة من خلاصة المنتجات الرسمية لمتجر Mintra؛ لم تُنقل أي أسعار.,2026-07-30T00:00:00,2026-07-30T00:00:00
CASH-687794DFE98750,VAR-AE0F021B3C2C6F|EG-063|STORE,MAP-0AE72671DCC5807C,VAR-AE0F021B3C2C6F,EG-063,,,EGP,,,,,,,,,,,القاهرة,,,,,,,True,,تغذية منتجات,https://mintra.eg/products/rectangular-tray-%D8%B5%D9%8A%D9%86%D9%8A%D8%A9-%D8%A8%D9%84%D8%A7%D8%B3%D8%AA%D9%8A%D9%83-%D9%85%D8%B3%D8%AA%D8%B7%D9%8A%D9%84%D8%A9,,,لم يُرصد,بانتظار أول رصد سعر,0,,,True,جاهز لأول رصد,الموديل والنسخة ورقم SKU مأخوذة من خلاصة المنتجات الرسمية لمتجر Mintra؛ لم تُنقل أي أسعار.,2026-07-30T00:00:00,2026-07-30T00:00:00
CASH-BE12D14FB45FC9,VAR-57C70BBA4C22B0|EG-063|STORE,MAP-6B8D4823B97DA75F,VAR-57C70BBA4C22B0,EG-063,,,EGP,,,,,,,,,,,القاهرة,,,,,,,True,,تغذية منتجات,https://mintra.eg/products/rectangular-tray-%D8%B5%D9%8A%D9%86%D9%8A%D8%A9-%D8%A8%D9%84%D8%A7%D8%B3%D8%AA%D9%8A%D9%83-%D9%85%D8%B3%D8%AA%D8%B7%D9%8A%D9%84%D8%A9,,,لم يُرصد,بانتظار أول رصد سعر,0,,,True,جاهز لأول رصد,الموديل والنسخة ورقم SKU مأخوذة من خلاصة المنتجات الرسمية لمتجر Mintra؛ لم تُنقل أي أسعار.,2026-07-30T00:00:00,2026-07-30T00:00:00
CASH-821DE8A7F555FE,VAR-F918B8C22E3F74|EG-063|STORE,MAP-35C782E950776352,VAR-F918B8C22E3F74,EG-063,,,EGP,,,,,,,,,,,القاهرة,,,,,,,True,,تغذية منتجات,https://mintra.eg/products/rectangular-tray-%D8%B5%D9%8A%D9%86%D9%8A%D8%A9-%D8%A8%D9%84%D8%A7%D8%B3%D8%AA%D9%8A%D9%83-%D9%85%D8%B3%D8%AA%D8%B7%D9%8A%D9%84%D8%A9,,,لم يُرصد,بانتظار أول رصد سعر,0,,,True,جاهز لأول رصد,الموديل والنسخة ورقم SKU مأخوذة من خلاصة المنتجات الرسمية لمتجر Mintra؛ لم تُنقل أي أسعار.,2026-07-30T00:00:00,2026-07-30T00:00:00
CASH-126334E81AE595,VAR-6DED47A9F88771|EG-063|STORE,MAP-4FACD4029F2DF969,VAR-6DED47A9F88771,EG-063,,,EGP,,,,,,,,,,,القاهرة,,,,,,,True,,تغذية منتجات,https://mintra.eg/products/rectangular-tray-%D8%B5%D9%8A%D9%86%D9%8A%D8%A9-%D8%A8%D9%84%D8%A7%D8%B3%D8%AA%D9%8A%D9%83-%D9%85%D8%B3%D8%AA%D8%B7%D9%8A%D9%84%D8%A9,,,لم يُرصد,بانتظار أول رصد سعر,0,,,True,جاهز لأول رصد,الموديل والنسخة ورقم SKU مأخوذة من خلاصة المنتجات الرسمية لمتجر Mintra؛ لم تُنقل أي أسعار.,2026-07-30T00:00:00,2026-07-30T00:00:00
CASH-F2A1B9025ABA7C,VAR-988053759FB296|EG-060|STORE,MAP-A1E6ED16749A71DB,VAR-988053759FB296,EG-060,,,EGP,,,,,,,,,,,القاهرة,,,,,,,True,,JSON-LD,https://www.ikea.com/eg/en/p/hemlagad-frying-pan-non-stick-coating-black-90580896,,,لم يُرصد,بانتظار أول رصد سعر,0,,,True,يحتاج اكتشاف رابط المنتج,الاسم ورقم الصنف والمواصفات الظاهرة مأخوذة من قائمة JSON-LD الرسمية للفئة في IKEA Egypt؛ لم تُنقل أي أسعار.,2026-07-30T00:00:00,2026-07-30T00:00:00
CASH-F7A763783C883D,VAR-9213E5A94775C9|EG-060|STORE,MAP-D3CFA3083898F311,VAR-9213E5A94775C9,EG-060,,,EGP,,,,,,,,,,,القاهرة,,,,,,,True,,JSON-LD,https://www.ikea.com/eg/en/p/hemlagad-frying-pan-non-stick-coating-yellow-90623631,,,لم يُرصد,بانتظار أول رصد سعر,0,,,True,يحتاج اكتشاف رابط المنتج,الاسم ورقم الصنف والمواصفات الظاهرة مأخوذة من قائمة JSON-LD الرسمية للفئة في IKEA Egypt؛ لم تُنقل أي أسعار.,2026-07-30T00:00:00,2026-07-30T00:00:00
CASH-AC7573C4632797,VAR-A4E7A06FAD228B|EG-060|STORE,MAP-A334B1A3D937E5D1,VAR-A4E7A06FAD228B,EG-060,,,EGP,,,,,,,,,,,القاهرة,,,,,,,True,,JSON-LD,https://www.ikea.com/eg/en/p/klippfisk-frying-pan-non-stick-coating-wood-dark-grey-blue-80602511,,,لم يُرصد,بانتظار أول رصد سعر,0,,,True,يحتاج اكتشاف رابط المنتج,الاسم ورقم الصنف والمواصفات الظاهرة مأخوذة من قائمة JSON-LD الرسمية للفئة في IKEA Egypt؛ لم تُنقل أي أسعار.,2026-07-30T00:00:00,2026-07-30T00:00:00
CASH-71073ED9EF37D2,VAR-1CBBC73E0D822A|EG-060|STORE,MAP-35A915688034B902,VAR-1CBBC73E0D822A,EG-060,,,EGP,,,,,,,,,,,القاهرة,,,,,,,True,,JSON-LD,https://www.ikea.com/eg/en/p/tagghaj-frying-pan-non-stick-coating-black-40581153,,,لم يُرصد,بانتظار أول رصد سعر,0,,,True,يحتاج اكتشاف رابط المنتج,الاسم ورقم الصنف والمواصفات الظاهرة مأخوذة من قائمة JSON-LD الرسمية للفئة في IKEA Egypt؛ لم تُنقل أي أسعار.,2026-07-30T00:00:00,2026-07-30T00:00:00
CASH-8A9EDA0F94D2AF,VAR-D2204C18D68D4C|EG-060|STORE,MAP-E808E838A82BE124,VAR-D2204C18D68D4C,EG-060,,,EGP,,,,,,,,,,,القاهرة,,,,,,,True,,JSON-LD,https://www.ikea.com/eg/en/p/vardagen-frying-pan-cast-iron-40560674,,,لم يُرصد,بانتظار أول رصد سعر,0,,,True,يحتاج اكتشاف رابط المنتج,الاسم ورقم الصنف والمواصفات الظاهرة مأخوذة من قائمة JSON-LD الرسمية للفئة في IKEA Egypt؛ لم تُنقل أي أسعار.,2026-07-30T00:00:00,2026-07-30T00:00:00
CASH-9063D5B6EE4A15,VAR-C1EFB772A8C122|EG-079|STORE,MAP-9BE43A8E0769EF21,VAR-C1EFB772A8C122,EG-079,,,EGP,,,,,,,,,,,القاهرة,,,,,,,True,,Sitemap ثم صفحة منتج,https://www.zahranstores.com/en/tefal-tempo-flame-frypan-16cm-220091517-2014,,,لم يُرصد,بانتظار أول رصد سعر,0,,,True,يحتاج تأكيد صفحة المنتج,Exact product URL in Zahran Stores public sitemap; stock not asserted,2026-07-30T00:00:00,2026-07-30T00:00:00
CASH-E80BC8D2777154,VAR-F93C1B05435C48|EG-079|STORE,MAP-C10F5E46FE8579E8,VAR-F93C1B05435C48,EG-079,,,EGP,,,,,,,,,,,القاهرة,,,,,,,True,,Sitemap ثم صفحة منتج,https://www.zahranstores.com/en/tefal-tempo-flame-fry-pan-18cm-220091518-2008,,,لم يُرصد,بانتظار أول رصد سعر,0,,,True,يحتاج تأكيد صفحة المنتج,Exact product URL in Zahran Stores public sitemap; stock not asserted,2026-07-30T00:00:00,2026-07-30T00:00:00
CASH-7C34BF1932F098,VAR-E38F590713BB8F|EG-079|STORE,MAP-79ECF20BDAC37131,VAR-E38F590713BB8F,EG-079,,,EGP,,,,,,,,,,,القاهرة,,,,,,,True,,Sitemap ثم صفحة منتج,https://www.zahranstores.com/en/tefal-tempo-flame-fry-pan-20cm-220091520-2009,,,لم يُرصد,بانتظار أول رصد سعر,0,,,True,يحتاج تأكيد صفحة المنتج,Exact product URL in Zahran Stores public sitemap; stock not asserted,2026-07-30T00:00:00,2026-07-30T00:00:00
CASH-AFC4EE18349ED5,VAR-BCC951D18284EF|EG-079|STORE,MAP-D05636A4136D3A95,VAR-BCC951D18284EF,EG-079,,,EGP,,,,,,,,,,,القاهرة,,,,,,,True,,Sitemap ثم صفحة منتج,https://www.zahranstores.com/en/tefal-tempo-flame-fry-pan-22cm-220091522-2010,,,لم يُرصد,بانتظار أول رصد سعر,0,,,True,يحتاج تأكيد صفحة المنتج,Exact product URL in Zahran Stores public sitemap; stock not asserted,2026-07-30T00:00:00,2026-07-30T00:00:00
CASH-9864AB96B6CE53,VAR-0845AEEC81486C|EG-079|STORE,MAP-AEFA5906352FEA6E,VAR-0845AEEC81486C,EG-079,,,EGP,,,,,,,,,,,القاهرة,,,,,,,True,,Sitemap ثم صفحة منتج,https://www.zahranstores.com/en/tefal-tempo-flame-fry-pan-24cm-220091524-2011,,,لم يُرصد,بانتظار أول رصد سعر,0,,,True,يحتاج تأكيد صفحة المنتج,Exact product URL in Zahran Stores public sitemap; stock not asserted,2026-07-30T00:00:00,2026-07-30T00:00:00
CASH-221F58AFD89704,VAR-76CAC55B865488|EG-079|STORE,MAP-90C50A48D3D0794D,VAR-76CAC55B865488,EG-079,,,EGP,,,,,,,,,,,القاهرة,,,,,,,True,,Sitemap ثم صفحة منتج,https://www.zahranstores.com/en/tefal-tempo-flame-fry-pan-26cm-220091526-2012,,,لم يُرصد,بانتظار أول رصد سعر,0,,,True,يحتاج تأكيد صفحة المنتج,Exact product URL in Zahran Stores public sitemap; stock not asserted,2026-07-30T00:00:00,2026-07-30T00:00:00
CASH-34793FDA01B9F6,VAR-69D3A1F9434A9C|EG-079|STORE,MAP-3CD528FA8E6A905C,VAR-69D3A1F9434A9C,EG-079,,,EGP,,,,,,,,,,,القاهرة,,,,,,,True,,Sitemap ثم صفحة منتج,https://www.zahranstores.com/en/tefal-tempo-flame-fry-pan-28cm-220091528-2013,,,لم يُرصد,بانتظار أول رصد سعر,0,,,True,يحتاج تأكيد صفحة المنتج,Exact product URL in Zahran Stores public sitemap; stock not asserted,2026-07-30T00:00:00,2026-07-30T00:00:00
CASH-8ED388C997B2CB,VAR-6638ECAA8716F0|EG-079|STORE,MAP-74411495C86DA3F0,VAR-6638ECAA8716F0,EG-079,,,EGP,,,,,,,,,,,القاهرة,,,,,,,True,,Sitemap ثم صفحة منتج,https://www.zahranstores.com/en/tefal-tempo-flame-wokpan-size-28cm-220096228-2020,,,لم يُرصد,بانتظار أول رصد سعر,0,,,True,يحتاج تأكيد صفحة المنتج,Exact product URL in Zahran Stores public sitemap; stock not asserted,2026-07-30T00:00:00,2026-07-30T00:00:00
CASH-BE66410EC813F9,VAR-2BDF593B8EF3FD|EG-079|STORE,MAP-5E39422839965F5D,VAR-2BDF593B8EF3FD,EG-079,,,EGP,,,,,,,,,,,القاهرة,,,,,,,True,,Sitemap ثم صفحة منتج,https://www.zahranstores.com/en/tefal-armatal-fry-pan-18-cm-220711519-2055,,,لم يُرصد,بانتظار أول رصد سعر,0,,,True,يحتاج تأكيد صفحة المنتج,Exact product URL in Zahran Stores public sitemap; stock not asserted,2026-07-30T00:00:00,2026-07-30T00:00:00
CASH-A0D85D79BF5FD6,VAR-E77FCFA12D0B40|EG-079|STORE,MAP-1887CF7CB8324179,VAR-E77FCFA12D0B40,EG-079,,,EGP,,,,,,,,,,,القاهرة,,,,,,,True,,Sitemap ثم صفحة منتج,https://www.zahranstores.com/en/tefal-armatal-fry-pan-20-cm-220711520-2050,,,لم يُرصد,بانتظار أول رصد سعر,0,,,True,يحتاج تأكيد صفحة المنتج,Exact product URL in Zahran Stores public sitemap; stock not asserted,2026-07-30T00:00:00,2026-07-30T00:00:00
CASH-DF022C64CA9B5F,VAR-4D551184289BB5|EG-079|STORE,MAP-32335A7EF97ABC08,VAR-4D551184289BB5,EG-079,,,EGP,,,,,,,,,,,القاهرة,,,,,,,True,,Sitemap ثم صفحة منتج,https://www.zahranstores.com/en/tefal-armatal-fry-pan-22-cm-220711522-2051,,,لم يُرصد,بانتظار أول رصد سعر,0,,,True,يحتاج تأكيد صفحة المنتج,Exact product URL in Zahran Stores public sitemap; stock not asserted,2026-07-30T00:00:00,2026-07-30T00:00:00
CASH-713ABD42C699CF,VAR-11FBBEDFE21AEB|EG-079|STORE,MAP-7B8CDECE2E2D0CCC,VAR-11FBBEDFE21AEB,EG-079,,,EGP,,,,,,,,,,,القاهرة,,,,,,,True,,Sitemap ثم صفحة منتج,https://www.zahranstores.com/en/tefal-armatal-fry-pan-24-cm-220711524-2052,,,لم يُرصد,بانتظار أول رصد سعر,0,,,True,يحتاج تأكيد صفحة المنتج,Exact product URL in Zahran Stores public sitemap; stock not asserted,2026-07-30T00:00:00,2026-07-30T00:00:00
CASH-7C116D3B56EF6C,VAR-CD5BAF6D0FB9FF|EG-079|STORE,MAP-24AF1D21EE34C876,VAR-CD5BAF6D0FB9FF,EG-079,,,EGP,,,,,,,,,,,القاهرة,,,,,,,True,,Sitemap ثم صفحة منتج,https://www.zahranstores.com/en/tefal-armatal-fry-pan-26-cm-220711526-2053,,,لم يُرصد,بانتظار أول رصد سعر,0,,,True,يحتاج تأكيد صفحة المنتج,Exact product URL in Zahran Stores public sitemap; stock not asserted,2026-07-30T00:00:00,2026-07-30T00:00:00
CASH-4DAF2C38E00EBF,VAR-CD6CEDA545675B|EG-079|STORE,MAP-9A19F6048928A907,VAR-CD6CEDA545675B,EG-079,,,EGP,,,,,,,,,,,القاهرة,,,,,,,True,,Sitemap ثم صفحة منتج,https://www.zahranstores.com/en/tefal-armatal-fry-pan-28-cm-220711528-2054,,,لم يُرصد,بانتظار أول رصد سعر,0,,,True,يحتاج تأكيد صفحة المنتج,Exact product URL in Zahran Stores public sitemap; stock not asserted,2026-07-30T00:00:00,2026-07-30T00:00:00
CASH-5AAD70535FD4F1,VAR-3DEF65AE705323|EG-079|STORE,MAP-A8C16193C4829D99,VAR-3DEF65AE705323,EG-079,,,EGP,,,,,,,,,,,القاهرة,,,,,,,True,,Sitemap ثم صفحة منتج,https://www.zahranstores.com/en/tefal-armatal-saute-pan-24-cm-220713024-2056,,,لم يُرصد,بانتظار أول رصد سعر,0,,,True,يحتاج تأكيد صفحة المنتج,Exact product URL in Zahran Stores public sitemap; stock not asserted,2026-07-30T00:00:00,2026-07-30T00:00:00
CASH-81EF22142751C8,VAR-A8D4BD0D0DDACC|EG-079|STORE,MAP-DD2DD28ADF9F0995,VAR-A8D4BD0D0DDACC,EG-079,,,EGP,,,,,,,,,,,القاهرة,,,,,,,True,,Sitemap ثم صفحة منتج,https://www.zahranstores.com/en/tefal-armatal-wok-28-cm-220716228-2063,,,لم يُرصد,بانتظار أول رصد سعر,0,,,True,يحتاج تأكيد صفحة المنتج,Exact product URL in Zahran Stores public sitemap; stock not asserted,2026-07-30T00:00:00,2026-07-30T00:00:00
CASH-FBAF569012FDE0,VAR-931E414FADEA59|EG-079|STORE,MAP-DCB3B6A12BA7B9C4,VAR-931E414FADEA59,EG-079,,,EGP,,,,,,,,,,,القاهرة,,,,,,,True,,Sitemap ثم صفحة منتج,https://www.zahranstores.com/en/tefal-armatal-square-grill-26-cm-220718026-2067,,,لم يُرصد,بانتظار أول رصد سعر,0,,,True,يحتاج تأكيد صفحة المنتج,Exact product URL in Zahran Stores public sitemap; stock not asserted,2026-07-30T00:00:00,2026-07-30T00:00:00
CASH-F58EA8EEF8D446,VAR-33618061B64A29|EG-079|STORE,MAP-4D50EDC800D32226,VAR-33618061B64A29,EG-079,,,EGP,,,,,,,,,,,القاهرة,,,,,,,True,,Sitemap ثم صفحة منتج,https://www.zahranstores.com/en/tefal-cook-natural-frypan-18cm-220900099-2077,,,لم يُرصد,بانتظار أول رصد سعر,0,,,True,يحتاج تأكيد صفحة المنتج,Exact product URL in Zahran Stores public sitemap; stock not asserted,2026-07-30T00:00:00,2026-07-30T00:00:00
CASH-C3A040DA594678,VAR-C7794107C1CCFB|EG-079|STORE,MAP-1D9CA5E31EBF3DFF,VAR-C7794107C1CCFB,EG-079,,,EGP,,,,,,,,,,,القاهرة,,,,,,,True,,Sitemap ثم صفحة منتج,https://www.zahranstores.com/en/tefal-cook-natural-frypan-20-cm-220900101-2073,,,لم يُرصد,بانتظار أول رصد سعر,0,,,True,يحتاج تأكيد صفحة المنتج,Exact product URL in Zahran Stores public sitemap; stock not asserted,2026-07-30T00:00:00,2026-07-30T00:00:00
CASH-8783DBA7ECF159,VAR-D192F1CBCCCA0A|EG-079|STORE,MAP-D6778673AC9EE38C,VAR-D192F1CBCCCA0A,EG-079,,,EGP,,,,,,,,,,,القاهرة,,,,,,,True,,Sitemap ثم صفحة منتج,https://www.zahranstores.com/en/tefal-cook-natural-frypan-22-cm-220900102-2074,,,لم يُرصد,بانتظار أول رصد سعر,0,,,True,يحتاج تأكيد صفحة المنتج,Exact product URL in Zahran Stores public sitemap; stock not asserted,2026-07-30T00:00:00,2026-07-30T00:00:00
CASH-528EA76760BC61,VAR-CD459B0060E275|EG-079|STORE,MAP-748E006A4912773A,VAR-CD459B0060E275,EG-079,,,EGP,,,,,,,,,,,القاهرة,,,,,,,True,,Sitemap ثم صفحة منتج,https://www.zahranstores.com/en/tefal-cook-natural-frypan-24-cm-220900103-2075,,,لم يُرصد,بانتظار أول رصد سعر,0,,,True,يحتاج تأكيد صفحة المنتج,Exact product URL in Zahran Stores public sitemap; stock not asserted,2026-07-30T00:00:00,2026-07-30T00:00:00
CASH-07BBF71EB85844,VAR-961DDB6CE5AEDC|EG-079|STORE,MAP-1AB4A3FDC7E9B96E,VAR-961DDB6CE5AEDC,EG-079,,,EGP,,,,,,,,,,,القاهرة,,,,,,,True,,Sitemap ثم صفحة منتج,https://www.zahranstores.com/en/tefal-cook-natural-wokpan-28-cm-220900301-2072,,,لم يُرصد,بانتظار أول رصد سعر,0,,,True,يحتاج تأكيد صفحة المنتج,Exact product URL in Zahran Stores public sitemap; stock not asserted,2026-07-30T00:00:00,2026-07-30T00:00:00
CASH-2E548C5752242E,VAR-1C61FE3653750F|EG-079|STORE,MAP-B2CD563F99A15525,VAR-1C61FE3653750F,EG-079,,,EGP,,,,,,,,,,,القاهرة,,,,,,,True,,Sitemap ثم صفحة منتج,https://www.zahranstores.com/en/tefal-xl-intense-frypan-size-20-403841011-1963,,,لم يُرصد,بانتظار أول رصد سعر,0,,,True,يحتاج تأكيد صفحة المنتج,Exact product URL in Zahran Stores public sitemap; stock not asserted,2026-07-30T00:00:00,2026-07-30T00:00:00
CASH-4FA1BF32E3A003,VAR-56DE83E39454EA|EG-079|STORE,MAP-225D8505412CC69D,VAR-56DE83E39454EA,EG-079,,,EGP,,,,,,,,,,,القاهرة,,,,,,,True,,Sitemap ثم صفحة منتج,https://www.zahranstores.com/en/tefal-xl-intense-frypan-size-24-403841012-1964,,,لم يُرصد,بانتظار أول رصد سعر,0,,,True,يحتاج تأكيد صفحة المنتج,Exact product URL in Zahran Stores public sitemap; stock not asserted,2026-07-30T00:00:00,2026-07-30T00:00:00
CASH-BAB3DE68F130C6,VAR-C8323570B7E8B0|EG-079|STORE,MAP-8950D5829760E598,VAR-C8323570B7E8B0,EG-079,,,EGP,,,,,,,,,,,القاهرة,,,,,,,True,,Sitemap ثم صفحة منتج,https://www.zahranstores.com/en/tefal-xl-intense-frypan-size-26-403841013-1965,,,لم يُرصد,بانتظار أول رصد سعر,0,,,True,يحتاج تأكيد صفحة المنتج,Exact product URL in Zahran Stores public sitemap; stock not asserted,2026-07-30T00:00:00,2026-07-30T00:00:00
CASH-7BB84F759AB5D0,VAR-B963B9A859E066|EG-079|STORE,MAP-6902029CB8B89F22,VAR-B963B9A859E066,EG-079,,,EGP,,,,,,,,,,,القاهرة,,,,,,,True,,Sitemap ثم صفحة منتج,https://www.zahranstores.com/en/tefal-xl-intense-frypan-size-28-403841014-1966,,,لم يُرصد,بانتظار أول رصد سعر,0,,,True,يحتاج تأكيد صفحة المنتج,Exact product URL in Zahran Stores public sitemap; stock not asserted,2026-07-30T00:00:00,2026-07-30T00:00:00
CASH-C33864D0A6CD12,VAR-37C0B79C95B24E|EG-079|STORE,MAP-A30FC8DBEFC5CFEC,VAR-37C0B79C95B24E,EG-079,,,EGP,,,,,,,,,,,القاهرة,,,,,,,True,,Sitemap ثم صفحة منتج,https://www.zahranstores.com/en/tefal-xl-intense-wok-size-28-403841015-1967,,,لم يُرصد,بانتظار أول رصد سعر,0,,,True,يحتاج تأكيد صفحة المنتج,Exact product URL in Zahran Stores public sitemap; stock not asserted,2026-07-30T00:00:00,2026-07-30T00:00:00
CASH-81326922177283,VAR-8937003E9D564A|EG-079|STORE,MAP-19697EC3B8996158,VAR-8937003E9D564A,EG-079,,,EGP,,,,,,,,,,,القاهرة,,,,,,,True,,Sitemap ثم صفحة منتج,https://www.zahranstores.com/en/tefal-expert-frypan-size-20-c2891101,,,لم يُرصد,بانتظار أول رصد سعر,0,,,True,يحتاج تأكيد صفحة المنتج,Exact product URL in Zahran Stores public sitemap; stock not asserted,2026-07-30T00:00:00,2026-07-30T00:00:00
CASH-689BD34DF6A7F7,VAR-C48DBB3E791693|EG-079|STORE,MAP-3421B01A04C9A9FC,VAR-C48DBB3E791693,EG-079,,,EGP,,,,,,,,,,,القاهرة,,,,,,,True,,Sitemap ثم صفحة منتج,https://www.zahranstores.com/en/tefal-expert-frypan-size-24-c2891102,,,لم يُرصد,بانتظار أول رصد سعر,0,,,True,يحتاج تأكيد صفحة المنتج,Exact product URL in Zahran Stores public sitemap; stock not asserted,2026-07-30T00:00:00,2026-07-30T00:00:00
CASH-B4740B17A88F8E,VAR-D0E21483D8FBE8|EG-079|STORE,MAP-118F2E98B9CB1752,VAR-D0E21483D8FBE8,EG-079,,,EGP,,,,,,,,,,,القاهرة,,,,,,,True,,Sitemap ثم صفحة منتج,https://www.zahranstores.com/en/tefal-expert-frypan-size-26-c2891103,,,لم يُرصد,بانتظار أول رصد سعر,0,,,True,يحتاج تأكيد صفحة المنتج,Exact product URL in Zahran Stores public sitemap; stock not asserted,2026-07-30T00:00:00,2026-07-30T00:00:00
CASH-A1B800EBC4C802,VAR-E4614581ADA8A1|EG-079|STORE,MAP-D8E3E7EFF58641CE,VAR-E4614581ADA8A1,EG-079,,,EGP,,,,,,,,,,,القاهرة,,,,,,,True,,Sitemap ثم صفحة منتج,https://www.zahranstores.com/en/tefal-expert-frypan-size-28-c2891104,,,لم يُرصد,بانتظار أول رصد سعر,0,,,True,يحتاج تأكيد صفحة المنتج,Exact product URL in Zahran Stores public sitemap; stock not asserted,2026-07-30T00:00:00,2026-07-30T00:00:00
CASH-8848BE79C50DD8,VAR-89B49660A97EDC|EG-079|STORE,MAP-7E97F0EACAE27A96,VAR-89B49660A97EDC,EG-079,,,EGP,,,,,,,,,,,القاهرة,,,,,,,True,,Sitemap ثم صفحة منتج,https://www.zahranstores.com/en/tefal-expert-wok-size-28-c2891105,,,لم يُرصد,بانتظار أول رصد سعر,0,,,True,يحتاج تأكيد صفحة المنتج,Exact product URL in Zahran Stores public sitemap; stock not asserted,2026-07-30T00:00:00,2026-07-30T00:00:00
CASH-0F7C0BABE2F881,VAR-58E02452D671D5|EG-079|STORE,MAP-5BE66913E849E8EA,VAR-58E02452D671D5,EG-079,,,EGP,,,,,,,,,,,القاهرة,,,,,,,True,,Sitemap ثم صفحة منتج,https://www.zahranstores.com/en/tefal-natural-force-frypan-22-cm-g2660383-2106,,,لم يُرصد,بانتظار أول رصد سعر,0,,,True,يحتاج تأكيد صفحة المنتج,Exact product URL in Zahran Stores public sitemap; stock not asserted,2026-07-30T00:00:00,2026-07-30T00:00:00
CASH-91A518F46A127C,VAR-416667204A468D|EG-079|STORE,MAP-865F1BEB3E479485,VAR-416667204A468D,EG-079,,,EGP,,,,,,,,,,,القاهرة,,,,,,,True,,Sitemap ثم صفحة منتج,https://www.zahranstores.com/en/tefal-natural-force-frypan-24-cm-g2660483-2104,,,لم يُرصد,بانتظار أول رصد سعر,0,,,True,يحتاج تأكيد صفحة المنتج,Exact product URL in Zahran Stores public sitemap; stock not asserted,2026-07-30T00:00:00,2026-07-30T00:00:00
CASH-F0881F51224B75,VAR-BD433896E9BEB3|EG-079|STORE,MAP-8541D58364EBCE8C,VAR-BD433896E9BEB3,EG-079,,,EGP,,,,,,,,,,,القاهرة,,,,,,,True,,Sitemap ثم صفحة منتج,https://www.zahranstores.com/en/zahran-stainless-steel-classic-frypan-22-330010822-2148,,,لم يُرصد,بانتظار أول رصد سعر,0,,,True,يحتاج تأكيد صفحة المنتج,Exact product URL in Zahran Stores public sitemap; stock not asserted,2026-07-30T00:00:00,2026-07-30T00:00:00
CASH-C400CCFBEBB955,VAR-616942BDFD6009|EG-079|STORE,MAP-DB848D9DE311F498,VAR-616942BDFD6009,EG-079,,,EGP,,,,,,,,,,,القاهرة,,,,,,,True,,Sitemap ثم صفحة منتج,https://www.zahranstores.com/en/zahran-stainless-steel-classic-frypan-24-330010824-2149,,,لم يُرصد,بانتظار أول رصد سعر,0,,,True,يحتاج تأكيد صفحة المنتج,Exact product URL in Zahran Stores public sitemap; stock not asserted,2026-07-30T00:00:00,2026-07-30T00:00:00
CASH-D3C2AFE423318B,VAR-6326F0C3D6AFC7|EG-079|STORE,MAP-54FC227FC18E64DE,VAR-6326F0C3D6AFC7,EG-079,,,EGP,,,,,,,,,,,القاهرة,,,,,,,True,,Sitemap ثم صفحة منتج,https://www.zahranstores.com/en/zahran-stainless-steel-classic-frypan-26-330010826-2150,,,لم يُرصد,بانتظار أول رصد سعر,0,,,True,يحتاج تأكيد صفحة المنتج,Exact product URL in Zahran Stores public sitemap; stock not asserted,2026-07-30T00:00:00,2026-07-30T00:00:00
CASH-F6537EC7C9551A,VAR-D1FDED3BC0127E|EG-079|STORE,MAP-8670C0B08C11EC64,VAR-D1FDED3BC0127E,EG-079,,,EGP,,,,,,,,,,,القاهرة,,,,,,,True,,Sitemap ثم صفحة منتج,https://www.zahranstores.com/en/zahran-stainless-steel-classic-wokpan-28-330013528-2158,,,لم يُرصد,بانتظار أول رصد سعر,0,,,True,يحتاج تأكيد صفحة المنتج,Exact product URL in Zahran Stores public sitemap; stock not asserted,2026-07-30T00:00:00,2026-07-30T00:00:00
CASH-388CE53BA27CC0,VAR-7AA9083F4B76D0|EG-060|STORE,MAP-BA5CD06A1CDFCD76,VAR-7AA9083F4B76D0,EG-060,,,EGP,,,,,,,,,,,القاهرة,,,,,,,True,,JSON-LD,https://www.ikea.com/eg/en/p/klippfisk-saute-pan-with-lid-non-stick-coating-glass-wood-grey-turquoise-70602516,,,لم يُرصد,بانتظار أول رصد سعر,0,,,True,يحتاج اكتشاف رابط المنتج,الاسم ورقم الصنف والمواصفات الظاهرة مأخوذة من قائمة JSON-LD الرسمية للفئة في IKEA Egypt؛ لم تُنقل أي أسعار.,2026-07-30T00:00:00,2026-07-30T00:00:00
CASH-5A05DC001974D5,VAR-899CD6173C19B7|EG-060|STORE,MAP-AF7839724F1BC89B,VAR-899CD6173C19B7,EG-060,,,EGP,,,,,,,,,,,القاهرة,,,,,,,True,,HTML/JSON-LD,https://www.ikea.com/eg/en/p/ikea-365-food-container-with-lid-rectangular-glass-bamboo-s09269065,,,لم يُرصد,بانتظار أول رصد سعر,0,,,True,يحتاج تأكيد رابط المنتج,Product name: IKEA 365+; type: Food container with lid; design: rectangular glass/bamboo; measure: 1.0 l,2026-07-30T00:00:00,2026-07-30T00:00:00
CASH-EE1509BC388CA3,VAR-4C0BF216C5D578|EG-060|STORE,MAP-1D757924C71DC877,VAR-4C0BF216C5D578,EG-060,,,EGP,,,,,,,,,,,القاهرة,,,,,,,True,,HTML/JSON-LD,https://www.ikea.com/eg/en/p/bestaemma-food-container-with-lid-set-of-3-glass-10495760,,,لم يُرصد,بانتظار أول رصد سعر,0,,,True,يحتاج تأكيد رابط المنتج,"Product name: BESTÄMMA; type: Food container with lid, set of 3; design: glass; measure: None",2026-07-30T00:00:00,2026-07-30T00:00:00
CASH-DE8ED09050A482,VAR-CBCB93DDCC2419|EG-060|STORE,MAP-E8C6DB1CC1838159,VAR-CBCB93DDCC2419,EG-060,,,EGP,,,,,,,,,,,القاهرة,,,,,,,True,,HTML/JSON-LD,https://www.ikea.com/eg/en/p/ikea-365-food-container-rectangular-stainless-steel-10497801,,,لم يُرصد,بانتظار أول رصد سعر,0,,,True,يحتاج تأكيد رابط المنتج,Product name: IKEA 365+; type: Food container; design: rectangular/stainless steel; measure: 1.0 l,2026-07-30T00:00:00,2026-07-30T00:00:00
CASH-D5C135157D49C1,VAR-8CF436BFBADC54|EG-060|STORE,MAP-120A71F442A764A3,VAR-8CF436BFBADC54,EG-060,,,EGP,,,,,,,,,,,القاهرة,,,,,,,True,,HTML/JSON-LD,https://www.ikea.com/eg/en/p/pruta-food-container-with-lid-set-of-17-green-10597099,,,لم يُرصد,بانتظار أول رصد سعر,0,,,True,يحتاج تأكيد رابط المنتج,"Product name: PRUTA; type: Food container with lid, set of 17; design: green; measure: None",2026-07-30T00:00:00,2026-07-30T00:00:00
CASH-B4731155B7A911,VAR-DED67851A921F4|EG-060|STORE,MAP-4E5F6F66DF6DBB4F,VAR-DED67851A921F4,EG-060,,,EGP,,,,,,,,,,,القاهرة,,,,,,,True,,HTML/JSON-LD,https://www.ikea.com/eg/en/p/pruta-food-container-with-lid-blue-10597103,,,لم يُرصد,بانتظار أول رصد سعر,0,,,True,يحتاج تأكيد رابط المنتج,Product name: PRUTA; type: Food container with lid; design: blue; measure: 0.6 l,2026-07-30T00:00:00,2026-07-30T00:00:00
CASH-2E5593023F5D2E,VAR-D7B384F00C9833|EG-060|STORE,MAP-3D86BBF439C12EF0,VAR-D7B384F00C9833,EG-060,,,EGP,,,,,,,,,,,القاهرة,,,,,,,True,,HTML/JSON-LD,https://www.ikea.com/eg/en/p/ikea-365-food-container-with-lid-rectangular-glass-plastic-s29269074,,,لم يُرصد,بانتظار أول رصد سعر,0,,,True,يحتاج تأكيد رابط المنتج,Product name: IKEA 365+; type: Food container with lid; design: rectangular glass/plastic; measure: 1.8 l,2026-07-30T00:00:00,2026-07-30T00:00:00
CASH-E574702211FB3F,VAR-F4C06DE344F2CA|EG-060|STORE,MAP-809C5E642716EEE2,VAR-F4C06DE344F2CA,EG-060,,,EGP,,,,,,,,,,,القاهرة,,,,,,,True,,HTML/JSON-LD,https://www.ikea.com/eg/en/p/ikea-365-food-container-with-lid-square-glass-plastic-s39269120,,,لم يُرصد,بانتظار أول رصد سعر,0,,,True,يحتاج تأكيد رابط المنتج,Product name: IKEA 365+; type: Food container with lid; design: square glass/plastic; measure: 600 ml,2026-07-30T00:00:00,2026-07-30T00:00:00
CASH-E044137F7C2F6B,VAR-7002ABE4DB1260|EG-060|STORE,MAP-9C84980B5E2929A5,VAR-7002ABE4DB1260,EG-060,,,EGP,,,,,,,,,,,القاهرة,,,,,,,True,,HTML/JSON-LD,https://www.ikea.com/eg/en/p/ikea-365-food-container-with-lid-set-of-4-plastic-40526449,,,لم يُرصد,بانتظار أول رصد سعر,0,,,True,يحتاج تأكيد رابط المنتج,"Product name: IKEA 365+; type: Food container with lid, set of 4; design: plastic; measure: None",2026-07-30T00:00:00,2026-07-30T00:00:00
CASH-E490BDEB519B83,VAR-D675A439E00AFB|EG-060|STORE,MAP-FC5BF29D6C33E819,VAR-D675A439E00AFB,EG-060,,,EGP,,,,,,,,,,,القاهرة,,,,,,,True,,HTML/JSON-LD,https://www.ikea.com/eg/en/p/ikea-365-food-container-with-lid-rectangular-glass-bamboo-s49269068,,,لم يُرصد,بانتظار أول رصد سعر,0,,,True,يحتاج تأكيد رابط المنتج,Product name: IKEA 365+; type: Food container with lid; design: rectangular glass/bamboo; measure: 1.8 l,2026-07-30T00:00:00,2026-07-30T00:00:00
CASH-8DC067309A8F64,VAR-7AC24364849212|EG-060|STORE,MAP-13D0045289938056,VAR-7AC24364849212,EG-060,,,EGP,,,,,,,,,,,القاهرة,,,,,,,True,,HTML/JSON-LD,https://www.ikea.com/eg/en/p/ikea-365-food-container-with-lid-round-plastic-50507959,,,لم يُرصد,بانتظار أول رصد سعر,0,,,True,يحتاج تأكيد رابط المنتج,Product name: IKEA 365+; type: Food container with lid; design: round/plastic; measure: 750 ml,2026-07-30T00:00:00,2026-07-30T00:00:00
CASH-0A7D0B8AAD6B11,VAR-7E865C3708245E|EG-060|STORE,MAP-FF07AB9FF5D5B4C1,VAR-7E865C3708245E,EG-060,,,EGP,,,,,,,,,,,القاهرة,,,,,,,True,,HTML/JSON-LD,https://www.ikea.com/eg/en/p/pruta-food-container-with-lid-lilac-50597101,,,لم يُرصد,بانتظار أول رصد سعر,0,,,True,يحتاج تأكيد رابط المنتج,Product name: PRUTA; type: Food container with lid; design: lilac; measure: 70 ml,2026-07-30T00:00:00,2026-07-30T00:00:00
CASH-CE7825025CE112,VAR-1781A99DC793A1|EG-060|STORE,MAP-CB53DB5B8B0A6FB4,VAR-1781A99DC793A1,EG-060,,,EGP,,,,,,,,,,,القاهرة,,,,,,,True,,HTML/JSON-LD,https://www.ikea.com/eg/en/p/pruta-sandwich-container-with-lid-lilac-green-60596709,,,لم يُرصد,بانتظار أول رصد سعر,0,,,True,يحتاج تأكيد رابط المنتج,Product name: PRUTA; type: Sandwich container with lid; design: lilac/green; measure: 22x14x5 cm,2026-07-30T00:00:00,2026-07-30T00:00:00
CASH-83A51AEC16FA83,VAR-A916C7463A8BCC|EG-060|STORE,MAP-359AA6DB6E68363D,VAR-A916C7463A8BCC,EG-060,,,EGP,,,,,,,,,,,القاهرة,,,,,,,True,,HTML/JSON-LD,https://www.ikea.com/eg/en/p/ikea-365-food-container-rectangular-glass-70359199,,,لم يُرصد,بانتظار أول رصد سعر,0,,,True,يحتاج تأكيد رابط المنتج,Product name: IKEA 365+; type: Food container; design: rectangular/glass; measure: 1.0 l,2026-07-30T00:00:00,2026-07-30T00:00:00
CASH-93AA99D4A6436C,VAR-03121DD9EF847F|EG-060|STORE,MAP-353AFB7EA3891CB9,VAR-03121DD9EF847F,EG-060,,,EGP,,,,,,,,,,,القاهرة,,,,,,,True,,HTML/JSON-LD,https://www.ikea.com/eg/en/p/ikea-365-food-container-with-lid-rectangular-plastic-70507963,,,لم يُرصد,بانتظار أول رصد سعر,0,,,True,يحتاج تأكيد رابط المنتج,Product name: IKEA 365+; type: Food container with lid; design: rectangular/plastic; measure: 1.0 l,2026-07-30T00:00:00,2026-07-30T00:00:00
CASH-82C5333692897A,VAR-449E429CB5EBA5|EG-060|STORE,MAP-01CFA1F5F86E2BB6,VAR-449E429CB5EBA5,EG-060,,,EGP,,,,,,,,,,,القاهرة,,,,,,,True,,HTML/JSON-LD,https://www.ikea.com/eg/en/p/ikea-365-food-container-with-lid-square-glass-80444946,,,لم يُرصد,بانتظار أول رصد سعر,0,,,True,يحتاج تأكيد رابط المنتج,Product name: IKEA 365+; type: Food container with lid; design: square/glass; measure: 180 ml,2026-07-30T00:00:00,2026-07-30T00:00:00
CASH-AE612E47C2DE08,VAR-0F9E8169E60DC8|EG-060|STORE,MAP-96AA22BD3C877391,VAR-0F9E8169E60DC8,EG-060,,,EGP,,,,,,,,,,,القاهرة,,,,,,,True,,HTML/JSON-LD,https://www.ikea.com/eg/en/p/pruta-snack-container-with-lid-lilac-green-80596708,,,لم يُرصد,بانتظار أول رصد سعر,0,,,True,يحتاج تأكيد رابط المنتج,Product name: PRUTA; type: Snack container with lid; design: lilac/green; measure: 0.3 l,2026-07-30T00:00:00,2026-07-30T00:00:00
CASH-BA371FDD9646CA,VAR-D5137ADD5A40D3|EG-060|STORE,MAP-C33BF92FA09CCEEB,VAR-D5137ADD5A40D3,EG-060,,,EGP,,,,,,,,,,,القاهرة,,,,,,,True,,HTML/JSON-LD,https://www.ikea.com/eg/en/p/ikea-365-food-container-with-lid-square-plastic-s89269108,,,لم يُرصد,بانتظار أول رصد سعر,0,,,True,يحتاج تأكيد رابط المنتج,Product name: IKEA 365+; type: Food container with lid; design: square/plastic; measure: 1.4 l,2026-07-30T00:00:00,2026-07-30T00:00:00
CASH-44E8976F645148,VAR-417553D7C4FC1E|EG-060|STORE,MAP-590A98BDC1E43CAC,VAR-417553D7C4FC1E,EG-060,,,EGP,,,,,,,,,,,القاهرة,,,,,,,True,,HTML/JSON-LD,https://www.ikea.com/eg/en/p/ikea-365-food-container-with-lid-rectangular-glass-90623829,,,لم يُرصد,بانتظار أول رصد سعر,0,,,True,يحتاج تأكيد رابط المنتج,Product name: IKEA 365+; type: Food container with lid; design: rectangular/glass; measure: 1.0 l,2026-07-30T00:00:00,2026-07-30T00:00:00
CASH-CFA4F5D728B8E6,VAR-1FA42B83A93D2F|EG-060|STORE,MAP-800CB6C5017508FA,VAR-1FA42B83A93D2F,EG-060,,,EGP,,,,,,,,,,,القاهرة,,,,,,,True,,HTML/JSON-LD,https://www.ikea.com/eg/en/p/ikea-365-food-container-with-lid-rectangular-plastic-s99269080,,,لم يُرصد,بانتظار أول رصد سعر,0,,,True,يحتاج تأكيد رابط المنتج,Product name: IKEA 365+; type: Food container with lid; design: rectangular/plastic; measure: 2.0 l,2026-07-30T00:00:00,2026-07-30T00:00:00
CASH-A0E1E2FFDCD129,VAR-515A5EA699E3DA|EG-060|STORE,MAP-3A3FC84B6E394579,VAR-515A5EA699E3DA,EG-060,,,EGP,,,,,,,,,,,القاهرة,,,,,,,True,,JSON-LD,https://www.ikea.com/eg/en/p/ikea-365-food-container-with-lid-rectangular-glass-bamboo-s09269065,,,لم يُرصد,بانتظار أول رصد سعر,0,,,True,يحتاج اكتشاف رابط المنتج,الاسم ورقم الصنف والمواصفات الظاهرة مأخوذة من قائمة JSON-LD الرسمية للفئة في IKEA Egypt؛ لم تُنقل أي أسعار.,2026-07-30T00:00:00,2026-07-30T00:00:00
CASH-9E01ED0B7ECBF7,VAR-240C39B7F772E5|EG-060|STORE,MAP-1F3785ABF248B095,VAR-240C39B7F772E5,EG-060,,,EGP,,,,,,,,,,,القاهرة,,,,,,,True,,JSON-LD,https://www.ikea.com/eg/en/p/ikea-365-food-container-with-lid-rectangular-glass-plastic-s89269071,,,لم يُرصد,بانتظار أول رصد سعر,0,,,True,يحتاج اكتشاف رابط المنتج,الاسم ورقم الصنف والمواصفات الظاهرة مأخوذة من قائمة JSON-LD الرسمية للفئة في IKEA Egypt؛ لم تُنقل أي أسعار.,2026-07-30T00:00:00,2026-07-30T00:00:00
CASH-7E512D4B2D8977,VAR-8E887AEC768734|EG-060|STORE,MAP-C44D562683C59555,VAR-8E887AEC768734,EG-060,,,EGP,,,,,,,,,,,القاهرة,,,,,,,True,,JSON-LD,https://www.ikea.com/eg/en/p/ikea-365-food-container-with-lid-rectangular-glass-90623829,,,لم يُرصد,بانتظار أول رصد سعر,0,,,True,يحتاج اكتشاف رابط المنتج,الاسم ورقم الصنف والمواصفات الظاهرة مأخوذة من قائمة JSON-LD الرسمية للفئة في IKEA Egypt؛ لم تُنقل أي أسعار.,2026-07-30T00:00:00,2026-07-30T00:00:00
CASH-D980A9EDBB3366,VAR-CF5624CB4D4388|EG-060|STORE,MAP-148B0ADD215C690C,VAR-CF5624CB4D4388,EG-060,,,EGP,,,,,,,,,,,القاهرة,,,,,,,True,,JSON-LD,https://www.ikea.com/eg/en/p/ikea-365-food-container-with-lid-set-of-4-plastic-40526449,,,لم يُرصد,بانتظار أول رصد سعر,0,,,True,يحتاج اكتشاف رابط المنتج,الاسم ورقم الصنف والمواصفات الظاهرة مأخوذة من قائمة JSON-LD الرسمية للفئة في IKEA Egypt؛ لم تُنقل أي أسعار.,2026-07-30T00:00:00,2026-07-30T00:00:00
CASH-44C4F7805138B2,VAR-69AC332BE4BF5E|EG-060|STORE,MAP-838BCB3C22F63DD1,VAR-69AC332BE4BF5E,EG-060,,,EGP,,,,,,,,,,,القاهرة,,,,,,,True,,JSON-LD,https://www.ikea.com/eg/en/p/pruta-food-container-with-lid-blue-10597103,,,لم يُرصد,بانتظار أول رصد سعر,0,,,True,يحتاج اكتشاف رابط المنتج,الاسم ورقم الصنف والمواصفات الظاهرة مأخوذة من قائمة JSON-LD الرسمية للفئة في IKEA Egypt؛ لم تُنقل أي أسعار.,2026-07-30T00:00:00,2026-07-30T00:00:00
CASH-892C69CC2C01A1,VAR-445EFB8C8A8B45|EG-060|STORE,MAP-8253950FFA000787,VAR-445EFB8C8A8B45,EG-060,,,EGP,,,,,,,,,,,القاهرة,,,,,,,True,,JSON-LD,https://www.ikea.com/eg/en/p/pruta-food-container-with-lid-lilac-50597101,,,لم يُرصد,بانتظار أول رصد سعر,0,,,True,يحتاج اكتشاف رابط المنتج,الاسم ورقم الصنف والمواصفات الظاهرة مأخوذة من قائمة JSON-LD الرسمية للفئة في IKEA Egypt؛ لم تُنقل أي أسعار.,2026-07-30T00:00:00,2026-07-30T00:00:00
CASH-C97A138C1ED968,VAR-C0742399D99F41|EG-060|STORE,MAP-E7023B3CA1D61B2C,VAR-C0742399D99F41,EG-060,,,EGP,,,,,,,,,,,القاهرة,,,,,,,True,,JSON-LD,https://www.ikea.com/eg/en/p/pruta-food-container-with-lid-set-of-17-green-10597099,,,لم يُرصد,بانتظار أول رصد سعر,0,,,True,يحتاج اكتشاف رابط المنتج,الاسم ورقم الصنف والمواصفات الظاهرة مأخوذة من قائمة JSON-LD الرسمية للفئة في IKEA Egypt؛ لم تُنقل أي أسعار.,2026-07-30T00:00:00,2026-07-30T00:00:00
CASH-FF36F12FB2504F,VAR-41BA1729F99A11|EG-063|STORE,MAP-5E819229B1F5E24E,VAR-41BA1729F99A11,EG-063,,,EGP,,,,,,,,,,,القاهرة,,,,,,,True,,تغذية منتجات,https://mintra.eg/products/1-6-l-food-container-with-lock,,,لم يُرصد,بانتظار أول رصد سعر,0,,,True,جاهز لأول رصد,الموديل والنسخة ورقم SKU مأخوذة من خلاصة المنتجات الرسمية لمتجر Mintra؛ لم تُنقل أي أسعار.,2026-07-30T00:00:00,2026-07-30T00:00:00
CASH-0BFB30D32AC582,VAR-50301AB1024483|EG-063|STORE,MAP-EB24C8789F7F2EE2,VAR-50301AB1024483,EG-063,,,EGP,,,,,,,,,,,القاهرة,,,,,,,True,,تغذية منتجات,https://mintra.eg/products/1-6-l-food-container-with-lock,,,لم يُرصد,بانتظار أول رصد سعر,0,,,True,جاهز لأول رصد,الموديل والنسخة ورقم SKU مأخوذة من خلاصة المنتجات الرسمية لمتجر Mintra؛ لم تُنقل أي أسعار.,2026-07-30T00:00:00,2026-07-30T00:00:00
CASH-1A487EF54789F6,VAR-88AAF0ADDDF0E6|EG-063|STORE,MAP-9D3778EBFAD32F59,VAR-88AAF0ADDDF0E6,EG-063,,,EGP,,,,,,,,,,,القاهرة,,,,,,,True,,تغذية منتجات,https://mintra.eg/products/1-6-l-food-container-with-lock,,,لم يُرصد,بانتظار أول رصد سعر,0,,,True,جاهز لأول رصد,الموديل والنسخة ورقم SKU مأخوذة من خلاصة المنتجات الرسمية لمتجر Mintra؛ لم تُنقل أي أسعار.,2026-07-30T00:00:00,2026-07-30T00:00:00
CASH-345B675B834EF3,VAR-FBB990E57742B3|EG-063|STORE,MAP-73E41A1B2787D511,VAR-FBB990E57742B3,EG-063,,,EGP,,,,,,,,,,,القاهرة,,,,,,,True,,تغذية منتجات,https://mintra.eg/products/1-6-l-food-container-with-lock,,,لم يُرصد,بانتظار أول رصد سعر,0,,,True,جاهز لأول رصد,الموديل والنسخة ورقم SKU مأخوذة من خلاصة المنتجات الرسمية لمتجر Mintra؛ لم تُنقل أي أسعار.,2026-07-30T00:00:00,2026-07-30T00:00:00
CASH-BE366F036A1A23,VAR-66A86FEFB9814A|EG-063|STORE,MAP-23571B6FA4C0A731,VAR-66A86FEFB9814A,EG-063,,,EGP,,,,,,,,,,,القاهرة,,,,,,,True,,تغذية منتجات,https://mintra.eg/products/1-6-l-food-container-with-lock,,,لم يُرصد,بانتظار أول رصد سعر,0,,,True,جاهز لأول رصد,الموديل والنسخة ورقم SKU مأخوذة من خلاصة المنتجات الرسمية لمتجر Mintra؛ لم تُنقل أي أسعار.,2026-07-30T00:00:00,2026-07-30T00:00:00
CASH-184F85F80D193A,VAR-82BCBB230F5170|EG-063|STORE,MAP-33A5DDE5DA16AC37,VAR-82BCBB230F5170,EG-063,,,EGP,,,,,,,,,,,القاهرة,,,,,,,True,,تغذية منتجات,https://mintra.eg/products/1-6-l-food-container-with-lock,,,لم يُرصد,بانتظار أول رصد سعر,0,,,True,جاهز لأول رصد,الموديل والنسخة ورقم SKU مأخوذة من خلاصة المنتجات الرسمية لمتجر Mintra؛ لم تُنقل أي أسعار.,2026-07-30T00:00:00,2026-07-30T00:00:00
CASH-B94B15CA136160,VAR-57A377DF8FD8CB|EG-063|STORE,MAP-2BC56BB26EF24D25,VAR-57A377DF8FD8CB,EG-063,,,EGP,,,,,,,,,,,القاهرة,,,,,,,True,,تغذية منتجات,https://mintra.eg/products/1-6-l-lunch-box-with-lock-with-fork-spoon,,,لم يُرصد,بانتظار أول رصد سعر,0,,,True,جاهز لأول رصد,الموديل والنسخة ورقم SKU مأخوذة من خلاصة المنتجات الرسمية لمتجر Mintra؛ لم تُنقل أي أسعار.,2026-07-30T00:00:00,2026-07-30T00:00:00
CASH-5E891B00A7CE89,VAR-7B3444599057CE|EG-063|STORE,MAP-2BF877B396585FE5,VAR-7B3444599057CE,EG-063,,,EGP,,,,,,,,,,,القاهرة,,,,,,,True,,تغذية منتجات,https://mintra.eg/products/1-6-l-lunch-box-with-lock-with-fork-spoon,,,لم يُرصد,بانتظار أول رصد سعر,0,,,True,جاهز لأول رصد,الموديل والنسخة ورقم SKU مأخوذة من خلاصة المنتجات الرسمية لمتجر Mintra؛ لم تُنقل أي أسعار.,2026-07-30T00:00:00,2026-07-30T00:00:00
CASH-A64D99EEFB58BB,VAR-8716CA1A919EF6|EG-063|STORE,MAP-0F8E8CF1E25A60FF,VAR-8716CA1A919EF6,EG-063,,,EGP,,,,,,,,,,,القاهرة,,,,,,,True,,تغذية منتجات,https://mintra.eg/products/1-6-l-lunch-box-with-lock-with-fork-spoon,,,لم يُرصد,بانتظار أول رصد سعر,0,,,True,جاهز لأول رصد,الموديل والنسخة ورقم SKU مأخوذة من خلاصة المنتجات الرسمية لمتجر Mintra؛ لم تُنقل أي أسعار.,2026-07-30T00:00:00,2026-07-30T00:00:00
CASH-B71E4B0448F2F1,VAR-B501813A7CC5DF|EG-063|STORE,MAP-43042586F9696E74,VAR-B501813A7CC5DF,EG-063,,,EGP,,,,,,,,,,,القاهرة,,,,,,,True,,تغذية منتجات,https://mintra.eg/products/1-6-l-lunch-box-with-lock-with-fork-spoon,,,لم يُرصد,بانتظار أول رصد سعر,0,,,True,جاهز لأول رصد,الموديل والنسخة ورقم SKU مأخوذة من خلاصة المنتجات الرسمية لمتجر Mintra؛ لم تُنقل أي أسعار.,2026-07-30T00:00:00,2026-07-30T00:00:00
CASH-342C4B4F1B4CA1,VAR-61FB9211BE1B0C|EG-063|STORE,MAP-58DA9CE253DA3989,VAR-61FB9211BE1B0C,EG-063,,,EGP,,,,,,,,,,,القاهرة,,,,,,,True,,تغذية منتجات,https://mintra.eg/products/1-6-l-lunch-box-with-lock-with-fork-spoon,,,لم يُرصد,بانتظار أول رصد سعر,0,,,True,جاهز لأول رصد,الموديل والنسخة ورقم SKU مأخوذة من خلاصة المنتجات الرسمية لمتجر Mintra؛ لم تُنقل أي أسعار.,2026-07-30T00:00:00,2026-07-30T00:00:00
CASH-0D77F6C455B60C,VAR-9F1E3145C5533D|EG-063|STORE,MAP-74C5F988F7CCF704,VAR-9F1E3145C5533D,EG-063,,,EGP,,,,,,,,,,,القاهرة,,,,,,,True,,تغذية منتجات,https://mintra.eg/products/1-6-l-lunch-box-with-lock-with-fork-spoon,,,لم يُرصد,بانتظار أول رصد سعر,0,,,True,جاهز لأول رصد,الموديل والنسخة ورقم SKU مأخوذة من خلاصة المنتجات الرسمية لمتجر Mintra؛ لم تُنقل أي أسعار.,2026-07-30T00:00:00,2026-07-30T00:00:00
CASH-7C4F22851A0513,VAR-CF565BF373CFC5|EG-063|STORE,MAP-FDAC1A09E5452141,VAR-CF565BF373CFC5,EG-063,,,EGP,,,,,,,,,,,القاهرة,,,,,,,True,,تغذية منتجات,https://mintra.eg/products/1-7-l-lunch-box-with-lock-with-fork-spoon,,,لم يُرصد,بانتظار أول رصد سعر,0,,,True,جاهز لأول رصد,الموديل والنسخة ورقم SKU مأخوذة من خلاصة المنتجات الرسمية لمتجر Mintra؛ لم تُنقل أي أسعار.,2026-07-30T00:00:00,2026-07-30T00:00:00
CASH-320ABCF42B9CB5,VAR-CADD5620EB48E3|EG-063|STORE,MAP-B354082AB80015D6,VAR-CADD5620EB48E3,EG-063,,,EGP,,,,,,,,,,,القاهرة,,,,,,,True,,تغذية منتجات,https://mintra.eg/products/1-7-l-lunch-box-with-lock-with-fork-spoon,,,لم يُرصد,بانتظار أول رصد سعر,0,,,True,جاهز لأول رصد,الموديل والنسخة ورقم SKU مأخوذة من خلاصة المنتجات الرسمية لمتجر Mintra؛ لم تُنقل أي أسعار.,2026-07-30T00:00:00,2026-07-30T00:00:00
CASH-B4A3E2581D0B5D,VAR-994344B32E3ECC|EG-063|STORE,MAP-D316E9935FFDB134,VAR-994344B32E3ECC,EG-063,,,EGP,,,,,,,,,,,القاهرة,,,,,,,True,,تغذية منتجات,https://mintra.eg/products/1-7-l-lunch-box-with-lock-with-fork-spoon,,,لم يُرصد,بانتظار أول رصد سعر,0,,,True,جاهز لأول رصد,الموديل والنسخة ورقم SKU مأخوذة من خلاصة المنتجات الرسمية لمتجر Mintra؛ لم تُنقل أي أسعار.,2026-07-30T00:00:00,2026-07-30T00:00:00
CASH-90712010B349DC,VAR-73186ACA3D60D7|EG-063|STORE,MAP-11FA1D6B9618A4E8,VAR-73186ACA3D60D7,EG-063,,,EGP,,,,,,,,,,,القاهرة,,,,,,,True,,تغذية منتجات,https://mintra.eg/products/1-7-l-lunch-box-with-lock-with-fork-spoon,,,لم يُرصد,بانتظار أول رصد سعر,0,,,True,جاهز لأول رصد,الموديل والنسخة ورقم SKU مأخوذة من خلاصة المنتجات الرسمية لمتجر Mintra؛ لم تُنقل أي أسعار.,2026-07-30T00:00:00,2026-07-30T00:00:00
CASH-AAB1A4FA4C5D8D,VAR-1EEF46BE750CED|EG-063|STORE,MAP-A97F9F2ECF93512B,VAR-1EEF46BE750CED,EG-063,,,EGP,,,,,,,,,,,القاهرة,,,,,,,True,,تغذية منتجات,https://mintra.eg/products/1-7-l-lunch-box-with-lock-with-fork-spoon,,,لم يُرصد,بانتظار أول رصد سعر,0,,,True,جاهز لأول رصد,الموديل والنسخة ورقم SKU مأخوذة من خلاصة المنتجات الرسمية لمتجر Mintra؛ لم تُنقل أي أسعار.,2026-07-30T00:00:00,2026-07-30T00:00:00
CASH-B6613FED4C796A,VAR-2C2E2BABA3B23D|EG-063|STORE,MAP-57678A47C7FE55F5,VAR-2C2E2BABA3B23D,EG-063,,,EGP,,,,,,,,,,,القاهرة,,,,,,,True,,تغذية منتجات,https://mintra.eg/products/1-7-l-lunch-box-with-lock-with-fork-spoon,,,لم يُرصد,بانتظار أول رصد سعر,0,,,True,جاهز لأول رصد,الموديل والنسخة ورقم SKU مأخوذة من خلاصة المنتجات الرسمية لمتجر Mintra؛ لم تُنقل أي أسعار.,2026-07-30T00:00:00,2026-07-30T00:00:00
CASH-A5E50D3208995E,VAR-E49CF37C6FE8E1|EG-063|STORE,MAP-C6039F1DE1E4381B,VAR-E49CF37C6FE8E1,EG-063,,,EGP,,,,,,,,,,,القاهرة,,,,,,,True,,تغذية منتجات,https://mintra.eg/products/frosted-lunch-box-1-4l-with-fork-spoon,,,لم يُرصد,بانتظار أول رصد سعر,0,,,True,جاهز لأول رصد,الموديل والنسخة ورقم SKU مأخوذة من خلاصة المنتجات الرسمية لمتجر Mintra؛ لم تُنقل أي أسعار.,2026-07-30T00:00:00,2026-07-30T00:00:00
CASH-C96B2904FBB505,VAR-2788E89114130C|EG-063|STORE,MAP-BC5B2488006100DB,VAR-2788E89114130C,EG-063,,,EGP,,,,,,,,,,,القاهرة,,,,,,,True,,تغذية منتجات,https://mintra.eg/products/frosted-lunch-box-1-4l-with-fork-spoon,,,لم يُرصد,بانتظار أول رصد سعر,0,,,True,جاهز لأول رصد,الموديل والنسخة ورقم SKU مأخوذة من خلاصة المنتجات الرسمية لمتجر Mintra؛ لم تُنقل أي أسعار.,2026-07-30T00:00:00,2026-07-30T00:00:00
CASH-A36758DBCA3D4D,VAR-CCAF5049A31AFB|EG-063|STORE,MAP-592133669EFAB381,VAR-CCAF5049A31AFB,EG-063,,,EGP,,,,,,,,,,,القاهرة,,,,,,,True,,تغذية منتجات,https://mintra.eg/products/frosted-lunch-box-1-4l-with-fork-spoon,,,لم يُرصد,بانتظار أول رصد سعر,0,,,True,جاهز لأول رصد,الموديل والنسخة ورقم SKU مأخوذة من خلاصة المنتجات الرسمية لمتجر Mintra؛ لم تُنقل أي أسعار.,2026-07-30T00:00:00,2026-07-30T00:00:00
CASH-F5636ED8C1A246,VAR-08EC8EE510590A|EG-063|STORE,MAP-ABDE5BCE77C077DF,VAR-08EC8EE510590A,EG-063,,,EGP,,,,,,,,,,,القاهرة,,,,,,,True,,تغذية منتجات,https://mintra.eg/products/frosted-lunch-box-1-4l-with-fork-spoon,,,لم يُرصد,بانتظار أول رصد سعر,0,,,True,جاهز لأول رصد,الموديل والنسخة ورقم SKU مأخوذة من خلاصة المنتجات الرسمية لمتجر Mintra؛ لم تُنقل أي أسعار.,2026-07-30T00:00:00,2026-07-30T00:00:00
CASH-D99C86ABE2B4E1,VAR-98158F19D957E9|EG-063|STORE,MAP-BC24F24CC413D7E3,VAR-98158F19D957E9,EG-063,,,EGP,,,,,,,,,,,القاهرة,,,,,,,True,,تغذية منتجات,https://mintra.eg/products/frosted-lunch-box-1-4l-with-fork-spoon,,,لم يُرصد,بانتظار أول رصد سعر,0,,,True,جاهز لأول رصد,الموديل والنسخة ورقم SKU مأخوذة من خلاصة المنتجات الرسمية لمتجر Mintra؛ لم تُنقل أي أسعار.,2026-07-30T00:00:00,2026-07-30T00:00:00
CASH-CA5D1CA83F72A7,VAR-DAD46982923A22|EG-063|STORE,MAP-702496531DE6C5C8,VAR-DAD46982923A22,EG-063,,,EGP,,,,,,,,,,,القاهرة,,,,,,,True,,تغذية منتجات,https://mintra.eg/products/frosted-lunch-box-1-4l-with-fork-spoon,,,لم يُرصد,بانتظار أول رصد سعر,0,,,True,جاهز لأول رصد,الموديل والنسخة ورقم SKU مأخوذة من خلاصة المنتجات الرسمية لمتجر Mintra؛ لم تُنقل أي أسعار.,2026-07-30T00:00:00,2026-07-30T00:00:00
CASH-9342E66D829C55,VAR-86167DA0418EAF|EG-063|STORE,MAP-6E4205898AE41425,VAR-86167DA0418EAF,EG-063,,,EGP,,,,,,,,,,,القاهرة,,,,,,,True,,تغذية منتجات,https://mintra.eg/products/frosted-lunch-box-2l-with-fork-spoon,,,لم يُرصد,بانتظار أول رصد سعر,0,,,True,جاهز لأول رصد,الموديل والنسخة ورقم SKU مأخوذة من خلاصة المنتجات الرسمية لمتجر Mintra؛ لم تُنقل أي أسعار.,2026-07-30T00:00:00,2026-07-30T00:00:00
CASH-48C4BD52DF42BC,VAR-65F3E37870AD9C|EG-063|STORE,MAP-167E4DBF4FCDF834,VAR-65F3E37870AD9C,EG-063,,,EGP,,,,,,,,,,,القاهرة,,,,,,,True,,تغذية منتجات,https://mintra.eg/products/frosted-lunch-box-2l-with-fork-spoon,,,لم يُرصد,بانتظار أول رصد سعر,0,,,True,جاهز لأول رصد,الموديل والنسخة ورقم SKU مأخوذة من خلاصة المنتجات الرسمية لمتجر Mintra؛ لم تُنقل أي أسعار.,2026-07-30T00:00:00,2026-07-30T00:00:00
CASH-7EA998867A89CC,VAR-8907486F3DC5E4|EG-063|STORE,MAP-1735DE9F50442F25,VAR-8907486F3DC5E4,EG-063,,,EGP,,,,,,,,,,,القاهرة,,,,,,,True,,تغذية منتجات,https://mintra.eg/products/frosted-lunch-box-2l-with-fork-spoon,,,لم يُرصد,بانتظار أول رصد سعر,0,,,True,جاهز لأول رصد,الموديل والنسخة ورقم SKU مأخوذة من خلاصة المنتجات الرسمية لمتجر Mintra؛ لم تُنقل أي أسعار.,2026-07-30T00:00:00,2026-07-30T00:00:00
CASH-C73B2595AEA0E2,VAR-8BBB838B9E889D|EG-063|STORE,MAP-FF9DF9E71776587D,VAR-8BBB838B9E889D,EG-063,,,EGP,,,,,,,,,,,القاهرة,,,,,,,True,,تغذية منتجات,https://mintra.eg/products/frosted-lunch-box-2l-with-fork-spoon,,,لم يُرصد,بانتظار أول رصد سعر,0,,,True,جاهز لأول رصد,الموديل والنسخة ورقم SKU مأخوذة من خلاصة المنتجات الرسمية لمتجر Mintra؛ لم تُنقل أي أسعار.,2026-07-30T00:00:00,2026-07-30T00:00:00
CASH-2D5C0DE56551BF,VAR-6C921AA045D13D|EG-063|STORE,MAP-CD78BCC32BD97047,VAR-6C921AA045D13D,EG-063,,,EGP,,,,,,,,,,,القاهرة,,,,,,,True,,تغذية منتجات,https://mintra.eg/products/frosted-lunch-box-2l-with-fork-spoon,,,لم يُرصد,بانتظار أول رصد سعر,0,,,True,جاهز لأول رصد,الموديل والنسخة ورقم SKU مأخوذة من خلاصة المنتجات الرسمية لمتجر Mintra؛ لم تُنقل أي أسعار.,2026-07-30T00:00:00,2026-07-30T00:00:00
CASH-018698702332A9,VAR-E9EADB14F861C6|EG-063|STORE,MAP-5E7B8F70CF7302B6,VAR-E9EADB14F861C6,EG-063,,,EGP,,,,,,,,,,,القاهرة,,,,,,,True,,تغذية منتجات,https://mintra.eg/products/lunch-box-1-4l-%D9%84%D8%A7%D9%86%D8%B4-%D8%A8%D9%88%DA%A9%D8%B3-%D9%84%D9%84%D9%85%D8%AF%D8%B1%D8%B3%D8%A9,,,لم يُرصد,بانتظار أول رصد سعر,0,,,True,جاهز لأول رصد,الموديل والنسخة ورقم SKU مأخوذة من خلاصة المنتجات الرسمية لمتجر Mintra؛ لم تُنقل أي أسعار.,2026-07-30T00:00:00,2026-07-30T00:00:00
CASH-DB31747AC5A57C,VAR-B50B8EC5124F89|EG-063|STORE,MAP-BE1654889E004B87,VAR-B50B8EC5124F89,EG-063,,,EGP,,,,,,,,,,,القاهرة,,,,,,,True,,تغذية منتجات,https://mintra.eg/products/lunch-box-1-4l-%D9%84%D8%A7%D9%86%D8%B4-%D8%A8%D9%88%DA%A9%D8%B3-%D9%84%D9%84%D9%85%D8%AF%D8%B1%D8%B3%D8%A9,,,لم يُرصد,بانتظار أول رصد سعر,0,,,True,جاهز لأول رصد,الموديل والنسخة ورقم SKU مأخوذة من خلاصة المنتجات الرسمية لمتجر Mintra؛ لم تُنقل أي أسعار.,2026-07-30T00:00:00,2026-07-30T00:00:00
CASH-8598FBA3E3EE83,VAR-462571502908E9|EG-063|STORE,MAP-DF9A966963773E88,VAR-462571502908E9,EG-063,,,EGP,,,,,,,,,,,القاهرة,,,,,,,True,,تغذية منتجات,https://mintra.eg/products/lunch-box-1-4l-%D9%84%D8%A7%D9%86%D8%B4-%D8%A8%D9%88%DA%A9%D8%B3-%D9%84%D9%84%D9%85%D8%AF%D8%B1%D8%B3%D8%A9,,,لم يُرصد,بانتظار أول رصد سعر,0,,,True,جاهز لأول رصد,الموديل والنسخة ورقم SKU مأخوذة من خلاصة المنتجات الرسمية لمتجر Mintra؛ لم تُنقل أي أسعار.,2026-07-30T00:00:00,2026-07-30T00:00:00
CASH-FCD9C384473AB6,VAR-610AB0AF593B5D|EG-063|STORE,MAP-D82C12C118719CB4,VAR-610AB0AF593B5D,EG-063,,,EGP,,,,,,,,,,,القاهرة,,,,,,,True,,تغذية منتجات,https://mintra.eg/products/lunch-box-1-4l-%D9%84%D8%A7%D9%86%D8%B4-%D8%A8%D9%88%DA%A9%D8%B3-%D9%84%D9%84%D9%85%D8%AF%D8%B1%D8%B3%D8%A9,,,لم يُرصد,بانتظار أول رصد سعر,0,,,True,جاهز لأول رصد,الموديل والنسخة ورقم SKU مأخوذة من خلاصة المنتجات الرسمية لمتجر Mintra؛ لم تُنقل أي أسعار.,2026-07-30T00:00:00,2026-07-30T00:00:00
CASH-CC76D14F10A337,VAR-C4B4132EF3FDB2|EG-063|STORE,MAP-665449CE6F7014A0,VAR-C4B4132EF3FDB2,EG-063,,,EGP,,,,,,,,,,,القاهرة,,,,,,,True,,تغذية منتجات,https://mintra.eg/products/lunch-box-1-4l-%D9%84%D8%A7%D9%86%D8%B4-%D8%A8%D9%88%DA%A9%D8%B3-%D9%84%D9%84%D9%85%D8%AF%D8%B1%D8%B3%D8%A9,,,لم يُرصد,بانتظار أول رصد سعر,0,,,True,جاهز لأول رصد,الموديل والنسخة ورقم SKU مأخوذة من خلاصة المنتجات الرسمية لمتجر Mintra؛ لم تُنقل أي أسعار.,2026-07-30T00:00:00,2026-07-30T00:00:00
CASH-E67130F341F3FC,VAR-0EFA5257C11413|EG-063|STORE,MAP-FFF8710BEEAC3419,VAR-0EFA5257C11413,EG-063,,,EGP,,,,,,,,,,,القاهرة,,,,,,,True,,تغذية منتجات,https://mintra.eg/products/lunch-box-1-4l-%D9%84%D8%A7%D9%86%D8%B4-%D8%A8%D9%88%DA%A9%D8%B3-%D9%84%D9%84%D9%85%D8%AF%D8%B1%D8%B3%D8%A9,,,لم يُرصد,بانتظار أول رصد سعر,0,,,True,جاهز لأول رصد,الموديل والنسخة ورقم SKU مأخوذة من خلاصة المنتجات الرسمية لمتجر Mintra؛ لم تُنقل أي أسعار.,2026-07-30T00:00:00,2026-07-30T00:00:00
CASH-A10BE44E0D18AB,VAR-93ED0DAC237DAC|EG-063|STORE,MAP-538DAD386F54F455,VAR-93ED0DAC237DAC,EG-063,,,EGP,,,,,,,,,,,القاهرة,,,,,,,True,,تغذية منتجات,https://mintra.eg/products/lunch-box-1-4l-%D9%84%D8%A7%D9%86%D8%B4-%D8%A8%D9%88%DA%A9%D8%B3-%D9%84%D9%84%D9%85%D8%AF%D8%B1%D8%B3%D8%A9,,,لم يُرصد,بانتظار أول رصد سعر,0,,,True,جاهز لأول رصد,الموديل والنسخة ورقم SKU مأخوذة من خلاصة المنتجات الرسمية لمتجر Mintra؛ لم تُنقل أي أسعار.,2026-07-30T00:00:00,2026-07-30T00:00:00
CASH-5473EE5C567823,VAR-CCCA5A85F59869|EG-063|STORE,MAP-364A3D86B0F91CD9,VAR-CCCA5A85F59869,EG-063,,,EGP,,,,,,,,,,,القاهرة,,,,,,,True,,تغذية منتجات,https://mintra.eg/products/lunch-box-1-4l-%D9%84%D8%A7%D9%86%D8%B4-%D8%A8%D9%88%DA%A9%D8%B3-%D9%84%D9%84%D9%85%D8%AF%D8%B1%D8%B3%D8%A9,,,لم يُرصد,بانتظار أول رصد سعر,0,,,True,جاهز لأول رصد,الموديل والنسخة ورقم SKU مأخوذة من خلاصة المنتجات الرسمية لمتجر Mintra؛ لم تُنقل أي أسعار.,2026-07-30T00:00:00,2026-07-30T00:00:00
CASH-3ED6A4A9CECA38,VAR-E905AC9C8220A3|EG-063|STORE,MAP-26DD4C819DB4793A,VAR-E905AC9C8220A3,EG-063,,,EGP,,,,,,,,,,,القاهرة,,,,,,,True,,تغذية منتجات,https://mintra.eg/products/lunch-box-1-4l-%D9%84%D8%A7%D9%86%D8%B4-%D8%A8%D9%88%DA%A9%D8%B3-%D9%84%D9%84%D9%85%D8%AF%D8%B1%D8%B3%D8%A9,,,لم يُرصد,بانتظار أول رصد سعر,0,,,True,جاهز لأول رصد,الموديل والنسخة ورقم SKU مأخوذة من خلاصة المنتجات الرسمية لمتجر Mintra؛ لم تُنقل أي أسعار.,2026-07-30T00:00:00,2026-07-30T00:00:00
CASH-7328A95393D3BF,VAR-BEA4142EE8444F|EG-063|STORE,MAP-24ACE7B3558D56B3,VAR-BEA4142EE8444F,EG-063,,,EGP,,,,,,,,,,,القاهرة,,,,,,,True,,تغذية منتجات,https://mintra.eg/products/lunch-box-1-4l-%D9%84%D8%A7%D9%86%D8%B4-%D8%A8%D9%88%DA%A9%D8%B3-%D9%84%D9%84%D9%85%D8%AF%D8%B1%D8%B3%D8%A9,,,لم يُرصد,بانتظار أول رصد سعر,0,,,True,جاهز لأول رصد,الموديل والنسخة ورقم SKU مأخوذة من خلاصة المنتجات الرسمية لمتجر Mintra؛ لم تُنقل أي أسعار.,2026-07-30T00:00:00,2026-07-30T00:00:00
CASH-DCABD3A1B7210E,VAR-E7E7B9729C7218|EG-063|STORE,MAP-9B8A60AF3CDD5A1C,VAR-E7E7B9729C7218,EG-063,,,EGP,,,,,,,,,,,القاهرة,,,,,,,True,,تغذية منتجات,https://mintra.eg/products/lunch-box-2l-%D9%84%D8%A7%D9%86%D8%B4-%D8%A8%D9%88%DA%A9%D8%B3-%D9%83%D8%A8%D9%8A%D8%B1,,,لم يُرصد,بانتظار أول رصد سعر,0,,,True,جاهز لأول رصد,الموديل والنسخة ورقم SKU مأخوذة من خلاصة المنتجات الرسمية لمتجر Mintra؛ لم تُنقل أي أسعار.,2026-07-30T00:00:00,2026-07-30T00:00:00
CASH-8AE93229425A40,VAR-74DAE6B1DE5DD9|EG-063|STORE,MAP-68C17980D11739AF,VAR-74DAE6B1DE5DD9,EG-063,,,EGP,,,,,,,,,,,القاهرة,,,,,,,True,,تغذية منتجات,https://mintra.eg/products/lunch-box-2l-%D9%84%D8%A7%D9%86%D8%B4-%D8%A8%D9%88%DA%A9%D8%B3-%D9%83%D8%A8%D9%8A%D8%B1,,,لم يُرصد,بانتظار أول رصد سعر,0,,,True,جاهز لأول رصد,الموديل والنسخة ورقم SKU مأخوذة من خلاصة المنتجات الرسمية لمتجر Mintra؛ لم تُنقل أي أسعار.,2026-07-30T00:00:00,2026-07-30T00:00:00
CASH-EB39E32BBB2307,VAR-1D02ED0DC9AEB0|EG-063|STORE,MAP-E85BC7BABE9390FD,VAR-1D02ED0DC9AEB0,EG-063,,,EGP,,,,,,,,,,,القاهرة,,,,,,,True,,تغذية منتجات,https://mintra.eg/products/lunch-box-2l-%D9%84%D8%A7%D9%86%D8%B4-%D8%A8%D9%88%DA%A9%D8%B3-%D9%83%D8%A8%D9%8A%D8%B1,,,لم يُرصد,بانتظار أول رصد سعر,0,,,True,جاهز لأول رصد,الموديل والنسخة ورقم SKU مأخوذة من خلاصة المنتجات الرسمية لمتجر Mintra؛ لم تُنقل أي أسعار.,2026-07-30T00:00:00,2026-07-30T00:00:00
CASH-CC67F1C2C7C87F,VAR-0F7B4A90F8EFD7|EG-063|STORE,MAP-E2287D1103160B26,VAR-0F7B4A90F8EFD7,EG-063,,,EGP,,,,,,,,,,,القاهرة,,,,,,,True,,تغذية منتجات,https://mintra.eg/products/lunch-box-2l-%D9%84%D8%A7%D9%86%D8%B4-%D8%A8%D9%88%DA%A9%D8%B3-%D9%83%D8%A8%D9%8A%D8%B1,,,لم يُرصد,بانتظار أول رصد سعر,0,,,True,جاهز لأول رصد,الموديل والنسخة ورقم SKU مأخوذة من خلاصة المنتجات الرسمية لمتجر Mintra؛ لم تُنقل أي أسعار.,2026-07-30T00:00:00,2026-07-30T00:00:00
CASH-0641B252DCFCDD,VAR-F5FEB8A92153E0|EG-063|STORE,MAP-665B56D79E59C17F,VAR-F5FEB8A92153E0,EG-063,,,EGP,,,,,,,,,,,القاهرة,,,,,,,True,,تغذية منتجات,https://mintra.eg/products/lunch-box-2l-%D9%84%D8%A7%D9%86%D8%B4-%D8%A8%D9%88%DA%A9%D8%B3-%D9%83%D8%A8%D9%8A%D8%B1,,,لم يُرصد,بانتظار أول رصد سعر,0,,,True,جاهز لأول رصد,الموديل والنسخة ورقم SKU مأخوذة من خلاصة المنتجات الرسمية لمتجر Mintra؛ لم تُنقل أي أسعار.,2026-07-30T00:00:00,2026-07-30T00:00:00
CASH-E7CB476D09C118,VAR-BD713F49AE9550|EG-063|STORE,MAP-D4D7C098E68279AE,VAR-BD713F49AE9550,EG-063,,,EGP,,,,,,,,,,,القاهرة,,,,,,,True,,تغذية منتجات,https://mintra.eg/products/lunch-box-2l-%D9%84%D8%A7%D9%86%D8%B4-%D8%A8%D9%88%DA%A9%D8%B3-%D9%83%D8%A8%D9%8A%D8%B1,,,لم يُرصد,بانتظار أول رصد سعر,0,,,True,جاهز لأول رصد,الموديل والنسخة ورقم SKU مأخوذة من خلاصة المنتجات الرسمية لمتجر Mintra؛ لم تُنقل أي أسعار.,2026-07-30T00:00:00,2026-07-30T00:00:00
CASH-B740DD45872B05,VAR-C4417807966A70|EG-063|STORE,MAP-EA4D40118174C4D8,VAR-C4417807966A70,EG-063,,,EGP,,,,,,,,,,,القاهرة,,,,,,,True,,تغذية منتجات,https://mintra.eg/products/lunch-box-2l-%D9%84%D8%A7%D9%86%D8%B4-%D8%A8%D9%88%DA%A9%D8%B3-%D9%83%D8%A8%D9%8A%D8%B1,,,لم يُرصد,بانتظار أول رصد سعر,0,,,True,جاهز لأول رصد,الموديل والنسخة ورقم SKU مأخوذة من خلاصة المنتجات الرسمية لمتجر Mintra؛ لم تُنقل أي أسعار.,2026-07-30T00:00:00,2026-07-30T00:00:00
CASH-A9BFBE9E414A2A,VAR-991D54C715F146|EG-063|STORE,MAP-F7F18AC3121E853D,VAR-991D54C715F146,EG-063,,,EGP,,,,,,,,,,,القاهرة,,,,,,,True,,تغذية منتجات,https://mintra.eg/products/lunch-box-2l-%D9%84%D8%A7%D9%86%D8%B4-%D8%A8%D9%88%DA%A9%D8%B3-%D9%83%D8%A8%D9%8A%D8%B1,,,لم يُرصد,بانتظار أول رصد سعر,0,,,True,جاهز لأول رصد,الموديل والنسخة ورقم SKU مأخوذة من خلاصة المنتجات الرسمية لمتجر Mintra؛ لم تُنقل أي أسعار.,2026-07-30T00:00:00,2026-07-30T00:00:00
CASH-D26B1613EB9720,VAR-6AD81DB3A6A9AD|EG-063|STORE,MAP-A2204AD83E7B4EFF,VAR-6AD81DB3A6A9AD,EG-063,,,EGP,,,,,,,,,,,القاهرة,,,,,,,True,,تغذية منتجات,https://mintra.eg/products/lunch-box-2l-%D9%84%D8%A7%D9%86%D8%B4-%D8%A8%D9%88%DA%A9%D8%B3-%D9%83%D8%A8%D9%8A%D8%B1,,,لم يُرصد,بانتظار أول رصد سعر,0,,,True,جاهز لأول رصد,الموديل والنسخة ورقم SKU مأخوذة من خلاصة المنتجات الرسمية لمتجر Mintra؛ لم تُنقل أي أسعار.,2026-07-30T00:00:00,2026-07-30T00:00:00
CASH-F856361B949395,VAR-B8323AB63E4F4B|EG-063|STORE,MAP-DE20D8A970CE42AD,VAR-B8323AB63E4F4B,EG-063,,,EGP,,,,,,,,,,,القاهرة,,,,,,,True,,تغذية منتجات,https://mintra.eg/products/lunch-box-2l-%D9%84%D8%A7%D9%86%D8%B4-%D8%A8%D9%88%DA%A9%D8%B3-%D9%83%D8%A8%D9%8A%D8%B1,,,لم يُرصد,بانتظار أول رصد سعر,0,,,True,جاهز لأول رصد,الموديل والنسخة ورقم SKU مأخوذة من خلاصة المنتجات الرسمية لمتجر Mintra؛ لم تُنقل أي أسعار.,2026-07-30T00:00:00,2026-07-30T00:00:00
CASH-679015F16CECC7,VAR-ED5B0F7451BF3D|EG-079|STORE,MAP-06FE0EFF9050DAF8,VAR-ED5B0F7451BF3D,EG-079,,,EGP,,,,,,,,,,,القاهرة,,,,,,,True,,Sitemap ثم صفحة منتج,https://www.zahranstores.com/en/tefal-optima-dry-food-storage-container-100-l-clear-n1141010-2365,,,لم يُرصد,بانتظار أول رصد سعر,0,,,True,يحتاج تأكيد صفحة المنتج,Exact product URL in Zahran Stores public sitemap; stock not asserted,2026-07-30T00:00:00,2026-07-30T00:00:00
CASH-48430223FC4820,VAR-277C473174526B|EG-079|STORE,MAP-87D99DDAEE7D46DC,VAR-277C473174526B,EG-079,,,EGP,,,,,,,,,,,القاهرة,,,,,,,True,,Sitemap ثم صفحة منتج,https://www.zahranstores.com/en/tefal-optima-dry-food-storage-container-160-l-clear-n1141110-2366,,,لم يُرصد,بانتظار أول رصد سعر,0,,,True,يحتاج تأكيد صفحة المنتج,Exact product URL in Zahran Stores public sitemap; stock not asserted,2026-07-30T00:00:00,2026-07-30T00:00:00
CASH-CB8B9730FDAA34,VAR-62FA98E8EF300B|EG-079|STORE,MAP-D73942C69071C26A,VAR-62FA98E8EF300B,EG-079,,,EGP,,,,,,,,,,,القاهرة,,,,,,,True,,Sitemap ثم صفحة منتج,https://www.zahranstores.com/en/tefal-optima-dry-food-storage-container-280-l-clear-n1141310-2367,,,لم يُرصد,بانتظار أول رصد سعر,0,,,True,يحتاج تأكيد صفحة المنتج,Exact product URL in Zahran Stores public sitemap; stock not asserted,2026-07-30T00:00:00,2026-07-30T00:00:00
CASH-CF4906D843EADD,VAR-4C04C55530406B|EG-060|STORE,MAP-12ED02A003542FE0,VAR-4C04C55530406B,EG-060,,,EGP,,,,,,,,,,,القاهرة,,,,,,,True,,JSON-LD,https://www.ikea.com/eg/en/p/bakglad-pastry-brush-beige-blue-60485551,,,لم يُرصد,بانتظار أول رصد سعر,0,,,True,يحتاج اكتشاف رابط المنتج,الاسم ورقم الصنف والمواصفات الظاهرة مأخوذة من قائمة JSON-LD الرسمية للفئة في IKEA Egypt؛ لم تُنقل أي أسعار.,2026-07-30T00:00:00,2026-07-30T00:00:00
CASH-DA0A9F368E44E8,VAR-345F43DD244DF5|EG-060|STORE,MAP-103756AD9AF43839,VAR-345F43DD244DF5,EG-060,,,EGP,,,,,,,,,,,القاهرة,,,,,,,True,,JSON-LD,https://www.ikea.com/eg/en/p/laettbakad-pastry-brush-beige-70485268,,,لم يُرصد,بانتظار أول رصد سعر,0,,,True,يحتاج اكتشاف رابط المنتج,الاسم ورقم الصنف والمواصفات الظاهرة مأخوذة من قائمة JSON-LD الرسمية للفئة في IKEA Egypt؛ لم تُنقل أي أسعار.,2026-07-30T00:00:00,2026-07-30T00:00:00
CASH-6A39F5E8D418C1,VAR-58B657987253A3|EG-060|STORE,MAP-EC46E14F7E94B0C6,VAR-58B657987253A3,EG-060,,,EGP,,,,,,,,,,,القاهرة,,,,,,,True,,JSON-LD,https://www.ikea.com/eg/en/p/pepprig-scrubbing-pad-green-blue-yellow-70567650,,,لم يُرصد,بانتظار أول رصد سعر,0,,,True,يحتاج اكتشاف رابط المنتج,الاسم ورقم الصنف والمواصفات الظاهرة مأخوذة من قائمة JSON-LD الرسمية للفئة في IKEA Egypt؛ لم تُنقل أي أسعار.,2026-07-30T00:00:00,2026-07-30T00:00:00
CASH-AF581FFE0C840C,VAR-F5101EC99A0681|EG-060|STORE,MAP-E7E42702BBC12ED8,VAR-F5101EC99A0681,EG-060,,,EGP,,,,,,,,,,,القاهرة,,,,,,,True,,JSON-LD,https://www.ikea.com/eg/en/p/svampig-sponge-grey-green-10595439,,,لم يُرصد,بانتظار أول رصد سعر,0,,,True,يحتاج اكتشاف رابط المنتج,الاسم ورقم الصنف والمواصفات الظاهرة مأخوذة من قائمة JSON-LD الرسمية للفئة في IKEA Egypt؛ لم تُنقل أي أسعار.,2026-07-30T00:00:00,2026-07-30T00:00:00
CASH-A903CB5CCC8141,VAR-246FA07F7A9992|EG-063|STORE,MAP-E1A21BB299C06694,VAR-246FA07F7A9992,EG-063,,,EGP,,,,,,,,,,,القاهرة,,,,,,,True,,تغذية منتجات,https://mintra.eg/products/cloth-towel-%D9%81%D9%88%D8%B7%D8%A9-%D8%A7%D8%B1%D8%B6%D9%8A%D8%A7%D8%AA,,,لم يُرصد,بانتظار أول رصد سعر,0,,,True,جاهز لأول رصد,الموديل والنسخة ورقم SKU مأخوذة من خلاصة المنتجات الرسمية لمتجر Mintra؛ لم تُنقل أي أسعار.,2026-07-30T00:00:00,2026-07-30T00:00:00
CASH-FEEFF3450C9049,VAR-015692F721B472|EG-063|STORE,MAP-06D0DFC44C22296B,VAR-015692F721B472,EG-063,,,EGP,,,,,,,,,,,القاهرة,,,,,,,True,,تغذية منتجات,https://mintra.eg/products/multi-purpose-microfiber-cleaning-towel-assorted-%D9%81%D9%88%D8%B7-%D8%AA%D9%86%D8%B8%D9%8A%D9%81,,,لم يُرصد,بانتظار أول رصد سعر,0,,,True,جاهز لأول رصد,الموديل والنسخة ورقم SKU مأخوذة من خلاصة المنتجات الرسمية لمتجر Mintra؛ لم تُنقل أي أسعار.,2026-07-30T00:00:00,2026-07-30T00:00:00
CASH-FCA72E1DFDBD92,VAR-5284F2F43795B6|EG-063|STORE,MAP-BB3A20FC81DFBB80,VAR-5284F2F43795B6,EG-063,,,EGP,,,,,,,,,,,القاهرة,,,,,,,True,,تغذية منتجات,https://mintra.eg/products/multi-purpose-microfiber-cleaning-towel-assorted-%D9%81%D9%88%D8%B7-%D8%AA%D9%86%D8%B8%D9%8A%D9%81,,,لم يُرصد,بانتظار أول رصد سعر,0,,,True,جاهز لأول رصد,الموديل والنسخة ورقم SKU مأخوذة من خلاصة المنتجات الرسمية لمتجر Mintra؛ لم تُنقل أي أسعار.,2026-07-30T00:00:00,2026-07-30T00:00:00
CASH-04838A13E7E776,VAR-86F9BDCC7C09E9|EG-063|STORE,MAP-8257E39AF05554FD,VAR-86F9BDCC7C09E9,EG-063,,,EGP,,,,,,,,,,,القاهرة,,,,,,,True,,تغذية منتجات,https://mintra.eg/products/multi-purpose-microfiber-cleaning-towel-assorted-%D9%81%D9%88%D8%B7-%D8%AA%D9%86%D8%B8%D9%8A%D9%81,,,لم يُرصد,بانتظار أول رصد سعر,0,,,True,جاهز لأول رصد,الموديل والنسخة ورقم SKU مأخوذة من خلاصة المنتجات الرسمية لمتجر Mintra؛ لم تُنقل أي أسعار.,2026-07-30T00:00:00,2026-07-30T00:00:00
CASH-2BDD76E1427BD9,VAR-ECAAF54E3DBBD2|EG-063|STORE,MAP-51F9299B90CD4B59,VAR-ECAAF54E3DBBD2,EG-063,,,EGP,,,,,,,,,,,القاهرة,,,,,,,True,,تغذية منتجات,https://mintra.eg/products/multi-purpose-cleaning-towel-blue-%D9%81%D9%88%D8%B7-%D8%AA%D9%86%D8%B8%D9%8A%D9%81,,,لم يُرصد,بانتظار أول رصد سعر,0,,,True,جاهز لأول رصد,الموديل والنسخة ورقم SKU مأخوذة من خلاصة المنتجات الرسمية لمتجر Mintra؛ لم تُنقل أي أسعار.,2026-07-30T00:00:00,2026-07-30T00:00:00
CASH-6B0299A0E4B42F,VAR-336485B951DF59|EG-063|STORE,MAP-A1DC6525FD336DB8,VAR-336485B951DF59,EG-063,,,EGP,,,,,,,,,,,القاهرة,,,,,,,True,,تغذية منتجات,https://mintra.eg/products/multi-purpose-cleaning-towel-blue-%D9%81%D9%88%D8%B7-%D8%AA%D9%86%D8%B8%D9%8A%D9%81,,,لم يُرصد,بانتظار أول رصد سعر,0,,,True,جاهز لأول رصد,الموديل والنسخة ورقم SKU مأخوذة من خلاصة المنتجات الرسمية لمتجر Mintra؛ لم تُنقل أي أسعار.,2026-07-30T00:00:00,2026-07-30T00:00:00
CASH-AE8DD8DAE1A4CD,VAR-954BD914EED616|EG-063|STORE,MAP-3F9D1974FCA0908E,VAR-954BD914EED616,EG-063,,,EGP,,,,,,,,,,,القاهرة,,,,,,,True,,تغذية منتجات,https://mintra.eg/products/multi-purpose-cleaning-towel-blue-%D9%81%D9%88%D8%B7-%D8%AA%D9%86%D8%B8%D9%8A%D9%81,,,لم يُرصد,بانتظار أول رصد سعر,0,,,True,جاهز لأول رصد,الموديل والنسخة ورقم SKU مأخوذة من خلاصة المنتجات الرسمية لمتجر Mintra؛ لم تُنقل أي أسعار.,2026-07-30T00:00:00,2026-07-30T00:00:00
CASH-D26C7BD8A4AE88,VAR-889A0C1CF45D9F|EG-063|STORE,MAP-9D9F121668586923,VAR-889A0C1CF45D9F,EG-063,,,EGP,,,,,,,,,,,القاهرة,,,,,,,True,,تغذية منتجات,https://mintra.eg/products/multi-purpose-microfiber-cleaning-towel-green-%D9%81%D9%88%D8%B7-%D8%AA%D9%86%D8%B8%D9%8A%D9%81,,,لم يُرصد,بانتظار أول رصد سعر,0,,,True,جاهز لأول رصد,الموديل والنسخة ورقم SKU مأخوذة من خلاصة المنتجات الرسمية لمتجر Mintra؛ لم تُنقل أي أسعار.,2026-07-30T00:00:00,2026-07-30T00:00:00
CASH-16159F5D36CEAF,VAR-DF71B402095DDF|EG-063|STORE,MAP-AE3401C9CCF04C1A,VAR-DF71B402095DDF,EG-063,,,EGP,,,,,,,,,,,القاهرة,,,,,,,True,,تغذية منتجات,https://mintra.eg/products/multi-purpose-microfiber-cleaning-towel-green-%D9%81%D9%88%D8%B7-%D8%AA%D9%86%D8%B8%D9%8A%D9%81,,,لم يُرصد,بانتظار أول رصد سعر,0,,,True,جاهز لأول رصد,الموديل والنسخة ورقم SKU مأخوذة من خلاصة المنتجات الرسمية لمتجر Mintra؛ لم تُنقل أي أسعار.,2026-07-30T00:00:00,2026-07-30T00:00:00
CASH-C4BE10BF64E054,VAR-F629ADA0E5AECC|EG-063|STORE,MAP-7F803E7F58720619,VAR-F629ADA0E5AECC,EG-063,,,EGP,,,,,,,,,,,القاهرة,,,,,,,True,,تغذية منتجات,https://mintra.eg/products/multi-purpose-microfiber-cleaning-towel-green-%D9%81%D9%88%D8%B7-%D8%AA%D9%86%D8%B8%D9%8A%D9%81,,,لم يُرصد,بانتظار أول رصد سعر,0,,,True,جاهز لأول رصد,الموديل والنسخة ورقم SKU مأخوذة من خلاصة المنتجات الرسمية لمتجر Mintra؛ لم تُنقل أي أسعار.,2026-07-30T00:00:00,2026-07-30T00:00:00
CASH-16785CF5E1CAFE,VAR-F2E17C9659B73A|EG-063|STORE,MAP-D03645A36E004E01,VAR-F2E17C9659B73A,EG-063,,,EGP,,,,,,,,,,,القاهرة,,,,,,,True,,تغذية منتجات,https://mintra.eg/products/multi-purpose-cleaning-towel-%D9%81%D9%88%D8%B7-%D8%AA%D9%86%D8%B8%D9%8A%D9%81,,,لم يُرصد,بانتظار أول رصد سعر,0,,,True,جاهز لأول رصد,الموديل والنسخة ورقم SKU مأخوذة من خلاصة المنتجات الرسمية لمتجر Mintra؛ لم تُنقل أي أسعار.,2026-07-30T00:00:00,2026-07-30T00:00:00
CASH-C92A0998DC62B5,VAR-23A70981CF951E|EG-063|STORE,MAP-803F0AF0ADAC29CD,VAR-23A70981CF951E,EG-063,,,EGP,,,,,,,,,,,القاهرة,,,,,,,True,,تغذية منتجات,https://mintra.eg/products/multi-purpose-cleaning-towel-%D9%81%D9%88%D8%B7-%D8%AA%D9%86%D8%B8%D9%8A%D9%81,,,لم يُرصد,بانتظار أول رصد سعر,0,,,True,جاهز لأول رصد,الموديل والنسخة ورقم SKU مأخوذة من خلاصة المنتجات الرسمية لمتجر Mintra؛ لم تُنقل أي أسعار.,2026-07-30T00:00:00,2026-07-30T00:00:00
CASH-E9794AB61D8FDE,VAR-DBD501904F0640|EG-063|STORE,MAP-553FEE78E8DB387C,VAR-DBD501904F0640,EG-063,,,EGP,,,,,,,,,,,القاهرة,,,,,,,True,,تغذية منتجات,https://mintra.eg/products/multi-purpose-cleaning-towel-%D9%81%D9%88%D8%B7-%D8%AA%D9%86%D8%B8%D9%8A%D9%81,,,لم يُرصد,بانتظار أول رصد سعر,0,,,True,جاهز لأول رصد,الموديل والنسخة ورقم SKU مأخوذة من خلاصة المنتجات الرسمية لمتجر Mintra؛ لم تُنقل أي أسعار.,2026-07-30T00:00:00,2026-07-30T00:00:00
CASH-6F6EDA9D214CA6,VAR-8D811ABD772907|EG-063|STORE,MAP-AEA0618CDB84D7E6,VAR-8D811ABD772907,EG-063,,,EGP,,,,,,,,,,,القاهرة,,,,,,,True,,تغذية منتجات,https://mintra.eg/products/multi-purpose-cleaning-towel-pink-%D9%81%D9%88%D8%B7-%D8%AA%D9%86%D8%B8%D9%8A%D9%81,,,لم يُرصد,بانتظار أول رصد سعر,0,,,True,جاهز لأول رصد,الموديل والنسخة ورقم SKU مأخوذة من خلاصة المنتجات الرسمية لمتجر Mintra؛ لم تُنقل أي أسعار.,2026-07-30T00:00:00,2026-07-30T00:00:00
CASH-680555F0A9A72E,VAR-2E33E9179A1D5C|EG-063|STORE,MAP-00EB14913A03B598,VAR-2E33E9179A1D5C,EG-063,,,EGP,,,,,,,,,,,القاهرة,,,,,,,True,,تغذية منتجات,https://mintra.eg/products/multi-purpose-cleaning-towel-pink-%D9%81%D9%88%D8%B7-%D8%AA%D9%86%D8%B8%D9%8A%D9%81,,,لم يُرصد,بانتظار أول رصد سعر,0,,,True,جاهز لأول رصد,الموديل والنسخة ورقم SKU مأخوذة من خلاصة المنتجات الرسمية لمتجر Mintra؛ لم تُنقل أي أسعار.,2026-07-30T00:00:00,2026-07-30T00:00:00
CASH-A5CE7C73E45A50,VAR-440DF2B3F34A04|EG-063|STORE,MAP-C8B28709CEDB0FF6,VAR-440DF2B3F34A04,EG-063,,,EGP,,,,,,,,,,,القاهرة,,,,,,,True,,تغذية منتجات,https://mintra.eg/products/multi-purpose-cleaning-towel-pink-%D9%81%D9%88%D8%B7-%D8%AA%D9%86%D8%B8%D9%8A%D9%81,,,لم يُرصد,بانتظار أول رصد سعر,0,,,True,جاهز لأول رصد,الموديل والنسخة ورقم SKU مأخوذة من خلاصة المنتجات الرسمية لمتجر Mintra؛ لم تُنقل أي أسعار.,2026-07-30T00:00:00,2026-07-30T00:00:00
CASH-95CAE70D01BE0F,VAR-557CAC5D728E71|EG-063|STORE,MAP-3ACF4401AF1CC203,VAR-557CAC5D728E71,EG-063,,,EGP,,,,,,,,,,,القاهرة,,,,,,,True,,تغذية منتجات,https://mintra.eg/products/multi-purpose-microfiber-cleaning-towel-yellow-%D9%81%D9%88%D8%B7-%D8%AA%D9%86%D8%B8%D9%8A%D9%81,,,لم يُرصد,بانتظار أول رصد سعر,0,,,True,جاهز لأول رصد,الموديل والنسخة ورقم SKU مأخوذة من خلاصة المنتجات الرسمية لمتجر Mintra؛ لم تُنقل أي أسعار.,2026-07-30T00:00:00,2026-07-30T00:00:00
CASH-06328004485D7B,VAR-C88C89BAE1E5B4|EG-063|STORE,MAP-46603309A2498842,VAR-C88C89BAE1E5B4,EG-063,,,EGP,,,,,,,,,,,القاهرة,,,,,,,True,,تغذية منتجات,https://mintra.eg/products/multi-purpose-microfiber-cleaning-towel-yellow-%D9%81%D9%88%D8%B7-%D8%AA%D9%86%D8%B8%D9%8A%D9%81,,,لم يُرصد,بانتظار أول رصد سعر,0,,,True,جاهز لأول رصد,الموديل والنسخة ورقم SKU مأخوذة من خلاصة المنتجات الرسمية لمتجر Mintra؛ لم تُنقل أي أسعار.,2026-07-30T00:00:00,2026-07-30T00:00:00
CASH-86D160EB2D4AA5,VAR-06147D7C4A0449|EG-063|STORE,MAP-2362CF4B3D3F6600,VAR-06147D7C4A0449,EG-063,,,EGP,,,,,,,,,,,القاهرة,,,,,,,True,,تغذية منتجات,https://mintra.eg/products/multi-purpose-microfiber-cleaning-towel-yellow-%D9%81%D9%88%D8%B7-%D8%AA%D9%86%D8%B8%D9%8A%D9%81,,,لم يُرصد,بانتظار أول رصد سعر,0,,,True,جاهز لأول رصد,الموديل والنسخة ورقم SKU مأخوذة من خلاصة المنتجات الرسمية لمتجر Mintra؛ لم تُنقل أي أسعار.,2026-07-30T00:00:00,2026-07-30T00:00:00
CASH-604EE7D931BE82,VAR-5E59D9B9ECCD5E|EG-063|STORE,MAP-8ADE6976CEFDE046,VAR-5E59D9B9ECCD5E,EG-063,,,EGP,,,,,,,,,,,القاهرة,,,,,,,True,,تغذية منتجات,https://mintra.eg/products/car-towel-%D9%81%D9%88%D8%B7-%D9%85%D9%8A%D9%83%D8%B1%D9%88%D9%81%D9%8A%D8%A8%D8%B1-%D9%84%D9%84%D8%B3%D9%8A%D8%A7%D8%B1%D8%A7%D8%AA-1,,,لم يُرصد,بانتظار أول رصد سعر,0,,,True,جاهز لأول رصد,الموديل والنسخة ورقم SKU مأخوذة من خلاصة المنتجات الرسمية لمتجر Mintra؛ لم تُنقل أي أسعار.,2026-07-30T00:00:00,2026-07-30T00:00:00
CASH-ADF7996A2AE320,VAR-27AE6352326EDD|EG-063|STORE,MAP-BF0761069D343CCD,VAR-27AE6352326EDD,EG-063,,,EGP,,,,,,,,,,,القاهرة,,,,,,,True,,تغذية منتجات,https://mintra.eg/products/cleaning-cloth-%D9%81%D9%88%D8%B7-%D8%AA%D9%86%D8%B8%D9%8A%D9%81,,,لم يُرصد,بانتظار أول رصد سعر,0,,,True,جاهز لأول رصد,الموديل والنسخة ورقم SKU مأخوذة من خلاصة المنتجات الرسمية لمتجر Mintra؛ لم تُنقل أي أسعار.,2026-07-30T00:00:00,2026-07-30T00:00:00
CASH-76CE9CFFF3CF7E,VAR-2042420C02D743|EG-063|STORE,MAP-1882E399373C4A5B,VAR-2042420C02D743,EG-063,,,EGP,,,,,,,,,,,القاهرة,,,,,,,True,,تغذية منتجات,https://mintra.eg/products/microfiber-towel-%D9%81%D9%88%D8%B7%D8%A9-%D9%85%D8%B7%D8%A8%D8%AE,,,لم يُرصد,بانتظار أول رصد سعر,0,,,True,جاهز لأول رصد,الموديل والنسخة ورقم SKU مأخوذة من خلاصة المنتجات الرسمية لمتجر Mintra؛ لم تُنقل أي أسعار.,2026-07-30T00:00:00,2026-07-30T00:00:00
CASH-0AD502F7290F4B,VAR-77B681F066EC5C|EG-063|STORE,MAP-77CD8ACF84868CA5,VAR-77B681F066EC5C,EG-063,,,EGP,,,,,,,,,,,القاهرة,,,,,,,True,,تغذية منتجات,https://mintra.eg/products/microfiber-towel-%D9%81%D9%88%D8%B7%D8%A9-%D9%85%D8%B7%D8%A8%D8%AE,,,لم يُرصد,بانتظار أول رصد سعر,0,,,True,جاهز لأول رصد,الموديل والنسخة ورقم SKU مأخوذة من خلاصة المنتجات الرسمية لمتجر Mintra؛ لم تُنقل أي أسعار.,2026-07-30T00:00:00,2026-07-30T00:00:00
CASH-325DAA8B420300,VAR-1D0300AD5DE29F|EG-063|STORE,MAP-B7FE7FC0CE8706D1,VAR-1D0300AD5DE29F,EG-063,,,EGP,,,,,,,,,,,القاهرة,,,,,,,True,,تغذية منتجات,https://mintra.eg/products/microfiber-towel-%D9%81%D9%88%D8%B7%D8%A9-%D9%85%D8%B7%D8%A8%D8%AE,,,لم يُرصد,بانتظار أول رصد سعر,0,,,True,جاهز لأول رصد,الموديل والنسخة ورقم SKU مأخوذة من خلاصة المنتجات الرسمية لمتجر Mintra؛ لم تُنقل أي أسعار.,2026-07-30T00:00:00,2026-07-30T00:00:00
CASH-A308DA7B774E11,VAR-3AA6A12576CA6F|EG-063|STORE,MAP-C226979A5A06E157,VAR-3AA6A12576CA6F,EG-063,,,EGP,,,,,,,,,,,القاهرة,,,,,,,True,,تغذية منتجات,https://mintra.eg/products/microfiber-towel-%D9%81%D9%88%D8%B7%D8%A9-%D9%85%D8%B7%D8%A8%D8%AE,,,لم يُرصد,بانتظار أول رصد سعر,0,,,True,جاهز لأول رصد,الموديل والنسخة ورقم SKU مأخوذة من خلاصة المنتجات الرسمية لمتجر Mintra؛ لم تُنقل أي أسعار.,2026-07-30T00:00:00,2026-07-30T00:00:00
CASH-1C8CE14F118215,VAR-947A5EA31240D7|EG-063|STORE,MAP-A6030ECD59EE6AC5,VAR-947A5EA31240D7,EG-063,,,EGP,,,,,,,,,,,القاهرة,,,,,,,True,,تغذية منتجات,https://mintra.eg/products/microfiber-towel-%D9%81%D9%88%D8%B7%D8%A9-%D9%85%D8%B7%D8%A8%D8%AE,,,لم يُرصد,بانتظار أول رصد سعر,0,,,True,جاهز لأول رصد,الموديل والنسخة ورقم SKU مأخوذة من خلاصة المنتجات الرسمية لمتجر Mintra؛ لم تُنقل أي أسعار.,2026-07-30T00:00:00,2026-07-30T00:00:00
CASH-61CF75D90432DF,VAR-F86AE91EE6C259|EG-060|STORE,MAP-B6833CA1D212D421,VAR-F86AE91EE6C259,EG-060,,,EGP,,,,,,,,,,,القاهرة,,,,,,,True,,JSON-LD,https://www.ikea.com/eg/en/p/hildegun-tea-towel-red-00484007,,,لم يُرصد,بانتظار أول رصد سعر,0,,,True,يحتاج اكتشاف رابط المنتج,الاسم ورقم الصنف والمواصفات الظاهرة مأخوذة من قائمة JSON-LD الرسمية للفئة في IKEA Egypt؛ لم تُنقل أي أسعار.,2026-07-30T00:00:00,2026-07-30T00:00:00
CASH-A2E565E0E43768,VAR-0AF8BA660B1810|EG-060|STORE,MAP-C859F121433FEB7D,VAR-0AF8BA660B1810,EG-060,,,EGP,,,,,,,,,,,القاهرة,,,,,,,True,,JSON-LD,https://www.ikea.com/eg/en/p/rinnig-tea-towel-green-blue-striped-50609905,,,لم يُرصد,بانتظار أول رصد سعر,0,,,True,يحتاج اكتشاف رابط المنتج,الاسم ورقم الصنف والمواصفات الظاهرة مأخوذة من قائمة JSON-LD الرسمية للفئة في IKEA Egypt؛ لم تُنقل أي أسعار.,2026-07-30T00:00:00,2026-07-30T00:00:00
CASH-FD031637221B12,VAR-69AA67D52FFF45|EG-060|STORE,MAP-34987C350B10E4E0,VAR-69AA67D52FFF45,EG-060,,,EGP,,,,,,,,,,,القاهرة,,,,,,,True,,JSON-LD,https://www.ikea.com/eg/en/p/rinnig-tea-towel-multicolour-patterned-10609907,,,لم يُرصد,بانتظار أول رصد سعر,0,,,True,يحتاج اكتشاف رابط المنتج,الاسم ورقم الصنف والمواصفات الظاهرة مأخوذة من قائمة JSON-LD الرسمية للفئة في IKEA Egypt؛ لم تُنقل أي أسعار.,2026-07-30T00:00:00,2026-07-30T00:00:00
CASH-560E67420E25AD,VAR-E161263882D03F|EG-060|STORE,MAP-5E817E1F309B342B,VAR-E161263882D03F,EG-060,,,EGP,,,,,,,,,,,القاهرة,,,,,,,True,,JSON-LD,https://www.ikea.com/eg/en/p/rinnig-tea-towel-red-beige-striped-30609906,,,لم يُرصد,بانتظار أول رصد سعر,0,,,True,يحتاج اكتشاف رابط المنتج,الاسم ورقم الصنف والمواصفات الظاهرة مأخوذة من قائمة JSON-LD الرسمية للفئة في IKEA Egypt؛ لم تُنقل أي أسعار.,2026-07-30T00:00:00,2026-07-30T00:00:00
CASH-0953B19F212E6E,VAR-AF73964079B238|EG-060|STORE,MAP-18D9504997A4DD55,VAR-AF73964079B238,EG-060,,,EGP,,,,,,,,,,,القاهرة,,,,,,,True,,JSON-LD,https://www.ikea.com/eg/en/p/rinnig-tea-towel-white-dark-grey-patterned-20476346,,,لم يُرصد,بانتظار أول رصد سعر,0,,,True,يحتاج اكتشاف رابط المنتج,الاسم ورقم الصنف والمواصفات الظاهرة مأخوذة من قائمة JSON-LD الرسمية للفئة في IKEA Egypt؛ لم تُنقل أي أسعار.,2026-07-30T00:00:00,2026-07-30T00:00:00
CASH-28DE9EACFA69A6,VAR-0E3F6C5D7BD5A1|EG-060|STORE,MAP-4A9D72A596288830,VAR-0E3F6C5D7BD5A1,EG-060,,,EGP,,,,,,,,,,,القاهرة,,,,,,,True,,JSON-LD,https://www.ikea.com/eg/en/p/roedspaetta-tea-towel-white-90618564,,,لم يُرصد,بانتظار أول رصد سعر,0,,,True,يحتاج اكتشاف رابط المنتج,الاسم ورقم الصنف والمواصفات الظاهرة مأخوذة من قائمة JSON-LD الرسمية للفئة في IKEA Egypt؛ لم تُنقل أي أسعار.,2026-07-30T00:00:00,2026-07-30T00:00:00
CASH-13FE21587B1094,VAR-EC3B928F6398D1|EG-060|STORE,MAP-29D19A1FDE83445D,VAR-EC3B928F6398D1,EG-060,,,EGP,,,,,,,,,,,القاهرة,,,,,,,True,,JSON-LD,https://www.ikea.com/eg/en/p/sandabborre-tea-towel-white-dark-yellow-80618550,,,لم يُرصد,بانتظار أول رصد سعر,0,,,True,يحتاج اكتشاف رابط المنتج,الاسم ورقم الصنف والمواصفات الظاهرة مأخوذة من قائمة JSON-LD الرسمية للفئة في IKEA Egypt؛ لم تُنقل أي أسعار.,2026-07-30T00:00:00,2026-07-30T00:00:00
CASH-CD3C9D99288D12,VAR-75991340BA5094|EG-060|STORE,MAP-0EE3D483FADCB3DE,VAR-75991340BA5094,EG-060,,,EGP,,,,,,,,,,,القاهرة,,,,,,,True,,JSON-LD,https://www.ikea.com/eg/en/p/sandviva-tea-towel-green-white-50587885,,,لم يُرصد,بانتظار أول رصد سعر,0,,,True,يحتاج اكتشاف رابط المنتج,الاسم ورقم الصنف والمواصفات الظاهرة مأخوذة من قائمة JSON-LD الرسمية للفئة في IKEA Egypt؛ لم تُنقل أي أسعار.,2026-07-30T00:00:00,2026-07-30T00:00:00
CASH-111626D6E0C7BE,VAR-2F8D39DB05E8D1|EG-060|STORE,MAP-579712FFD001D52D,VAR-2F8D39DB05E8D1,EG-060,,,EGP,,,,,,,,,,,القاهرة,,,,,,,True,,JSON-LD,https://www.ikea.com/eg/en/p/spjutlilja-tea-towel-multicolour-patterned-40620927,,,لم يُرصد,بانتظار أول رصد سعر,0,,,True,يحتاج اكتشاف رابط المنتج,الاسم ورقم الصنف والمواصفات الظاهرة مأخوذة من قائمة JSON-LD الرسمية للفئة في IKEA Egypt؛ لم تُنقل أي أسعار.,2026-07-30T00:00:00,2026-07-30T00:00:00
CASH-A26E81250CB2BD,VAR-56BFD703265D8F|EG-060|STORE,MAP-32D7FF3F2660D2AC,VAR-56BFD703265D8F,EG-060,,,EGP,,,,,,,,,,,القاهرة,,,,,,,True,,JSON-LD,https://www.ikea.com/eg/en/p/vaelvardad-tea-towel-blue-white-80618003,,,لم يُرصد,بانتظار أول رصد سعر,0,,,True,يحتاج اكتشاف رابط المنتج,الاسم ورقم الصنف والمواصفات الظاهرة مأخوذة من قائمة JSON-LD الرسمية للفئة في IKEA Egypt؛ لم تُنقل أي أسعار.,2026-07-30T00:00:00,2026-07-30T00:00:00
CASH-21583385D7CA2F,VAR-4CE5B9EA7ADC37|EG-060|STORE,MAP-79847EC9D544346F,VAR-4CE5B9EA7ADC37,EG-060,,,EGP,,,,,,,,,,,القاهرة,,,,,,,True,,JSON-LD,https://www.ikea.com/eg/en/p/vaelvardad-tea-towel-white-blue-patterned-10618006,,,لم يُرصد,بانتظار أول رصد سعر,0,,,True,يحتاج اكتشاف رابط المنتج,الاسم ورقم الصنف والمواصفات الظاهرة مأخوذة من قائمة JSON-LD الرسمية للفئة في IKEA Egypt؛ لم تُنقل أي أسعار.,2026-07-30T00:00:00,2026-07-30T00:00:00
CASH-CA69DA713AE90E,VAR-F32BA724059CC2|EG-063|STORE,MAP-420E41C4F6A313F8,VAR-F32BA724059CC2,EG-063,,,EGP,,,,,,,,,,,القاهرة,,,,,,,True,,تغذية منتجات,https://mintra.eg/products/christmas-kitchen-towel,,,لم يُرصد,بانتظار أول رصد سعر,0,,,True,جاهز لأول رصد,الموديل والنسخة ورقم SKU مأخوذة من خلاصة المنتجات الرسمية لمتجر Mintra؛ لم تُنقل أي أسعار.,2026-07-30T00:00:00,2026-07-30T00:00:00
CASH-23E2F0156C31F1,VAR-F7428E2DDBFF8D|EG-063|STORE,MAP-8B4CD8BFB5BA82B6,VAR-F7428E2DDBFF8D,EG-063,,,EGP,,,,,,,,,,,القاهرة,,,,,,,True,,تغذية منتجات,https://mintra.eg/products/christmas-kitchen-towel,,,لم يُرصد,بانتظار أول رصد سعر,0,,,True,جاهز لأول رصد,الموديل والنسخة ورقم SKU مأخوذة من خلاصة المنتجات الرسمية لمتجر Mintra؛ لم تُنقل أي أسعار.,2026-07-30T00:00:00,2026-07-30T00:00:00
CASH-2331A122992B9E,VAR-E3F08025B98A67|EG-063|STORE,MAP-F736D0BB09F8CFE0,VAR-E3F08025B98A67,EG-063,,,EGP,,,,,,,,,,,القاهرة,,,,,,,True,,تغذية منتجات,https://mintra.eg/products/christmas-kitchen-towel,,,لم يُرصد,بانتظار أول رصد سعر,0,,,True,جاهز لأول رصد,الموديل والنسخة ورقم SKU مأخوذة من خلاصة المنتجات الرسمية لمتجر Mintra؛ لم تُنقل أي أسعار.,2026-07-30T00:00:00,2026-07-30T00:00:00
CASH-79E9BB6497B6C7,VAR-4F7104733DDA1A|EG-063|STORE,MAP-75DF2112F9FBDFA7,VAR-4F7104733DDA1A,EG-063,,,EGP,,,,,,,,,,,القاهرة,,,,,,,True,,تغذية منتجات,https://mintra.eg/products/christmas-kitchen-towel,,,لم يُرصد,بانتظار أول رصد سعر,0,,,True,جاهز لأول رصد,الموديل والنسخة ورقم SKU مأخوذة من خلاصة المنتجات الرسمية لمتجر Mintra؛ لم تُنقل أي أسعار.,2026-07-30T00:00:00,2026-07-30T00:00:00
CASH-CEE5EC3D89B4FB,VAR-390A36736078B2|EG-063|STORE,MAP-80FEF58CA30BCDBE,VAR-390A36736078B2,EG-063,,,EGP,,,,,,,,,,,القاهرة,,,,,,,True,,تغذية منتجات,https://mintra.eg/products/christmas-kitchen-towel,,,لم يُرصد,بانتظار أول رصد سعر,0,,,True,جاهز لأول رصد,الموديل والنسخة ورقم SKU مأخوذة من خلاصة المنتجات الرسمية لمتجر Mintra؛ لم تُنقل أي أسعار.,2026-07-30T00:00:00,2026-07-30T00:00:00
CASH-D51D8B72828FCC,VAR-5B8BFFA9381B79|EG-063|STORE,MAP-CA1E12903F6787B3,VAR-5B8BFFA9381B79,EG-063,,,EGP,,,,,,,,,,,القاهرة,,,,,,,True,,تغذية منتجات,https://mintra.eg/products/christmas-kitchen-towel,,,لم يُرصد,بانتظار أول رصد سعر,0,,,True,جاهز لأول رصد,الموديل والنسخة ورقم SKU مأخوذة من خلاصة المنتجات الرسمية لمتجر Mintra؛ لم تُنقل أي أسعار.,2026-07-30T00:00:00,2026-07-30T00:00:00
CASH-EE34F15B6F9FE9,VAR-9D4460B15185A2|EG-063|STORE,MAP-994DB06D47EF236B,VAR-9D4460B15185A2,EG-063,,,EGP,,,,,,,,,,,القاهرة,,,,,,,True,,تغذية منتجات,https://mintra.eg/products/christmas-kitchen-towel,,,لم يُرصد,بانتظار أول رصد سعر,0,,,True,جاهز لأول رصد,الموديل والنسخة ورقم SKU مأخوذة من خلاصة المنتجات الرسمية لمتجر Mintra؛ لم تُنقل أي أسعار.,2026-07-30T00:00:00,2026-07-30T00:00:00
CASH-7E1869D54E2A4B,VAR-406A953C3D9A2B|EG-063|STORE,MAP-D8D7E8C7C97D1A18,VAR-406A953C3D9A2B,EG-063,,,EGP,,,,,,,,,,,القاهرة,,,,,,,True,,تغذية منتجات,https://mintra.eg/products/christmas-kitchen-towel,,,لم يُرصد,بانتظار أول رصد سعر,0,,,True,جاهز لأول رصد,الموديل والنسخة ورقم SKU مأخوذة من خلاصة المنتجات الرسمية لمتجر Mintra؛ لم تُنقل أي أسعار.,2026-07-30T00:00:00,2026-07-30T00:00:00
CASH-2F1F3A2D44DE1F,VAR-A8E0D994C7AA5A|EG-063|STORE,MAP-6F1AD97AFD5093E3,VAR-A8E0D994C7AA5A,EG-063,,,EGP,,,,,,,,,,,القاهرة,,,,,,,True,,تغذية منتجات,https://mintra.eg/products/christmas-kitchen-towel,,,لم يُرصد,بانتظار أول رصد سعر,0,,,True,جاهز لأول رصد,الموديل والنسخة ورقم SKU مأخوذة من خلاصة المنتجات الرسمية لمتجر Mintra؛ لم تُنقل أي أسعار.,2026-07-30T00:00:00,2026-07-30T00:00:00
CASH-915CE1B606B04F,VAR-2A3A3A4CBFFAEB|EG-063|STORE,MAP-E14DE13DD02088B7,VAR-2A3A3A4CBFFAEB,EG-063,,,EGP,,,,,,,,,,,القاهرة,,,,,,,True,,تغذية منتجات,https://mintra.eg/products/christmas-kitchen-towel,,,لم يُرصد,بانتظار أول رصد سعر,0,,,True,جاهز لأول رصد,الموديل والنسخة ورقم SKU مأخوذة من خلاصة المنتجات الرسمية لمتجر Mintra؛ لم تُنقل أي أسعار.,2026-07-30T00:00:00,2026-07-30T00:00:00
CASH-25FF50B95EA119,VAR-300413D03A1CE3|EG-063|STORE,MAP-2C0577761EA85C2A,VAR-300413D03A1CE3,EG-063,,,EGP,,,,,,,,,,,القاهرة,,,,,,,True,,تغذية منتجات,https://mintra.eg/products/christmas-kitchen-towel,,,لم يُرصد,بانتظار أول رصد سعر,0,,,True,جاهز لأول رصد,الموديل والنسخة ورقم SKU مأخوذة من خلاصة المنتجات الرسمية لمتجر Mintra؛ لم تُنقل أي أسعار.,2026-07-30T00:00:00,2026-07-30T00:00:00
CASH-CA765812177073,VAR-BF3892247FD78A|EG-063|STORE,MAP-0EB371624322C2FE,VAR-BF3892247FD78A,EG-063,,,EGP,,,,,,,,,,,القاهرة,,,,,,,True,,تغذية منتجات,https://mintra.eg/products/christmas-kitchen-towel,,,لم يُرصد,بانتظار أول رصد سعر,0,,,True,جاهز لأول رصد,الموديل والنسخة ورقم SKU مأخوذة من خلاصة المنتجات الرسمية لمتجر Mintra؛ لم تُنقل أي أسعار.,2026-07-30T00:00:00,2026-07-30T00:00:00
CASH-E99E06C062828B,VAR-6D5FC6558DB979|EG-063|STORE,MAP-92FACBD32F17D5B3,VAR-6D5FC6558DB979,EG-063,,,EGP,,,,,,,,,,,القاهرة,,,,,,,True,,تغذية منتجات,https://mintra.eg/products/microfiber-kitchen-towel-towel-%D9%81%D9%88%D8%B7%D8%A9-%D9%85%D8%B7%D8%A8%D8%AE,,,لم يُرصد,بانتظار أول رصد سعر,0,,,True,جاهز لأول رصد,الموديل والنسخة ورقم SKU مأخوذة من خلاصة المنتجات الرسمية لمتجر Mintra؛ لم تُنقل أي أسعار.,2026-07-30T00:00:00,2026-07-30T00:00:00
CASH-59C5D1AB60D685,VAR-FED2D3DACB4014|EG-063|STORE,MAP-814B881EE14E69A1,VAR-FED2D3DACB4014,EG-063,,,EGP,,,,,,,,,,,القاهرة,,,,,,,True,,تغذية منتجات,https://mintra.eg/products/microfiber-kitchen-towel-towel-%D9%81%D9%88%D8%B7%D8%A9-%D9%85%D8%B7%D8%A8%D8%AE,,,لم يُرصد,بانتظار أول رصد سعر,0,,,True,جاهز لأول رصد,الموديل والنسخة ورقم SKU مأخوذة من خلاصة المنتجات الرسمية لمتجر Mintra؛ لم تُنقل أي أسعار.,2026-07-30T00:00:00,2026-07-30T00:00:00
CASH-FC946C0C5DFB7B,VAR-261EF386D13F9A|EG-063|STORE,MAP-5EE2ADEA3E083E51,VAR-261EF386D13F9A,EG-063,,,EGP,,,,,,,,,,,القاهرة,,,,,,,True,,تغذية منتجات,https://mintra.eg/products/microfiber-cleaning-towel-%D9%81%D9%88%D8%B7%D8%A9-%D9%85%D8%B7%D8%A8%D8%AE-%D9%85%D9%8A%D9%83%D8%B1%D9%88%D9%81%D9%8A%D8%A8%D8%B1,,,لم يُرصد,بانتظار أول رصد سعر,0,,,True,جاهز لأول رصد,الموديل والنسخة ورقم SKU مأخوذة من خلاصة المنتجات الرسمية لمتجر Mintra؛ لم تُنقل أي أسعار.,2026-07-30T00:00:00,2026-07-30T00:00:00
CASH-DCA61135705FA6,VAR-82A838B749995B|EG-063|STORE,MAP-7E0EAB778FCC19C2,VAR-82A838B749995B,EG-063,,,EGP,,,,,,,,,,,القاهرة,,,,,,,True,,تغذية منتجات,https://mintra.eg/products/microfiber-cleaning-towel-%D9%81%D9%88%D8%B7%D8%A9-%D9%85%D8%B7%D8%A8%D8%AE-%D9%85%D9%8A%D9%83%D8%B1%D9%88%D9%81%D9%8A%D8%A8%D8%B1,,,لم يُرصد,بانتظار أول رصد سعر,0,,,True,جاهز لأول رصد,الموديل والنسخة ورقم SKU مأخوذة من خلاصة المنتجات الرسمية لمتجر Mintra؛ لم تُنقل أي أسعار.,2026-07-30T00:00:00,2026-07-30T00:00:00
CASH-A3391F1C419463,VAR-DFD52961807A1B|EG-063|STORE,MAP-49E6B9AC66DA446D,VAR-DFD52961807A1B,EG-063,,,EGP,,,,,,,,,,,القاهرة,,,,,,,True,,تغذية منتجات,https://mintra.eg/products/microfiber-cleaning-towel-%D9%81%D9%88%D8%B7%D8%A9-%D9%85%D8%B7%D8%A8%D8%AE-%D9%85%D9%8A%D9%83%D8%B1%D9%88%D9%81%D9%8A%D8%A8%D8%B1,,,لم يُرصد,بانتظار أول رصد سعر,0,,,True,جاهز لأول رصد,الموديل والنسخة ورقم SKU مأخوذة من خلاصة المنتجات الرسمية لمتجر Mintra؛ لم تُنقل أي أسعار.,2026-07-30T00:00:00,2026-07-30T00:00:00
CASH-500165F22DEDC9,VAR-E223B166E7481C|EG-063|STORE,MAP-B05C91D36345AC18,VAR-E223B166E7481C,EG-063,,,EGP,,,,,,,,,,,القاهرة,,,,,,,True,,تغذية منتجات,https://mintra.eg/products/ramadan-kitchen-towel,,,لم يُرصد,بانتظار أول رصد سعر,0,,,True,جاهز لأول رصد,الموديل والنسخة ورقم SKU مأخوذة من خلاصة المنتجات الرسمية لمتجر Mintra؛ لم تُنقل أي أسعار.,2026-07-30T00:00:00,2026-07-30T00:00:00
CASH-626AAC2CCB1AD7,VAR-EB89B4015EA1B8|EG-063|STORE,MAP-B11E92BEAD768E7E,VAR-EB89B4015EA1B8,EG-063,,,EGP,,,,,,,,,,,القاهرة,,,,,,,True,,تغذية منتجات,https://mintra.eg/products/ramadan-kitchen-towel,,,لم يُرصد,بانتظار أول رصد سعر,0,,,True,جاهز لأول رصد,الموديل والنسخة ورقم SKU مأخوذة من خلاصة المنتجات الرسمية لمتجر Mintra؛ لم تُنقل أي أسعار.,2026-07-30T00:00:00,2026-07-30T00:00:00
CASH-336F746B4F6F8B,VAR-2E7CE01401BB55|EG-063|STORE,MAP-C35EE18334E2DE0B,VAR-2E7CE01401BB55,EG-063,,,EGP,,,,,,,,,,,القاهرة,,,,,,,True,,تغذية منتجات,https://mintra.eg/products/ramadan-kitchen-towel,,,لم يُرصد,بانتظار أول رصد سعر,0,,,True,جاهز لأول رصد,الموديل والنسخة ورقم SKU مأخوذة من خلاصة المنتجات الرسمية لمتجر Mintra؛ لم تُنقل أي أسعار.,2026-07-30T00:00:00,2026-07-30T00:00:00
CASH-E745B0D18AA7EF,VAR-6171040B862993|EG-063|STORE,MAP-A45FB625F52DDC4B,VAR-6171040B862993,EG-063,,,EGP,,,,,,,,,,,القاهرة,,,,,,,True,,تغذية منتجات,https://mintra.eg/products/ramadan-kitchen-towel,,,لم يُرصد,بانتظار أول رصد سعر,0,,,True,جاهز لأول رصد,الموديل والنسخة ورقم SKU مأخوذة من خلاصة المنتجات الرسمية لمتجر Mintra؛ لم تُنقل أي أسعار.,2026-07-30T00:00:00,2026-07-30T00:00:00
CASH-91F85AC03D5143,VAR-53C7BAB7834D3B|EG-063|STORE,MAP-AAE78DDB2FD87083,VAR-53C7BAB7834D3B,EG-063,,,EGP,,,,,,,,,,,القاهرة,,,,,,,True,,تغذية منتجات,https://mintra.eg/products/ramadan-kitchen-towel,,,لم يُرصد,بانتظار أول رصد سعر,0,,,True,جاهز لأول رصد,الموديل والنسخة ورقم SKU مأخوذة من خلاصة المنتجات الرسمية لمتجر Mintra؛ لم تُنقل أي أسعار.,2026-07-30T00:00:00,2026-07-30T00:00:00
CASH-CF830AB78E4463,VAR-D23B5576ED42C9|EG-063|STORE,MAP-45578B4B0360B8C6,VAR-D23B5576ED42C9,EG-063,,,EGP,,,,,,,,,,,القاهرة,,,,,,,True,,تغذية منتجات,https://mintra.eg/products/ramadan-kitchen-towel,,,لم يُرصد,بانتظار أول رصد سعر,0,,,True,جاهز لأول رصد,الموديل والنسخة ورقم SKU مأخوذة من خلاصة المنتجات الرسمية لمتجر Mintra؛ لم تُنقل أي أسعار.,2026-07-30T00:00:00,2026-07-30T00:00:00
CASH-661FC60B378BC1,VAR-72FC2C7CCC7285|EG-060|STORE,MAP-3E24D0C71821B4F6,VAR-72FC2C7CCC7285,EG-060,,,EGP,,,,,,,,,,,القاهرة,,,,,,,True,,JSON-LD,https://www.ikea.com/eg/en/p/rinnig-cleaning-gloves-bright-yellow-off-white-70565854,,,لم يُرصد,بانتظار أول رصد سعر,0,,,True,يحتاج اكتشاف رابط المنتج,الاسم ورقم الصنف والمواصفات الظاهرة مأخوذة من قائمة JSON-LD الرسمية للفئة في IKEA Egypt؛ لم تُنقل أي أسعار.,2026-07-30T00:00:00,2026-07-30T00:00:00
CASH-ABCCD24CF08848,VAR-FCCE7F84DA1B70|EG-060|STORE,MAP-545D776EBFF135A3,VAR-FCCE7F84DA1B70,EG-060,,,EGP,,,,,,,,,,,القاهرة,,,,,,,True,,JSON-LD,https://www.ikea.com/eg/en/p/hildegun-oven-glove-00484050,,,لم يُرصد,بانتظار أول رصد سعر,0,,,True,يحتاج اكتشاف رابط المنتج,الاسم ورقم الصنف والمواصفات الظاهرة مأخوذة من قائمة JSON-LD الرسمية للفئة في IKEA Egypt؛ لم تُنقل أي أسعار.,2026-07-30T00:00:00,2026-07-30T00:00:00
CASH-A30227A840A501,VAR-BEF1CA12FA7046|EG-060|STORE,MAP-DD7FEA6547AB8ED4,VAR-BEF1CA12FA7046,EG-060,,,EGP,,,,,,,,,,,القاهرة,,,,,,,True,,JSON-LD,https://www.ikea.com/eg/en/p/rinnig-oven-glove-grey-70476363,,,لم يُرصد,بانتظار أول رصد سعر,0,,,True,يحتاج اكتشاف رابط المنتج,الاسم ورقم الصنف والمواصفات الظاهرة مأخوذة من قائمة JSON-LD الرسمية للفئة في IKEA Egypt؛ لم تُنقل أي أسعار.,2026-07-30T00:00:00,2026-07-30T00:00:00
CASH-BCA1B955AFD08A,VAR-55D1540D3EA6B1|EG-060|STORE,MAP-42BD5CC8DC95E0BF,VAR-55D1540D3EA6B1,EG-060,,,EGP,,,,,,,,,,,القاهرة,,,,,,,True,,JSON-LD,https://www.ikea.com/eg/en/p/rinnig-pot-holder-grey-00476366,,,لم يُرصد,بانتظار أول رصد سعر,0,,,True,يحتاج اكتشاف رابط المنتج,الاسم ورقم الصنف والمواصفات الظاهرة مأخوذة من قائمة JSON-LD الرسمية للفئة في IKEA Egypt؛ لم تُنقل أي أسعار.,2026-07-30T00:00:00,2026-07-30T00:00:00
CASH-4D21677C83BFDF,VAR-D454E3B2203AE1|EG-060|STORE,MAP-AE3EA37F3C2D8D39,VAR-D454E3B2203AE1,EG-060,,,EGP,,,,,,,,,,,القاهرة,,,,,,,True,,JSON-LD,https://www.ikea.com/eg/en/p/sandviva-oven-glove-silicone-dark-grey-20587882,,,لم يُرصد,بانتظار أول رصد سعر,0,,,True,يحتاج اكتشاف رابط المنتج,الاسم ورقم الصنف والمواصفات الظاهرة مأخوذة من قائمة JSON-LD الرسمية للفئة في IKEA Egypt؛ لم تُنقل أي أسعار.,2026-07-30T00:00:00,2026-07-30T00:00:00
CASH-F8A68507EE94D7,VAR-B53BB2578854F3|EG-060|STORE,MAP-F20CF5CC7FF430B9,VAR-B53BB2578854F3,EG-060,,,EGP,,,,,,,,,,,القاهرة,,,,,,,True,,JSON-LD,https://www.ikea.com/eg/en/p/sandviva-pot-holder-silicone-dark-grey-60587875,,,لم يُرصد,بانتظار أول رصد سعر,0,,,True,يحتاج اكتشاف رابط المنتج,الاسم ورقم الصنف والمواصفات الظاهرة مأخوذة من قائمة JSON-LD الرسمية للفئة في IKEA Egypt؛ لم تُنقل أي أسعار.,2026-07-30T00:00:00,2026-07-30T00:00:00
CASH-BDCC2A2C56C8D0,VAR-98EF6916CB7729|EG-060|STORE,MAP-B9E1E0A842CA6805,VAR-98EF6916CB7729,EG-060,,,EGP,,,,,,,,,,,القاهرة,,,,,,,True,,JSON-LD,https://www.ikea.com/eg/en/p/vaelvardad-oven-glove-beige-20617997,,,لم يُرصد,بانتظار أول رصد سعر,0,,,True,يحتاج اكتشاف رابط المنتج,الاسم ورقم الصنف والمواصفات الظاهرة مأخوذة من قائمة JSON-LD الرسمية للفئة في IKEA Egypt؛ لم تُنقل أي أسعار.,2026-07-30T00:00:00,2026-07-30T00:00:00
CASH-B17390CB309039,VAR-794241E09E15EC|EG-060|STORE,MAP-78DD4E6A8418C29B,VAR-794241E09E15EC,EG-060,,,EGP,,,,,,,,,,,القاهرة,,,,,,,True,,JSON-LD,https://www.ikea.com/eg/en/p/vaelvardad-pot-holder-beige-40618000,,,لم يُرصد,بانتظار أول رصد سعر,0,,,True,يحتاج اكتشاف رابط المنتج,الاسم ورقم الصنف والمواصفات الظاهرة مأخوذة من قائمة JSON-LD الرسمية للفئة في IKEA Egypt؛ لم تُنقل أي أسعار.,2026-07-30T00:00:00,2026-07-30T00:00:00
CASH-C4CD3ED5ADF264,VAR-5B298A535577AE|EG-060|STORE,MAP-84DB2527015D8C6B,VAR-5B298A535577AE,EG-060,,,EGP,,,,,,,,,,,القاهرة,,,,,,,True,,JSON-LD,https://www.ikea.com/eg/en/p/aftonhaj-carafe-stainless-steel-90620213,,,لم يُرصد,بانتظار أول رصد سعر,0,,,True,يحتاج اكتشاف رابط المنتج,الاسم ورقم الصنف والمواصفات الظاهرة مأخوذة من قائمة JSON-LD الرسمية للفئة في IKEA Egypt؛ لم تُنقل أي أسعار.,2026-07-30T00:00:00,2026-07-30T00:00:00
CASH-D43EF961FB84FD,VAR-ADA6D5CC376113|EG-060|STORE,MAP-6F199EBC42B8ACF3,VAR-ADA6D5CC376113,EG-060,,,EGP,,,,,,,,,,,القاهرة,,,,,,,True,,JSON-LD,https://www.ikea.com/eg/en/p/ikea-365-carafe-with-stopper-clear-glass-cork-90279719,,,لم يُرصد,بانتظار أول رصد سعر,0,,,True,يحتاج اكتشاف رابط المنتج,الاسم ورقم الصنف والمواصفات الظاهرة مأخوذة من قائمة JSON-LD الرسمية للفئة في IKEA Egypt؛ لم تُنقل أي أسعار.,2026-07-30T00:00:00,2026-07-30T00:00:00
CASH-FD5580C6452BA8,VAR-5D5111EF3958DA|EG-060|STORE,MAP-3C6F9B9A99333E32,VAR-5D5111EF3958DA,EG-060,,,EGP,,,,,,,,,,,القاهرة,,,,,,,True,,JSON-LD,https://www.ikea.com/eg/en/p/karaff-carafe-clear-glass-00342975,,,لم يُرصد,بانتظار أول رصد سعر,0,,,True,يحتاج اكتشاف رابط المنتج,الاسم ورقم الصنف والمواصفات الظاهرة مأخوذة من قائمة JSON-LD الرسمية للفئة في IKEA Egypt؛ لم تُنقل أي أسعار.,2026-07-30T00:00:00,2026-07-30T00:00:00
CASH-31B063C6CEA3BB,VAR-B982D9B78DB7A2|EG-060|STORE,MAP-C8A905F17C0A882F,VAR-B982D9B78DB7A2,EG-060,,,EGP,,,,,,,,,,,القاهرة,,,,,,,True,,JSON-LD,https://www.ikea.com/eg/en/p/smoerfisk-carafe-light-turquoise-70611912,,,لم يُرصد,بانتظار أول رصد سعر,0,,,True,يحتاج اكتشاف رابط المنتج,الاسم ورقم الصنف والمواصفات الظاهرة مأخوذة من قائمة JSON-LD الرسمية للفئة في IKEA Egypt؛ لم تُنقل أي أسعار.,2026-07-30T00:00:00,2026-07-30T00:00:00
CASH-C3EE065644F4C8,VAR-421C3EEC2AA577|EG-060|STORE,MAP-7D1BEE5A82DB384E,VAR-421C3EEC2AA577,EG-060,,,EGP,,,,,,,,,,,القاهرة,,,,,,,True,,JSON-LD,https://www.ikea.com/eg/en/p/laettbakad-cookie-cutter-set-of-4-stainless-steel-30590431,,,لم يُرصد,بانتظار أول رصد سعر,0,,,True,يحتاج اكتشاف رابط المنتج,الاسم ورقم الصنف والمواصفات الظاهرة مأخوذة من قائمة JSON-LD الرسمية للفئة في IKEA Egypt؛ لم تُنقل أي أسعار.,2026-07-30T00:00:00,2026-07-30T00:00:00
CASH-226889F2EF19BE,VAR-ABB402DE7EFF9F|EG-060|STORE,MAP-138B02A29DACE7DA,VAR-ABB402DE7EFF9F,EG-060,,,EGP,,,,,,,,,,,القاهرة,,,,,,,True,,JSON-LD,https://www.ikea.com/eg/en/p/laettbakad-cookie-cutter-set-of-5-silver-colour-90480161,,,لم يُرصد,بانتظار أول رصد سعر,0,,,True,يحتاج اكتشاف رابط المنتج,الاسم ورقم الصنف والمواصفات الظاهرة مأخوذة من قائمة JSON-LD الرسمية للفئة في IKEA Egypt؛ لم تُنقل أي أسعار.,2026-07-30T00:00:00,2026-07-30T00:00:00
CASH-A2827F0C912532,VAR-7A9C29DD319E3C|EG-060|STORE,MAP-9AE9547D71BBB5D3,VAR-7A9C29DD319E3C,EG-060,,,EGP,,,,,,,,,,,القاهرة,,,,,,,True,,JSON-LD,https://www.ikea.com/eg/en/p/laettbakad-dough-cutter-10485271,,,لم يُرصد,بانتظار أول رصد سعر,0,,,True,يحتاج اكتشاف رابط المنتج,الاسم ورقم الصنف والمواصفات الظاهرة مأخوذة من قائمة JSON-LD الرسمية للفئة في IKEA Egypt؛ لم تُنقل أي أسعار.,2026-07-30T00:00:00,2026-07-30T00:00:00
CASH-01D60F61654109,VAR-CD35AA8207DC58|EG-060|STORE,MAP-585E9261890C9EB2,VAR-CD35AA8207DC58,EG-060,,,EGP,,,,,,,,,,,القاهرة,,,,,,,True,,JSON-LD,https://www.ikea.com/eg/en/p/glattis-coasters-with-holder-brass-colour-50343005,,,لم يُرصد,بانتظار أول رصد سعر,0,,,True,يحتاج اكتشاف رابط المنتج,الاسم ورقم الصنف والمواصفات الظاهرة مأخوذة من قائمة JSON-LD الرسمية للفئة في IKEA Egypt؛ لم تُنقل أي أسعار.,2026-07-30T00:00:00,2026-07-30T00:00:00
CASH-93229DDC93DC34,VAR-01D56357DB0DB5|EG-060|STORE,MAP-9E849FD07CF4A9D8,VAR-01D56357DB0DB5,EG-060,,,EGP,,,,,,,,,,,القاهرة,,,,,,,True,,JSON-LD,https://www.ikea.com/eg/en/p/eldstjaert-pot-stand-set-of-2-oval-light-brown-red-90611058,,,لم يُرصد,بانتظار أول رصد سعر,0,,,True,يحتاج اكتشاف رابط المنتج,الاسم ورقم الصنف والمواصفات الظاهرة مأخوذة من قائمة JSON-LD الرسمية للفئة في IKEA Egypt؛ لم تُنقل أي أسعار.,2026-07-30T00:00:00,2026-07-30T00:00:00
CASH-248C4043DBB6AE,VAR-8DE0FCBA274053|EG-060|STORE,MAP-86552DE10178B849,VAR-8DE0FCBA274053,EG-060,,,EGP,,,,,,,,,,,القاهرة,,,,,,,True,,JSON-LD,https://www.ikea.com/eg/en/p/halvnaebb-pot-stand-extendable-bright-red-pine-70602173,,,لم يُرصد,بانتظار أول رصد سعر,0,,,True,يحتاج اكتشاف رابط المنتج,الاسم ورقم الصنف والمواصفات الظاهرة مأخوذة من قائمة JSON-LD الرسمية للفئة في IKEA Egypt؛ لم تُنقل أي أسعار.,2026-07-30T00:00:00,2026-07-30T00:00:00
CASH-1E67902B27D2C0,VAR-275B8138D30B7E|EG-060|STORE,MAP-EE665E50BA563294,VAR-275B8138D30B7E,EG-060,,,EGP,,,,,,,,,,,القاهرة,,,,,,,True,,JSON-LD,https://www.ikea.com/eg/en/p/heat-pot-stand-cork-patterned-bright-red-90619040,,,لم يُرصد,بانتظار أول رصد سعر,0,,,True,يحتاج اكتشاف رابط المنتج,الاسم ورقم الصنف والمواصفات الظاهرة مأخوذة من قائمة JSON-LD الرسمية للفئة في IKEA Egypt؛ لم تُنقل أي أسعار.,2026-07-30T00:00:00,2026-07-30T00:00:00
CASH-BCB370A5CD6224,VAR-C9F3DF90425EA8|EG-060|STORE,MAP-58CA1FC16E1AC7ED,VAR-C9F3DF90425EA8,EG-060,,,EGP,,,,,,,,,,,القاهرة,,,,,,,True,,JSON-LD,https://www.ikea.com/eg/en/p/heat-pot-stand-cork-87077700,,,لم يُرصد,بانتظار أول رصد سعر,0,,,True,يحتاج اكتشاف رابط المنتج,الاسم ورقم الصنف والمواصفات الظاهرة مأخوذة من قائمة JSON-LD الرسمية للفئة في IKEA Egypt؛ لم تُنقل أي أسعار.,2026-07-30T00:00:00,2026-07-30T00:00:00
CASH-525FF950B032BF,VAR-F52D053EC14853|EG-060|STORE,MAP-1E41CEDE1A4E78F9,VAR-F52D053EC14853,EG-060,,,EGP,,,,,,,,,,,القاهرة,,,,,,,True,,JSON-LD,https://www.ikea.com/eg/en/p/ikea-365-gunstig-pot-stand-magnetic-red-dark-grey-50175276,,,لم يُرصد,بانتظار أول رصد سعر,0,,,True,يحتاج اكتشاف رابط المنتج,الاسم ورقم الصنف والمواصفات الظاهرة مأخوذة من قائمة JSON-LD الرسمية للفئة في IKEA Egypt؛ لم تُنقل أي أسعار.,2026-07-30T00:00:00,2026-07-30T00:00:00
CASH-9974949F909C23,VAR-B4AE7D518943DF|EG-060|STORE,MAP-CFBF08B0933BF682,VAR-B4AE7D518943DF,EG-060,,,EGP,,,,,,,,,,,القاهرة,,,,,,,True,,JSON-LD,https://www.ikea.com/eg/en/p/ikea-365-goblet-clear-glass-70278363,,,لم يُرصد,بانتظار أول رصد سعر,0,,,True,يحتاج اكتشاف رابط المنتج,الاسم ورقم الصنف والمواصفات الظاهرة مأخوذة من قائمة JSON-LD الرسمية للفئة في IKEA Egypt؛ لم تُنقل أي أسعار.,2026-07-30T00:00:00,2026-07-30T00:00:00
CASH-2C0DC46EAF169A,VAR-F8D8FA3B4A2140|EG-060|STORE,MAP-5713FE25E5A5AC24,VAR-F8D8FA3B4A2140,EG-060,,,EGP,,,,,,,,,,,القاهرة,,,,,,,True,,JSON-LD,https://www.ikea.com/eg/en/p/idealisk-grater-stainless-steel-66916200,,,لم يُرصد,بانتظار أول رصد سعر,0,,,True,يحتاج اكتشاف رابط المنتج,الاسم ورقم الصنف والمواصفات الظاهرة مأخوذة من قائمة JSON-LD الرسمية للفئة في IKEA Egypt؛ لم تُنقل أي أسعار.,2026-07-30T00:00:00,2026-07-30T00:00:00
CASH-56348025DBA3BD,VAR-3BBBA8EB995621|EG-060|STORE,MAP-E985BC1BFBB13C49,VAR-3BBBA8EB995621,EG-060,,,EGP,,,,,,,,,,,القاهرة,,,,,,,True,,JSON-LD,https://www.ikea.com/eg/en/p/dinera-mug-beige-60350646,,,لم يُرصد,بانتظار أول رصد سعر,0,,,True,يحتاج اكتشاف رابط المنتج,الاسم ورقم الصنف والمواصفات الظاهرة مأخوذة من قائمة JSON-LD الرسمية للفئة في IKEA Egypt؛ لم تُنقل أي أسعار.,2026-07-30T00:00:00,2026-07-30T00:00:00
CASH-33C5471DCE1CDC,VAR-EF1C5EA5672912|EG-060|STORE,MAP-1B43804C54ED3BAF,VAR-EF1C5EA5672912,EG-060,,,EGP,,,,,,,,,,,القاهرة,,,,,,,True,,JSON-LD,https://www.ikea.com/eg/en/p/droembild-mug-clear-glass-00417452,,,لم يُرصد,بانتظار أول رصد سعر,0,,,True,يحتاج اكتشاف رابط المنتج,الاسم ورقم الصنف والمواصفات الظاهرة مأخوذة من قائمة JSON-LD الرسمية للفئة في IKEA Egypt؛ لم تُنقل أي أسعار.,2026-07-30T00:00:00,2026-07-30T00:00:00
CASH-F47384292E5B95,VAR-6E1C6963CF3639|EG-060|STORE,MAP-C93F389460C03E96,VAR-6E1C6963CF3639,EG-060,,,EGP,,,,,,,,,,,القاهرة,,,,,,,True,,JSON-LD,https://www.ikea.com/eg/en/p/faergklar-mug-light-blue-70604879,,,لم يُرصد,بانتظار أول رصد سعر,0,,,True,يحتاج اكتشاف رابط المنتج,الاسم ورقم الصنف والمواصفات الظاهرة مأخوذة من قائمة JSON-LD الرسمية للفئة في IKEA Egypt؛ لم تُنقل أي أسعار.,2026-07-30T00:00:00,2026-07-30T00:00:00
CASH-DF267E75AA99F5,VAR-1DCBCBBDD10140|EG-060|STORE,MAP-F164E8490BD59B6F,VAR-1DCBCBBDD10140,EG-060,,,EGP,,,,,,,,,,,القاهرة,,,,,,,True,,JSON-LD,https://www.ikea.com/eg/en/p/faergklar-mug-matt-green-40478189,,,لم يُرصد,بانتظار أول رصد سعر,0,,,True,يحتاج اكتشاف رابط المنتج,الاسم ورقم الصنف والمواصفات الظاهرة مأخوذة من قائمة JSON-LD الرسمية للفئة في IKEA Egypt؛ لم تُنقل أي أسعار.,2026-07-30T00:00:00,2026-07-30T00:00:00
CASH-0BBFE4FCF6FD60,VAR-C14D8A942DE0CD|EG-060|STORE,MAP-7CCA8308C5563954,VAR-C14D8A942DE0CD,EG-060,,,EGP,,,,,,,,,,,القاهرة,,,,,,,True,,JSON-LD,https://www.ikea.com/eg/en/p/faergrik-mug-turquoise-50234803,,,لم يُرصد,بانتظار أول رصد سعر,0,,,True,يحتاج اكتشاف رابط المنتج,الاسم ورقم الصنف والمواصفات الظاهرة مأخوذة من قائمة JSON-LD الرسمية للفئة في IKEA Egypt؛ لم تُنقل أي أسعار.,2026-07-30T00:00:00,2026-07-30T00:00:00
CASH-72382BA5FF2976,VAR-F395E19B606F14|EG-060|STORE,MAP-BE93CB545F74C193,VAR-F395E19B606F14,EG-060,,,EGP,,,,,,,,,,,القاهرة,,,,,,,True,,JSON-LD,https://www.ikea.com/eg/en/p/gladelig-espresso-cup-blue-40581493,,,لم يُرصد,بانتظار أول رصد سعر,0,,,True,يحتاج اكتشاف رابط المنتج,الاسم ورقم الصنف والمواصفات الظاهرة مأخوذة من قائمة JSON-LD الرسمية للفئة في IKEA Egypt؛ لم تُنقل أي أسعار.,2026-07-30T00:00:00,2026-07-30T00:00:00
CASH-93AAC5E70BC70B,VAR-9BB3B0B529E8C9|EG-060|STORE,MAP-D4BE0267413EAEF2,VAR-9BB3B0B529E8C9,EG-060,,,EGP,,,,,,,,,,,القاهرة,,,,,,,True,,JSON-LD,https://www.ikea.com/eg/en/p/gladelig-mug-blue-40503626,,,لم يُرصد,بانتظار أول رصد سعر,0,,,True,يحتاج اكتشاف رابط المنتج,الاسم ورقم الصنف والمواصفات الظاهرة مأخوذة من قائمة JSON-LD الرسمية للفئة في IKEA Egypt؛ لم تُنقل أي أسعار.,2026-07-30T00:00:00,2026-07-30T00:00:00
CASH-85CAF90258C5E5,VAR-451B9F6CA54C1A|EG-060|STORE,MAP-340F7B753393E477,VAR-451B9F6CA54C1A,EG-060,,,EGP,,,,,,,,,,,القاهرة,,,,,,,True,,JSON-LD,https://www.ikea.com/eg/en/p/gottfinnande-espresso-cup-clear-glass-30372094,,,لم يُرصد,بانتظار أول رصد سعر,0,,,True,يحتاج اكتشاف رابط المنتج,الاسم ورقم الصنف والمواصفات الظاهرة مأخوذة من قائمة JSON-LD الرسمية للفئة في IKEA Egypt؛ لم تُنقل أي أسعار.,2026-07-30T00:00:00,2026-07-30T00:00:00
CASH-AFACB07EB55DEB,VAR-EB30DF19F2E557|EG-060|STORE,MAP-3A765AB152AD7FBD,VAR-EB30DF19F2E557,EG-060,,,EGP,,,,,,,,,,,القاهرة,,,,,,,True,,JSON-LD,https://www.ikea.com/eg/en/p/ikea-365-mug-clear-glass-10279723,,,لم يُرصد,بانتظار أول رصد سعر,0,,,True,يحتاج اكتشاف رابط المنتج,الاسم ورقم الصنف والمواصفات الظاهرة مأخوذة من قائمة JSON-LD الرسمية للفئة في IKEA Egypt؛ لم تُنقل أي أسعار.,2026-07-30T00:00:00,2026-07-30T00:00:00
CASH-EE5E5A5299E14D,VAR-DF04C0F8D7AAA5|EG-060|STORE,MAP-4E19C08BB01F657E,VAR-DF04C0F8D7AAA5,EG-060,,,EGP,,,,,,,,,,,القاهرة,,,,,,,True,,JSON-LD,https://www.ikea.com/eg/en/p/piggal-mug-white-green-50561828,,,لم يُرصد,بانتظار أول رصد سعر,0,,,True,يحتاج اكتشاف رابط المنتج,الاسم ورقم الصنف والمواصفات الظاهرة مأخوذة من قائمة JSON-LD الرسمية للفئة في IKEA Egypt؛ لم تُنقل أي أسعار.,2026-07-30T00:00:00,2026-07-30T00:00:00
CASH-A2858262AB6AFC,VAR-7B9B44039344F1|EG-060|STORE,MAP-1D6B36D0581A97F4,VAR-7B9B44039344F1,EG-060,,,EGP,,,,,,,,,,,القاهرة,,,,,,,True,,JSON-LD,https://www.ikea.com/eg/en/p/silversida-mug-patterned-blue-20601798,,,لم يُرصد,بانتظار أول رصد سعر,0,,,True,يحتاج اكتشاف رابط المنتج,الاسم ورقم الصنف والمواصفات الظاهرة مأخوذة من قائمة JSON-LD الرسمية للفئة في IKEA Egypt؛ لم تُنقل أي أسعار.,2026-07-30T00:00:00,2026-07-30T00:00:00
CASH-A595997AC7AAB4,VAR-BBCDB279B6471F|EG-060|STORE,MAP-C0DC309568EA43DB,VAR-BBCDB279B6471F,EG-060,,,EGP,,,,,,,,,,,القاهرة,,,,,,,True,,JSON-LD,https://www.ikea.com/eg/en/p/stelna-mug-clear-glass-70258911,,,لم يُرصد,بانتظار أول رصد سعر,0,,,True,يحتاج اكتشاف رابط المنتج,الاسم ورقم الصنف والمواصفات الظاهرة مأخوذة من قائمة JSON-LD الرسمية للفئة في IKEA Egypt؛ لم تُنقل أي أسعار.,2026-07-30T00:00:00,2026-07-30T00:00:00
CASH-3A06B1CA6BD773,VAR-67C9452DE7007A|EG-060|STORE,MAP-E3600DEED6473A8E,VAR-67C9452DE7007A,EG-060,,,EGP,,,,,,,,,,,القاهرة,,,,,,,True,,JSON-LD,https://www.ikea.com/eg/en/p/tobisfisk-mug-patterned-beige-10603689,,,لم يُرصد,بانتظار أول رصد سعر,0,,,True,يحتاج اكتشاف رابط المنتج,الاسم ورقم الصنف والمواصفات الظاهرة مأخوذة من قائمة JSON-LD الرسمية للفئة في IKEA Egypt؛ لم تُنقل أي أسعار.,2026-07-30T00:00:00,2026-07-30T00:00:00
CASH-3730328CC4C464,VAR-E145D4AF890F50|EG-063|STORE,MAP-F83D53B484498981,VAR-E145D4AF890F50,EG-063,,,EGP,,,,,,,,,,,القاهرة,,,,,,,True,,تغذية منتجات,https://mintra.eg/products/diamond-cup-oaoo-o%E3%AF%A4-_-o_oa,,,لم يُرصد,بانتظار أول رصد سعر,0,,,True,جاهز لأول رصد,الموديل والنسخة ورقم SKU مأخوذة من خلاصة المنتجات الرسمية لمتجر Mintra؛ لم تُنقل أي أسعار.,2026-07-30T00:00:00,2026-07-30T00:00:00
CASH-A40FBF1C95817A,VAR-DDE2F26F53533A|EG-063|STORE,MAP-195039CA5000DA7A,VAR-DDE2F26F53533A,EG-063,,,EGP,,,,,,,,,,,القاهرة,,,,,,,True,,تغذية منتجات,https://mintra.eg/products/diamond-cup-oaoo-o%E3%AF%A4-_-o_oa,,,لم يُرصد,بانتظار أول رصد سعر,0,,,True,جاهز لأول رصد,الموديل والنسخة ورقم SKU مأخوذة من خلاصة المنتجات الرسمية لمتجر Mintra؛ لم تُنقل أي أسعار.,2026-07-30T00:00:00,2026-07-30T00:00:00
CASH-6E6E9B2059CCDE,VAR-77A4ED5D15816D|EG-063|STORE,MAP-78F63B55F575D25C,VAR-77A4ED5D15816D,EG-063,,,EGP,,,,,,,,,,,القاهرة,,,,,,,True,,تغذية منتجات,https://mintra.eg/products/diamond-cup-oaoo-o%E3%AF%A4-_-o_oa,,,لم يُرصد,بانتظار أول رصد سعر,0,,,True,جاهز لأول رصد,الموديل والنسخة ورقم SKU مأخوذة من خلاصة المنتجات الرسمية لمتجر Mintra؛ لم تُنقل أي أسعار.,2026-07-30T00:00:00,2026-07-30T00:00:00
CASH-AF1B33A464A426,VAR-C04B8E5DAD0743|EG-063|STORE,MAP-EC7CA8FF608C1CD7,VAR-C04B8E5DAD0743,EG-063,,,EGP,,,,,,,,,,,القاهرة,,,,,,,True,,تغذية منتجات,https://mintra.eg/products/diamond-cup-oaoo-o%E3%AF%A4-_-o_oa,,,لم يُرصد,بانتظار أول رصد سعر,0,,,True,جاهز لأول رصد,الموديل والنسخة ورقم SKU مأخوذة من خلاصة المنتجات الرسمية لمتجر Mintra؛ لم تُنقل أي أسعار.,2026-07-30T00:00:00,2026-07-30T00:00:00
CASH-83CBC3C581079A,VAR-636209FC2C1A7F|EG-063|STORE,MAP-D73A0B747D0886AB,VAR-636209FC2C1A7F,EG-063,,,EGP,,,,,,,,,,,القاهرة,,,,,,,True,,تغذية منتجات,https://mintra.eg/products/diamond-cup-oaoo-o%E3%AF%A4-_-o_oa,,,لم يُرصد,بانتظار أول رصد سعر,0,,,True,جاهز لأول رصد,الموديل والنسخة ورقم SKU مأخوذة من خلاصة المنتجات الرسمية لمتجر Mintra؛ لم تُنقل أي أسعار.,2026-07-30T00:00:00,2026-07-30T00:00:00
CASH-F4C6A328118650,VAR-B567274111499A|EG-063|STORE,MAP-0A29BD8C0BAD7782,VAR-B567274111499A,EG-063,,,EGP,,,,,,,,,,,القاهرة,,,,,,,True,,تغذية منتجات,https://mintra.eg/products/diamond-cup-oaoo-o%E3%AF%A4-_-o_oa,,,لم يُرصد,بانتظار أول رصد سعر,0,,,True,جاهز لأول رصد,الموديل والنسخة ورقم SKU مأخوذة من خلاصة المنتجات الرسمية لمتجر Mintra؛ لم تُنقل أي أسعار.,2026-07-30T00:00:00,2026-07-30T00:00:00
CASH-B58A06C0B2054D,VAR-DE0C6C2820DAC6|EG-063|STORE,MAP-B3D1294293F35514,VAR-DE0C6C2820DAC6,EG-063,,,EGP,,,,,,,,,,,القاهرة,,,,,,,True,,تغذية منتجات,https://mintra.eg/products/diamond-cup-oaoo-o%E3%AF%A4-_-o_oa,,,لم يُرصد,بانتظار أول رصد سعر,0,,,True,جاهز لأول رصد,الموديل والنسخة ورقم SKU مأخوذة من خلاصة المنتجات الرسمية لمتجر Mintra؛ لم تُنقل أي أسعار.,2026-07-30T00:00:00,2026-07-30T00:00:00
CASH-D36CCCC6EBB542,VAR-8830E58C1A8A8F|EG-063|STORE,MAP-DB725979693DF40F,VAR-8830E58C1A8A8F,EG-063,,,EGP,,,,,,,,,,,القاهرة,,,,,,,True,,تغذية منتجات,https://mintra.eg/products/diamond-cup-oaoo-o%E3%AF%A4-_-o_oa,,,لم يُرصد,بانتظار أول رصد سعر,0,,,True,جاهز لأول رصد,الموديل والنسخة ورقم SKU مأخوذة من خلاصة المنتجات الرسمية لمتجر Mintra؛ لم تُنقل أي أسعار.,2026-07-30T00:00:00,2026-07-30T00:00:00
CASH-6EEEDECDE13234,VAR-655907047592A0|EG-063|STORE,MAP-608F2D65DF42286D,VAR-655907047592A0,EG-063,,,EGP,,,,,,,,,,,القاهرة,,,,,,,True,,تغذية منتجات,https://mintra.eg/products/diamond-cup-oaoo-o%E3%AF%A4-_-o_oa,,,لم يُرصد,بانتظار أول رصد سعر,0,,,True,جاهز لأول رصد,الموديل والنسخة ورقم SKU مأخوذة من خلاصة المنتجات الرسمية لمتجر Mintra؛ لم تُنقل أي أسعار.,2026-07-30T00:00:00,2026-07-30T00:00:00
CASH-060CE5E2A38A31,VAR-CB1B8ECBDB2F9A|EG-063|STORE,MAP-E889B4BA00CDAEBD,VAR-CB1B8ECBDB2F9A,EG-063,,,EGP,,,,,,,,,,,القاهرة,,,,,,,True,,تغذية منتجات,https://mintra.eg/products/diamond-cup-oaoo-o%E3%AF%A4-_-o_oa,,,لم يُرصد,بانتظار أول رصد سعر,0,,,True,جاهز لأول رصد,الموديل والنسخة ورقم SKU مأخوذة من خلاصة المنتجات الرسمية لمتجر Mintra؛ لم تُنقل أي أسعار.,2026-07-30T00:00:00,2026-07-30T00:00:00
CASH-97F3E219AC6548,VAR-38251C43EF6164|EG-063|STORE,MAP-9C2CA244D1A790EB,VAR-38251C43EF6164,EG-063,,,EGP,,,,,,,,,,,القاهرة,,,,,,,True,,تغذية منتجات,https://mintra.eg/products/diamond-cup-oaoo-o%E3%AF%A4-_-o_oa,,,لم يُرصد,بانتظار أول رصد سعر,0,,,True,جاهز لأول رصد,الموديل والنسخة ورقم SKU مأخوذة من خلاصة المنتجات الرسمية لمتجر Mintra؛ لم تُنقل أي أسعار.,2026-07-30T00:00:00,2026-07-30T00:00:00
CASH-26BCC08CFFF854,VAR-D827786E773295|EG-060|STORE,MAP-D460A58D35C553A3,VAR-D827786E773295,EG-060,,,EGP,,,,,,,,,,,القاهرة,,,,,,,True,,JSON-LD,https://www.ikea.com/eg/en/p/hildegun-apron-00484045,,,لم يُرصد,بانتظار أول رصد سعر,0,,,True,يحتاج اكتشاف رابط المنتج,الاسم ورقم الصنف والمواصفات الظاهرة مأخوذة من قائمة JSON-LD الرسمية للفئة في IKEA Egypt؛ لم تُنقل أي أسعار.,2026-07-30T00:00:00,2026-07-30T00:00:00
CASH-64AF7E1C58DD1C,VAR-CBA5A2B5970947|EG-060|STORE,MAP-CA6868334C25D08D,VAR-CBA5A2B5970947,EG-060,,,EGP,,,,,,,,,,,القاهرة,,,,,,,True,,JSON-LD,https://www.ikea.com/eg/en/p/rinnig-apron-patterned-00609899,,,لم يُرصد,بانتظار أول رصد سعر,0,,,True,يحتاج اكتشاف رابط المنتج,الاسم ورقم الصنف والمواصفات الظاهرة مأخوذة من قائمة JSON-LD الرسمية للفئة في IKEA Egypt؛ لم تُنقل أي أسعار.,2026-07-30T00:00:00,2026-07-30T00:00:00
CASH-B3237CBC66FFCD,VAR-7E7435653A0918|EG-060|STORE,MAP-C2FB169343FA8F43,VAR-7E7435653A0918,EG-060,,,EGP,,,,,,,,,,,القاهرة,,,,,,,True,,JSON-LD,https://www.ikea.com/eg/en/p/sandviva-apron-dark-grey-60587880,,,لم يُرصد,بانتظار أول رصد سعر,0,,,True,يحتاج اكتشاف رابط المنتج,الاسم ورقم الصنف والمواصفات الظاهرة مأخوذة من قائمة JSON-LD الرسمية للفئة في IKEA Egypt؛ لم تُنقل أي أسعار.,2026-07-30T00:00:00,2026-07-30T00:00:00
CASH-C1EC653B8C1518,VAR-2F4E8A57D3CE72|EG-060|STORE,MAP-511085DDB7CD1C0E,VAR-2F4E8A57D3CE72,EG-060,,,EGP,,,,,,,,,,,القاهرة,,,,,,,True,,JSON-LD,https://www.ikea.com/eg/en/p/soluppgang-waist-apron-black-80619762,,,لم يُرصد,بانتظار أول رصد سعر,0,,,True,يحتاج اكتشاف رابط المنتج,الاسم ورقم الصنف والمواصفات الظاهرة مأخوذة من قائمة JSON-LD الرسمية للفئة في IKEA Egypt؛ لم تُنقل أي أسعار.,2026-07-30T00:00:00,2026-07-30T00:00:00
CASH-1B14249902D6BD,VAR-2C70C591900061|EG-060|STORE,MAP-3223E0AA5E46F927,VAR-2C70C591900061,EG-060,,,EGP,,,,,,,,,,,القاهرة,,,,,,,True,,JSON-LD,https://www.ikea.com/eg/en/p/idealisk-colander-stainless-steel-20027536,,,لم يُرصد,بانتظار أول رصد سعر,0,,,True,يحتاج اكتشاف رابط المنتج,الاسم ورقم الصنف والمواصفات الظاهرة مأخوذة من قائمة JSON-LD الرسمية للفئة في IKEA Egypt؛ لم تُنقل أي أسعار.,2026-07-30T00:00:00,2026-07-30T00:00:00
CASH-C09A78A72F5240,VAR-FC44AD6449AEF0|EG-060|STORE,MAP-99C2EB078BDBCDDD,VAR-FC44AD6449AEF0,EG-060,,,EGP,,,,,,,,,,,القاهرة,,,,,,,True,,JSON-LD,https://www.ikea.com/eg/en/p/klockren-colander-50449177,,,لم يُرصد,بانتظار أول رصد سعر,0,,,True,يحتاج اكتشاف رابط المنتج,الاسم ورقم الصنف والمواصفات الظاهرة مأخوذة من قائمة JSON-LD الرسمية للفئة في IKEA Egypt؛ لم تُنقل أي أسعار.,2026-07-30T00:00:00,2026-07-30T00:00:00
CASH-E27CB40677BF9A,VAR-9CBED00204617B|EG-060|STORE,MAP-01ADEFF2237E1DEA,VAR-9CBED00204617B,EG-060,,,EGP,,,,,,,,,,,القاهرة,,,,,,,True,,JSON-LD,https://www.ikea.com/eg/en/p/skolaest-food-waste-strainer-90556684,,,لم يُرصد,بانتظار أول رصد سعر,0,,,True,يحتاج اكتشاف رابط المنتج,الاسم ورقم الصنف والمواصفات الظاهرة مأخوذة من قائمة JSON-LD الرسمية للفئة في IKEA Egypt؛ لم تُنقل أي أسعار.,2026-07-30T00:00:00,2026-07-30T00:00:00
CASH-C973EF9C00DD0A,VAR-D166DA9AAD9040|EG-063|STORE,MAP-784811E47123F211,VAR-D166DA9AAD9040,EG-063,,,EGP,,,,,,,,,,,القاهرة,,,,,,,True,,تغذية منتجات,https://mintra.eg/products/fruit-colander-%D9%85%D8%B5%D9%81%D8%A7%D8%A9-%D8%A8%D9%84%D8%A7%D8%B3%D8%AA%D9%8A%D9%83,,,لم يُرصد,بانتظار أول رصد سعر,0,,,True,جاهز لأول رصد,الموديل والنسخة ورقم SKU مأخوذة من خلاصة المنتجات الرسمية لمتجر Mintra؛ لم تُنقل أي أسعار.,2026-07-30T00:00:00,2026-07-30T00:00:00
CASH-B431A3858C84F8,VAR-46AE1FF2E7FE15|EG-063|STORE,MAP-B9E10BDC063DFE67,VAR-46AE1FF2E7FE15,EG-063,,,EGP,,,,,,,,,,,القاهرة,,,,,,,True,,تغذية منتجات,https://mintra.eg/products/fruit-colander-%D9%85%D8%B5%D9%81%D8%A7%D8%A9-%D8%A8%D9%84%D8%A7%D8%B3%D8%AA%D9%8A%D9%83,,,لم يُرصد,بانتظار أول رصد سعر,0,,,True,جاهز لأول رصد,الموديل والنسخة ورقم SKU مأخوذة من خلاصة المنتجات الرسمية لمتجر Mintra؛ لم تُنقل أي أسعار.,2026-07-30T00:00:00,2026-07-30T00:00:00
CASH-D2C2A6303188E6,VAR-A410A2EEB7703A|EG-063|STORE,MAP-FFFD914FDE40AC80,VAR-A410A2EEB7703A,EG-063,,,EGP,,,,,,,,,,,القاهرة,,,,,,,True,,تغذية منتجات,https://mintra.eg/products/fruit-colander-%D9%85%D8%B5%D9%81%D8%A7%D8%A9-%D8%A8%D9%84%D8%A7%D8%B3%D8%AA%D9%8A%D9%83,,,لم يُرصد,بانتظار أول رصد سعر,0,,,True,جاهز لأول رصد,الموديل والنسخة ورقم SKU مأخوذة من خلاصة المنتجات الرسمية لمتجر Mintra؛ لم تُنقل أي أسعار.,2026-07-30T00:00:00,2026-07-30T00:00:00
CASH-8105485766EBB2,VAR-5057441360C64D|EG-063|STORE,MAP-7CFD86E2FEE87589,VAR-5057441360C64D,EG-063,,,EGP,,,,,,,,,,,القاهرة,,,,,,,True,,تغذية منتجات,https://mintra.eg/products/fruit-colander-%D9%85%D8%B5%D9%81%D8%A7%D8%A9-%D8%A8%D9%84%D8%A7%D8%B3%D8%AA%D9%8A%D9%83,,,لم يُرصد,بانتظار أول رصد سعر,0,,,True,جاهز لأول رصد,الموديل والنسخة ورقم SKU مأخوذة من خلاصة المنتجات الرسمية لمتجر Mintra؛ لم تُنقل أي أسعار.,2026-07-30T00:00:00,2026-07-30T00:00:00
CASH-EA0081ECD235C4,VAR-77CC969CFD7FD6|EG-063|STORE,MAP-88A024038A05B955,VAR-77CC969CFD7FD6,EG-063,,,EGP,,,,,,,,,,,القاهرة,,,,,,,True,,تغذية منتجات,https://mintra.eg/products/fruit-colander-%D9%85%D8%B5%D9%81%D8%A7%D8%A9-%D8%A8%D9%84%D8%A7%D8%B3%D8%AA%D9%8A%D9%83,,,لم يُرصد,بانتظار أول رصد سعر,0,,,True,جاهز لأول رصد,الموديل والنسخة ورقم SKU مأخوذة من خلاصة المنتجات الرسمية لمتجر Mintra؛ لم تُنقل أي أسعار.,2026-07-30T00:00:00,2026-07-30T00:00:00
CASH-DF3AE656C75970,VAR-3BD8E0A3164424|EG-063|STORE,MAP-1E3B2AD072E6EF9E,VAR-3BD8E0A3164424,EG-063,,,EGP,,,,,,,,,,,القاهرة,,,,,,,True,,تغذية منتجات,https://mintra.eg/products/fruit-colander-%D9%85%D8%B5%D9%81%D8%A7%D8%A9-%D8%A8%D9%84%D8%A7%D8%B3%D8%AA%D9%8A%D9%83,,,لم يُرصد,بانتظار أول رصد سعر,0,,,True,جاهز لأول رصد,الموديل والنسخة ورقم SKU مأخوذة من خلاصة المنتجات الرسمية لمتجر Mintra؛ لم تُنقل أي أسعار.,2026-07-30T00:00:00,2026-07-30T00:00:00
CASH-314534DA87208E,VAR-003BB91537528E|EG-063|STORE,MAP-9430FF0E629552E7,VAR-003BB91537528E,EG-063,,,EGP,,,,,,,,,,,القاهرة,,,,,,,True,,تغذية منتجات,https://mintra.eg/products/fruit-colander-%D9%85%D8%B5%D9%81%D8%A7%D8%A9-%D8%A8%D9%84%D8%A7%D8%B3%D8%AA%D9%8A%D9%83,,,لم يُرصد,بانتظار أول رصد سعر,0,,,True,جاهز لأول رصد,الموديل والنسخة ورقم SKU مأخوذة من خلاصة المنتجات الرسمية لمتجر Mintra؛ لم تُنقل أي أسعار.,2026-07-30T00:00:00,2026-07-30T00:00:00
CASH-560B308202C467,VAR-68F0853836B6F2|EG-063|STORE,MAP-C9CE1892E9FEAF0F,VAR-68F0853836B6F2,EG-063,,,EGP,,,,,,,,,,,القاهرة,,,,,,,True,,تغذية منتجات,https://mintra.eg/products/fruit-colander-%D9%85%D8%B5%D9%81%D8%A7%D8%A9-%D8%A8%D9%84%D8%A7%D8%B3%D8%AA%D9%8A%D9%83,,,لم يُرصد,بانتظار أول رصد سعر,0,,,True,جاهز لأول رصد,الموديل والنسخة ورقم SKU مأخوذة من خلاصة المنتجات الرسمية لمتجر Mintra؛ لم تُنقل أي أسعار.,2026-07-30T00:00:00,2026-07-30T00:00:00
CASH-C9063D4342D548,VAR-200CF3AAC17443|EG-063|STORE,MAP-266EBDC89E6C7737,VAR-200CF3AAC17443,EG-063,,,EGP,,,,,,,,,,,القاهرة,,,,,,,True,,تغذية منتجات,https://mintra.eg/products/large-colander-o%C9%AF%C2%B5-%C2%A9-o%E3%AF%A4-_-o_oa,,,لم يُرصد,بانتظار أول رصد سعر,0,,,True,جاهز لأول رصد,الموديل والنسخة ورقم SKU مأخوذة من خلاصة المنتجات الرسمية لمتجر Mintra؛ لم تُنقل أي أسعار.,2026-07-30T00:00:00,2026-07-30T00:00:00
CASH-F6E42F2600EC7A,VAR-0BE7621CE58BF0|EG-063|STORE,MAP-172B8EF6A6B2FB5C,VAR-0BE7621CE58BF0,EG-063,,,EGP,,,,,,,,,,,القاهرة,,,,,,,True,,تغذية منتجات,https://mintra.eg/products/large-colander-o%C9%AF%C2%B5-%C2%A9-o%E3%AF%A4-_-o_oa,,,لم يُرصد,بانتظار أول رصد سعر,0,,,True,جاهز لأول رصد,الموديل والنسخة ورقم SKU مأخوذة من خلاصة المنتجات الرسمية لمتجر Mintra؛ لم تُنقل أي أسعار.,2026-07-30T00:00:00,2026-07-30T00:00:00
CASH-A0E5BDD68BD2EF,VAR-3A08593820EB4B|EG-063|STORE,MAP-6D06F749E13FCBD3,VAR-3A08593820EB4B,EG-063,,,EGP,,,,,,,,,,,القاهرة,,,,,,,True,,تغذية منتجات,https://mintra.eg/products/large-colander-o%C9%AF%C2%B5-%C2%A9-o%E3%AF%A4-_-o_oa,,,لم يُرصد,بانتظار أول رصد سعر,0,,,True,جاهز لأول رصد,الموديل والنسخة ورقم SKU مأخوذة من خلاصة المنتجات الرسمية لمتجر Mintra؛ لم تُنقل أي أسعار.,2026-07-30T00:00:00,2026-07-30T00:00:00
CASH-0A2ACC496A289D,VAR-425827AA6D7970|EG-063|STORE,MAP-B03F838B11C536DE,VAR-425827AA6D7970,EG-063,,,EGP,,,,,,,,,,,القاهرة,,,,,,,True,,تغذية منتجات,https://mintra.eg/products/large-colander-o%C9%AF%C2%B5-%C2%A9-o%E3%AF%A4-_-o_oa,,,لم يُرصد,بانتظار أول رصد سعر,0,,,True,جاهز لأول رصد,الموديل والنسخة ورقم SKU مأخوذة من خلاصة المنتجات الرسمية لمتجر Mintra؛ لم تُنقل أي أسعار.,2026-07-30T00:00:00,2026-07-30T00:00:00
CASH-57DE36B409523F,VAR-86242D1EFE77CE|EG-063|STORE,MAP-D8BD8C0788E9B9F4,VAR-86242D1EFE77CE,EG-063,,,EGP,,,,,,,,,,,القاهرة,,,,,,,True,,تغذية منتجات,https://mintra.eg/products/large-colander-o%C9%AF%C2%B5-%C2%A9-o%E3%AF%A4-_-o_oa,,,لم يُرصد,بانتظار أول رصد سعر,0,,,True,جاهز لأول رصد,الموديل والنسخة ورقم SKU مأخوذة من خلاصة المنتجات الرسمية لمتجر Mintra؛ لم تُنقل أي أسعار.,2026-07-30T00:00:00,2026-07-30T00:00:00
CASH-A012CC6DB01F46,VAR-4A03A885E47E93|EG-063|STORE,MAP-4CAE331EB957FA24,VAR-4A03A885E47E93,EG-063,,,EGP,,,,,,,,,,,القاهرة,,,,,,,True,,تغذية منتجات,https://mintra.eg/products/large-colander-o%C9%AF%C2%B5-%C2%A9-o%E3%AF%A4-_-o_oa,,,لم يُرصد,بانتظار أول رصد سعر,0,,,True,جاهز لأول رصد,الموديل والنسخة ورقم SKU مأخوذة من خلاصة المنتجات الرسمية لمتجر Mintra؛ لم تُنقل أي أسعار.,2026-07-30T00:00:00,2026-07-30T00:00:00
CASH-C7F45B5AE3DF0A,VAR-AE66BE5F5D20AE|EG-063|STORE,MAP-48B2E17674F562B8,VAR-AE66BE5F5D20AE,EG-063,,,EGP,,,,,,,,,,,القاهرة,,,,,,,True,,تغذية منتجات,https://mintra.eg/products/large-colander-o%C9%AF%C2%B5-%C2%A9-o%E3%AF%A4-_-o_oa,,,لم يُرصد,بانتظار أول رصد سعر,0,,,True,جاهز لأول رصد,الموديل والنسخة ورقم SKU مأخوذة من خلاصة المنتجات الرسمية لمتجر Mintra؛ لم تُنقل أي أسعار.,2026-07-30T00:00:00,2026-07-30T00:00:00
CASH-2911642FE73DFB,VAR-CE556F19A32183|EG-063|STORE,MAP-0CA29EF28172F831,VAR-CE556F19A32183,EG-063,,,EGP,,,,,,,,,,,القاهرة,,,,,,,True,,تغذية منتجات,https://mintra.eg/products/plastic-strainer-colanders-set-3-pack-%D9%85%D8%B5%D9%81%D8%A7%D8%A9-%D8%A8%D9%84%D8%A7%D8%B3%D8%AA%D9%8A%D9%83,,,لم يُرصد,بانتظار أول رصد سعر,0,,,True,جاهز لأول رصد,الموديل والنسخة ورقم SKU مأخوذة من خلاصة المنتجات الرسمية لمتجر Mintra؛ لم تُنقل أي أسعار.,2026-07-30T00:00:00,2026-07-30T00:00:00
CASH-969A268BCB8C4C,VAR-A317C0F1018D44|EG-063|STORE,MAP-15ACFB83E0B6F542,VAR-A317C0F1018D44,EG-063,,,EGP,,,,,,,,,,,القاهرة,,,,,,,True,,تغذية منتجات,https://mintra.eg/products/plastic-strainer-colanders-set-3-pack-%D9%85%D8%B5%D9%81%D8%A7%D8%A9-%D8%A8%D9%84%D8%A7%D8%B3%D8%AA%D9%8A%D9%83,,,لم يُرصد,بانتظار أول رصد سعر,0,,,True,جاهز لأول رصد,الموديل والنسخة ورقم SKU مأخوذة من خلاصة المنتجات الرسمية لمتجر Mintra؛ لم تُنقل أي أسعار.,2026-07-30T00:00:00,2026-07-30T00:00:00
CASH-AB49F9FAC1DA83,VAR-1CE37277E0B2DB|EG-063|STORE,MAP-2F9491808DE80771,VAR-1CE37277E0B2DB,EG-063,,,EGP,,,,,,,,,,,القاهرة,,,,,,,True,,تغذية منتجات,https://mintra.eg/products/plastic-strainer-colanders-set-3-pack-%D9%85%D8%B5%D9%81%D8%A7%D8%A9-%D8%A8%D9%84%D8%A7%D8%B3%D8%AA%D9%8A%D9%83,,,لم يُرصد,بانتظار أول رصد سعر,0,,,True,جاهز لأول رصد,الموديل والنسخة ورقم SKU مأخوذة من خلاصة المنتجات الرسمية لمتجر Mintra؛ لم تُنقل أي أسعار.,2026-07-30T00:00:00,2026-07-30T00:00:00
CASH-38CD29CF4363F4,VAR-E8922455832CCF|EG-063|STORE,MAP-7A160658930633B6,VAR-E8922455832CCF,EG-063,,,EGP,,,,,,,,,,,القاهرة,,,,,,,True,,تغذية منتجات,https://mintra.eg/products/plastic-strainer-colanders-set-3-pack-%D9%85%D8%B5%D9%81%D8%A7%D8%A9-%D8%A8%D9%84%D8%A7%D8%B3%D8%AA%D9%8A%D9%83,,,لم يُرصد,بانتظار أول رصد سعر,0,,,True,جاهز لأول رصد,الموديل والنسخة ورقم SKU مأخوذة من خلاصة المنتجات الرسمية لمتجر Mintra؛ لم تُنقل أي أسعار.,2026-07-30T00:00:00,2026-07-30T00:00:00
CASH-B680325F883797,VAR-C6F2E64A4DA84F|EG-063|STORE,MAP-48846D15FE392B96,VAR-C6F2E64A4DA84F,EG-063,,,EGP,,,,,,,,,,,القاهرة,,,,,,,True,,تغذية منتجات,https://mintra.eg/products/plastic-strainer-colanders-set-3-pack-%D9%85%D8%B5%D9%81%D8%A7%D8%A9-%D8%A8%D9%84%D8%A7%D8%B3%D8%AA%D9%8A%D9%83,,,لم يُرصد,بانتظار أول رصد سعر,0,,,True,جاهز لأول رصد,الموديل والنسخة ورقم SKU مأخوذة من خلاصة المنتجات الرسمية لمتجر Mintra؛ لم تُنقل أي أسعار.,2026-07-30T00:00:00,2026-07-30T00:00:00
CASH-5DE52034BBA45F,VAR-8AB022F4706D0D|EG-063|STORE,MAP-1875B0A4904B6D4A,VAR-8AB022F4706D0D,EG-063,,,EGP,,,,,,,,,,,القاهرة,,,,,,,True,,تغذية منتجات,https://mintra.eg/products/plastic-strainer-colanders-set-3-pack-%D9%85%D8%B5%D9%81%D8%A7%D8%A9-%D8%A8%D9%84%D8%A7%D8%B3%D8%AA%D9%8A%D9%83,,,لم يُرصد,بانتظار أول رصد سعر,0,,,True,جاهز لأول رصد,الموديل والنسخة ورقم SKU مأخوذة من خلاصة المنتجات الرسمية لمتجر Mintra؛ لم تُنقل أي أسعار.,2026-07-30T00:00:00,2026-07-30T00:00:00
CASH-2FA4243BEFB55D,VAR-652E8A7BCF84EC|EG-063|STORE,MAP-25382238341F1BEC,VAR-652E8A7BCF84EC,EG-063,,,EGP,,,,,,,,,,,القاهرة,,,,,,,True,,تغذية منتجات,https://mintra.eg/products/mixing-bowl-colander-%D8%B7%D8%A8%D9%82-%D8%AE%D9%84%D8%B7-%D9%88%D9%85%D8%B5%D9%81%D8%A7%D8%A9,,,لم يُرصد,بانتظار أول رصد سعر,0,,,True,جاهز لأول رصد,الموديل والنسخة ورقم SKU مأخوذة من خلاصة المنتجات الرسمية لمتجر Mintra؛ لم تُنقل أي أسعار.,2026-07-30T00:00:00,2026-07-30T00:00:00
CASH-7A41ED780909DC,VAR-1030F8D98CE885|EG-063|STORE,MAP-6F548F1C15066BCC,VAR-1030F8D98CE885,EG-063,,,EGP,,,,,,,,,,,القاهرة,,,,,,,True,,تغذية منتجات,https://mintra.eg/products/mixing-bowl-colander-%D8%B7%D8%A8%D9%82-%D8%AE%D9%84%D8%B7-%D9%88%D9%85%D8%B5%D9%81%D8%A7%D8%A9,,,لم يُرصد,بانتظار أول رصد سعر,0,,,True,جاهز لأول رصد,الموديل والنسخة ورقم SKU مأخوذة من خلاصة المنتجات الرسمية لمتجر Mintra؛ لم تُنقل أي أسعار.,2026-07-30T00:00:00,2026-07-30T00:00:00
CASH-52573C8B100874,VAR-84EBDB2D9D4649|EG-063|STORE,MAP-1F747501806522F0,VAR-84EBDB2D9D4649,EG-063,,,EGP,,,,,,,,,,,القاهرة,,,,,,,True,,تغذية منتجات,https://mintra.eg/products/mixing-bowl-colander-%D8%B7%D8%A8%D9%82-%D8%AE%D9%84%D8%B7-%D9%88%D9%85%D8%B5%D9%81%D8%A7%D8%A9,,,لم يُرصد,بانتظار أول رصد سعر,0,,,True,جاهز لأول رصد,الموديل والنسخة ورقم SKU مأخوذة من خلاصة المنتجات الرسمية لمتجر Mintra؛ لم تُنقل أي أسعار.,2026-07-30T00:00:00,2026-07-30T00:00:00
CASH-DA11DF8ADBF4DC,VAR-7EBC009C95C33F|EG-063|STORE,MAP-0CF37156C4897FC8,VAR-7EBC009C95C33F,EG-063,,,EGP,,,,,,,,,,,القاهرة,,,,,,,True,,تغذية منتجات,https://mintra.eg/products/mixing-bowl-colander-%D8%B7%D8%A8%D9%82-%D8%AE%D9%84%D8%B7-%D9%88%D9%85%D8%B5%D9%81%D8%A7%D8%A9,,,لم يُرصد,بانتظار أول رصد سعر,0,,,True,جاهز لأول رصد,الموديل والنسخة ورقم SKU مأخوذة من خلاصة المنتجات الرسمية لمتجر Mintra؛ لم تُنقل أي أسعار.,2026-07-30T00:00:00,2026-07-30T00:00:00
CASH-744CEA95386348,VAR-8518EE041ACEFE|EG-063|STORE,MAP-637CEB466CD43A64,VAR-8518EE041ACEFE,EG-063,,,EGP,,,,,,,,,,,القاهرة,,,,,,,True,,تغذية منتجات,https://mintra.eg/products/mixing-bowl-colander-%D8%B7%D8%A8%D9%82-%D8%AE%D9%84%D8%B7-%D9%88%D9%85%D8%B5%D9%81%D8%A7%D8%A9,,,لم يُرصد,بانتظار أول رصد سعر,0,,,True,جاهز لأول رصد,الموديل والنسخة ورقم SKU مأخوذة من خلاصة المنتجات الرسمية لمتجر Mintra؛ لم تُنقل أي أسعار.,2026-07-30T00:00:00,2026-07-30T00:00:00
CASH-3E575B4863F586,VAR-A87E9CB9F042D3|EG-063|STORE,MAP-730AAB20F2212DF7,VAR-A87E9CB9F042D3,EG-063,,,EGP,,,,,,,,,,,القاهرة,,,,,,,True,,تغذية منتجات,https://mintra.eg/products/mixing-bowl-colander-%D8%B7%D8%A8%D9%82-%D8%AE%D9%84%D8%B7-%D9%88%D9%85%D8%B5%D9%81%D8%A7%D8%A9,,,لم يُرصد,بانتظار أول رصد سعر,0,,,True,جاهز لأول رصد,الموديل والنسخة ورقم SKU مأخوذة من خلاصة المنتجات الرسمية لمتجر Mintra؛ لم تُنقل أي أسعار.,2026-07-30T00:00:00,2026-07-30T00:00:00
CASH-B25E6490612BF4,VAR-99D83F791BFF94|EG-063|STORE,MAP-6324553236B9E48B,VAR-99D83F791BFF94,EG-063,,,EGP,,,,,,,,,,,القاهرة,,,,,,,True,,تغذية منتجات,https://mintra.eg/products/mixing-bowl-colander-%D8%B7%D8%A8%D9%82-%D8%AE%D9%84%D8%B7-%D9%88%D9%85%D8%B5%D9%81%D8%A7%D8%A9,,,لم يُرصد,بانتظار أول رصد سعر,0,,,True,جاهز لأول رصد,الموديل والنسخة ورقم SKU مأخوذة من خلاصة المنتجات الرسمية لمتجر Mintra؛ لم تُنقل أي أسعار.,2026-07-30T00:00:00,2026-07-30T00:00:00
CASH-9031D35ADF5520,VAR-2DFDF6CF040770|EG-063|STORE,MAP-A4FDC3DBD9DFF208,VAR-2DFDF6CF040770,EG-063,,,EGP,,,,,,,,,,,القاهرة,,,,,,,True,,تغذية منتجات,https://mintra.eg/products/mixing-bowl-colander-%D8%B7%D8%A8%D9%82-%D8%AE%D9%84%D8%B7-%D9%88%D9%85%D8%B5%D9%81%D8%A7%D8%A9,,,لم يُرصد,بانتظار أول رصد سعر,0,,,True,جاهز لأول رصد,الموديل والنسخة ورقم SKU مأخوذة من خلاصة المنتجات الرسمية لمتجر Mintra؛ لم تُنقل أي أسعار.,2026-07-30T00:00:00,2026-07-30T00:00:00
CASH-A910034D0CBD94,VAR-E9577C0DB7103D|EG-063|STORE,MAP-832C7787408D344E,VAR-E9577C0DB7103D,EG-063,,,EGP,,,,,,,,,,,القاهرة,,,,,,,True,,تغذية منتجات,https://mintra.eg/products/rice-colander-%D9%85%D8%B5%D9%81%D8%A7%D8%A9-%D8%A3%D8%B1%D8%B2,,,لم يُرصد,بانتظار أول رصد سعر,0,,,True,جاهز لأول رصد,الموديل والنسخة ورقم SKU مأخوذة من خلاصة المنتجات الرسمية لمتجر Mintra؛ لم تُنقل أي أسعار.,2026-07-30T00:00:00,2026-07-30T00:00:00
CASH-3D93D30B1A4BBC,VAR-53C62A1043B440|EG-063|STORE,MAP-3256A80106797CAA,VAR-53C62A1043B440,EG-063,,,EGP,,,,,,,,,,,القاهرة,,,,,,,True,,تغذية منتجات,https://mintra.eg/products/rice-colander-%D9%85%D8%B5%D9%81%D8%A7%D8%A9-%D8%A3%D8%B1%D8%B2,,,لم يُرصد,بانتظار أول رصد سعر,0,,,True,جاهز لأول رصد,الموديل والنسخة ورقم SKU مأخوذة من خلاصة المنتجات الرسمية لمتجر Mintra؛ لم تُنقل أي أسعار.,2026-07-30T00:00:00,2026-07-30T00:00:00
CASH-3E198308ECC72C,VAR-C95029E600DAA1|EG-063|STORE,MAP-9A479A3B5BF538E7,VAR-C95029E600DAA1,EG-063,,,EGP,,,,,,,,,,,القاهرة,,,,,,,True,,تغذية منتجات,https://mintra.eg/products/rice-colander-%D9%85%D8%B5%D9%81%D8%A7%D8%A9-%D8%A3%D8%B1%D8%B2,,,لم يُرصد,بانتظار أول رصد سعر,0,,,True,جاهز لأول رصد,الموديل والنسخة ورقم SKU مأخوذة من خلاصة المنتجات الرسمية لمتجر Mintra؛ لم تُنقل أي أسعار.,2026-07-30T00:00:00,2026-07-30T00:00:00
CASH-6EBCAC43C943F3,VAR-F0833EAA8B35C6|EG-063|STORE,MAP-71A71A8FE0CF5B3A,VAR-F0833EAA8B35C6,EG-063,,,EGP,,,,,,,,,,,القاهرة,,,,,,,True,,تغذية منتجات,https://mintra.eg/products/rice-colander-%D9%85%D8%B5%D9%81%D8%A7%D8%A9-%D8%A3%D8%B1%D8%B2,,,لم يُرصد,بانتظار أول رصد سعر,0,,,True,جاهز لأول رصد,الموديل والنسخة ورقم SKU مأخوذة من خلاصة المنتجات الرسمية لمتجر Mintra؛ لم تُنقل أي أسعار.,2026-07-30T00:00:00,2026-07-30T00:00:00
CASH-E7C3727534A9E6,VAR-3AECD093808708|EG-063|STORE,MAP-C4959C10D99D93BD,VAR-3AECD093808708,EG-063,,,EGP,,,,,,,,,,,القاهرة,,,,,,,True,,تغذية منتجات,https://mintra.eg/products/rice-colander-%D9%85%D8%B5%D9%81%D8%A7%D8%A9-%D8%A3%D8%B1%D8%B2,,,لم يُرصد,بانتظار أول رصد سعر,0,,,True,جاهز لأول رصد,الموديل والنسخة ورقم SKU مأخوذة من خلاصة المنتجات الرسمية لمتجر Mintra؛ لم تُنقل أي أسعار.,2026-07-30T00:00:00,2026-07-30T00:00:00
CASH-F289CC15FCF9A6,VAR-25FE12573F6DFD|EG-063|STORE,MAP-048A856B607DB66E,VAR-25FE12573F6DFD,EG-063,,,EGP,,,,,,,,,,,القاهرة,,,,,,,True,,تغذية منتجات,https://mintra.eg/products/rice-colander-%D9%85%D8%B5%D9%81%D8%A7%D8%A9-%D8%A3%D8%B1%D8%B2,,,لم يُرصد,بانتظار أول رصد سعر,0,,,True,جاهز لأول رصد,الموديل والنسخة ورقم SKU مأخوذة من خلاصة المنتجات الرسمية لمتجر Mintra؛ لم تُنقل أي أسعار.,2026-07-30T00:00:00,2026-07-30T00:00:00
CASH-3BC5F47367AE92,VAR-4B9B9116BF2A5A|EG-063|STORE,MAP-E96E8C0CCE490150,VAR-4B9B9116BF2A5A,EG-063,,,EGP,,,,,,,,,,,القاهرة,,,,,,,True,,تغذية منتجات,https://mintra.eg/products/rice-colander-%D9%85%D8%B5%D9%81%D8%A7%D8%A9-%D8%A3%D8%B1%D8%B2,,,لم يُرصد,بانتظار أول رصد سعر,0,,,True,جاهز لأول رصد,الموديل والنسخة ورقم SKU مأخوذة من خلاصة المنتجات الرسمية لمتجر Mintra؛ لم تُنقل أي أسعار.,2026-07-30T00:00:00,2026-07-30T00:00:00
CASH-95AFF54BE4128D,VAR-11C04C4358A90B|EG-063|STORE,MAP-C2A905365691A376,VAR-11C04C4358A90B,EG-063,,,EGP,,,,,,,,,,,القاهرة,,,,,,,True,,تغذية منتجات,https://mintra.eg/products/rice-colander-%D9%85%D8%B5%D9%81%D8%A7%D8%A9-%D8%A3%D8%B1%D8%B2,,,لم يُرصد,بانتظار أول رصد سعر,0,,,True,جاهز لأول رصد,الموديل والنسخة ورقم SKU مأخوذة من خلاصة المنتجات الرسمية لمتجر Mintra؛ لم تُنقل أي أسعار.,2026-07-30T00:00:00,2026-07-30T00:00:00
CASH-F27C0B9A4ED9F5,VAR-D4379F586D8180|EG-063|STORE,MAP-84FFDEA95A8A9245,VAR-D4379F586D8180,EG-063,,,EGP,,,,,,,,,,,القاهرة,,,,,,,True,,تغذية منتجات,https://mintra.eg/products/small-colander-%D9%85%D8%B5%D9%81%D8%A7%D8%A9-%D8%B5%D8%BA%D9%8A%D8%B1%D8%A9,,,لم يُرصد,بانتظار أول رصد سعر,0,,,True,جاهز لأول رصد,الموديل والنسخة ورقم SKU مأخوذة من خلاصة المنتجات الرسمية لمتجر Mintra؛ لم تُنقل أي أسعار.,2026-07-30T00:00:00,2026-07-30T00:00:00
CASH-D48E9652A87F15,VAR-A33EE9698E0FE0|EG-063|STORE,MAP-58E69D5298E5F3AD,VAR-A33EE9698E0FE0,EG-063,,,EGP,,,,,,,,,,,القاهرة,,,,,,,True,,تغذية منتجات,https://mintra.eg/products/small-colander-%D9%85%D8%B5%D9%81%D8%A7%D8%A9-%D8%B5%D8%BA%D9%8A%D8%B1%D8%A9,,,لم يُرصد,بانتظار أول رصد سعر,0,,,True,جاهز لأول رصد,الموديل والنسخة ورقم SKU مأخوذة من خلاصة المنتجات الرسمية لمتجر Mintra؛ لم تُنقل أي أسعار.,2026-07-30T00:00:00,2026-07-30T00:00:00
CASH-904A33569AFD6D,VAR-6DE873594201B2|EG-063|STORE,MAP-1F2E17B49D2EE064,VAR-6DE873594201B2,EG-063,,,EGP,,,,,,,,,,,القاهرة,,,,,,,True,,تغذية منتجات,https://mintra.eg/products/small-colander-%D9%85%D8%B5%D9%81%D8%A7%D8%A9-%D8%B5%D8%BA%D9%8A%D8%B1%D8%A9,,,لم يُرصد,بانتظار أول رصد سعر,0,,,True,جاهز لأول رصد,الموديل والنسخة ورقم SKU مأخوذة من خلاصة المنتجات الرسمية لمتجر Mintra؛ لم تُنقل أي أسعار.,2026-07-30T00:00:00,2026-07-30T00:00:00
CASH-B0982F81D09E49,VAR-3CD6841DBCFCC1|EG-063|STORE,MAP-99BDB53D09D9B0D5,VAR-3CD6841DBCFCC1,EG-063,,,EGP,,,,,,,,,,,القاهرة,,,,,,,True,,تغذية منتجات,https://mintra.eg/products/small-colander-%D9%85%D8%B5%D9%81%D8%A7%D8%A9-%D8%B5%D8%BA%D9%8A%D8%B1%D8%A9,,,لم يُرصد,بانتظار أول رصد سعر,0,,,True,جاهز لأول رصد,الموديل والنسخة ورقم SKU مأخوذة من خلاصة المنتجات الرسمية لمتجر Mintra؛ لم تُنقل أي أسعار.,2026-07-30T00:00:00,2026-07-30T00:00:00
CASH-09DCB1FE3B4A69,VAR-48A4FAE631CADA|EG-063|STORE,MAP-FE1BA94E85CF128F,VAR-48A4FAE631CADA,EG-063,,,EGP,,,,,,,,,,,القاهرة,,,,,,,True,,تغذية منتجات,https://mintra.eg/products/small-colander-%D9%85%D8%B5%D9%81%D8%A7%D8%A9-%D8%B5%D8%BA%D9%8A%D8%B1%D8%A9,,,لم يُرصد,بانتظار أول رصد سعر,0,,,True,جاهز لأول رصد,الموديل والنسخة ورقم SKU مأخوذة من خلاصة المنتجات الرسمية لمتجر Mintra؛ لم تُنقل أي أسعار.,2026-07-30T00:00:00,2026-07-30T00:00:00
CASH-C3C98A4820958B,VAR-BD636B7B05FE03|EG-063|STORE,MAP-9429BFE4E1805CD8,VAR-BD636B7B05FE03,EG-063,,,EGP,,,,,,,,,,,القاهرة,,,,,,,True,,تغذية منتجات,https://mintra.eg/products/small-colander-%D9%85%D8%B5%D9%81%D8%A7%D8%A9-%D8%B5%D8%BA%D9%8A%D8%B1%D8%A9,,,لم يُرصد,بانتظار أول رصد سعر,0,,,True,جاهز لأول رصد,الموديل والنسخة ورقم SKU مأخوذة من خلاصة المنتجات الرسمية لمتجر Mintra؛ لم تُنقل أي أسعار.,2026-07-30T00:00:00,2026-07-30T00:00:00
CASH-1E68CEBA6F3B4E,VAR-AADE298FBB8FD0|EG-063|STORE,MAP-046AB408CB574FB8,VAR-AADE298FBB8FD0,EG-063,,,EGP,,,,,,,,,,,القاهرة,,,,,,,True,,تغذية منتجات,https://mintra.eg/products/small-colander-%D9%85%D8%B5%D9%81%D8%A7%D8%A9-%D8%B5%D8%BA%D9%8A%D8%B1%D8%A9,,,لم يُرصد,بانتظار أول رصد سعر,0,,,True,جاهز لأول رصد,الموديل والنسخة ورقم SKU مأخوذة من خلاصة المنتجات الرسمية لمتجر Mintra؛ لم تُنقل أي أسعار.,2026-07-30T00:00:00,2026-07-30T00:00:00
CASH-EABD24602B4700,VAR-9B528C6DBEAB98|EG-063|STORE,MAP-AB2E1DFD08A4338C,VAR-9B528C6DBEAB98,EG-063,,,EGP,,,,,,,,,,,القاهرة,,,,,,,True,,تغذية منتجات,https://mintra.eg/products/vegetable-colander-%D9%85%D8%B5%D9%81%D8%A7%D8%A9-%D8%A8%D9%84%D8%A7%D8%B3%D8%AA%D9%8A%D9%83,,,لم يُرصد,بانتظار أول رصد سعر,0,,,True,جاهز لأول رصد,الموديل والنسخة ورقم SKU مأخوذة من خلاصة المنتجات الرسمية لمتجر Mintra؛ لم تُنقل أي أسعار.,2026-07-30T00:00:00,2026-07-30T00:00:00
CASH-A869B6E40F70EB,VAR-008E1903136C92|EG-063|STORE,MAP-A052D6E7C83D4EB9,VAR-008E1903136C92,EG-063,,,EGP,,,,,,,,,,,القاهرة,,,,,,,True,,تغذية منتجات,https://mintra.eg/products/vegetable-colander-%D9%85%D8%B5%D9%81%D8%A7%D8%A9-%D8%A8%D9%84%D8%A7%D8%B3%D8%AA%D9%8A%D9%83,,,لم يُرصد,بانتظار أول رصد سعر,0,,,True,جاهز لأول رصد,الموديل والنسخة ورقم SKU مأخوذة من خلاصة المنتجات الرسمية لمتجر Mintra؛ لم تُنقل أي أسعار.,2026-07-30T00:00:00,2026-07-30T00:00:00
CASH-F6E64EBF2516A6,VAR-4B0D27A66F9062|EG-063|STORE,MAP-FC9D334E602CD9A3,VAR-4B0D27A66F9062,EG-063,,,EGP,,,,,,,,,,,القاهرة,,,,,,,True,,تغذية منتجات,https://mintra.eg/products/vegetable-colander-%D9%85%D8%B5%D9%81%D8%A7%D8%A9-%D8%A8%D9%84%D8%A7%D8%B3%D8%AA%D9%8A%D9%83,,,لم يُرصد,بانتظار أول رصد سعر,0,,,True,جاهز لأول رصد,الموديل والنسخة ورقم SKU مأخوذة من خلاصة المنتجات الرسمية لمتجر Mintra؛ لم تُنقل أي أسعار.,2026-07-30T00:00:00,2026-07-30T00:00:00
CASH-8362E81B3F8871,VAR-64D4E2D6EE7085|EG-063|STORE,MAP-8AD2932C1CA9EFC8,VAR-64D4E2D6EE7085,EG-063,,,EGP,,,,,,,,,,,القاهرة,,,,,,,True,,تغذية منتجات,https://mintra.eg/products/vegetable-colander-%D9%85%D8%B5%D9%81%D8%A7%D8%A9-%D8%A8%D9%84%D8%A7%D8%B3%D8%AA%D9%8A%D9%83,,,لم يُرصد,بانتظار أول رصد سعر,0,,,True,جاهز لأول رصد,الموديل والنسخة ورقم SKU مأخوذة من خلاصة المنتجات الرسمية لمتجر Mintra؛ لم تُنقل أي أسعار.,2026-07-30T00:00:00,2026-07-30T00:00:00
CASH-733B2BD70B9F5A,VAR-AE584388DF30DE|EG-063|STORE,MAP-24EE10C33538F6E4,VAR-AE584388DF30DE,EG-063,,,EGP,,,,,,,,,,,القاهرة,,,,,,,True,,تغذية منتجات,https://mintra.eg/products/vegetable-colander-%D9%85%D8%B5%D9%81%D8%A7%D8%A9-%D8%A8%D9%84%D8%A7%D8%B3%D8%AA%D9%8A%D9%83,,,لم يُرصد,بانتظار أول رصد سعر,0,,,True,جاهز لأول رصد,الموديل والنسخة ورقم SKU مأخوذة من خلاصة المنتجات الرسمية لمتجر Mintra؛ لم تُنقل أي أسعار.,2026-07-30T00:00:00,2026-07-30T00:00:00
CASH-FC8846D1D0F66B,VAR-77E1414E995272|EG-063|STORE,MAP-6ABEE1433C68BFE3,VAR-77E1414E995272,EG-063,,,EGP,,,,,,,,,,,القاهرة,,,,,,,True,,تغذية منتجات,https://mintra.eg/products/vegetable-colander-%D9%85%D8%B5%D9%81%D8%A7%D8%A9-%D8%A8%D9%84%D8%A7%D8%B3%D8%AA%D9%8A%D9%83,,,لم يُرصد,بانتظار أول رصد سعر,0,,,True,جاهز لأول رصد,الموديل والنسخة ورقم SKU مأخوذة من خلاصة المنتجات الرسمية لمتجر Mintra؛ لم تُنقل أي أسعار.,2026-07-30T00:00:00,2026-07-30T00:00:00
CASH-817CB6C8E13885,VAR-6C4F426FBA5F9A|EG-063|STORE,MAP-4B0616C4CF0864A0,VAR-6C4F426FBA5F9A,EG-063,,,EGP,,,,,,,,,,,القاهرة,,,,,,,True,,تغذية منتجات,https://mintra.eg/products/vegetable-colander-%D9%85%D8%B5%D9%81%D8%A7%D8%A9-%D8%A8%D9%84%D8%A7%D8%B3%D8%AA%D9%8A%D9%83,,,لم يُرصد,بانتظار أول رصد سعر,0,,,True,جاهز لأول رصد,الموديل والنسخة ورقم SKU مأخوذة من خلاصة المنتجات الرسمية لمتجر Mintra؛ لم تُنقل أي أسعار.,2026-07-30T00:00:00,2026-07-30T00:00:00
CASH-EC8E083875058E,VAR-60F5FB3A4C6273|EG-063|STORE,MAP-983A1F90B09A9253,VAR-60F5FB3A4C6273,EG-063,,,EGP,,,,,,,,,,,القاهرة,,,,,,,True,,تغذية منتجات,https://mintra.eg/products/vegetable-colander-%D9%85%D8%B5%D9%81%D8%A7%D8%A9-%D8%A8%D9%84%D8%A7%D8%B3%D8%AA%D9%8A%D9%83,,,لم يُرصد,بانتظار أول رصد سعر,0,,,True,جاهز لأول رصد,الموديل والنسخة ورقم SKU مأخوذة من خلاصة المنتجات الرسمية لمتجر Mintra؛ لم تُنقل أي أسعار.,2026-07-30T00:00:00,2026-07-30T00:00:00
CASH-8BDF57BB59AA3E,VAR-C07D6175159228|EG-060|STORE,MAP-C153419EE9C74E2D,VAR-C07D6175159228,EG-060,,,EGP,,,,,,,,,,,القاهرة,,,,,,,True,,JSON-LD,https://www.ikea.com/eg/en/p/flundra-dish-drainer-white-40176950,,,لم يُرصد,بانتظار أول رصد سعر,0,,,True,يحتاج اكتشاف رابط المنتج,الاسم ورقم الصنف والمواصفات الظاهرة مأخوذة من قائمة JSON-LD الرسمية للفئة في IKEA Egypt؛ لم تُنقل أي أسعار.,2026-07-30T00:00:00,2026-07-30T00:00:00
CASH-0CE3E7CB17AFFD,VAR-112F2DA9C95B04|EG-060|STORE,MAP-225CEE83AF001B58,VAR-112F2DA9C95B04,EG-060,,,EGP,,,,,,,,,,,القاهرة,,,,,,,True,,JSON-LD,https://www.ikea.com/eg/en/p/hultarp-dish-drainer-black-60448766,,,لم يُرصد,بانتظار أول رصد سعر,0,,,True,يحتاج اكتشاف رابط المنتج,الاسم ورقم الصنف والمواصفات الظاهرة مأخوذة من قائمة JSON-LD الرسمية للفئة في IKEA Egypt؛ لم تُنقل أي أسعار.,2026-07-30T00:00:00,2026-07-30T00:00:00
CASH-5F87CB7E7D89BE,VAR-8176D2DD19DD57|EG-060|STORE,MAP-4278CE8E8E278FE4,VAR-8176D2DD19DD57,EG-060,,,EGP,,,,,,,,,,,القاهرة,,,,,,,True,,JSON-LD,https://www.ikea.com/eg/en/p/kvot-dish-drainer-black-10605315,,,لم يُرصد,بانتظار أول رصد سعر,0,,,True,يحتاج اكتشاف رابط المنتج,الاسم ورقم الصنف والمواصفات الظاهرة مأخوذة من قائمة JSON-LD الرسمية للفئة في IKEA Egypt؛ لم تُنقل أي أسعار.,2026-07-30T00:00:00,2026-07-30T00:00:00
CASH-35A5BCA822C1AE,VAR-CAF66CDBF7A7D3|EG-060|STORE,MAP-8271CD263F09E927,VAR-CAF66CDBF7A7D3,EG-060,,,EGP,,,,,,,,,,,القاهرة,,,,,,,True,,JSON-LD,https://www.ikea.com/eg/en/p/rinnig-dish-drainer-double-sided-green-20601350,,,لم يُرصد,بانتظار أول رصد سعر,0,,,True,يحتاج اكتشاف رابط المنتج,الاسم ورقم الصنف والمواصفات الظاهرة مأخوذة من قائمة JSON-LD الرسمية للفئة في IKEA Egypt؛ لم تُنقل أي أسعار.,2026-07-30T00:00:00,2026-07-30T00:00:00
CASH-511528FD093703,VAR-779DFEF976515A|EG-060|STORE,MAP-0C8D3B78DC249ED0,VAR-779DFEF976515A,EG-060,,,EGP,,,,,,,,,,,القاهرة,,,,,,,True,,JSON-LD,https://www.ikea.com/eg/en/p/staemling-dish-drainer-off-white-70565948,,,لم يُرصد,بانتظار أول رصد سعر,0,,,True,يحتاج اكتشاف رابط المنتج,الاسم ورقم الصنف والمواصفات الظاهرة مأخوذة من قائمة JSON-LD الرسمية للفئة في IKEA Egypt؛ لم تُنقل أي أسعار.,2026-07-30T00:00:00,2026-07-30T00:00:00
CASH-44F6606B0294D7,VAR-3908BBF9001821|EG-060|STORE,MAP-2ED75049D55EFFBA,VAR-3908BBF9001821,EG-060,,,EGP,,,,,,,,,,,القاهرة,,,,,,,True,,JSON-LD,https://www.ikea.com/eg/en/p/produkt-milk-frother-black-50301166,,,لم يُرصد,بانتظار أول رصد سعر,0,,,True,يحتاج اكتشاف رابط المنتج,الاسم ورقم الصنف والمواصفات الظاهرة مأخوذة من قائمة JSON-LD الرسمية للفئة في IKEA Egypt؛ لم تُنقل أي أسعار.,2026-07-30T00:00:00,2026-07-30T00:00:00
CASH-F930DFC7E423DF,VAR-452E9A01C2EA74|EG-060|STORE,MAP-40B57C5A46C86105,VAR-452E9A01C2EA74,EG-060,,,EGP,,,,,,,,,,,القاهرة,,,,,,,True,,JSON-LD,https://www.ikea.com/eg/en/p/ikea-365-hjaelte-balloon-whisk-stainless-steel-black-30158678,,,لم يُرصد,بانتظار أول رصد سعر,0,,,True,يحتاج اكتشاف رابط المنتج,الاسم ورقم الصنف والمواصفات الظاهرة مأخوذة من قائمة JSON-LD الرسمية للفئة في IKEA Egypt؛ لم تُنقل أي أسعار.,2026-07-30T00:00:00,2026-07-30T00:00:00
CASH-E591E127871584,VAR-87F2506B10E650|EG-060|STORE,MAP-3EF9A599337718AE,VAR-87F2506B10E650,EG-060,,,EGP,,,,,,,,,,,القاهرة,,,,,,,True,,JSON-LD,https://www.ikea.com/eg/en/p/koncis-balloon-whisk-stainless-steel-10225952,,,لم يُرصد,بانتظار أول رصد سعر,0,,,True,يحتاج اكتشاف رابط المنتج,الاسم ورقم الصنف والمواصفات الظاهرة مأخوذة من قائمة JSON-LD الرسمية للفئة في IKEA Egypt؛ لم تُنقل أي أسعار.,2026-07-30T00:00:00,2026-07-30T00:00:00
CASH-393D32740787DC,VAR-1EFC3A3B9D9987|EG-079|STORE,MAP-CF82E527582FF69E,VAR-1EFC3A3B9D9987,EG-079,,,EGP,,,,,,,,,,,القاهرة,,,,,,,True,,Sitemap ثم صفحة منتج,https://www.zahranstores.com/en/tefal-ingenio-premium-ladle-black-k2060114-2316,,,لم يُرصد,بانتظار أول رصد سعر,0,,,True,يحتاج تأكيد صفحة المنتج,Exact product URL in Zahran Stores public sitemap; stock not asserted,2026-07-30T00:00:00,2026-07-30T00:00:00
CASH-204B055D9048D3,VAR-09686682348C63|EG-060|STORE,MAP-6B259ABAC80212F3,VAR-09686682348C63,EG-060,,,EGP,,,,,,,,,,,القاهرة,,,,,,,True,,JSON-LD,https://www.ikea.com/eg/en/p/vardagen-potato-peeler-30324362,,,لم يُرصد,بانتظار أول رصد سعر,0,,,True,يحتاج اكتشاف رابط المنتج,الاسم ورقم الصنف والمواصفات الظاهرة مأخوذة من قائمة JSON-LD الرسمية للفئة في IKEA Egypt؛ لم تُنقل أي أسعار.,2026-07-30T00:00:00,2026-07-30T00:00:00
CASH-665DC7DD2A0828,VAR-DEB49B545F5F78|EG-060|STORE,MAP-F9D362840D4FEB17,VAR-DEB49B545F5F78,EG-060,,,EGP,,,,,,,,,,,القاهرة,,,,,,,True,,JSON-LD,https://www.ikea.com/eg/en/p/pepprig-dustpan-broom-grey-green-90567630,,,لم يُرصد,بانتظار أول رصد سعر,0,,,True,يحتاج اكتشاف رابط المنتج,الاسم ورقم الصنف والمواصفات الظاهرة مأخوذة من قائمة JSON-LD الرسمية للفئة في IKEA Egypt؛ لم تُنقل أي أسعار.,2026-07-30T00:00:00,2026-07-30T00:00:00
CASH-09C2C286D983E5,VAR-95854569A17AFA|EG-060|STORE,MAP-84D4E30BBD28D4E2,VAR-95854569A17AFA,EG-060,,,EGP,,,,,,,,,,,القاهرة,,,,,,,True,,JSON-LD,https://www.ikea.com/eg/en/p/vindsikt-dustpan-broom-bamboo-grey-green-40608063,,,لم يُرصد,بانتظار أول رصد سعر,0,,,True,يحتاج اكتشاف رابط المنتج,الاسم ورقم الصنف والمواصفات الظاهرة مأخوذة من قائمة JSON-LD الرسمية للفئة في IKEA Egypt؛ لم تُنقل أي أسعار.,2026-07-30T00:00:00,2026-07-30T00:00:00
CASH-4C5773C98E1791,VAR-9B8D4B1CC52411|EG-060|STORE,MAP-3043FA680C8A70A5,VAR-9B8D4B1CC52411,EG-060,,,EGP,,,,,,,,,,,القاهرة,,,,,,,True,,JSON-LD,https://www.ikea.com/eg/en/p/standardmatt-shaker-graduated-80485545,,,لم يُرصد,بانتظار أول رصد سعر,0,,,True,يحتاج اكتشاف رابط المنتج,الاسم ورقم الصنف والمواصفات الظاهرة مأخوذة من قائمة JSON-LD الرسمية للفئة في IKEA Egypt؛ لم تُنقل أي أسعار.,2026-07-30T00:00:00,2026-07-30T00:00:00
CASH-54F66021B08B51,VAR-9C0CC9075D7AD1|EG-060|STORE,MAP-FC65A83BA34E4F81,VAR-9C0CC9075D7AD1,EG-060,,,EGP,,,,,,,,,,,القاهرة,,,,,,,True,,JSON-LD,https://www.ikea.com/eg/en/p/uppfylld-set-of-4-measuring-cups-mixed-colours-00521972,,,لم يُرصد,بانتظار أول رصد سعر,0,,,True,يحتاج اكتشاف رابط المنتج,الاسم ورقم الصنف والمواصفات الظاهرة مأخوذة من قائمة JSON-LD الرسمية للفئة في IKEA Egypt؛ لم تُنقل أي أسعار.,2026-07-30T00:00:00,2026-07-30T00:00:00
CASH-9E33BF44F4D117,VAR-78C10BC6017D5E|EG-060|STORE,MAP-B093FD5CF0DCA573,VAR-78C10BC6017D5E,EG-060,,,EGP,,,,,,,,,,,القاهرة,,,,,,,True,,JSON-LD,https://www.ikea.com/eg/en/p/bakglad-rubber-spatula-beige-blue-20485548,,,لم يُرصد,بانتظار أول رصد سعر,0,,,True,يحتاج اكتشاف رابط المنتج,الاسم ورقم الصنف والمواصفات الظاهرة مأخوذة من قائمة JSON-LD الرسمية للفئة في IKEA Egypt؛ لم تُنقل أي أسعار.,2026-07-30T00:00:00,2026-07-30T00:00:00
CASH-B450B95CEE1A91,VAR-61BB077229DCD0|EG-060|STORE,MAP-E7E462C2710C3121,VAR-61BB077229DCD0,EG-060,,,EGP,,,,,,,,,,,القاهرة,,,,,,,True,,JSON-LD,https://www.ikea.com/eg/en/p/gubbroera-rubber-spatula-green-white-70527348,,,لم يُرصد,بانتظار أول رصد سعر,0,,,True,يحتاج اكتشاف رابط المنتج,الاسم ورقم الصنف والمواصفات الظاهرة مأخوذة من قائمة JSON-LD الرسمية للفئة في IKEA Egypt؛ لم تُنقل أي أسعار.,2026-07-30T00:00:00,2026-07-30T00:00:00
CASH-A1251F7EF8D924,VAR-E0A4956A155FF3|EG-060|STORE,MAP-07862409617A4398,VAR-E0A4956A155FF3,EG-060,,,EGP,,,,,,,,,,,القاهرة,,,,,,,True,,JSON-LD,https://www.ikea.com/eg/en/p/laettbakad-offset-spatula-30485265,,,لم يُرصد,بانتظار أول رصد سعر,0,,,True,يحتاج اكتشاف رابط المنتج,الاسم ورقم الصنف والمواصفات الظاهرة مأخوذة من قائمة JSON-LD الرسمية للفئة في IKEA Egypt؛ لم تُنقل أي أسعار.,2026-07-30T00:00:00,2026-07-30T00:00:00
CASH-55B4CCD58D99FF,VAR-A4921E4FFB8471|EG-079|STORE,MAP-CF9D3DCB973C58C6,VAR-A4921E4FFB8471,EG-079,,,EGP,,,,,,,,,,,القاهرة,,,,,,,True,,Sitemap ثم صفحة منتج,https://www.zahranstores.com/en/tefal-ingenio-premium-straining-spoon-black-k2060314-2320,,,لم يُرصد,بانتظار أول رصد سعر,0,,,True,يحتاج تأكيد صفحة المنتج,Exact product URL in Zahran Stores public sitemap; stock not asserted,2026-07-30T00:00:00,2026-07-30T00:00:00
CASH-EECEBB4947D2EF,VAR-64553448938522|EG-060|STORE,MAP-6321F844A561DD47,VAR-64553448938522,EG-060,,,EGP,,,,,,,,,,,القاهرة,,,,,,,True,,JSON-LD,https://www.ikea.com/eg/en/p/roert-spoon-round-beech-40278468,,,لم يُرصد,بانتظار أول رصد سعر,0,,,True,يحتاج اكتشاف رابط المنتج,الاسم ورقم الصنف والمواصفات الظاهرة مأخوذة من قائمة JSON-LD الرسمية للفئة في IKEA Egypt؛ لم تُنقل أي أسعار.,2026-07-30T00:00:00,2026-07-30T00:00:00
CASH-273203F47D62FF,VAR-7485135E7E9062|EG-060|STORE,MAP-D027EBC9592E6AB6,VAR-7485135E7E9062,EG-060,,,EGP,,,,,,,,,,,القاهرة,,,,,,,True,,JSON-LD,https://www.ikea.com/eg/en/p/pepprig-microfibre-pad-for-flat-mop-grey-00567615,,,لم يُرصد,بانتظار أول رصد سعر,0,,,True,يحتاج اكتشاف رابط المنتج,الاسم ورقم الصنف والمواصفات الظاهرة مأخوذة من قائمة JSON-LD الرسمية للفئة في IKEA Egypt؛ لم تُنقل أي أسعار.,2026-07-30T00:00:00,2026-07-30T00:00:00
CASH-7BDBCAA4F06A6E,VAR-D2E13B75551DA9|EG-060|STORE,MAP-1026F589F5EAE474,VAR-D2E13B75551DA9,EG-060,,,EGP,,,,,,,,,,,القاهرة,,,,,,,True,,JSON-LD,https://www.ikea.com/eg/en/p/rinnig-oven-mitt-patterned-light-beige-grey-green-brown-red-30575124,,,لم يُرصد,بانتظار أول رصد سعر,0,,,True,يحتاج اكتشاف رابط المنتج,الاسم ورقم الصنف والمواصفات الظاهرة مأخوذة من قائمة JSON-LD الرسمية للفئة في IKEA Egypt؛ لم تُنقل أي أسعار.,2026-07-30T00:00:00,2026-07-30T00:00:00
CASH-0CC7383330C197,VAR-CC2FEAEB931018|EG-060|STORE,MAP-4E2780E475A11FC2,VAR-CC2FEAEB931018,EG-060,,,EGP,,,,,,,,,,,القاهرة,,,,,,,True,,JSON-LD,https://www.ikea.com/eg/en/p/tackan-soap-dispenser-white-90322303,,,لم يُرصد,بانتظار أول رصد سعر,0,,,True,يحتاج اكتشاف رابط المنتج,الاسم ورقم الصنف والمواصفات الظاهرة مأخوذة من قائمة JSON-LD الرسمية للفئة في IKEA Egypt؛ لم تُنقل أي أسعار.,2026-07-30T00:00:00,2026-07-30T00:00:00
CASH-9F1D0385DEA97E,VAR-8A4DB70558A889|EG-060|STORE,MAP-1B8FE7BD3494B444,VAR-8A4DB70558A889,EG-060,,,EGP,,,,,,,,,,,القاهرة,,,,,,,True,,JSON-LD,https://www.ikea.com/eg/en/p/vaelvardad-soap-dispenser-brown-20595434,,,لم يُرصد,بانتظار أول رصد سعر,0,,,True,يحتاج اكتشاف رابط المنتج,الاسم ورقم الصنف والمواصفات الظاهرة مأخوذة من قائمة JSON-LD الرسمية للفئة في IKEA Egypt؛ لم تُنقل أي أسعار.,2026-07-30T00:00:00,2026-07-30T00:00:00
CASH-2E80F7B826D81D,VAR-D693C2079D216B|EG-013|STORE,MAP-113583B92FAA02E8,VAR-D693C2079D216B,EG-013,,,EGP,,,,,,,,,,,القاهرة,,,,,,,True,,اكتشاف من صفحة فئة,https://btech.com/en/c/mobiles-tablets/tablets/b/apple,,,لم يُرصد,بانتظار أول رصد سعر,0,,,True,يحتاج اكتشاف رابط المنتج,,2026-07-30T00:00:00,2026-07-30T00:00:00
CASH-F8E9634A05DEF5,VAR-E7CEE142F2F04B|EG-013|STORE,MAP-90469453FB2B3D6E,VAR-E7CEE142F2F04B,EG-013,,,EGP,,,,,,,,,,,القاهرة,,,,,,,True,,اكتشاف من صفحة فئة,https://btech.com/en/c/mobiles-tablets/tablets/b/apple,,,لم يُرصد,بانتظار أول رصد سعر,0,,,True,يحتاج اكتشاف رابط المنتج,,2026-07-30T00:00:00,2026-07-30T00:00:00
CASH-113541A0F4ED52,VAR-E291849E253AA5|EG-013|STORE,MAP-C6F675CC80D9C5EA,VAR-E291849E253AA5,EG-013,,,EGP,,,,,,,,,,,القاهرة,,,,,,,True,,اكتشاف من صفحة فئة,https://btech.com/en/c/mobiles-tablets/tablets/b/apple,,,لم يُرصد,بانتظار أول رصد سعر,0,,,True,يحتاج اكتشاف رابط المنتج,تم دمج 2 أدلة لنفس المنتج والمتجر.,2026-07-30T00:00:00,2026-07-30T00:00:00
CASH-438F54C3647F91,VAR-ADF09E1BAB1ABD|EG-013|STORE,MAP-3E9B41E60BD42EC4,VAR-ADF09E1BAB1ABD,EG-013,,,EGP,,,,,,,,,,,القاهرة,,,,,,,True,,اكتشاف من صفحة فئة,https://btech.com/en/c/mobiles-tablets/tablets/b/apple,,,لم يُرصد,بانتظار أول رصد سعر,0,,,True,يحتاج اكتشاف رابط المنتج,تم دمج 2 أدلة لنفس المنتج والمتجر.,2026-07-30T00:00:00,2026-07-30T00:00:00
CASH-D2CAE3F6772B41,VAR-E6AFD87D18C0E9|EG-013|STORE,MAP-CD658379CD6A8459,VAR-E6AFD87D18C0E9,EG-013,,,EGP,,,,,,,,,,,القاهرة,,,,,,,True,,اكتشاف من صفحة فئة,https://btech.com/en/c/mobiles-tablets/tablets/b/apple,,,لم يُرصد,بانتظار أول رصد سعر,0,,,True,يحتاج اكتشاف رابط المنتج,تم دمج 2 أدلة لنفس المنتج والمتجر.,2026-07-30T00:00:00,2026-07-30T00:00:00
CASH-7535A51530CC93,VAR-18B66017C830C3|EG-013|STORE,MAP-DACA10A07CFFF0EC,VAR-18B66017C830C3,EG-013,,,EGP,,,,,,,,,,,القاهرة,,,,,,,True,,اكتشاف من صفحة فئة,https://btech.com/en/c/mobiles-tablets/tablets/b/apple,,,لم يُرصد,بانتظار أول رصد سعر,0,,,True,يحتاج اكتشاف رابط المنتج,تم دمج 2 أدلة لنفس المنتج والمتجر.,2026-07-30T00:00:00,2026-07-30T00:00:00
CASH-D20329AD419221,VAR-48324574388975|EG-013|STORE,MAP-3538183B43DB3EBA,VAR-48324574388975,EG-013,,,EGP,,,,,,,,,,,القاهرة,,,,,,,True,,اكتشاف من صفحة فئة,https://btech.com/en/c/mobiles-tablets/tablets/b/apple,,,لم يُرصد,بانتظار أول رصد سعر,0,,,True,يحتاج اكتشاف رابط المنتج,تم دمج 2 أدلة لنفس المنتج والمتجر.,2026-07-30T00:00:00,2026-07-30T00:00:00
CASH-EF089443F220B2,VAR-A1F52A266F378E|EG-013|STORE,MAP-3898973A174B9081,VAR-A1F52A266F378E,EG-013,,,EGP,,,,,,,,,,,القاهرة,,,,,,,True,,اكتشاف من صفحة فئة,https://btech.com/en/c/mobiles-tablets/tablets/b/apple,,,لم يُرصد,بانتظار أول رصد سعر,0,,,True,يحتاج اكتشاف رابط المنتج,تم دمج 2 أدلة لنفس المنتج والمتجر.,2026-07-30T00:00:00,2026-07-30T00:00:00
CASH-671AC07665737A,VAR-ED386B579DE70B|EG-013|STORE,MAP-6AF439A7187C2E21,VAR-ED386B579DE70B,EG-013,,,EGP,,,,,,,,,,,القاهرة,,,,,,,True,,اكتشاف من صفحة فئة,https://btech.com/en/c/mobiles-tablets/tablets/b/apple,,,لم يُرصد,بانتظار أول رصد سعر,0,,,True,يحتاج اكتشاف رابط المنتج,,2026-07-30T00:00:00,2026-07-30T00:00:00
CASH-9C50A63C829B86,VAR-7F1DD3BE7B97E2|EG-013|STORE,MAP-ADED5367BCEE666A,VAR-7F1DD3BE7B97E2,EG-013,,,EGP,,,,,,,,,,,القاهرة,,,,,,,True,,اكتشاف من صفحة فئة,https://btech.com/en/c/mobiles-tablets/tablets/b/apple,,,لم يُرصد,بانتظار أول رصد سعر,0,,,True,يحتاج اكتشاف رابط المنتج,تم دمج 2 أدلة لنفس المنتج والمتجر.,2026-07-30T00:00:00,2026-07-30T00:00:00
CASH-A3D00DBEE61A81,VAR-8F83B408E8B980|EG-013|STORE,MAP-E47C31AB3F920CBC,VAR-8F83B408E8B980,EG-013,,,EGP,,,,,,,,,,,القاهرة,,,,,,,True,,اكتشاف من صفحة فئة,https://btech.com/en/c/mobiles-tablets/tablets/b/apple,,,لم يُرصد,بانتظار أول رصد سعر,0,,,True,يحتاج اكتشاف رابط المنتج,,2026-07-30T00:00:00,2026-07-30T00:00:00
CASH-659367C63B9337,VAR-B22B4B3EBEDF45|EG-013|STORE,MAP-E2AE8F6262D553E9,VAR-B22B4B3EBEDF45,EG-013,,,EGP,,,,,,,,,,,القاهرة,,,,,,,True,,اكتشاف من صفحة فئة,https://btech.com/en/c/mobiles-tablets/tablets/b/apple,,,لم يُرصد,بانتظار أول رصد سعر,0,,,True,يحتاج اكتشاف رابط المنتج,,2026-07-30T00:00:00,2026-07-30T00:00:00
CASH-78830D03BE6BA0,VAR-7FCA9238E92795|EG-013|STORE,MAP-752FD0539C8A7BC1,VAR-7FCA9238E92795,EG-013,,,EGP,,,,,,,,,,,القاهرة,,,,,,,True,,اكتشاف من صفحة فئة,https://btech.com/en/c/mobiles-tablets/tablets/b/apple,,,لم يُرصد,بانتظار أول رصد سعر,0,,,True,يحتاج اكتشاف رابط المنتج,,2026-07-30T00:00:00,2026-07-30T00:00:00
CASH-4F5F5A0B9AB36C,VAR-F0738443B0812A|EG-013|STORE,MAP-BF1694C4E7D72FB5,VAR-F0738443B0812A,EG-013,,,EGP,,,,,,,,,,,القاهرة,,,,,,,True,,اكتشاف من صفحة فئة,https://btech.com/en/c/mobiles-tablets/tablets/b/apple,,,لم يُرصد,بانتظار أول رصد سعر,0,,,True,يحتاج اكتشاف رابط المنتج,,2026-07-30T00:00:00,2026-07-30T00:00:00
CASH-D4A47EB4EC94A4,VAR-0465D9796B22EC|EG-013|STORE,MAP-DE1DFB168A58D876,VAR-0465D9796B22EC,EG-013,,,EGP,,,,,,,,,,,القاهرة,,,,,,,True,,اكتشاف من صفحة فئة,https://btech.com/en/c/mobiles-tablets/tablets/b/apple,,,لم يُرصد,بانتظار أول رصد سعر,0,,,True,يحتاج اكتشاف رابط المنتج,,2026-07-30T00:00:00,2026-07-30T00:00:00
CASH-B79F35FF9F03DB,VAR-C6602EE93289A8|EG-013|STORE,MAP-985DDF165780D58B,VAR-C6602EE93289A8,EG-013,,,EGP,,,,,,,,,,,القاهرة,,,,,,,True,,اكتشاف من صفحة فئة,https://btech.com/en/c/mobiles-tablets/tablets/b/apple,,,لم يُرصد,بانتظار أول رصد سعر,0,,,True,يحتاج اكتشاف رابط المنتج,,2026-07-30T00:00:00,2026-07-30T00:00:00
CASH-B90CE2902D5237,VAR-67FDDEFD1679E8|EG-013|STORE,MAP-72C3784EB071931F,VAR-67FDDEFD1679E8,EG-013,,,EGP,,,,,,,,,,,القاهرة,,,,,,,True,,اكتشاف من صفحة فئة,https://btech.com/en/c/mobiles-tablets/tablets/b/apple,,,لم يُرصد,بانتظار أول رصد سعر,0,,,True,يحتاج اكتشاف رابط المنتج,,2026-07-30T00:00:00,2026-07-30T00:00:00
CASH-A1A6E7FBA16D0B,VAR-10D2DA925B68C5|EG-013|STORE,MAP-566770A0F47D728C,VAR-10D2DA925B68C5,EG-013,,,EGP,,,,,,,,,,,القاهرة,,,,,,,True,,اكتشاف من صفحة فئة,https://btech.com/en/c/mobiles-tablets/tablets/b/apple,,,لم يُرصد,بانتظار أول رصد سعر,0,,,True,يحتاج اكتشاف رابط المنتج,تم دمج 2 أدلة لنفس المنتج والمتجر.,2026-07-30T00:00:00,2026-07-30T00:00:00
CASH-66D5DFB7A83619,VAR-8CD44C74E5DA3C|EG-013|STORE,MAP-C5E0F1CCB2BBF89B,VAR-8CD44C74E5DA3C,EG-013,,,EGP,,,,,,,,,,,القاهرة,,,,,,,True,,اكتشاف من صفحة فئة,https://btech.com/en/c/mobiles-tablets/tablets/b/apple,,,لم يُرصد,بانتظار أول رصد سعر,0,,,True,يحتاج اكتشاف رابط المنتج,,2026-07-30T00:00:00,2026-07-30T00:00:00
CASH-3A2A7E09D16AEB,VAR-3AA47296CFD3D4|EG-013|STORE,MAP-E77F1F2A1D8FFC6B,VAR-3AA47296CFD3D4,EG-013,,,EGP,,,,,,,,,,,القاهرة,,,,,,,True,,اكتشاف من صفحة فئة,https://btech.com/en/c/mobiles-tablets/tablets,,,لم يُرصد,بانتظار أول رصد سعر,0,,,True,يحتاج اكتشاف رابط المنتج,,2026-07-30T00:00:00,2026-07-30T00:00:00
CASH-A875EAB05B2716,VAR-A5DDAF46B3501D|EG-013|STORE,MAP-123609C170BF3A37,VAR-A5DDAF46B3501D,EG-013,,,EGP,,,,,,,,,,,القاهرة,,,,,,,True,,اكتشاف من صفحة فئة,https://btech.com/en/c/mobiles-tablets/tablets,,,لم يُرصد,بانتظار أول رصد سعر,0,,,True,يحتاج اكتشاف رابط المنتج,,2026-07-30T00:00:00,2026-07-30T00:00:00
CASH-F568FFA1D3B008,VAR-91AF10634355BA|EG-013|STORE,MAP-3D4966AE4BD83BE3,VAR-91AF10634355BA,EG-013,,,EGP,,,,,,,,,,,القاهرة,,,,,,,True,,اكتشاف من صفحة فئة,https://btech.com/en/c/mobiles-tablets/tablets,,,لم يُرصد,بانتظار أول رصد سعر,0,,,True,يحتاج اكتشاف رابط المنتج,,2026-07-30T00:00:00,2026-07-30T00:00:00
CASH-2A699942B9A2A3,VAR-B58BCEE3EB1566|EG-013|STORE,MAP-899E33F2A53E1A94,VAR-B58BCEE3EB1566,EG-013,,,EGP,,,,,,,,,,,القاهرة,,,,,,,True,,اكتشاف من صفحة فئة,https://btech.com/en/c/mobiles-tablets/tablets,,,لم يُرصد,بانتظار أول رصد سعر,0,,,True,يحتاج اكتشاف رابط المنتج,,2026-07-30T00:00:00,2026-07-30T00:00:00
CASH-CE3D7ECC090F5D,VAR-C49D398B035033|EG-013|STORE,MAP-F20E00B8D68EA8ED,VAR-C49D398B035033,EG-013,,,EGP,,,,,,,,,,,القاهرة,,,,,,,True,,اكتشاف من صفحة فئة,https://btech.com/en/c/mobiles-tablets/tablets,,,لم يُرصد,بانتظار أول رصد سعر,0,,,True,يحتاج اكتشاف رابط المنتج,,2026-07-30T00:00:00,2026-07-30T00:00:00
CASH-28DF17E5E85528,VAR-EC58C8FC160A9D|EG-013|STORE,MAP-B2AD1268E438E02A,VAR-EC58C8FC160A9D,EG-013,,,EGP,,,,,,,,,,,القاهرة,,,,,,,True,,اكتشاف من صفحة فئة,https://btech.com/en/c/mobiles-tablets/tablets/b/huawei,,,لم يُرصد,بانتظار أول رصد سعر,0,,,True,يحتاج اكتشاف رابط المنتج,,2026-07-30T00:00:00,2026-07-30T00:00:00
CASH-0255AA6C1EF586,VAR-80CB77DF3E4AC6|EG-013|STORE,MAP-87F10C9DA45563B1,VAR-80CB77DF3E4AC6,EG-013,,,EGP,,,,,,,,,,,القاهرة,,,,,,,True,,اكتشاف من صفحة فئة,https://btech.com/en/c/mobiles-tablets/tablets/b/huawei,,,لم يُرصد,بانتظار أول رصد سعر,0,,,True,يحتاج اكتشاف رابط المنتج,,2026-07-30T00:00:00,2026-07-30T00:00:00
CASH-2C32ACAE3883F1,VAR-88C289381EFCF2|EG-013|STORE,MAP-C3A5BFEDCA36C253,VAR-88C289381EFCF2,EG-013,,,EGP,,,,,,,,,,,القاهرة,,,,,,,True,,اكتشاف من صفحة فئة,https://btech.com/en/c/mobiles-tablets/tablets/b/huawei,,,لم يُرصد,بانتظار أول رصد سعر,0,,,True,يحتاج اكتشاف رابط المنتج,,2026-07-30T00:00:00,2026-07-30T00:00:00
CASH-F668FE19AA8653,VAR-BB55D1E0D7BC78|EG-013|STORE,MAP-EC07416366396055,VAR-BB55D1E0D7BC78,EG-013,,,EGP,,,,,,,,,,,القاهرة,,,,,,,True,,اكتشاف من صفحة فئة,https://btech.com/en/c/mobiles-tablets/tablets/b/huawei,,,لم يُرصد,بانتظار أول رصد سعر,0,,,True,يحتاج اكتشاف رابط المنتج,,2026-07-30T00:00:00,2026-07-30T00:00:00
CASH-E8343160658CB6,VAR-A881776B569DCD|EG-013|STORE,MAP-427158D2ED713940,VAR-A881776B569DCD,EG-013,,,EGP,,,,,,,,,,,القاهرة,,,,,,,True,,اكتشاف من صفحة فئة,https://btech.com/en/c/mobiles-tablets/tablets/b/huawei,,,لم يُرصد,بانتظار أول رصد سعر,0,,,True,يحتاج اكتشاف رابط المنتج,,2026-07-30T00:00:00,2026-07-30T00:00:00
CASH-4D3E99434A08B3,VAR-D58C4F5B9430CC|EG-013|STORE,MAP-AAA8A2ECFD011E7B,VAR-D58C4F5B9430CC,EG-013,,,EGP,,,,,,,,,,,القاهرة,,,,,,,True,,اكتشاف من صفحة فئة,https://btech.com/en/c/mobiles-tablets/tablets/b/huawei,,,لم يُرصد,بانتظار أول رصد سعر,0,,,True,يحتاج اكتشاف رابط المنتج,,2026-07-30T00:00:00,2026-07-30T00:00:00
CASH-CFFB3050D640A4,VAR-2727FB688729C4|EG-013|STORE,MAP-01CF51FE3FC3B2B6,VAR-2727FB688729C4,EG-013,,,EGP,,,,,,,,,,,القاهرة,,,,,,,True,,اكتشاف من صفحة فئة,https://btech.com/en/c/mobiles-tablets/tablets/b/huawei,,,لم يُرصد,بانتظار أول رصد سعر,0,,,True,يحتاج اكتشاف رابط المنتج,,2026-07-30T00:00:00,2026-07-30T00:00:00
CASH-A3794A8CABE441,VAR-280DFF2D1BC58B|EG-013|STORE,MAP-B9EDFC7D964C4AE3,VAR-280DFF2D1BC58B,EG-013,,,EGP,,,,,,,,,,,القاهرة,,,,,,,True,,اكتشاف من صفحة فئة,https://btech.com/en/c/mobiles-tablets/tablets/b/huawei,,,لم يُرصد,بانتظار أول رصد سعر,0,,,True,يحتاج اكتشاف رابط المنتج,,2026-07-30T00:00:00,2026-07-30T00:00:00
CASH-0703FF2AB97FCD,VAR-9E9A981CE9E690|EG-013|STORE,MAP-77E0D4CA8CC61C23,VAR-9E9A981CE9E690,EG-013,,,EGP,,,,,,,,,,,القاهرة,,,,,,,True,,اكتشاف من صفحة فئة,https://btech.com/en/c/mobiles-tablets/tablets/b/huawei,,,لم يُرصد,بانتظار أول رصد سعر,0,,,True,يحتاج اكتشاف رابط المنتج,تم دمج 2 أدلة لنفس المنتج والمتجر.,2026-07-30T00:00:00,2026-07-30T00:00:00
CASH-9189054F9208B0,VAR-CF68F7BFD82959|EG-013|STORE,MAP-E62299F300EF98C5,VAR-CF68F7BFD82959,EG-013,,,EGP,,,,,,,,,,,القاهرة,,,,,,,True,,اكتشاف من صفحة فئة,https://btech.com/en/c/mobiles-tablets/tablets/b/huawei,,,لم يُرصد,بانتظار أول رصد سعر,0,,,True,يحتاج اكتشاف رابط المنتج,,2026-07-30T00:00:00,2026-07-30T00:00:00
CASH-79B576E195C660,VAR-33C3F953C105B2|EG-013|STORE,MAP-74C85BEAFB0F642F,VAR-33C3F953C105B2,EG-013,,,EGP,,,,,,,,,,,القاهرة,,,,,,,True,,اكتشاف من صفحة فئة,https://btech.com/en/c/mobiles-tablets/tablets/b/huawei,,,لم يُرصد,بانتظار أول رصد سعر,0,,,True,يحتاج اكتشاف رابط المنتج,تم دمج 2 أدلة لنفس المنتج والمتجر.,2026-07-30T00:00:00,2026-07-30T00:00:00
CASH-E72BA397FBA9F6,VAR-946E61789B0DAA|EG-013|STORE,MAP-9784852D51B3C13B,VAR-946E61789B0DAA,EG-013,,,EGP,,,,,,,,,,,القاهرة,,,,,,,True,,اكتشاف من صفحة فئة,https://btech.com/en/c/mobiles-tablets/tablets/b/huawei,,,لم يُرصد,بانتظار أول رصد سعر,0,,,True,يحتاج اكتشاف رابط المنتج,,2026-07-30T00:00:00,2026-07-30T00:00:00
CASH-050873745C939A,VAR-1754395D86F952|EG-013|STORE,MAP-626C6C61483CFFFD,VAR-1754395D86F952,EG-013,,,EGP,,,,,,,,,,,القاهرة,,,,,,,True,,اكتشاف من صفحة فئة,https://btech.com/en/c/mobiles-tablets/tablets/b/huawei,,,لم يُرصد,بانتظار أول رصد سعر,0,,,True,يحتاج اكتشاف رابط المنتج,,2026-07-30T00:00:00,2026-07-30T00:00:00
CASH-2A425392949A3E,VAR-1447DD4C648EC6|EG-013|STORE,MAP-0E413BCD0D3334F6,VAR-1447DD4C648EC6,EG-013,,,EGP,,,,,,,,,,,القاهرة,,,,,,,True,,اكتشاف من صفحة فئة,https://btech.com/en/c/mobiles-tablets/tablets/b/lenovo,,,لم يُرصد,بانتظار أول رصد سعر,0,,,True,يحتاج اكتشاف رابط المنتج,,2026-07-30T00:00:00,2026-07-30T00:00:00
CASH-6CECF8C6358EBD,VAR-DD67C518E1EC48|EG-013|STORE,MAP-7A1FCBF173C3C7B0,VAR-DD67C518E1EC48,EG-013,,,EGP,,,,,,,,,,,القاهرة,,,,,,,True,,اكتشاف من صفحة فئة,https://btech.com/en/c/mobiles-tablets/tablets/b/lenovo,,,لم يُرصد,بانتظار أول رصد سعر,0,,,True,يحتاج اكتشاف رابط المنتج,,2026-07-30T00:00:00,2026-07-30T00:00:00
CASH-304229DAE33663,VAR-97B5875BDE4A23|EG-013|STORE,MAP-76A24411A394EDE4,VAR-97B5875BDE4A23,EG-013,,,EGP,,,,,,,,,,,القاهرة,,,,,,,True,,اكتشاف من صفحة فئة,https://btech.com/en/c/mobiles-tablets/tablets/b/lenovo,,,لم يُرصد,بانتظار أول رصد سعر,0,,,True,يحتاج اكتشاف رابط المنتج,,2026-07-30T00:00:00,2026-07-30T00:00:00
CASH-61886CD5F4081E,VAR-E03418E3E6B3EB|EG-013|STORE,MAP-A4B52DD0E5D40141,VAR-E03418E3E6B3EB,EG-013,,,EGP,,,,,,,,,,,القاهرة,,,,,,,True,,اكتشاف من صفحة فئة,https://btech.com/en/c/mobiles-tablets/tablets/b/lenovo,,,لم يُرصد,بانتظار أول رصد سعر,0,,,True,يحتاج اكتشاف رابط المنتج,,2026-07-30T00:00:00,2026-07-30T00:00:00
CASH-8BB17330CD5957,VAR-B5ECD0AC9C80F5|EG-013|STORE,MAP-60E56F6E68DB7EEE,VAR-B5ECD0AC9C80F5,EG-013,,,EGP,,,,,,,,,,,القاهرة,,,,,,,True,,اكتشاف من صفحة فئة,https://btech.com/en/c/mobiles-tablets/tablets/b/lenovo,,,لم يُرصد,بانتظار أول رصد سعر,0,,,True,يحتاج اكتشاف رابط المنتج,,2026-07-30T00:00:00,2026-07-30T00:00:00
CASH-AAF2E745BA2939,VAR-937BBABE3922C5|EG-013|STORE,MAP-960C544A913649E8,VAR-937BBABE3922C5,EG-013,,,EGP,,,,,,,,,,,القاهرة,,,,,,,True,,اكتشاف من صفحة فئة,https://btech.com/en/c/mobiles-tablets/tablets/b/lenovo,,,لم يُرصد,بانتظار أول رصد سعر,0,,,True,يحتاج اكتشاف رابط المنتج,,2026-07-30T00:00:00,2026-07-30T00:00:00
CASH-9362A250C0484F,VAR-FDFD37D31A7486|EG-013|STORE,MAP-983800CFEBE56883,VAR-FDFD37D31A7486,EG-013,,,EGP,,,,,,,,,,,القاهرة,,,,,,,True,,اكتشاف من صفحة فئة,https://btech.com/en/c/mobiles-tablets/tablets/b/lenovo,,,لم يُرصد,بانتظار أول رصد سعر,0,,,True,يحتاج اكتشاف رابط المنتج,,2026-07-30T00:00:00,2026-07-30T00:00:00
CASH-0A27D3D724B6AB,VAR-BA1D7732C802F6|EG-013|STORE,MAP-16E7A4A86E239CC5,VAR-BA1D7732C802F6,EG-013,,,EGP,,,,,,,,,,,القاهرة,,,,,,,True,,اكتشاف من صفحة فئة,https://btech.com/en/c/mobiles-tablets/tablets/b/lenovo,,,لم يُرصد,بانتظار أول رصد سعر,0,,,True,يحتاج اكتشاف رابط المنتج,تم دمج 2 أدلة لنفس المنتج والمتجر.,2026-07-30T00:00:00,2026-07-30T00:00:00
CASH-6973539578F385,VAR-5DEDBDB64FAD15|EG-013|STORE,MAP-726B9FA7443DEB85,VAR-5DEDBDB64FAD15,EG-013,,,EGP,,,,,,,,,,,القاهرة,,,,,,,True,,اكتشاف من صفحة فئة,https://btech.com/en/c/mobiles-tablets/tablets/b/lenovo,,,لم يُرصد,بانتظار أول رصد سعر,0,,,True,يحتاج اكتشاف رابط المنتج,,2026-07-30T00:00:00,2026-07-30T00:00:00
CASH-19F1A1F911929E,VAR-7E2CD4DF828DBD|EG-013|STORE,MAP-3656A6620B337599,VAR-7E2CD4DF828DBD,EG-013,,,EGP,,,,,,,,,,,القاهرة,,,,,,,True,,اكتشاف من صفحة فئة,https://btech.com/en/c/mobiles-tablets/tablets/b/lenovo,,,لم يُرصد,بانتظار أول رصد سعر,0,,,True,يحتاج اكتشاف رابط المنتج,,2026-07-30T00:00:00,2026-07-30T00:00:00
CASH-C11D2700B34653,VAR-8BE3A90D1AFF78|EG-013|STORE,MAP-67CFC306F62EB3C1,VAR-8BE3A90D1AFF78,EG-013,,,EGP,,,,,,,,,,,القاهرة,,,,,,,True,,اكتشاف من صفحة فئة,https://btech.com/en/c/mobiles-tablets/tablets/b/lenovo,,,لم يُرصد,بانتظار أول رصد سعر,0,,,True,يحتاج اكتشاف رابط المنتج,,2026-07-30T00:00:00,2026-07-30T00:00:00
CASH-DE715653A765FF,VAR-C59FA65C27FE17|EG-013|STORE,MAP-813E2CC9EFF81A19,VAR-C59FA65C27FE17,EG-013,,,EGP,,,,,,,,,,,القاهرة,,,,,,,True,,اكتشاف من صفحة فئة,https://btech.com/en/c/mobiles-tablets/tablets/b/samsung,,,لم يُرصد,بانتظار أول رصد سعر,0,,,True,يحتاج اكتشاف رابط المنتج,,2026-07-30T00:00:00,2026-07-30T00:00:00
CASH-8C13BE12BF35BB,VAR-324602D23FFE1B|EG-013|STORE,MAP-47F380E99ED2B4A6,VAR-324602D23FFE1B,EG-013,,,EGP,,,,,,,,,,,القاهرة,,,,,,,True,,اكتشاف من صفحة فئة,https://btech.com/en/c/mobiles-tablets/tablets/b/samsung,,,لم يُرصد,بانتظار أول رصد سعر,0,,,True,يحتاج اكتشاف رابط المنتج,,2026-07-30T00:00:00,2026-07-30T00:00:00
CASH-61F23AFAB59900,VAR-AC9A780A1E0530|EG-013|STORE,MAP-0F0093FE9B5C766B,VAR-AC9A780A1E0530,EG-013,,,EGP,,,,,,,,,,,القاهرة,,,,,,,True,,اكتشاف من صفحة فئة,https://btech.com/en/c/mobiles-tablets/tablets/b/samsung,,,لم يُرصد,بانتظار أول رصد سعر,0,,,True,يحتاج اكتشاف رابط المنتج,تم دمج 2 أدلة لنفس المنتج والمتجر.,2026-07-30T00:00:00,2026-07-30T00:00:00
CASH-BAF4F9928C7953,VAR-5D99368E3231B4|EG-013|STORE,MAP-352182A79FBD6975,VAR-5D99368E3231B4,EG-013,,,EGP,,,,,,,,,,,القاهرة,,,,,,,True,,اكتشاف من صفحة فئة,https://btech.com/en/c/mobiles-tablets/tablets/b/samsung,,,لم يُرصد,بانتظار أول رصد سعر,0,,,True,يحتاج اكتشاف رابط المنتج,,2026-07-30T00:00:00,2026-07-30T00:00:00
CASH-A43829AB09C3C0,VAR-0B1E99F3ACAF4D|EG-013|STORE,MAP-7F0E9CD624A52FB4,VAR-0B1E99F3ACAF4D,EG-013,,,EGP,,,,,,,,,,,القاهرة,,,,,,,True,,اكتشاف من صفحة فئة,https://btech.com/en/c/mobiles-tablets/tablets/b/samsung,,,لم يُرصد,بانتظار أول رصد سعر,0,,,True,يحتاج اكتشاف رابط المنتج,,2026-07-30T00:00:00,2026-07-30T00:00:00
CASH-2DD405638591B3,VAR-935B31305A441D|EG-013|STORE,MAP-087FDEAC2AD14760,VAR-935B31305A441D,EG-013,,,EGP,,,,,,,,,,,القاهرة,,,,,,,True,,اكتشاف من صفحة فئة,https://btech.com/en/c/mobiles-tablets/tablets/b/samsung,,,لم يُرصد,بانتظار أول رصد سعر,0,,,True,يحتاج اكتشاف رابط المنتج,,2026-07-30T00:00:00,2026-07-30T00:00:00
CASH-F15AA544F3672C,VAR-3850962F1EFB1D|EG-013|STORE,MAP-DDAB8A7ECED4DB22,VAR-3850962F1EFB1D,EG-013,,,EGP,,,,,,,,,,,القاهرة,,,,,,,True,,اكتشاف من صفحة فئة,https://btech.com/en/c/mobiles-tablets/tablets/b/samsung,,,لم يُرصد,بانتظار أول رصد سعر,0,,,True,يحتاج اكتشاف رابط المنتج,,2026-07-30T00:00:00,2026-07-30T00:00:00
CASH-7D64A2E40067A6,VAR-4CC9333ED86DD7|EG-013|STORE,MAP-82FCE3259323647F,VAR-4CC9333ED86DD7,EG-013,,,EGP,,,,,,,,,,,القاهرة,,,,,,,True,,اكتشاف من صفحة فئة,https://btech.com/en/c/mobiles-tablets/tablets/b/samsung,,,لم يُرصد,بانتظار أول رصد سعر,0,,,True,يحتاج اكتشاف رابط المنتج,,2026-07-30T00:00:00,2026-07-30T00:00:00
CASH-DCE407BD509863,VAR-9A38EE73BCB285|EG-013|STORE,MAP-7BB6FF8D04C03F26,VAR-9A38EE73BCB285,EG-013,,,EGP,,,,,,,,,,,القاهرة,,,,,,,True,,اكتشاف من صفحة فئة,https://btech.com/en/c/mobiles-tablets/tablets/b/samsung,,,لم يُرصد,بانتظار أول رصد سعر,0,,,True,يحتاج اكتشاف رابط المنتج,,2026-07-30T00:00:00,2026-07-30T00:00:00
CASH-728AB88C6A4872,VAR-0FE542768C64B1|EG-013|STORE,MAP-3411AB2EDE92DDDD,VAR-0FE542768C64B1,EG-013,,,EGP,,,,,,,,,,,القاهرة,,,,,,,True,,اكتشاف من صفحة فئة,https://btech.com/en/c/mobiles-tablets/tablets/b/samsung,,,لم يُرصد,بانتظار أول رصد سعر,0,,,True,يحتاج اكتشاف رابط المنتج,,2026-07-30T00:00:00,2026-07-30T00:00:00
CASH-26EC81B3170602,VAR-8C02F9A2813D0B|EG-013|STORE,MAP-EC2C5A01C7D6B5C1,VAR-8C02F9A2813D0B,EG-013,,,EGP,,,,,,,,,,,القاهرة,,,,,,,True,,اكتشاف من صفحة فئة,https://btech.com/en/c/mobiles-tablets/tablets/b/samsung,,,لم يُرصد,بانتظار أول رصد سعر,0,,,True,يحتاج اكتشاف رابط المنتج,,2026-07-30T00:00:00,2026-07-30T00:00:00
CASH-1A42995B1E04B7,VAR-FA1491745C1CE7|EG-017|STORE,MAP-1A805912EE384400,VAR-FA1491745C1CE7,EG-017,,,EGP,,,,,,,,,,,القاهرة,,,,,,,False,,HTML/JSON-LD,https://www.samsung.com/eg/tablets/galaxy-tab-s/galaxy-tab-s10-lite-coralred-128gb-sm-x406bzramea/buy,,,لم يُرصد,بانتظار أول رصد سعر,0,,,True,جاهز لأول رصد,Exact Samsung Egypt configuration page and manufacturer part number. The page confirms 6/128 and 8/256 memory pairings.,2026-07-30T00:00:00,2026-07-30T00:00:00
CASH-DC02DDC8FFF8CB,VAR-31208F93B9DB70|EG-017|STORE,MAP-C4E760E028CD1389,VAR-31208F93B9DB70,EG-017,,,EGP,,,,,,,,,,,القاهرة,,,,,,,False,,HTML/JSON-LD,https://www.samsung.com/eg/tablets/galaxy-tab-s/galaxy-tab-s10-lite-gray-128gb-sm-x406bzaamea/buy,,,لم يُرصد,بانتظار أول رصد سعر,0,,,True,جاهز لأول رصد,Exact Samsung Egypt configuration page and manufacturer part number. The page confirms 6/128 and 8/256 memory pairings.,2026-07-30T00:00:00,2026-07-30T00:00:00
CASH-E9A34BD183888C,VAR-464B192BAA0669|EG-017|STORE,MAP-9EF39B7B256D9502,VAR-464B192BAA0669,EG-017,,,EGP,,,,,,,,,,,القاهرة,,,,,,,False,,HTML/JSON-LD,https://www.samsung.com/eg/tablets/galaxy-tab-s/galaxy-tab-s10-lite-silver-128gb-sm-x406bzsamea/buy,,,لم يُرصد,بانتظار أول رصد سعر,0,,,True,جاهز لأول رصد,Exact Samsung Egypt configuration page and manufacturer part number. The page confirms 6/128 and 8/256 memory pairings.,2026-07-30T00:00:00,2026-07-30T00:00:00
CASH-5228C59282DD92,VAR-F124717788F7C5|EG-017|STORE,MAP-5E94149B2F37EA08,VAR-F124717788F7C5,EG-017,,,EGP,,,,,,,,,,,القاهرة,,,,,,,False,,HTML/JSON-LD,https://www.samsung.com/eg/tablets/galaxy-tab-s/galaxy-tab-s10-lite-coralred-256gb-sm-x406bzremea/buy,,,لم يُرصد,بانتظار أول رصد سعر,0,,,True,جاهز لأول رصد,Exact Samsung Egypt configuration page and manufacturer part number. The page confirms 6/128 and 8/256 memory pairings.,2026-07-30T00:00:00,2026-07-30T00:00:00
CASH-58B985664829C1,VAR-7FEFB7359E4588|EG-017|STORE,MAP-9689B0324140C606,VAR-7FEFB7359E4588,EG-017,,,EGP,,,,,,,,,,,القاهرة,,,,,,,False,,HTML/JSON-LD,https://www.samsung.com/eg/tablets/galaxy-tab-s/galaxy-tab-s10-lite-gray-256gb-sm-x406bzaemea/buy,,,لم يُرصد,بانتظار أول رصد سعر,0,,,True,جاهز لأول رصد,Exact Samsung Egypt configuration page and manufacturer part number. The page confirms 6/128 and 8/256 memory pairings.,2026-07-30T00:00:00,2026-07-30T00:00:00
CASH-1D682368128AFD,VAR-5578FE61F9CEB0|EG-017|STORE,MAP-A0EC2A07A7F0235A,VAR-5578FE61F9CEB0,EG-017,,,EGP,,,,,,,,,,,القاهرة,,,,,,,False,,HTML/JSON-LD,https://www.samsung.com/eg/tablets/galaxy-tab-s/galaxy-tab-s10-lite-silver-256gb-sm-x406bzsemea/buy,,,لم يُرصد,بانتظار أول رصد سعر,0,,,True,جاهز لأول رصد,Exact Samsung Egypt configuration page and manufacturer part number. The page confirms 6/128 and 8/256 memory pairings.,2026-07-30T00:00:00,2026-07-30T00:00:00
CASH-D6EF7732A237A0,VAR-51E4DE5E8D9055|EG-013|STORE,MAP-69AF959E58F687C7,VAR-51E4DE5E8D9055,EG-013,,,EGP,,,,,,,,,,,القاهرة,,,,,,,True,,اكتشاف من صفحة فئة,https://btech.com/en/c/mobiles-tablets/tablets/b/samsung,,,لم يُرصد,بانتظار أول رصد سعر,0,,,True,يحتاج اكتشاف رابط المنتج,,2026-07-30T00:00:00,2026-07-30T00:00:00
CASH-454EE7CC7CD5BC,VAR-D4C643DFDFA5C4|EG-017|STORE,MAP-4CFD80B4BD434012,VAR-D4C643DFDFA5C4,EG-017,,,EGP,,,,,,,,,,,القاهرة,,,,,,,False,,HTML/JSON-LD,https://www.samsung.com/eg/tablets/galaxy-tab-s/galaxy-tab-s11-ultra-gray-256gb-sm-x936bzaamea/buy,,,لم يُرصد,بانتظار أول رصد سعر,0,,,True,جاهز لأول رصد,Exact Samsung Egypt configuration page and manufacturer part number. RAM is intentionally null because it is not exposed by the cited page.,2026-07-30T00:00:00,2026-07-30T00:00:00
CASH-6A8A57E28D917A,VAR-1A1A0B2880C321|EG-017|STORE,MAP-D8285B19F39B8DE3,VAR-1A1A0B2880C321,EG-017,,,EGP,,,,,,,,,,,القاهرة,,,,,,,False,,HTML/JSON-LD,https://www.samsung.com/eg/tablets/galaxy-tab-s/galaxy-tab-s11-ultra-silver-256gb-sm-x936bzsamea/buy,,,لم يُرصد,بانتظار أول رصد سعر,0,,,True,جاهز لأول رصد,Exact Samsung Egypt configuration page and manufacturer part number. RAM is intentionally null because it is not exposed by the cited page.,2026-07-30T00:00:00,2026-07-30T00:00:00
CASH-678DE5A2CE2143,VAR-D1EACE77084A1B|EG-017|STORE,MAP-4CCB06E0AE77D222,VAR-D1EACE77084A1B,EG-017,,,EGP,,,,,,,,,,,القاهرة,,,,,,,False,,HTML/JSON-LD,https://www.samsung.com/eg/tablets/galaxy-tab-s/galaxy-tab-s11-ultra-gray-512gb-sm-x936bzaemea/buy,,,لم يُرصد,بانتظار أول رصد سعر,0,,,True,جاهز لأول رصد,Exact Samsung Egypt configuration page and manufacturer part number. RAM is intentionally null because it is not exposed by the cited page.,2026-07-30T00:00:00,2026-07-30T00:00:00
CASH-CDC47A92354D4F,VAR-7612A997039E13|EG-017|STORE,MAP-B2174F84FC0B0F36,VAR-7612A997039E13,EG-017,,,EGP,,,,,,,,,,,القاهرة,,,,,,,False,,HTML/JSON-LD,https://www.samsung.com/eg/tablets/galaxy-tab-s/galaxy-tab-s11-ultra-silver-512gb-sm-x936bzsemea/buy,,,لم يُرصد,بانتظار أول رصد سعر,0,,,True,جاهز لأول رصد,Exact Samsung Egypt configuration page and manufacturer part number. RAM is intentionally null because it is not exposed by the cited page.,2026-07-30T00:00:00,2026-07-30T00:00:00
CASH-237F2B7508FE07,VAR-21ED6E95E8ABC8|EG-013|STORE,MAP-FE2DAA1E4795259A,VAR-21ED6E95E8ABC8,EG-013,,,EGP,,,,,,,,,,,القاهرة,,,,,,,True,,اكتشاف من صفحة فئة,https://btech.com/en/c/mobiles-tablets/tablets/b/samsung,,,لم يُرصد,بانتظار أول رصد سعر,0,,,True,يحتاج اكتشاف رابط المنتج,,2026-07-30T00:00:00,2026-07-30T00:00:00
CASH-B4EDD61DC6929B,VAR-8CEA5FCA02874A|EG-013|STORE,MAP-802CFCAF771A0EA7,VAR-8CEA5FCA02874A,EG-013,,,EGP,,,,,,,,,,,القاهرة,,,,,,,True,,اكتشاف من صفحة فئة,https://btech.com/en/c/mobiles-tablets/tablets/b/samsung,,,لم يُرصد,بانتظار أول رصد سعر,0,,,True,يحتاج اكتشاف رابط المنتج,,2026-07-30T00:00:00,2026-07-30T00:00:00
CASH-10DC46DB7AED16,VAR-5C6BE1362FBC5A|EG-013|STORE,MAP-00AF838A45E85512,VAR-5C6BE1362FBC5A,EG-013,,,EGP,,,,,,,,,,,القاهرة,,,,,,,True,,اكتشاف من صفحة فئة,https://btech.com/en/c/mobiles-tablets/tablets/b/samsung,,,لم يُرصد,بانتظار أول رصد سعر,0,,,True,يحتاج اكتشاف رابط المنتج,,2026-07-30T00:00:00,2026-07-30T00:00:00
CASH-38B8F92CDE7E21,VAR-EDB804A75A3408|EG-013|STORE,MAP-854B1DE6255A7D67,VAR-EDB804A75A3408,EG-013,,,EGP,,,,,,,,,,,القاهرة,,,,,,,True,,اكتشاف من صفحة فئة,https://btech.com/en/c/mobiles-tablets/tablets/b/samsung,,,لم يُرصد,بانتظار أول رصد سعر,0,,,True,يحتاج اكتشاف رابط المنتج,,2026-07-30T00:00:00,2026-07-30T00:00:00
CASH-016E44B6704F93,VAR-35D1B397D757E1|EG-013|STORE,MAP-FB4E4D61259F0BF4,VAR-35D1B397D757E1,EG-013,,,EGP,,,,,,,,,,,القاهرة,,,,,,,True,,اكتشاف من صفحة فئة,https://btech.com/en/c/mobiles-tablets/tablets/b/xiaomi,,,لم يُرصد,بانتظار أول رصد سعر,0,,,True,يحتاج اكتشاف رابط المنتج,تم دمج 2 أدلة لنفس المنتج والمتجر.,2026-07-30T00:00:00,2026-07-30T00:00:00
CASH-F9F7806DB02674,VAR-0BB1EC34AC1179|EG-013|STORE,MAP-8E70D30055528F01,VAR-0BB1EC34AC1179,EG-013,,,EGP,,,,,,,,,,,القاهرة,,,,,,,True,,اكتشاف من صفحة فئة,https://btech.com/en/c/mobiles-tablets/tablets/b/xiaomi,,,لم يُرصد,بانتظار أول رصد سعر,0,,,True,يحتاج اكتشاف رابط المنتج,,2026-07-30T00:00:00,2026-07-30T00:00:00
CASH-FFEBC64B8FFC90,VAR-B66C9141533956|EG-013|STORE,MAP-FBEC6279B6B5F2C8,VAR-B66C9141533956,EG-013,,,EGP,,,,,,,,,,,القاهرة,,,,,,,True,,اكتشاف من صفحة فئة,https://btech.com/en/c/mobiles-tablets/tablets/b/xiaomi,,,لم يُرصد,بانتظار أول رصد سعر,0,,,True,يحتاج اكتشاف رابط المنتج,,2026-07-30T00:00:00,2026-07-30T00:00:00
CASH-CA34CE7465B73C,VAR-7E102F4F9E6ADF|EG-013|STORE,MAP-FC8A649C6C7B3577,VAR-7E102F4F9E6ADF,EG-013,,,EGP,,,,,,,,,,,القاهرة,,,,,,,True,,اكتشاف من صفحة فئة,https://btech.com/en/c/mobiles-tablets/tablets/b/xiaomi,,,لم يُرصد,بانتظار أول رصد سعر,0,,,True,يحتاج اكتشاف رابط المنتج,,2026-07-30T00:00:00,2026-07-30T00:00:00
CASH-F8A2890D20C8C6,VAR-9B135A1611A996|EG-013|STORE,MAP-18ACD5DCB527E894,VAR-9B135A1611A996,EG-013,,,EGP,,,,,,,,,,,القاهرة,,,,,,,True,,اكتشاف من صفحة فئة,https://btech.com/en/c/mobiles-tablets/tablets/b/xiaomi,,,لم يُرصد,بانتظار أول رصد سعر,0,,,True,يحتاج اكتشاف رابط المنتج,تم دمج 2 أدلة لنفس المنتج والمتجر.,2026-07-30T00:00:00,2026-07-30T00:00:00
CASH-DFFEC2A870E552,VAR-9A45064D09FE14|EG-013|STORE,MAP-8F99514C98635202,VAR-9A45064D09FE14,EG-013,,,EGP,,,,,,,,,,,القاهرة,,,,,,,True,,اكتشاف من صفحة فئة,https://btech.com/en/c/mobiles-tablets/tablets/b/xiaomi,,,لم يُرصد,بانتظار أول رصد سعر,0,,,True,يحتاج اكتشاف رابط المنتج,,2026-07-30T00:00:00,2026-07-30T00:00:00
CASH-AED279C4F82AE4,VAR-174122244C1022|EG-013|STORE,MAP-A5B3EF53B6F3177C,VAR-174122244C1022,EG-013,,,EGP,,,,,,,,,,,القاهرة,,,,,,,True,,اكتشاف من صفحة فئة,https://btech.com/en/c/mobiles-tablets/tablets/b/xiaomi,,,لم يُرصد,بانتظار أول رصد سعر,0,,,True,يحتاج اكتشاف رابط المنتج,,2026-07-30T00:00:00,2026-07-30T00:00:00
CASH-519072E75D0834,VAR-81B232E68AE569|EG-013|STORE,MAP-2C64C9BFAFC239BF,VAR-81B232E68AE569,EG-013,,,EGP,,,,,,,,,,,القاهرة,,,,,,,True,,اكتشاف من صفحة فئة,https://btech.com/en/c/mobiles-tablets/tablets/b/xiaomi,,,لم يُرصد,بانتظار أول رصد سعر,0,,,True,يحتاج اكتشاف رابط المنتج,تم دمج 2 أدلة لنفس المنتج والمتجر.,2026-07-30T00:00:00,2026-07-30T00:00:00
CASH-FB8731BEDAC1E9,VAR-4FA79D3A091CA8|EG-013|STORE,MAP-437A586546DE261D,VAR-4FA79D3A091CA8,EG-013,,,EGP,,,,,,,,,,,القاهرة,,,,,,,True,,اكتشاف من صفحة فئة,https://btech.com/en/c/wearables/fitness-trackers-and-accessories/fitness-trackers,,,لم يُرصد,بانتظار أول رصد سعر,0,,,True,يحتاج اكتشاف رابط المنتج,,2026-07-30T00:00:00,2026-07-30T00:00:00
CASH-82314A50E586F4,VAR-F34F88FFFECCFB|EG-013|STORE,MAP-3E4C0BC6F814EAFE,VAR-F34F88FFFECCFB,EG-013,,,EGP,,,,,,,,,,,القاهرة,,,,,,,True,,اكتشاف من صفحة فئة,https://btech.com/en/c/wearables/fitness-trackers-and-accessories/fitness-trackers,,,لم يُرصد,بانتظار أول رصد سعر,0,,,True,يحتاج اكتشاف رابط المنتج,,2026-07-30T00:00:00,2026-07-30T00:00:00
CASH-6C28BFBBFD8E2F,VAR-DC07795B4CCF62|EG-013|STORE,MAP-0138082C71FBD928,VAR-DC07795B4CCF62,EG-013,,,EGP,,,,,,,,,,,القاهرة,,,,,,,True,,اكتشاف من صفحة فئة,https://btech.com/en/c/wearables/fitness-trackers-and-accessories/fitness-trackers,,,لم يُرصد,بانتظار أول رصد سعر,0,,,True,يحتاج اكتشاف رابط المنتج,,2026-07-30T00:00:00,2026-07-30T00:00:00
CASH-190C5D5B6738FB,VAR-C4477A3EB93D4E|EG-013|STORE,MAP-8818E1CEA8D38C53,VAR-C4477A3EB93D4E,EG-013,,,EGP,,,,,,,,,,,القاهرة,,,,,,,True,,اكتشاف من صفحة فئة,https://btech.com/en/c/mobiles-tablets/mobile-accessories/power-banks,,,لم يُرصد,بانتظار أول رصد سعر,0,,,True,يحتاج اكتشاف رابط المنتج,,2026-07-30T00:00:00,2026-07-30T00:00:00
CASH-EB369404881CB0,VAR-CB4C65C01120EB|EG-013|STORE,MAP-B5C2471D39D11BB1,VAR-CB4C65C01120EB,EG-013,,,EGP,,,,,,,,,,,القاهرة,,,,,,,True,,اكتشاف من صفحة فئة,https://btech.com/en/c/mobiles-tablets/mobile-accessories/power-banks,,,لم يُرصد,بانتظار أول رصد سعر,0,,,True,يحتاج اكتشاف رابط المنتج,,2026-07-30T00:00:00,2026-07-30T00:00:00
CASH-075DA0A8E829C8,VAR-C659F60155E3F1|EG-013|STORE,MAP-CF0D6EF8D6B59D6E,VAR-C659F60155E3F1,EG-013,,,EGP,,,,,,,,,,,القاهرة,,,,,,,True,,اكتشاف من صفحة فئة,https://btech.com/en/c/mobiles-tablets/mobile-accessories/power-banks,,,لم يُرصد,بانتظار أول رصد سعر,0,,,True,يحتاج اكتشاف رابط المنتج,,2026-07-30T00:00:00,2026-07-30T00:00:00
CASH-CDB3C447CBBA1D,VAR-5A9234AE860CB5|EG-013|STORE,MAP-CAB28E2D89215E55,VAR-5A9234AE860CB5,EG-013,,,EGP,,,,,,,,,,,القاهرة,,,,,,,True,,اكتشاف من صفحة فئة,https://btech.com/en/c/mobiles-tablets/mobile-accessories/power-banks,,,لم يُرصد,بانتظار أول رصد سعر,0,,,True,يحتاج اكتشاف رابط المنتج,,2026-07-30T00:00:00,2026-07-30T00:00:00
CASH-5248E2E828FB64,VAR-C077A57396CF59|EG-013|STORE,MAP-B7DB95287843A340,VAR-C077A57396CF59,EG-013,,,EGP,,,,,,,,,,,القاهرة,,,,,,,True,,اكتشاف من صفحة فئة,https://btech.com/en/c/mobiles-tablets/mobile-accessories/power-banks,,,لم يُرصد,بانتظار أول رصد سعر,0,,,True,يحتاج اكتشاف رابط المنتج,,2026-07-30T00:00:00,2026-07-30T00:00:00
CASH-3D002F8749060A,VAR-F93BE6108A9A1F|EG-013|STORE,MAP-3845B041B1780B71,VAR-F93BE6108A9A1F,EG-013,,,EGP,,,,,,,,,,,القاهرة,,,,,,,True,,اكتشاف من صفحة فئة,https://btech.com/en/c/mobiles-tablets/mobile-accessories/power-banks,,,لم يُرصد,بانتظار أول رصد سعر,0,,,True,يحتاج اكتشاف رابط المنتج,,2026-07-30T00:00:00,2026-07-30T00:00:00
CASH-A57955F5DA2B48,VAR-C911C934D82C18|EG-013|STORE,MAP-955A24D3B1606592,VAR-C911C934D82C18,EG-013,,,EGP,,,,,,,,,,,القاهرة,,,,,,,True,,اكتشاف من صفحة فئة,https://btech.com/en/c/mobiles-tablets/mobile-accessories/power-banks,,,لم يُرصد,بانتظار أول رصد سعر,0,,,True,يحتاج اكتشاف رابط المنتج,,2026-07-30T00:00:00,2026-07-30T00:00:00
CASH-DF8F35F835D884,VAR-4457A5A3215362|EG-013|STORE,MAP-2F358F8EE3786BFD,VAR-4457A5A3215362,EG-013,,,EGP,,,,,,,,,,,القاهرة,,,,,,,True,,اكتشاف من صفحة فئة,https://btech.com/en/c/mobiles-tablets/mobile-accessories/power-banks,,,لم يُرصد,بانتظار أول رصد سعر,0,,,True,يحتاج اكتشاف رابط المنتج,,2026-07-30T00:00:00,2026-07-30T00:00:00
CASH-25F6A84B566CA9,VAR-585F613E62DA51|EG-013|STORE,MAP-2E0B954E77D6F00A,VAR-585F613E62DA51,EG-013,,,EGP,,,,,,,,,,,القاهرة,,,,,,,True,,اكتشاف من صفحة فئة,https://btech.com/en/c/mobiles-tablets/mobile-accessories/power-banks,,,لم يُرصد,بانتظار أول رصد سعر,0,,,True,يحتاج اكتشاف رابط المنتج,,2026-07-30T00:00:00,2026-07-30T00:00:00
CASH-E877736962731E,VAR-76229F6E1B5388|EG-013|STORE,MAP-A8119A12130B2244,VAR-76229F6E1B5388,EG-013,,,EGP,,,,,,,,,,,القاهرة,,,,,,,True,,اكتشاف من صفحة فئة,https://btech.com/en/c/mobiles-tablets/mobile-accessories/power-banks,,,لم يُرصد,بانتظار أول رصد سعر,0,,,True,يحتاج اكتشاف رابط المنتج,,2026-07-30T00:00:00,2026-07-30T00:00:00
CASH-A7702B25BF4176,VAR-5632C136692175|EG-013|STORE,MAP-BBCC2E36EF47164C,VAR-5632C136692175,EG-013,,,EGP,,,,,,,,,,,القاهرة,,,,,,,True,,اكتشاف من صفحة فئة,https://btech.com/en/c/mobiles-tablets/mobile-accessories/power-banks,,,لم يُرصد,بانتظار أول رصد سعر,0,,,True,يحتاج اكتشاف رابط المنتج,,2026-07-30T00:00:00,2026-07-30T00:00:00
CASH-5EDC4B254C9DF0,VAR-BEE0B77788DA2C|EG-013|STORE,MAP-A025E1266A7E732B,VAR-BEE0B77788DA2C,EG-013,,,EGP,,,,,,,,,,,القاهرة,,,,,,,True,,اكتشاف من صفحة فئة,https://btech.com/en/c/mobiles-tablets/mobile-accessories/power-banks,,,لم يُرصد,بانتظار أول رصد سعر,0,,,True,يحتاج اكتشاف رابط المنتج,,2026-07-30T00:00:00,2026-07-30T00:00:00
CASH-E17F0F2585A1EC,VAR-7A4B2451197017|EG-013|STORE,MAP-CE5F3B82B616D034,VAR-7A4B2451197017,EG-013,,,EGP,,,,,,,,,,,القاهرة,,,,,,,True,,اكتشاف من صفحة فئة,https://btech.com/en/c/mobiles-tablets/mobile-accessories/power-banks,,,لم يُرصد,بانتظار أول رصد سعر,0,,,True,يحتاج اكتشاف رابط المنتج,,2026-07-30T00:00:00,2026-07-30T00:00:00
CASH-7A350BFC13C6DA,VAR-D027F187369DC8|EG-013|STORE,MAP-7072D353450E5838,VAR-D027F187369DC8,EG-013,,,EGP,,,,,,,,,,,القاهرة,,,,,,,True,,اكتشاف من صفحة فئة,https://btech.com/en/c/mobiles-tablets/mobile-accessories/power-banks,,,لم يُرصد,بانتظار أول رصد سعر,0,,,True,يحتاج اكتشاف رابط المنتج,,2026-07-30T00:00:00,2026-07-30T00:00:00
CASH-6AD6B1983D2A53,VAR-6FE484D3270FCA|EG-013|STORE,MAP-3DF1E0B2DC751971,VAR-6FE484D3270FCA,EG-013,,,EGP,,,,,,,,,,,القاهرة,,,,,,,True,,اكتشاف من صفحة فئة,https://btech.com/en/c/mobiles-tablets/mobile-accessories/power-banks,,,لم يُرصد,بانتظار أول رصد سعر,0,,,True,يحتاج اكتشاف رابط المنتج,,2026-07-30T00:00:00,2026-07-30T00:00:00
CASH-F5A9E447C446B8,VAR-722EA072BDA4DF|EG-013|STORE,MAP-D0193EA3F262B7A5,VAR-722EA072BDA4DF,EG-013,,,EGP,,,,,,,,,,,القاهرة,,,,,,,True,,اكتشاف من صفحة فئة,https://btech.com/en/c/mobiles-tablets/mobile-accessories/power-banks,,,لم يُرصد,بانتظار أول رصد سعر,0,,,True,يحتاج اكتشاف رابط المنتج,,2026-07-30T00:00:00,2026-07-30T00:00:00
CASH-57D39C96A0C53D,VAR-F6DDB64F9D2571|EG-013|STORE,MAP-A264666AE18F8D42,VAR-F6DDB64F9D2571,EG-013,,,EGP,,,,,,,,,,,القاهرة,,,,,,,True,,اكتشاف من صفحة فئة,https://btech.com/en/c/electronics/networking/routers,,,لم يُرصد,بانتظار أول رصد سعر,0,,,True,يحتاج اكتشاف رابط المنتج,,2026-07-30T00:00:00,2026-07-30T00:00:00
CASH-DFC4EDDF736D39,VAR-CCDD71E551910C|EG-013|STORE,MAP-471F313FCD7C7F87,VAR-CCDD71E551910C,EG-013,,,EGP,,,,,,,,,,,القاهرة,,,,,,,True,,اكتشاف من صفحة فئة,https://btech.com/en/c/electronics/networking/routers,,,لم يُرصد,بانتظار أول رصد سعر,0,,,True,يحتاج اكتشاف رابط المنتج,,2026-07-30T00:00:00,2026-07-30T00:00:00
CASH-5F44845AC626B8,VAR-0E67C54FA37895|EG-013|STORE,MAP-37CF79CE51DFAC9E,VAR-0E67C54FA37895,EG-013,,,EGP,,,,,,,,,,,القاهرة,,,,,,,True,,اكتشاف من صفحة فئة,https://btech.com/en/c/electronics/networking/routers,,,لم يُرصد,بانتظار أول رصد سعر,0,,,True,يحتاج اكتشاف رابط المنتج,,2026-07-30T00:00:00,2026-07-30T00:00:00
CASH-BADC24EE290474,VAR-97416E74F1D21E|EG-013|STORE,MAP-4F9D714F260BCB23,VAR-97416E74F1D21E,EG-013,,,EGP,,,,,,,,,,,القاهرة,,,,,,,True,,اكتشاف من صفحة فئة,https://btech.com/en/c/electronics/networking/routers,,,لم يُرصد,بانتظار أول رصد سعر,0,,,True,يحتاج اكتشاف رابط المنتج,,2026-07-30T00:00:00,2026-07-30T00:00:00
CASH-EDE2AEA35EB197,VAR-4D0F3C4C9DB5E6|EG-013|STORE,MAP-E831B453239856C0,VAR-4D0F3C4C9DB5E6,EG-013,,,EGP,,,,,,,,,,,القاهرة,,,,,,,True,,اكتشاف من صفحة فئة,https://btech.com/en/c/electronics/networking/routers,,,لم يُرصد,بانتظار أول رصد سعر,0,,,True,يحتاج اكتشاف رابط المنتج,,2026-07-30T00:00:00,2026-07-30T00:00:00
CASH-2E67052001D202,VAR-D4DFA79E94BE42|EG-013|STORE,MAP-38BA32BC256DB79D,VAR-D4DFA79E94BE42,EG-013,,,EGP,,,,,,,,,,,القاهرة,,,,,,,True,,اكتشاف من صفحة فئة,https://btech.com/en/c/electronics/networking/routers,,,لم يُرصد,بانتظار أول رصد سعر,0,,,True,يحتاج اكتشاف رابط المنتج,,2026-07-30T00:00:00,2026-07-30T00:00:00
CASH-A33CBBEC01430E,VAR-BEB4D471937C6C|EG-013|STORE,MAP-8D55AC6E4D4766AB,VAR-BEB4D471937C6C,EG-013,,,EGP,,,,,,,,,,,القاهرة,,,,,,,True,,HTML/JSON-LD,https://btech.com/en/p/2b7a1031-a79f-467e-bfbb-10496757a0ec,,,لم يُرصد,بانتظار أول رصد سعر,0,,,True,جاهز لأول رصد,Exact router model page; hardware revision is not exposed and must not be inferred.,2026-07-30T00:00:00,2026-07-30T00:00:00
CASH-F4CE8A1ECE0CC6,VAR-BB4D875A3C8CA2|EG-013|STORE,MAP-75BAA55DEF4C3FD4,VAR-BB4D875A3C8CA2,EG-013,,,EGP,,,,,,,,,,,القاهرة,,,,,,,True,,HTML/JSON-LD,https://btech.com/en/p/ac1200-4-2-4-archer-c54-n41584596a,,,لم يُرصد,بانتظار أول رصد سعر,0,,,True,جاهز لأول رصد,Exact router model page; hardware revision is not exposed and must not be inferred.,2026-07-30T00:00:00,2026-07-30T00:00:00
CASH-A541DE99323F62,VAR-36ED6875D79699|EG-013|STORE,MAP-456205A1BF773C2B,VAR-36ED6875D79699,EG-013,,,EGP,,,,,,,,,,,القاهرة,,,,,,,True,,اكتشاف من صفحة فئة,https://btech.com/en/c/electronics/networking/routers,,,لم يُرصد,بانتظار أول رصد سعر,0,,,True,يحتاج اكتشاف رابط المنتج,,2026-07-30T00:00:00,2026-07-30T00:00:00
CASH-A8FA13B764455B,VAR-BD3AEE9ACFE82F|EG-013|STORE,MAP-A2A439A9069B5DE9,VAR-BD3AEE9ACFE82F,EG-013,,,EGP,,,,,,,,,,,القاهرة,,,,,,,True,,اكتشاف من صفحة فئة,https://btech.com/en/c/electronics/networking/routers,,,لم يُرصد,بانتظار أول رصد سعر,0,,,True,يحتاج اكتشاف رابط المنتج,,2026-07-30T00:00:00,2026-07-30T00:00:00
CASH-F0CB89761F8A1E,VAR-EBBB67B2D5F7B8|EG-013|STORE,MAP-B92FA724F8638713,VAR-EBBB67B2D5F7B8,EG-013,,,EGP,,,,,,,,,,,القاهرة,,,,,,,True,,HTML/JSON-LD,https://btech.com/en/p/tp-link-modem-router-archer-vr300,,,لم يُرصد,بانتظار أول رصد سعر,0,,,True,جاهز لأول رصد,Exact router model page; hardware revision is not exposed and must not be inferred.,2026-07-30T00:00:00,2026-07-30T00:00:00
CASH-0A90C9BE17A4E4,VAR-9423EF6B1EF626|EG-013|STORE,MAP-6238ADDFEBC7CF00,VAR-9423EF6B1EF626,EG-013,,,EGP,,,,,,,,,,,القاهرة,,,,,,,True,,اكتشاف من صفحة فئة,https://btech.com/en/c/electronics/networking/routers,,,لم يُرصد,بانتظار أول رصد سعر,0,,,True,يحتاج اكتشاف رابط المنتج,,2026-07-30T00:00:00,2026-07-30T00:00:00
CASH-FC4243D7F6FC3F,VAR-78712CB49007CE|EG-013|STORE,MAP-D2F6FB552B02FBC8,VAR-78712CB49007CE,EG-013,,,EGP,,,,,,,,,,,القاهرة,,,,,,,True,,HTML/JSON-LD,https://btech.com/en/p/tp-link-wireless-modem-router-archer-vr600-ac2100,,,لم يُرصد,بانتظار أول رصد سعر,0,,,True,جاهز لأول رصد,Exact router model page; hardware revision is not exposed and must not be inferred.,2026-07-30T00:00:00,2026-07-30T00:00:00
CASH-485B352C4892A9,VAR-7C57D171431DB0|EG-013|STORE,MAP-CC04BF1B05264E87,VAR-7C57D171431DB0,EG-013,,,EGP,,,,,,,,,,,القاهرة,,,,,,,True,,اكتشاف من صفحة فئة,https://btech.com/en/c/electronics/networking/routers,,,لم يُرصد,بانتظار أول رصد سعر,0,,,True,يحتاج اكتشاف رابط المنتج,,2026-07-30T00:00:00,2026-07-30T00:00:00
CASH-0F7998F87F504D,VAR-14A10F2E1EF4CD|EG-013|STORE,MAP-D0B267A5FEBBB399,VAR-14A10F2E1EF4CD,EG-013,,,EGP,,,,,,,,,,,القاهرة,,,,,,,True,,اكتشاف من صفحة فئة,https://btech.com/en/c/electronics/networking/routers,,,لم يُرصد,بانتظار أول رصد سعر,0,,,True,يحتاج اكتشاف رابط المنتج,,2026-07-30T00:00:00,2026-07-30T00:00:00
CASH-A4AF245632EA5D,VAR-356787C5ECE907|EG-013|STORE,MAP-699A23A8A1E3C164,VAR-356787C5ECE907,EG-013,,,EGP,,,,,,,,,,,القاهرة,,,,,,,True,,اكتشاف من صفحة فئة,https://btech.com/en/c/electronics/networking/routers,,,لم يُرصد,بانتظار أول رصد سعر,0,,,True,يحتاج اكتشاف رابط المنتج,,2026-07-30T00:00:00,2026-07-30T00:00:00
CASH-85D5CC94CAFD97,VAR-7E287B093A6FD1|EG-013|STORE,MAP-FA6DB2588F263962,VAR-7E287B093A6FD1,EG-013,,,EGP,,,,,,,,,,,القاهرة,,,,,,,True,,اكتشاف من صفحة فئة,https://btech.com/en/c/electronics/networking/routers,,,لم يُرصد,بانتظار أول رصد سعر,0,,,True,يحتاج اكتشاف رابط المنتج,,2026-07-30T00:00:00,2026-07-30T00:00:00
CASH-7002BEF38350B8,VAR-517F927E720EA3|EG-013|STORE,MAP-5EB716FE9D67B055,VAR-517F927E720EA3,EG-013,,,EGP,,,,,,,,,,,القاهرة,,,,,,,True,,اكتشاف من صفحة فئة,https://btech.com/en/c/electronics/networking/routers,,,لم يُرصد,بانتظار أول رصد سعر,0,,,True,يحتاج اكتشاف رابط المنتج,,2026-07-30T00:00:00,2026-07-30T00:00:00
CASH-4DFE007ACA33A8,VAR-F07C3BF7349F8A|EG-013|STORE,MAP-B13F916EBE669345,VAR-F07C3BF7349F8A,EG-013,,,EGP,,,,,,,,,,,القاهرة,,,,,,,True,,HTML/JSON-LD,https://btech.com/en/p/tp-link-modem-router-tl-w9960,,,لم يُرصد,بانتظار أول رصد سعر,0,,,True,جاهز لأول رصد,Exact router model page; hardware revision is not exposed and must not be inferred.,2026-07-30T00:00:00,2026-07-30T00:00:00
CASH-B4AAC317904A54,VAR-47DEBF2DA62356|EG-013|STORE,MAP-80E6A1C3EBDE0FC6,VAR-47DEBF2DA62356,EG-013,,,EGP,,,,,,,,,,,القاهرة,,,,,,,True,,اكتشاف من صفحة فئة,https://btech.com/en/c/electronics/networking/routers,,,لم يُرصد,بانتظار أول رصد سعر,0,,,True,يحتاج اكتشاف رابط المنتج,,2026-07-30T00:00:00,2026-07-30T00:00:00
CASH-F7173D26E2DB2C,VAR-99F499D606863F|EG-013|STORE,MAP-2992FA471A7F7009,VAR-D451AA5E3989FF,EG-013,,,EGP,,,,,,,,,,,القاهرة,,,,,,,True,,اكتشاف من صفحة فئة,https://btech.com/en/c/electronics/networking/routers,,,لم يُرصد,بانتظار أول رصد سعر,0,,,True,يحتاج اكتشاف رابط المنتج,,2026-07-30T00:00:00,2026-07-30T00:00:00
CASH-17D85658DB527E,VAR-15BC233E7C8D60|EG-013|STORE,MAP-1737C182A262D001,VAR-15BC233E7C8D60,EG-013,,,EGP,,,,,,,,,,,القاهرة,,,,,,,True,,اكتشاف من صفحة فئة,https://btech.com/en/c/electronics/networking/routers,,,لم يُرصد,بانتظار أول رصد سعر,0,,,True,يحتاج اكتشاف رابط المنتج,,2026-07-30T00:00:00,2026-07-30T00:00:00
CASH-525DBD9F59A8DB,VAR-DA3BE66ECB6830|EG-013|STORE,MAP-9FDD50A5A50707F3,VAR-DA3BE66ECB6830,EG-013,,,EGP,,,,,,,,,,,القاهرة,,,,,,,True,,اكتشاف من صفحة فئة,https://btech.com/en/c/electronics/networking/routers,,,لم يُرصد,بانتظار أول رصد سعر,0,,,True,يحتاج اكتشاف رابط المنتج,,2026-07-30T00:00:00,2026-07-30T00:00:00
CASH-6AAF004A742CBB,VAR-1CECF453EFCBF2|EG-013|STORE,MAP-7BD627F84067F89B,VAR-1CECF453EFCBF2,EG-013,,,EGP,,,,,,,,,,,القاهرة,,,,,,,True,,اكتشاف من صفحة فئة,https://btech.com/en/c/electronics/networking/routers,,,لم يُرصد,بانتظار أول رصد سعر,0,,,True,يحتاج اكتشاف رابط المنتج,,2026-07-30T00:00:00,2026-07-30T00:00:00
CASH-D189390F7FAC95,VAR-7A43E4EBD8C105|EG-013|STORE,MAP-D472FE334E40EF5B,VAR-7A43E4EBD8C105,EG-013,,,EGP,,,,,,,,,,,القاهرة,,,,,,,True,,اكتشاف من صفحة فئة,https://btech.com/en/c/wearables/smartwatches-and-accessories/smart-watches,,,لم يُرصد,بانتظار أول رصد سعر,0,,,True,يحتاج اكتشاف رابط المنتج,,2026-07-30T00:00:00,2026-07-30T00:00:00
CASH-4B67EC6D8C5BF3,VAR-4824CB7C90C152|EG-013|STORE,MAP-CC3BB2385AB23855,VAR-4824CB7C90C152,EG-013,,,EGP,,,,,,,,,,,القاهرة,,,,,,,True,,اكتشاف من صفحة فئة,https://btech.com/en/c/wearables/smartwatches-and-accessories/smart-watches,,,لم يُرصد,بانتظار أول رصد سعر,0,,,True,يحتاج اكتشاف رابط المنتج,,2026-07-30T00:00:00,2026-07-30T00:00:00
CASH-EAB7F4FE7B9F7F,VAR-B58D0531ADF305|EG-013|STORE,MAP-8A6B400BB5BE666E,VAR-B58D0531ADF305,EG-013,,,EGP,,,,,,,,,,,القاهرة,,,,,,,True,,HTML/JSON-LD,https://btech.com/en/p/6564082e-af92-443b-ba04-c7b1945fe01f,,,لم يُرصد,بانتظار أول رصد سعر,0,,,True,جاهز لأول رصد,"Size is the watch case size, not display diagonal. The B.TECH variant selector exposes both 40mm/44mm and Graphite/Silver options.",2026-07-30T00:00:00,2026-07-30T00:00:00
CASH-4ED037EDFC447A,VAR-BAED1A49414DAA|EG-013|STORE,MAP-EAE5915D4BC41645,VAR-BAED1A49414DAA,EG-013,,,EGP,,,,,,,,,,,القاهرة,,,,,,,True,,HTML/JSON-LD,https://btech.com/en/p/7a229fed-efe7-4351-972d-8a8742ca2680,,,لم يُرصد,بانتظار أول رصد سعر,0,,,True,جاهز لأول رصد,"Size is the watch case size, not display diagonal. The B.TECH variant selector exposes both 40mm/44mm and Graphite/Silver options.",2026-07-30T00:00:00,2026-07-30T00:00:00
CASH-3DBBD603005BC9,VAR-172F7ED240DA67|EG-013|STORE,MAP-5290FFAA5D5A50C6,VAR-172F7ED240DA67,EG-013,,,EGP,,,,,,,,,,,القاهرة,,,,,,,True,,HTML/JSON-LD,https://btech.com/en/p/d219c3b7-fdee-4e3d-9176-a25b8d782b8c,,,لم يُرصد,بانتظار أول رصد سعر,0,,,True,جاهز لأول رصد,"Size is the watch case size, not display diagonal. The B.TECH variant selector exposes both 40mm/44mm and Graphite/Silver options.",2026-07-30T00:00:00,2026-07-30T00:00:00
CASH-1AAE41FC6AAFE1,VAR-6CEE4996156137|EG-013|STORE,MAP-D8CF417B7200A40B,VAR-6CEE4996156137,EG-013,,,EGP,,,,,,,,,,,القاهرة,,,,,,,True,,HTML/JSON-LD,https://btech.com/en/p/d219c3b7-fdee-4e3d-9176-a25b8d782b8c,,,لم يُرصد,بانتظار أول رصد سعر,0,,,True,جاهز لأول رصد,"Size is the watch case size, not display diagonal. The B.TECH variant selector exposes both 40mm/44mm and Graphite/Silver options.",2026-07-30T00:00:00,2026-07-30T00:00:00
CASH-D63200E132A4C6,VAR-E1D15DB3D7251F|EG-053|STORE,MAP-933B121C8F3C198A,VAR-E1D15DB3D7251F,EG-053,,,EGP,,,,,,,,,,,القاهرة,,,,,,,True,,HTML/JSON-LD,https://www.noon.com/egypt-en/galaxy-watch-8-classic-46mm-middle-east-version-gps-smartwatch-cushion-design-rotating-bezel-quick-button-3nm-processor-sleep-coaching-running-coach-black/N70189411V/p,,,لم يُرصد,بانتظار أول رصد سعر,0,,,True,جاهز لأول رصد,Exact Noon Egypt configuration page. Size is case size; the UAE/Middle East regional designation is retained in evidence and should not be merged with a different warranty region.,2026-07-30T00:00:00,2026-07-30T00:00:00
CASH-1D67B9C81CC196,VAR-5BB4D4D2DA6E62|EG-053|STORE,MAP-4C2774C667C65901,VAR-5BB4D4D2DA6E62,EG-053,,,EGP,,,,,,,,,,,القاهرة,,,,,,,True,,HTML/JSON-LD,https://www.noon.com/egypt-en/galaxy-watch-8-classic-46mm-uae-version-lte-smartwatch-cushion-design-rotating-bezel-quick-button-3nm-processor-sleep-coaching-running-coach-white/N70189422V/p,,,لم يُرصد,بانتظار أول رصد سعر,0,,,True,جاهز لأول رصد,Exact Noon Egypt configuration page. Size is case size; the UAE/Middle East regional designation is retained in evidence and should not be merged with a different warranty region.,2026-07-30T00:00:00,2026-07-30T00:00:00
CASH-4B76DB62630929,VAR-72D30795D10070|EG-050|STORE,MAP-C2F4A253F4EF5BC1,VAR-72D30795D10070,EG-050,,,EGP,,,,,,,,,,,القاهرة,,,,,,,True,,HTML/JSON-LD,https://www.amazon.eg/-/en/Samsung-Processor-Sapphire-Monitoring-Anti-oxidant/dp/B0FDQLKGBW,,,لم يُرصد,بانتظار أول رصد سعر,0,,,True,جاهز لأول رصد,Amazon Egypt exact configuration page. Size is case size; GTIN and Samsung part number are not exposed in the cited page.,2026-07-30T00:00:00,2026-07-30T00:00:00
CASH-361A2E86544C2D,VAR-9769140B0A7D30|EG-050|STORE,MAP-6E040F0767DFBA6D,VAR-9769140B0A7D30,EG-050,,,EGP,,,,,,,,,,,القاهرة,,,,,,,True,,HTML/JSON-LD,https://www.amazon.eg/-/en/Samsung-Processor-Frequency-Monitoring-Anti-oxidant/dp/B0FDQMBKVR,,,لم يُرصد,بانتظار أول رصد سعر,0,,,True,جاهز لأول رصد,Amazon Egypt exact configuration page. Size is case size; GTIN and Samsung part number are not exposed in the cited page.,2026-07-30T00:00:00,2026-07-30T00:00:00
CASH-F7EAC8D12E30F5,VAR-7564D05D1F2D65|EG-013|STORE,MAP-393FCE2B75E3FE29,VAR-7564D05D1F2D65,EG-013,,,EGP,,,,,,,,,,,القاهرة,,,,,,,True,,HTML/JSON-LD,https://btech.com/en/p/apple-iphone-17-256gb-8gb-ram-5g-mist-blue | https:/www.apple.com/eg/iphone-17/specs,,,لم يُرصد,بانتظار أول رصد سعر,0,,,True,جاهز لأول رصد,"B.TECH explicitly declares this RAM value on the cited exact product page. Apple Egypt confirms the model, capacity and finish but does not publish RAM; the RAM value is therefore retailer-declared evidence and is kept separate from the official RAM-null configuration.",2026-07-30T00:00:00,2026-07-30T00:00:00
CASH-329FD413F4FE0F,VAR-05858F0646462E|EG-013|STORE,MAP-CF69D1876F3281EC,VAR-05858F0646462E,EG-013,,,EGP,,,,,,,,,,,القاهرة,,,,,,,True,,HTML/JSON-LD,https://btech.com/en/p/apple-iphone-17-pro-256gb-12gb-ram-5g-cosmic-orange | https:/www.apple.com/eg/iphone-17-pro/specs,,,لم يُرصد,بانتظار أول رصد سعر,0,,,True,جاهز لأول رصد,"B.TECH explicitly declares this RAM value on the cited exact product page. Apple Egypt confirms the model, capacity and finish but does not publish RAM; the RAM value is therefore retailer-declared evidence and is kept separate from the official RAM-null configuration.",2026-07-30T00:00:00,2026-07-30T00:00:00
CASH-4930955F52E418,VAR-2284D7BFDA60C0|EG-013|STORE,MAP-DAF54747855FD02E,VAR-2284D7BFDA60C0,EG-013,,,EGP,,,,,,,,,,,القاهرة,,,,,,,True,,HTML/JSON-LD,https://btech.com/en/p/apple-iphone-17-pro-max-256gb-12gb-ram-5g-deep-blue | https:/www.apple.com/eg/iphone-17-pro/specs,,,لم يُرصد,بانتظار أول رصد سعر,0,,,True,جاهز لأول رصد,"B.TECH explicitly declares this RAM value on the cited exact product page. Apple Egypt confirms the model, capacity and finish but does not publish RAM; the RAM value is therefore retailer-declared evidence and is kept separate from the official RAM-null configuration.",2026-07-30T00:00:00,2026-07-30T00:00:00
CASH-FD56414015065C,VAR-B00CCF359A7358|EG-013|STORE,MAP-DBB0508FAD18BEBF,VAR-B00CCF359A7358,EG-013,,,EGP,,,,,,,,,,,القاهرة,,,,,,,True,,HTML/JSON-LD,https://btech.com/en/p/apple-iphone-17-air-256gb-8gb-ram-5g-space-black | https:/www.apple.com/eg/iphone-air/specs,,,لم يُرصد,بانتظار أول رصد سعر,0,,,True,جاهز لأول رصد,"B.TECH explicitly declares this RAM value on the cited exact product page. Apple Egypt confirms the model, capacity and finish but does not publish RAM; the RAM value is therefore retailer-declared evidence and is kept separate from the official RAM-null configuration.",2026-07-30T00:00:00,2026-07-30T00:00:00
CASH-B5782A97A406D5,VAR-A13E2652D97A3D|EG-013|STORE,MAP-40452D420FADBA39,VAR-A13E2652D97A3D,EG-013,,,EGP,,,,,,,,,,,القاهرة,,,,,,,True,,اكتشاف من صفحة فئة,https://btech.com/en/c/mobiles-tablets/mobile-phones/b/honor,,,لم يُرصد,بانتظار أول رصد سعر,0,,,True,يحتاج اكتشاف رابط المنتج,,2026-07-30T00:00:00,2026-07-30T00:00:00
CASH-C9BDE446E3EF9D,VAR-BD443D072F681D|EG-013|STORE,MAP-287496ADC23B96BC,VAR-BD443D072F681D,EG-013,,,EGP,,,,,,,,,,,القاهرة,,,,,,,True,,اكتشاف من صفحة فئة,https://btech.com/en/c/mobiles-tablets/mobile-phones/b/honor,,,لم يُرصد,بانتظار أول رصد سعر,0,,,True,يحتاج اكتشاف رابط المنتج,,2026-07-30T00:00:00,2026-07-30T00:00:00
CASH-E3C9FD744AA089,VAR-051855587C7670|EG-013|STORE,MAP-D0BC9E2C0A1E111C,VAR-051855587C7670,EG-013,,,EGP,,,,,,,,,,,القاهرة,,,,,,,True,,اكتشاف من صفحة فئة,https://btech.com/en/c/mobiles-tablets/mobile-phones/b/honor,,,لم يُرصد,بانتظار أول رصد سعر,0,,,True,يحتاج اكتشاف رابط المنتج,,2026-07-30T00:00:00,2026-07-30T00:00:00
CASH-F4536FF78209D6,VAR-E984268F0F9DB6|EG-013|STORE,MAP-C0C3596D0837BCC5,VAR-E984268F0F9DB6,EG-013,,,EGP,,,,,,,,,,,القاهرة,,,,,,,True,,اكتشاف من صفحة فئة,https://btech.com/en/c/mobiles-tablets/mobile-phones/b/honor,,,لم يُرصد,بانتظار أول رصد سعر,0,,,True,يحتاج اكتشاف رابط المنتج,,2026-07-30T00:00:00,2026-07-30T00:00:00
CASH-09285760E53A24,VAR-B3481EE76941B2|EG-013|STORE,MAP-9F9D4C9987849FD8,VAR-B3481EE76941B2,EG-013,,,EGP,,,,,,,,,,,القاهرة,,,,,,,True,,اكتشاف من صفحة فئة,https://btech.com/en/c/mobiles-tablets/mobile-phones/b/honor,,,لم يُرصد,بانتظار أول رصد سعر,0,,,True,يحتاج اكتشاف رابط المنتج,,2026-07-30T00:00:00,2026-07-30T00:00:00
CASH-0086BE3E441477,VAR-08B806A6E24890|EG-013|STORE,MAP-780B33CEA22843C9,VAR-08B806A6E24890,EG-013,,,EGP,,,,,,,,,,,القاهرة,,,,,,,True,,اكتشاف من صفحة فئة,https://btech.com/en/c/mobiles-tablets/mobile-phones/b/honor,,,لم يُرصد,بانتظار أول رصد سعر,0,,,True,يحتاج اكتشاف رابط المنتج,,2026-07-30T00:00:00,2026-07-30T00:00:00
CASH-CA9D0041361112,VAR-918F04E9259AA1|EG-013|STORE,MAP-C697488D1D974789,VAR-918F04E9259AA1,EG-013,,,EGP,,,,,,,,,,,القاهرة,,,,,,,True,,اكتشاف من صفحة فئة,https://btech.com/en/c/mobiles-tablets/mobile-phones/b/honor,,,لم يُرصد,بانتظار أول رصد سعر,0,,,True,يحتاج اكتشاف رابط المنتج,,2026-07-30T00:00:00,2026-07-30T00:00:00
CASH-1717609EAF942E,VAR-5E341007F16609|EG-013|STORE,MAP-E400C97BBEB5B04A,VAR-5E341007F16609,EG-013,,,EGP,,,,,,,,,,,القاهرة,,,,,,,True,,اكتشاف من صفحة فئة,https://btech.com/en/c/mobiles-tablets/mobile-phones/b/honor,,,لم يُرصد,بانتظار أول رصد سعر,0,,,True,يحتاج اكتشاف رابط المنتج,,2026-07-30T00:00:00,2026-07-30T00:00:00
CASH-DA82F06A026299,VAR-A8307EBC51F214|EG-013|STORE,MAP-8C678783EA524870,VAR-A8307EBC51F214,EG-013,,,EGP,,,,,,,,,,,القاهرة,,,,,,,True,,اكتشاف من صفحة فئة,https://btech.com/en/c/mobiles-tablets/mobile-phones/b/honor,,,لم يُرصد,بانتظار أول رصد سعر,0,,,True,يحتاج اكتشاف رابط المنتج,,2026-07-30T00:00:00,2026-07-30T00:00:00
CASH-E298A46DBA80B4,VAR-57067B5D43ACAA|EG-013|STORE,MAP-F823BE0F41BB37A6,VAR-57067B5D43ACAA,EG-013,,,EGP,,,,,,,,,,,القاهرة,,,,,,,True,,HTML/JSON-LD,https://btech.com/en/p/honor-400-256gb-12gb-ram-4g-lte-dual-sim-meteor-silver,,,لم يُرصد,بانتظار أول رصد سعر,0,,,True,جاهز لأول رصد,B.TECH exposes the three colors and both storage choices on the product variants. The page URL/title inconsistently says 4G while the product heading/search metadata says 5G; connectivity is retained as 5G but the inconsistency should be rechecked before live matching.,2026-07-30T00:00:00,2026-07-30T00:00:00
CASH-B5430781937E66,VAR-39BDA26905FA9A|EG-013|STORE,MAP-3A77605375952AC8,VAR-39BDA26905FA9A,EG-013,,,EGP,,,,,,,,,,,القاهرة,,,,,,,True,,HTML/JSON-LD,https://btech.com/en/p/honor-400-256gb-12gb-ram-4g-lte-dual-sim-meteor-silver,,,لم يُرصد,بانتظار أول رصد سعر,0,,,True,جاهز لأول رصد,B.TECH exposes the three colors and both storage choices on the product variants. The page URL/title inconsistently says 4G while the product heading/search metadata says 5G; connectivity is retained as 5G but the inconsistency should be rechecked before live matching.,2026-07-30T00:00:00,2026-07-30T00:00:00
CASH-718FE634D84172,VAR-6FAEA602AFFD76|EG-013|STORE,MAP-D895619B3B8ABED8,VAR-6FAEA602AFFD76,EG-013,,,EGP,,,,,,,,,,,القاهرة,,,,,,,True,,HTML/JSON-LD,https://btech.com/en/p/honor-400-256gb-12gb-ram-4g-lte-dual-sim-meteor-silver,,,لم يُرصد,بانتظار أول رصد سعر,0,,,True,جاهز لأول رصد,B.TECH exposes the three colors and both storage choices on the product variants. The page URL/title inconsistently says 4G while the product heading/search metadata says 5G; connectivity is retained as 5G but the inconsistency should be rechecked before live matching.,2026-07-30T00:00:00,2026-07-30T00:00:00
CASH-0505744B48A256,VAR-7079529B916853|EG-013|STORE,MAP-0497598D85DC33CC,VAR-7079529B916853,EG-013,,,EGP,,,,,,,,,,,القاهرة,,,,,,,True,,HTML/JSON-LD,https://btech.com/en/p/honor-400-512gb-12gb-ram-4g-lte-dual-sim-midnight-black,,,لم يُرصد,بانتظار أول رصد سعر,0,,,True,جاهز لأول رصد,B.TECH exposes the three colors and both storage choices on the product variants. The page URL/title inconsistently says 4G while the product heading/search metadata says 5G; connectivity is retained as 5G but the inconsistency should be rechecked before live matching.,2026-07-30T00:00:00,2026-07-30T00:00:00
CASH-1622F336643644,VAR-B80773C6A75BFA|EG-013|STORE,MAP-CA0CAA3BD78AA241,VAR-B80773C6A75BFA,EG-013,,,EGP,,,,,,,,,,,القاهرة,,,,,,,True,,HTML/JSON-LD,https://btech.com/en/p/honor-400-512gb-12gb-ram-4g-lte-dual-sim-midnight-black,,,لم يُرصد,بانتظار أول رصد سعر,0,,,True,جاهز لأول رصد,B.TECH exposes the three colors and both storage choices on the product variants. The page URL/title inconsistently says 4G while the product heading/search metadata says 5G; connectivity is retained as 5G but the inconsistency should be rechecked before live matching.,2026-07-30T00:00:00,2026-07-30T00:00:00
CASH-29AF247A171AD7,VAR-A4F9FA69450B27|EG-013|STORE,MAP-5B23B909C0CAAB16,VAR-A4F9FA69450B27,EG-013,,,EGP,,,,,,,,,,,القاهرة,,,,,,,True,,HTML/JSON-LD,https://btech.com/en/p/honor-400-512gb-12gb-ram-4g-lte-dual-sim-midnight-black,,,لم يُرصد,بانتظار أول رصد سعر,0,,,True,جاهز لأول رصد,B.TECH exposes the three colors and both storage choices on the product variants. The page URL/title inconsistently says 4G while the product heading/search metadata says 5G; connectivity is retained as 5G but the inconsistency should be rechecked before live matching.,2026-07-30T00:00:00,2026-07-30T00:00:00
CASH-AFEB227D77704C,VAR-68018245F26927|EG-013|STORE,MAP-F6EE4E6BC0149579,VAR-68018245F26927,EG-013,,,EGP,,,,,,,,,,,القاهرة,,,,,,,True,,HTML/JSON-LD,https://btech.com/en/p/honor-400-lite-256gb-8gb-4g-dual-sim-velvet-black,,,لم يُرصد,بانتظار أول رصد سعر,0,,,True,جاهز لأول رصد,Exact B.TECH product page; no GTIN was exposed.,2026-07-30T00:00:00,2026-07-30T00:00:00
CASH-9F80875DF573F2,VAR-ED9C5ACBD72D97|EG-013|STORE,MAP-2FB20D37C48F5C8D,VAR-ED9C5ACBD72D97,EG-013,,,EGP,,,,,,,,,,,القاهرة,,,,,,,True,,HTML/JSON-LD,https://btech.com/en/p/honor-400-pro-512gb-12gb-ram-5g-dual-sim-lunar-grey,,,لم يُرصد,بانتظار أول رصد سعر,0,,,True,جاهز لأول رصد,Both color options are surfaced by the same B.TECH variant page; no GTIN was exposed.,2026-07-30T00:00:00,2026-07-30T00:00:00
CASH-6A49C2B1A9EAB4,VAR-D8CB661D33AFCA|EG-013|STORE,MAP-BA620FD93F9F9922,VAR-D8CB661D33AFCA,EG-013,,,EGP,,,,,,,,,,,القاهرة,,,,,,,True,,HTML/JSON-LD,https://btech.com/en/p/honor-400-pro-512gb-12gb-ram-5g-dual-sim-lunar-grey,,,لم يُرصد,بانتظار أول رصد سعر,0,,,True,جاهز لأول رصد,Both color options are surfaced by the same B.TECH variant page; no GTIN was exposed.,2026-07-30T00:00:00,2026-07-30T00:00:00
CASH-F8E481226113C5,VAR-BA13A81E2B6C8D|EG-013|STORE,MAP-B0049F5BAC0219F5,VAR-BA13A81E2B6C8D,EG-013,,,EGP,,,,,,,,,,,القاهرة,,,,,,,True,,HTML/JSON-LD,https://btech.com/en/p/honor-x9c-256gb-12gb-ram-4g-lte-dual-sim-black,,,لم يُرصد,بانتظار أول رصد سعر,0,,,True,جاهز لأول رصد,Exact B.TECH color page; stock can vary by seller.,2026-07-30T00:00:00,2026-07-30T00:00:00
CASH-2043D676E137DC,VAR-EC463EEA2F8B1C|EG-013|STORE,MAP-5C0B28E06ECE2FA3,VAR-EC463EEA2F8B1C,EG-013,,,EGP,,,,,,,,,,,القاهرة,,,,,,,True,,HTML/JSON-LD,https://btech.com/en/p/honor-x9c-256gb-12gb-ram-4g-lte-dual-sim-cyan,,,لم يُرصد,بانتظار أول رصد سعر,0,,,True,جاهز لأول رصد,Exact B.TECH color page; stock can vary by seller.,2026-07-30T00:00:00,2026-07-30T00:00:00
CASH-A0AEB2FFC83DCE,VAR-3952224151E1A8|EG-013|STORE,MAP-6DC7C403E41BBA21,VAR-3952224151E1A8,EG-013,,,EGP,,,,,,,,,,,القاهرة,,,,,,,True,,HTML/JSON-LD,https://btech.com/en/p/honor-x9c-256gb-12gb-ram-4g-lte-dual-sim-orange,,,لم يُرصد,بانتظار أول رصد سعر,0,,,True,جاهز لأول رصد,Exact B.TECH color page; stock can vary by seller.,2026-07-30T00:00:00,2026-07-30T00:00:00
CASH-375FA95309CF1D,VAR-796E820D55D1FA|EG-013|STORE,MAP-C36F3CE2519C8FA9,VAR-796E820D55D1FA,EG-013,,,EGP,,,,,,,,,,,القاهرة,,,,,,,True,,HTML/JSON-LD,https://btech.com/en/p/honor-x9c-256gb-12gb-ram-4g-lte-dual-sim-purple,,,لم يُرصد,بانتظار أول رصد سعر,0,,,True,جاهز لأول رصد,Exact B.TECH color page; stock can vary by seller.,2026-07-30T00:00:00,2026-07-30T00:00:00
CASH-8ADC9D271E301D,VAR-2337572D2E8256|EG-013|STORE,MAP-647397B169AA4B2B,VAR-2337572D2E8256,EG-013,,,EGP,,,,,,,,,,,القاهرة,,,,,,,True,,HTML/JSON-LD,https://btech.com/en/p/honor-x9c-smart-256gb-12gb-ram-5g-black,,,لم يُرصد,بانتظار أول رصد سعر,0,,,True,جاهز لأول رصد,Exact color/configuration page in B.TECH's Egypt catalogue.,2026-07-30T00:00:00,2026-07-30T00:00:00
CASH-F3A54945EE7EF4,VAR-BB5355749A0FB4|EG-013|STORE,MAP-F8723FCADB99C82E,VAR-BB5355749A0FB4,EG-013,,,EGP,,,,,,,,,,,القاهرة,,,,,,,True,,HTML/JSON-LD,https://btech.com/en/p/honor-x9c-smart-256gb-12gb-4g-dual-sim-moonlight-white,,,لم يُرصد,بانتظار أول رصد سعر,0,,,True,جاهز لأول رصد,Exact color/configuration page in B.TECH's Egypt catalogue.,2026-07-30T00:00:00,2026-07-30T00:00:00
CASH-BB80C53CAF8008,VAR-C3CB03F9483240|EG-013|STORE,MAP-060DA1168CF040DC,VAR-C3CB03F9483240,EG-013,,,EGP,,,,,,,,,,,القاهرة,,,,,,,True,,HTML/JSON-LD,https://btech.com/en/p/honor-x9c-smart-256gb-12gb-4g-dual-sim-ocean-cyan,,,لم يُرصد,بانتظار أول رصد سعر,0,,,True,جاهز لأول رصد,Exact color/configuration page in B.TECH's Egypt catalogue.,2026-07-30T00:00:00,2026-07-30T00:00:00
CASH-B3CDB86E8F4F93,VAR-20484BA769DA5C|EG-013|STORE,MAP-159AEB0E9E17CF78,VAR-20484BA769DA5C,EG-013,,,EGP,,,,,,,,,,,القاهرة,,,,,,,True,,اكتشاف من صفحة فئة,https://btech.com/en/c/mobiles-tablets/mobile-phones/b/honor,,,لم يُرصد,بانتظار أول رصد سعر,0,,,True,يحتاج اكتشاف رابط المنتج,,2026-07-30T00:00:00,2026-07-30T00:00:00
CASH-10ACC3E2812FFE,VAR-68A92505F0029E|EG-013|STORE,MAP-8BAD7C2468ABC3FC,VAR-68A92505F0029E,EG-013,,,EGP,,,,,,,,,,,القاهرة,,,,,,,True,,اكتشاف من صفحة فئة,https://btech.com/en/c/mobiles-tablets/mobile-phones/b/honor,,,لم يُرصد,بانتظار أول رصد سعر,0,,,True,يحتاج اكتشاف رابط المنتج,,2026-07-30T00:00:00,2026-07-30T00:00:00
CASH-AF8796FDA8FE30,VAR-A4B52334B6C699|EG-013|STORE,MAP-7F525FA7C38BF15A,VAR-A4B52334B6C699,EG-013,,,EGP,,,,,,,,,,,القاهرة,,,,,,,True,,اكتشاف من صفحة فئة,https://btech.com/en/c/mobiles-tablets/mobile-phones/b/honor,,,لم يُرصد,بانتظار أول رصد سعر,0,,,True,يحتاج اكتشاف رابط المنتج,,2026-07-30T00:00:00,2026-07-30T00:00:00
CASH-FBE6F11384AE12,VAR-38A390E6D7233A|EG-013|STORE,MAP-D2FA67C214E8623D,VAR-38A390E6D7233A,EG-013,,,EGP,,,,,,,,,,,القاهرة,,,,,,,True,,اكتشاف من صفحة فئة,https://btech.com/en/c/mobiles-tablets/mobile-phones/b/honor,,,لم يُرصد,بانتظار أول رصد سعر,0,,,True,يحتاج اكتشاف رابط المنتج,,2026-07-30T00:00:00,2026-07-30T00:00:00
CASH-B982E521232B64,VAR-F3D57CDC978F01|EG-013|STORE,MAP-8490E769118130E3,VAR-F3D57CDC978F01,EG-013,,,EGP,,,,,,,,,,,القاهرة,,,,,,,True,,اكتشاف من صفحة فئة,https://btech.com/en/c/mobiles-tablets/mobile-phones/b/honor,,,لم يُرصد,بانتظار أول رصد سعر,0,,,True,يحتاج اكتشاف رابط المنتج,,2026-07-30T00:00:00,2026-07-30T00:00:00
CASH-39C1505ED93092,VAR-B619CA588E1C59|EG-013|STORE,MAP-B56E62B0662E3671,VAR-B619CA588E1C59,EG-013,,,EGP,,,,,,,,,,,القاهرة,,,,,,,True,,اكتشاف من صفحة فئة,https://btech.com/en/c/mobiles-tablets/mobile-phones/b/honor,,,لم يُرصد,بانتظار أول رصد سعر,0,,,True,يحتاج اكتشاف رابط المنتج,,2026-07-30T00:00:00,2026-07-30T00:00:00
CASH-2950B354AEF1BF,VAR-464A0A44C68553|EG-013|STORE,MAP-7D0B9145ED53D7F7,VAR-464A0A44C68553,EG-013,,,EGP,,,,,,,,,,,القاهرة,,,,,,,True,,اكتشاف من صفحة فئة,https://btech.com/en/c/mobiles-tablets/mobile-phones/b/honor,,,لم يُرصد,بانتظار أول رصد سعر,0,,,True,يحتاج اكتشاف رابط المنتج,,2026-07-30T00:00:00,2026-07-30T00:00:00
CASH-09F9C3EC2103C9,VAR-12F7FA5149AD8C|EG-013|STORE,MAP-AF4CD3275E4A9D9A,VAR-12F7FA5149AD8C,EG-013,,,EGP,,,,,,,,,,,القاهرة,,,,,,,True,,اكتشاف من صفحة فئة,https://btech.com/en/c/mobiles-tablets/mobile-phones/b/honor,,,لم يُرصد,بانتظار أول رصد سعر,0,,,True,يحتاج اكتشاف رابط المنتج,,2026-07-30T00:00:00,2026-07-30T00:00:00
CASH-247BDBFFAE2719,VAR-F12D6F48C2AFAD|EG-013|STORE,MAP-AC27A62A511BA688,VAR-F12D6F48C2AFAD,EG-013,,,EGP,,,,,,,,,,,القاهرة,,,,,,,True,,اكتشاف من صفحة فئة,https://btech.com/en/c/mobiles-tablets/mobile-phones/b/honor,,,لم يُرصد,بانتظار أول رصد سعر,0,,,True,يحتاج اكتشاف رابط المنتج,,2026-07-30T00:00:00,2026-07-30T00:00:00
CASH-F97D919AB4ECCE,VAR-090CE6DB6205F1|EG-013|STORE,MAP-BF76956BE2A3E5E1,VAR-090CE6DB6205F1,EG-013,,,EGP,,,,,,,,,,,القاهرة,,,,,,,True,,اكتشاف من صفحة فئة,https://btech.com/en/c/mobiles-tablets/mobile-phones/b/honor,,,لم يُرصد,بانتظار أول رصد سعر,0,,,True,يحتاج اكتشاف رابط المنتج,,2026-07-30T00:00:00,2026-07-30T00:00:00
CASH-4503C2D88187C5,VAR-DBD91C59278649|EG-013|STORE,MAP-D892F26847D7170C,VAR-DBD91C59278649,EG-013,,,EGP,,,,,,,,,,,القاهرة,,,,,,,True,,اكتشاف من صفحة فئة,https://btech.com/en/c/mobiles-tablets/mobile-phones/b/honor,,,لم يُرصد,بانتظار أول رصد سعر,0,,,True,يحتاج اكتشاف رابط المنتج,,2026-07-30T00:00:00,2026-07-30T00:00:00
CASH-86B084D0BDE964,VAR-24CF65FE6E8495|EG-013|STORE,MAP-D992113B63A4C7EF,VAR-24CF65FE6E8495,EG-013,,,EGP,,,,,,,,,,,القاهرة,,,,,,,True,,اكتشاف من صفحة فئة,https://btech.com/en/c/mobiles-tablets/mobile-phones/b/infinix,,,لم يُرصد,بانتظار أول رصد سعر,0,,,True,يحتاج اكتشاف رابط المنتج,,2026-07-30T00:00:00,2026-07-30T00:00:00
CASH-BEDDEEC1C890A4,VAR-B36CD366F3F0DE|EG-013|STORE,MAP-26E9633A4BE9BA3B,VAR-B36CD366F3F0DE,EG-013,,,EGP,,,,,,,,,,,القاهرة,,,,,,,True,,اكتشاف من صفحة فئة,https://btech.com/en/c/mobiles-tablets/mobile-phones/b/infinix,,,لم يُرصد,بانتظار أول رصد سعر,0,,,True,يحتاج اكتشاف رابط المنتج,,2026-07-30T00:00:00,2026-07-30T00:00:00
CASH-2E2B6C18848DD1,VAR-1528483A7496BE|EG-013|STORE,MAP-91074E2045A77795,VAR-1528483A7496BE,EG-013,,,EGP,,,,,,,,,,,القاهرة,,,,,,,True,,اكتشاف من صفحة فئة,https://btech.com/en/c/mobiles-tablets/mobile-phones/b/infinix,,,لم يُرصد,بانتظار أول رصد سعر,0,,,True,يحتاج اكتشاف رابط المنتج,,2026-07-30T00:00:00,2026-07-30T00:00:00
CASH-533F922ED998AE,VAR-DE05FA6815EF5C|EG-013|STORE,MAP-2194C1FF2E92DB99,VAR-DE05FA6815EF5C,EG-013,,,EGP,,,,,,,,,,,القاهرة,,,,,,,True,,اكتشاف من صفحة فئة,https://btech.com/en/c/mobiles-tablets/mobile-phones/b/infinix,,,لم يُرصد,بانتظار أول رصد سعر,0,,,True,يحتاج اكتشاف رابط المنتج,,2026-07-30T00:00:00,2026-07-30T00:00:00
CASH-DCAEF722A6FD77,VAR-5F56E37ACABF6F|EG-013|STORE,MAP-7440D4D541E52C4C,VAR-5F56E37ACABF6F,EG-013,,,EGP,,,,,,,,,,,القاهرة,,,,,,,True,,اكتشاف من صفحة فئة,https://btech.com/en/c/mobiles-tablets/mobile-phones/b/infinix,,,لم يُرصد,بانتظار أول رصد سعر,0,,,True,يحتاج اكتشاف رابط المنتج,,2026-07-30T00:00:00,2026-07-30T00:00:00
CASH-36ACFDF6A31CAA,VAR-00865AE7573802|EG-013|STORE,MAP-B5042B3A725EA3DD,VAR-00865AE7573802,EG-013,,,EGP,,,,,,,,,,,القاهرة,,,,,,,True,,اكتشاف من صفحة فئة,https://btech.com/en/c/mobiles-tablets/mobile-phones/b/infinix,,,لم يُرصد,بانتظار أول رصد سعر,0,,,True,يحتاج اكتشاف رابط المنتج,,2026-07-30T00:00:00,2026-07-30T00:00:00
CASH-E42CEB6EABAA24,VAR-D0677D1BF0714D|EG-013|STORE,MAP-D0BD81C15680BBEF,VAR-D0677D1BF0714D,EG-013,,,EGP,,,,,,,,,,,القاهرة,,,,,,,True,,اكتشاف من صفحة فئة,https://btech.com/en/c/mobiles-tablets/mobile-phones/b/infinix,,,لم يُرصد,بانتظار أول رصد سعر,0,,,True,يحتاج اكتشاف رابط المنتج,,2026-07-30T00:00:00,2026-07-30T00:00:00
CASH-3A6BF5ED773982,VAR-CAE92161EFDA41|EG-013|STORE,MAP-DA0320574BEB7C10,VAR-CAE92161EFDA41,EG-013,,,EGP,,,,,,,,,,,القاهرة,,,,,,,True,,اكتشاف من صفحة فئة,https://btech.com/en/c/mobiles-tablets/mobile-phones/b/infinix,,,لم يُرصد,بانتظار أول رصد سعر,0,,,True,يحتاج اكتشاف رابط المنتج,,2026-07-30T00:00:00,2026-07-30T00:00:00
CASH-89FBFC6FE8A3D9,VAR-A223EECC244E5C|EG-013|STORE,MAP-3B083AA49E300C54,VAR-A223EECC244E5C,EG-013,,,EGP,,,,,,,,,,,القاهرة,,,,,,,True,,HTML/JSON-LD,https://btech.com/en/p/infinix-hot-50-256gb-8gb-ram-4g-lte-dual-sim-black,,,لم يُرصد,بانتظار أول رصد سعر,0,,,True,جاهز لأول رصد,Exact color/configuration page in B.TECH's Egypt catalogue.,2026-07-30T00:00:00,2026-07-30T00:00:00
CASH-E6538B2F833374,VAR-1F96F09107721A|EG-013|STORE,MAP-5FEE36BDDAD94984,VAR-1F96F09107721A,EG-013,,,EGP,,,,,,,,,,,القاهرة,,,,,,,True,,HTML/JSON-LD,https://btech.com/en/p/infinix-hot-50-256gb-8gb-4g-lte-dual-sim-sage-green,,,لم يُرصد,بانتظار أول رصد سعر,0,,,True,جاهز لأول رصد,Exact color/configuration page in B.TECH's Egypt catalogue.,2026-07-30T00:00:00,2026-07-30T00:00:00
CASH-2818A94B59D602,VAR-57867BCCF6C330|EG-013|STORE,MAP-CC042989E8BF5D01,VAR-57867BCCF6C330,EG-013,,,EGP,,,,,,,,,,,القاهرة,,,,,,,True,,HTML/JSON-LD,https://btech.com/en/p/8a4f27b8-07dd-48d1-b305-f3272525716f,,,لم يُرصد,بانتظار أول رصد سعر,0,,,True,جاهز لأول رصد,All four colors are exposed on the same active B.TECH product variant page.,2026-07-30T00:00:00,2026-07-30T00:00:00
CASH-27B42EACAFC5F0,VAR-5C5D9B7B4C34BB|EG-013|STORE,MAP-3620789E4A241AE2,VAR-5C5D9B7B4C34BB,EG-013,,,EGP,,,,,,,,,,,القاهرة,,,,,,,True,,HTML/JSON-LD,https://btech.com/en/p/8a4f27b8-07dd-48d1-b305-f3272525716f,,,لم يُرصد,بانتظار أول رصد سعر,0,,,True,جاهز لأول رصد,All four colors are exposed on the same active B.TECH product variant page.,2026-07-30T00:00:00,2026-07-30T00:00:00
CASH-324B7063553AA9,VAR-F5DFC0CB8E70C6|EG-013|STORE,MAP-47B73AD05262337E,VAR-F5DFC0CB8E70C6,EG-013,,,EGP,,,,,,,,,,,القاهرة,,,,,,,True,,HTML/JSON-LD,https://btech.com/en/p/8a4f27b8-07dd-48d1-b305-f3272525716f,,,لم يُرصد,بانتظار أول رصد سعر,0,,,True,جاهز لأول رصد,All four colors are exposed on the same active B.TECH product variant page.,2026-07-30T00:00:00,2026-07-30T00:00:00
CASH-645DCD7FE37068,VAR-7CB3CB3246BD0E|EG-013|STORE,MAP-E9D31EF1F7BE1C10,VAR-7CB3CB3246BD0E,EG-013,,,EGP,,,,,,,,,,,القاهرة,,,,,,,True,,HTML/JSON-LD,https://btech.com/en/p/8a4f27b8-07dd-48d1-b305-f3272525716f,,,لم يُرصد,بانتظار أول رصد سعر,0,,,True,جاهز لأول رصد,All four colors are exposed on the same active B.TECH product variant page.,2026-07-30T00:00:00,2026-07-30T00:00:00
CASH-09AE2D37410332,VAR-AA264E87AC3C98|EG-013|STORE,MAP-426DAD60BBFC38CA,VAR-AA264E87AC3C98,EG-013,,,EGP,,,,,,,,,,,القاهرة,,,,,,,True,,HTML/JSON-LD,https://btech.com/en/p/infinix-note-50s-256gb-8gb-5g-dual-sim-titanium-grey,,,لم يُرصد,بانتظار أول رصد سعر,0,,,True,جاهز لأول رصد,Three colors are exposed by the B.TECH variant selector.,2026-07-30T00:00:00,2026-07-30T00:00:00
CASH-75699B010B7BB5,VAR-487536BF0E15A2|EG-013|STORE,MAP-87FEF9177BD21822,VAR-487536BF0E15A2,EG-013,,,EGP,,,,,,,,,,,القاهرة,,,,,,,True,,HTML/JSON-LD,https://btech.com/en/p/infinix-note-50s-256gb-8gb-5g-dual-sim-titanium-grey,,,لم يُرصد,بانتظار أول رصد سعر,0,,,True,جاهز لأول رصد,Three colors are exposed by the B.TECH variant selector.,2026-07-30T00:00:00,2026-07-30T00:00:00
CASH-B925AB29A3B987,VAR-EE1C9E0D884524|EG-013|STORE,MAP-CAC3A4663AC73C40,VAR-EE1C9E0D884524,EG-013,,,EGP,,,,,,,,,,,القاهرة,,,,,,,True,,HTML/JSON-LD,https://btech.com/en/p/infinix-note-50s-256gb-8gb-5g-dual-sim-titanium-grey,,,لم يُرصد,بانتظار أول رصد سعر,0,,,True,جاهز لأول رصد,Three colors are exposed by the B.TECH variant selector.,2026-07-30T00:00:00,2026-07-30T00:00:00
CASH-DAD65BD3AA8405,VAR-BABB0CFDD05A06|EG-013|STORE,MAP-0EB8DE09F3C2CD3E,VAR-BABB0CFDD05A06,EG-013,,,EGP,,,,,,,,,,,القاهرة,,,,,,,True,,اكتشاف من صفحة فئة,https://btech.com/en/c/mobiles-tablets/mobile-phones/b/infinix,,,لم يُرصد,بانتظار أول رصد سعر,0,,,True,يحتاج اكتشاف رابط المنتج,,2026-07-30T00:00:00,2026-07-30T00:00:00
CASH-3BBE1E365FAA67,VAR-7E46BB742E69F4|EG-013|STORE,MAP-17BF422563EFDD5D,VAR-7E46BB742E69F4,EG-013,,,EGP,,,,,,,,,,,القاهرة,,,,,,,True,,اكتشاف من صفحة فئة,https://btech.com/en/c/mobiles-tablets/mobile-phones/b/infinix,,,لم يُرصد,بانتظار أول رصد سعر,0,,,True,يحتاج اكتشاف رابط المنتج,,2026-07-30T00:00:00,2026-07-30T00:00:00
CASH-93FEBA6BB55689,VAR-8861AF6B8FCA4B|EG-013|STORE,MAP-E8CC56F1AF16340E,VAR-8861AF6B8FCA4B,EG-013,,,EGP,,,,,,,,,,,القاهرة,,,,,,,True,,اكتشاف من صفحة فئة,https://btech.com/en/c/mobiles-tablets/mobile-phones/b/infinix,,,لم يُرصد,بانتظار أول رصد سعر,0,,,True,يحتاج اكتشاف رابط المنتج,,2026-07-30T00:00:00,2026-07-30T00:00:00
CASH-0AB297B14374A0,VAR-1BD623A84F7414|EG-013|STORE,MAP-ED5F70A6D1588EAE,VAR-1BD623A84F7414,EG-013,,,EGP,,,,,,,,,,,القاهرة,,,,,,,True,,اكتشاف من صفحة فئة,https://btech.com/en/c/mobiles-tablets/mobile-phones/b/infinix,,,لم يُرصد,بانتظار أول رصد سعر,0,,,True,يحتاج اكتشاف رابط المنتج,تم دمج 2 أدلة لنفس المنتج والمتجر.,2026-07-30T00:00:00,2026-07-30T00:00:00
CASH-5ED49141546B5E,VAR-AEB4E5E61E8D8D|EG-013|STORE,MAP-228D212528CD91F6,VAR-AEB4E5E61E8D8D,EG-013,,,EGP,,,,,,,,,,,القاهرة,,,,,,,True,,اكتشاف من صفحة فئة,https://btech.com/en/c/mobiles-tablets/mobile-phones/b/infinix,,,لم يُرصد,بانتظار أول رصد سعر,0,,,True,يحتاج اكتشاف رابط المنتج,,2026-07-30T00:00:00,2026-07-30T00:00:00
CASH-F7649BB515E420,VAR-63F0895873D8EF|EG-013|STORE,MAP-1F12081BD9773123,VAR-63F0895873D8EF,EG-013,,,EGP,,,,,,,,,,,القاهرة,,,,,,,True,,اكتشاف من صفحة فئة,https://btech.com/en/c/mobiles-tablets/mobile-phones/b/infinix,,,لم يُرصد,بانتظار أول رصد سعر,0,,,True,يحتاج اكتشاف رابط المنتج,تم دمج 2 أدلة لنفس المنتج والمتجر.,2026-07-30T00:00:00,2026-07-30T00:00:00
CASH-C4463F63559091,VAR-31D559960B49E5|EG-013|STORE,MAP-EDE0374109975244,VAR-31D559960B49E5,EG-013,,,EGP,,,,,,,,,,,القاهرة,,,,,,,True,,اكتشاف من صفحة فئة,https://btech.com/en/c/mobiles-tablets/mobile-phones/b/infinix,,,لم يُرصد,بانتظار أول رصد سعر,0,,,True,يحتاج اكتشاف رابط المنتج,تم دمج 2 أدلة لنفس المنتج والمتجر.,2026-07-30T00:00:00,2026-07-30T00:00:00
CASH-F40ED088341B24,VAR-CEEAFA2EB20416|EG-013|STORE,MAP-A4D9D056D262BD18,VAR-CEEAFA2EB20416,EG-013,,,EGP,,,,,,,,,,,القاهرة,,,,,,,True,,اكتشاف من صفحة فئة,https://btech.com/en/c/mobiles-tablets/mobile-phones/b/infinix,,,لم يُرصد,بانتظار أول رصد سعر,0,,,True,يحتاج اكتشاف رابط المنتج,تم دمج 2 أدلة لنفس المنتج والمتجر.,2026-07-30T00:00:00,2026-07-30T00:00:00
CASH-A909F9CB8395A9,VAR-E46CA62518210B|EG-013|STORE,MAP-A7771A795EF04558,VAR-E46CA62518210B,EG-013,,,EGP,,,,,,,,,,,القاهرة,,,,,,,True,,اكتشاف من صفحة فئة,https://btech.com/en/c/mobiles-tablets/mobile-phones/b/infinix,,,لم يُرصد,بانتظار أول رصد سعر,0,,,True,يحتاج اكتشاف رابط المنتج,تم دمج 2 أدلة لنفس المنتج والمتجر.,2026-07-30T00:00:00,2026-07-30T00:00:00
CASH-7151BC38B918A1,VAR-CAD798DB2B0A04|EG-013|STORE,MAP-1975D6169D1B30F6,VAR-CAD798DB2B0A04,EG-013,,,EGP,,,,,,,,,,,القاهرة,,,,,,,True,,اكتشاف من صفحة فئة,https://btech.com/en/c/mobiles-tablets/mobile-phones/b/infinix,,,لم يُرصد,بانتظار أول رصد سعر,0,,,True,يحتاج اكتشاف رابط المنتج,تم دمج 2 أدلة لنفس المنتج والمتجر.,2026-07-30T00:00:00,2026-07-30T00:00:00
CASH-AB6249AD650312,VAR-C6DA2E5C354FCF|EG-013|STORE,MAP-19AB1445A0915005,VAR-C6DA2E5C354FCF,EG-013,,,EGP,,,,,,,,,,,القاهرة,,,,,,,True,,اكتشاف من صفحة فئة,https://btech.com/en/c/mobiles-tablets/mobile-phones/b/infinix,,,لم يُرصد,بانتظار أول رصد سعر,0,,,True,يحتاج اكتشاف رابط المنتج,تم دمج 2 أدلة لنفس المنتج والمتجر.,2026-07-30T00:00:00,2026-07-30T00:00:00
CASH-9B87BBA112925A,VAR-86E119A05221B2|EG-013|STORE,MAP-0CB5774CB3E48CD8,VAR-86E119A05221B2,EG-013,,,EGP,,,,,,,,,,,القاهرة,,,,,,,True,,اكتشاف من صفحة فئة,https://btech.com/en/c/mobiles-tablets/mobile-phones/b/oppo,,,لم يُرصد,بانتظار أول رصد سعر,0,,,True,يحتاج اكتشاف رابط المنتج,,2026-07-30T00:00:00,2026-07-30T00:00:00
CASH-B26F194CE2B7E8,VAR-841520CC0C867B|EG-013|STORE,MAP-7B3A0019FA095EEA,VAR-841520CC0C867B,EG-013,,,EGP,,,,,,,,,,,القاهرة,,,,,,,True,,اكتشاف من صفحة فئة,https://btech.com/en/c/mobiles-tablets/mobile-phones/b/oppo,,,لم يُرصد,بانتظار أول رصد سعر,0,,,True,يحتاج اكتشاف رابط المنتج,,2026-07-30T00:00:00,2026-07-30T00:00:00
CASH-D573B4C76231F0,VAR-339FB3DA7AE8B7|EG-013|STORE,MAP-100F8AB2222BFCCC,VAR-339FB3DA7AE8B7,EG-013,,,EGP,,,,,,,,,,,القاهرة,,,,,,,True,,اكتشاف من صفحة فئة,https://btech.com/en/c/mobiles-tablets/mobile-phones/b/oppo,,,لم يُرصد,بانتظار أول رصد سعر,0,,,True,يحتاج اكتشاف رابط المنتج,,2026-07-30T00:00:00,2026-07-30T00:00:00
CASH-0F47C55005822D,VAR-71648102B1AD73|EG-013|STORE,MAP-EC43A7E604B619B3,VAR-71648102B1AD73,EG-013,,,EGP,,,,,,,,,,,القاهرة,,,,,,,True,,اكتشاف من صفحة فئة,https://btech.com/en/c/mobiles-tablets/mobile-phones/b/oppo,,,لم يُرصد,بانتظار أول رصد سعر,0,,,True,يحتاج اكتشاف رابط المنتج,,2026-07-30T00:00:00,2026-07-30T00:00:00
CASH-D3D72AB99CC3A6,VAR-5A24BEE3884A2A|EG-013|STORE,MAP-F82285A9D1BC4C66,VAR-5A24BEE3884A2A,EG-013,,,EGP,,,,,,,,,,,القاهرة,,,,,,,True,,اكتشاف من صفحة فئة,https://btech.com/en/c/mobiles-tablets/mobile-phones/b/oppo,,,لم يُرصد,بانتظار أول رصد سعر,0,,,True,يحتاج اكتشاف رابط المنتج,,2026-07-30T00:00:00,2026-07-30T00:00:00
CASH-6DF63F7E6A8C73,VAR-CD580A8C7E9D80|EG-013|STORE,MAP-E09D688DD6012385,VAR-CD580A8C7E9D80,EG-013,,,EGP,,,,,,,,,,,القاهرة,,,,,,,True,,اكتشاف من صفحة فئة,https://btech.com/en/c/mobiles-tablets/mobile-phones/b/oppo,,,لم يُرصد,بانتظار أول رصد سعر,0,,,True,يحتاج اكتشاف رابط المنتج,,2026-07-30T00:00:00,2026-07-30T00:00:00
CASH-3E2F7CEC34563E,VAR-3A484529F7F816|EG-013|STORE,MAP-45C9FDAFF44A6AB2,VAR-3A484529F7F816,EG-013,,,EGP,,,,,,,,,,,القاهرة,,,,,,,True,,اكتشاف من صفحة فئة,https://btech.com/en/c/mobiles-tablets/mobile-phones/b/oppo,,,لم يُرصد,بانتظار أول رصد سعر,0,,,True,يحتاج اكتشاف رابط المنتج,,2026-07-30T00:00:00,2026-07-30T00:00:00
CASH-0E637BD4E1DC91,VAR-CFDFEE34D73CB6|EG-013|STORE,MAP-54B5F1B9BDD098F7,VAR-CFDFEE34D73CB6,EG-013,,,EGP,,,,,,,,,,,القاهرة,,,,,,,True,,اكتشاف من صفحة فئة,https://btech.com/en/c/mobiles-tablets/mobile-phones/b/oppo,,,لم يُرصد,بانتظار أول رصد سعر,0,,,True,يحتاج اكتشاف رابط المنتج,,2026-07-30T00:00:00,2026-07-30T00:00:00
CASH-431F4563330CAC,VAR-68CFDF385A6270|EG-013|STORE,MAP-CEC9C46B33637723,VAR-68CFDF385A6270,EG-013,,,EGP,,,,,,,,,,,القاهرة,,,,,,,True,,اكتشاف من صفحة فئة,https://btech.com/en/c/mobiles-tablets/mobile-phones/b/oppo,,,لم يُرصد,بانتظار أول رصد سعر,0,,,True,يحتاج اكتشاف رابط المنتج,,2026-07-30T00:00:00,2026-07-30T00:00:00
CASH-51E2039FE00DA0,VAR-1BF65E93D86296|EG-013|STORE,MAP-D45C097915384A43,VAR-1BF65E93D86296,EG-013,,,EGP,,,,,,,,,,,القاهرة,,,,,,,True,,اكتشاف من صفحة فئة,https://btech.com/en/c/mobiles-tablets/mobile-phones/b/oppo,,,لم يُرصد,بانتظار أول رصد سعر,0,,,True,يحتاج اكتشاف رابط المنتج,,2026-07-30T00:00:00,2026-07-30T00:00:00
CASH-C5AC9189B6DF04,VAR-4722D36FBABC14|EG-013|STORE,MAP-AC140BDEF6403CD4,VAR-4722D36FBABC14,EG-013,,,EGP,,,,,,,,,,,القاهرة,,,,,,,True,,اكتشاف من صفحة فئة,https://btech.com/en/c/mobiles-tablets/mobile-phones/b/oppo,,,لم يُرصد,بانتظار أول رصد سعر,0,,,True,يحتاج اكتشاف رابط المنتج,,2026-07-30T00:00:00,2026-07-30T00:00:00
CASH-071C9F29D2D3BA,VAR-080FB06A9659B3|EG-013|STORE,MAP-266511B1324AF659,VAR-080FB06A9659B3,EG-013,,,EGP,,,,,,,,,,,القاهرة,,,,,,,True,,اكتشاف من صفحة فئة,https://btech.com/en/c/mobiles-tablets/mobile-phones/b/oppo,,,لم يُرصد,بانتظار أول رصد سعر,0,,,True,يحتاج اكتشاف رابط المنتج,,2026-07-30T00:00:00,2026-07-30T00:00:00
CASH-E0774B523BC765,VAR-C340FA2A6EF27F|EG-013|STORE,MAP-CAB85FFD7D485674,VAR-C340FA2A6EF27F,EG-013,,,EGP,,,,,,,,,,,القاهرة,,,,,,,True,,اكتشاف من صفحة فئة,https://btech.com/en/c/mobiles-tablets/mobile-phones/b/oppo,,,لم يُرصد,بانتظار أول رصد سعر,0,,,True,يحتاج اكتشاف رابط المنتج,,2026-07-30T00:00:00,2026-07-30T00:00:00
CASH-C6E860C3CAE118,VAR-760E05DA16C56A|EG-013|STORE,MAP-1ACBCEB8F3D3A6BF,VAR-760E05DA16C56A,EG-013,,,EGP,,,,,,,,,,,القاهرة,,,,,,,True,,HTML/JSON-LD,https://btech.com/en/p/oppo-a5-256gb-8gb-ram-4g-dual-sim-aurora-green,,,لم يُرصد,بانتظار أول رصد سعر,0,,,True,جاهز لأول رصد,Exact store product configuration; no GTIN was exposed.,2026-07-30T00:00:00,2026-07-30T00:00:00
CASH-AA48A0C55B18D6,VAR-8A922591403136|EG-013|STORE,MAP-E1063CEDE929B2EC,VAR-8A922591403136,EG-013,,,EGP,,,,,,,,,,,القاهرة,,,,,,,True,,HTML/JSON-LD,https://btech.com/en/p/oppo-a5-pro-256gb-8gb-ram-5g-dual-sim-mocha-brown,,,لم يُرصد,بانتظار أول رصد سعر,0,,,True,جاهز لأول رصد,B.TECH exposes both colors. Its URL contains 5G while the page heading describes the listed device as 4G; connectivity follows the visible page heading and is flagged for recheck.,2026-07-30T00:00:00,2026-07-30T00:00:00
CASH-39368566BC50EA,VAR-B24988C9E3799B|EG-013|STORE,MAP-F71F4DE3E002F38E,VAR-B24988C9E3799B,EG-013,,,EGP,,,,,,,,,,,القاهرة,,,,,,,True,,HTML/JSON-LD,https://btech.com/en/p/oppo-a5-pro-256gb-8gb-ram-5g-dual-sim-mocha-brown,,,لم يُرصد,بانتظار أول رصد سعر,0,,,True,جاهز لأول رصد,B.TECH exposes both colors. Its URL contains 5G while the page heading describes the listed device as 4G; connectivity follows the visible page heading and is flagged for recheck.,2026-07-30T00:00:00,2026-07-30T00:00:00
CASH-FAC25624EB6B4A,VAR-6DBD9C1AFEE5A3|EG-013|STORE,MAP-155A96C10FE5E48E,VAR-6DBD9C1AFEE5A3,EG-013,,,EGP,,,,,,,,,,,القاهرة,,,,,,,True,,HTML/JSON-LD,https://btech.com/en/p/341d59db-23db-4fcd-8aac-74037585126a,,,لم يُرصد,بانتظار أول رصد سعر,0,,,True,جاهز لأول رصد,Exact store product configuration; no GTIN was exposed.,2026-07-30T00:00:00,2026-07-30T00:00:00
CASH-59ADDBA24A4FD7,VAR-777486F582B6FA|EG-013|STORE,MAP-D37F0DE8D0265088,VAR-777486F582B6FA,EG-013,,,EGP,,,,,,,,,,,القاهرة,,,,,,,True,,HTML/JSON-LD,https://btech.com/en/p/oppo-reno11-f-256gb-8gb-5g-dual-sim-palm-green,,,لم يُرصد,بانتظار أول رصد سعر,0,,,True,جاهز لأول رصد,Exact store product configuration; no GTIN was exposed.,2026-07-30T00:00:00,2026-07-30T00:00:00
CASH-BE5FE09DF0A520,VAR-FD7DBC310ADD7B|EG-013|STORE,MAP-F5F82B2ECD746185,VAR-FD7DBC310ADD7B,EG-013,,,EGP,,,,,,,,,,,القاهرة,,,,,,,True,,اكتشاف من صفحة فئة,https://btech.com/en/c/mobiles-tablets/mobile-phones/b/oppo,,,لم يُرصد,بانتظار أول رصد سعر,0,,,True,يحتاج اكتشاف رابط المنتج,,2026-07-30T00:00:00,2026-07-30T00:00:00
CASH-7F9CCB23181B2C,VAR-5E3ECF3884C512|EG-013|STORE,MAP-60A517540FF3CDA0,VAR-5E3ECF3884C512,EG-013,,,EGP,,,,,,,,,,,القاهرة,,,,,,,True,,اكتشاف من صفحة فئة,https://btech.com/en/c/mobiles-tablets/mobile-phones/b/oppo,,,لم يُرصد,بانتظار أول رصد سعر,0,,,True,يحتاج اكتشاف رابط المنتج,,2026-07-30T00:00:00,2026-07-30T00:00:00
CASH-6893BA7443E3CF,VAR-277D16E2BC41B0|EG-013|STORE,MAP-A946AF808C4C51ED,VAR-277D16E2BC41B0,EG-013,,,EGP,,,,,,,,,,,القاهرة,,,,,,,True,,اكتشاف من صفحة فئة,https://btech.com/en/c/mobiles-tablets/mobile-phones/b/oppo,,,لم يُرصد,بانتظار أول رصد سعر,0,,,True,يحتاج اكتشاف رابط المنتج,,2026-07-30T00:00:00,2026-07-30T00:00:00
CASH-B49BA26FC6F4C7,VAR-C999765042C06F|EG-013|STORE,MAP-DE825A0EBE496D92,VAR-C999765042C06F,EG-013,,,EGP,,,,,,,,,,,القاهرة,,,,,,,True,,اكتشاف من صفحة فئة,https://btech.com/en/c/mobiles-tablets/mobile-phones/b/oppo,,,لم يُرصد,بانتظار أول رصد سعر,0,,,True,يحتاج اكتشاف رابط المنتج,,2026-07-30T00:00:00,2026-07-30T00:00:00
CASH-0C4878BA03862F,VAR-56D475626DA2D1|EG-013|STORE,MAP-9DDC368F5C035C2D,VAR-56D475626DA2D1,EG-013,,,EGP,,,,,,,,,,,القاهرة,,,,,,,True,,اكتشاف من صفحة فئة,https://btech.com/en/c/mobiles-tablets/mobile-phones/b/oppo,,,لم يُرصد,بانتظار أول رصد سعر,0,,,True,يحتاج اكتشاف رابط المنتج,,2026-07-30T00:00:00,2026-07-30T00:00:00
CASH-D9F72D9DB7233A,VAR-61A10674B91FCA|EG-013|STORE,MAP-D8418CC4F4DACA64,VAR-61A10674B91FCA,EG-013,,,EGP,,,,,,,,,,,القاهرة,,,,,,,True,,اكتشاف من صفحة فئة,https://btech.com/en/c/mobiles-tablets/mobile-phones/b/realme,,,لم يُرصد,بانتظار أول رصد سعر,0,,,True,يحتاج اكتشاف رابط المنتج,,2026-07-30T00:00:00,2026-07-30T00:00:00
CASH-62AC25023DC647,VAR-F5D60FC3B37841|EG-013|STORE,MAP-4F78D085F6BE354D,VAR-F5D60FC3B37841,EG-013,,,EGP,,,,,,,,,,,القاهرة,,,,,,,True,,اكتشاف من صفحة فئة,https://btech.com/en/c/mobiles-tablets/mobile-phones/b/realme,,,لم يُرصد,بانتظار أول رصد سعر,0,,,True,يحتاج اكتشاف رابط المنتج,,2026-07-30T00:00:00,2026-07-30T00:00:00
CASH-8747D6C3A66C73,VAR-AE975E0FC692CD|EG-013|STORE,MAP-4CE15DE17A9A9E69,VAR-AE975E0FC692CD,EG-013,,,EGP,,,,,,,,,,,القاهرة,,,,,,,True,,اكتشاف من صفحة فئة,https://btech.com/en/c/mobiles-tablets/mobile-phones/b/realme,,,لم يُرصد,بانتظار أول رصد سعر,0,,,True,يحتاج اكتشاف رابط المنتج,,2026-07-30T00:00:00,2026-07-30T00:00:00
CASH-34C13ABE0CCB06,VAR-2B9FEF17EE947E|EG-013|STORE,MAP-D1D0C6550B622FC9,VAR-2B9FEF17EE947E,EG-013,,,EGP,,,,,,,,,,,القاهرة,,,,,,,True,,اكتشاف من صفحة فئة,https://btech.com/en/c/mobiles-tablets/mobile-phones/b/realme,,,لم يُرصد,بانتظار أول رصد سعر,0,,,True,يحتاج اكتشاف رابط المنتج,,2026-07-30T00:00:00,2026-07-30T00:00:00
CASH-510BFD687846E8,VAR-EA6AA790810C8F|EG-013|STORE,MAP-EBC6E0EE061A409A,VAR-EA6AA790810C8F,EG-013,,,EGP,,,,,,,,,,,القاهرة,,,,,,,True,,اكتشاف من صفحة فئة,https://btech.com/en/c/mobiles-tablets/mobile-phones/b/realme,,,لم يُرصد,بانتظار أول رصد سعر,0,,,True,يحتاج اكتشاف رابط المنتج,,2026-07-30T00:00:00,2026-07-30T00:00:00
CASH-300DE762A47B72,VAR-C67C8CBC8AA88B|EG-013|STORE,MAP-599E77AB5FCC13B9,VAR-C67C8CBC8AA88B,EG-013,,,EGP,,,,,,,,,,,القاهرة,,,,,,,True,,اكتشاف من صفحة فئة,https://btech.com/en/c/mobiles-tablets/mobile-phones/b/realme,,,لم يُرصد,بانتظار أول رصد سعر,0,,,True,يحتاج اكتشاف رابط المنتج,,2026-07-30T00:00:00,2026-07-30T00:00:00
CASH-305E790D9467C8,VAR-0DEB5D7EAADA5F|EG-013|STORE,MAP-301E78786ADB7BBD,VAR-0DEB5D7EAADA5F,EG-013,,,EGP,,,,,,,,,,,القاهرة,,,,,,,True,,اكتشاف من صفحة فئة,https://btech.com/en/c/mobiles-tablets/mobile-phones/b/realme,,,لم يُرصد,بانتظار أول رصد سعر,0,,,True,يحتاج اكتشاف رابط المنتج,,2026-07-30T00:00:00,2026-07-30T00:00:00
CASH-2529D7FB2BB18B,VAR-90411D6D48C869|EG-013|STORE,MAP-103CAF98F160F8FF,VAR-90411D6D48C869,EG-013,,,EGP,,,,,,,,,,,القاهرة,,,,,,,True,,اكتشاف من صفحة فئة,https://btech.com/en/c/mobiles-tablets/mobile-phones/b/realme,,,لم يُرصد,بانتظار أول رصد سعر,0,,,True,يحتاج اكتشاف رابط المنتج,,2026-07-30T00:00:00,2026-07-30T00:00:00
CASH-2BA30C6EFA43E7,VAR-52D27074660926|EG-013|STORE,MAP-9BB743D1409A85AB,VAR-52D27074660926,EG-013,,,EGP,,,,,,,,,,,القاهرة,,,,,,,True,,اكتشاف من صفحة فئة,https://btech.com/en/c/mobiles-tablets/mobile-phones/b/realme,,,لم يُرصد,بانتظار أول رصد سعر,0,,,True,يحتاج اكتشاف رابط المنتج,,2026-07-30T00:00:00,2026-07-30T00:00:00
CASH-465C864D98A2F3,VAR-C794D4066BCDDE|EG-013|STORE,MAP-943FF5CF1900E8DF,VAR-C794D4066BCDDE,EG-013,,,EGP,,,,,,,,,,,القاهرة,,,,,,,True,,اكتشاف من صفحة فئة,https://btech.com/en/c/mobiles-tablets/mobile-phones/b/realme,,,لم يُرصد,بانتظار أول رصد سعر,0,,,True,يحتاج اكتشاف رابط المنتج,,2026-07-30T00:00:00,2026-07-30T00:00:00
CASH-98270CE49803C7,VAR-8ADE82952B5F52|EG-013|STORE,MAP-3B4314A1B4596394,VAR-8ADE82952B5F52,EG-013,,,EGP,,,,,,,,,,,القاهرة,,,,,,,True,,اكتشاف من صفحة فئة,https://btech.com/en/c/mobiles-tablets/mobile-phones/b/realme,,,لم يُرصد,بانتظار أول رصد سعر,0,,,True,يحتاج اكتشاف رابط المنتج,,2026-07-30T00:00:00,2026-07-30T00:00:00
CASH-CD605156D23B31,VAR-9D86F1864A8A7B|EG-013|STORE,MAP-7696FEB41AB35095,VAR-9D86F1864A8A7B,EG-013,,,EGP,,,,,,,,,,,القاهرة,,,,,,,True,,اكتشاف من صفحة فئة,https://btech.com/en/c/mobiles-tablets/mobile-phones/b/realme,,,لم يُرصد,بانتظار أول رصد سعر,0,,,True,يحتاج اكتشاف رابط المنتج,,2026-07-30T00:00:00,2026-07-30T00:00:00
CASH-68A7DB095D3235,VAR-09874A1FF94255|EG-013|STORE,MAP-A661BF8E27EB26BD,VAR-09874A1FF94255,EG-013,,,EGP,,,,,,,,,,,القاهرة,,,,,,,True,,اكتشاف من صفحة فئة,https://btech.com/en/c/mobiles-tablets/mobile-phones/b/realme,,,لم يُرصد,بانتظار أول رصد سعر,0,,,True,يحتاج اكتشاف رابط المنتج,,2026-07-30T00:00:00,2026-07-30T00:00:00
CASH-3ADE10F8CF8023,VAR-B9BE7D1A523064|EG-013|STORE,MAP-CBC5003138D89E96,VAR-B9BE7D1A523064,EG-013,,,EGP,,,,,,,,,,,القاهرة,,,,,,,True,,اكتشاف من صفحة فئة,https://btech.com/en/c/mobiles-tablets/mobile-phones/b/realme,,,لم يُرصد,بانتظار أول رصد سعر,0,,,True,يحتاج اكتشاف رابط المنتج,,2026-07-30T00:00:00,2026-07-30T00:00:00
CASH-C4C69E9BE2F800,VAR-3FFB09A9C50AC9|EG-013|STORE,MAP-300B0B8235BE53E3,VAR-3FFB09A9C50AC9,EG-013,,,EGP,,,,,,,,,,,القاهرة,,,,,,,True,,اكتشاف من صفحة فئة,https://btech.com/en/c/mobiles-tablets/mobile-phones/b/realme,,,لم يُرصد,بانتظار أول رصد سعر,0,,,True,يحتاج اكتشاف رابط المنتج,,2026-07-30T00:00:00,2026-07-30T00:00:00
CASH-051836E2ED1700,VAR-E7185DCB1EC226|EG-013|STORE,MAP-6F2D40345A61D9E8,VAR-E7185DCB1EC226,EG-013,,,EGP,,,,,,,,,,,القاهرة,,,,,,,True,,اكتشاف من صفحة فئة,https://btech.com/en/c/mobiles-tablets/mobile-phones/b/realme,,,لم يُرصد,بانتظار أول رصد سعر,0,,,True,يحتاج اكتشاف رابط المنتج,,2026-07-30T00:00:00,2026-07-30T00:00:00
CASH-BC6C90412628C9,VAR-5D912FCF512395|EG-013|STORE,MAP-889CBC327EEA4AAF,VAR-5D912FCF512395,EG-013,,,EGP,,,,,,,,,,,القاهرة,,,,,,,True,,اكتشاف من صفحة فئة,https://btech.com/en/c/mobiles-tablets/mobile-phones/b/realme,,,لم يُرصد,بانتظار أول رصد سعر,0,,,True,يحتاج اكتشاف رابط المنتج,,2026-07-30T00:00:00,2026-07-30T00:00:00
CASH-EE13985AB07805,VAR-01AAE89B5C7F3D|EG-013|STORE,MAP-412AFD5E65AAFEBC,VAR-01AAE89B5C7F3D,EG-013,,,EGP,,,,,,,,,,,القاهرة,,,,,,,True,,HTML/JSON-LD,https://btech.com/en/p/realme-14-pro-plus-256gb-12gb-ram-5g-dual-sim-pearl-white,,,لم يُرصد,بانتظار أول رصد سعر,0,,,True,جاهز لأول رصد,Exact store product configuration; no GTIN was exposed.,2026-07-30T00:00:00,2026-07-30T00:00:00
CASH-A6EB4D630E4858,VAR-8B7D7F9E557238|EG-013|STORE,MAP-CB1EB8479910C273,VAR-8B7D7F9E557238,EG-013,,,EGP,,,,,,,,,,,القاهرة,,,,,,,True,,HTML/JSON-LD,https://btech.com/en/p/bbc9a92e-269c-4ebe-8834-0658f6a7870c,,,لم يُرصد,بانتظار أول رصد سعر,0,,,True,جاهز لأول رصد,Exact store product configuration; no GTIN was exposed.,2026-07-30T00:00:00,2026-07-30T00:00:00
CASH-D497B2C4CEE8FB,VAR-6CC2F4EFA13512|EG-013|STORE,MAP-4AB9A5821F148743,VAR-6CC2F4EFA13512,EG-013,,,EGP,,,,,,,,,,,القاهرة,,,,,,,True,,HTML/JSON-LD,https://btech.com/en/p/realme-c75x-256gb-8gb-4g-dual-sim-oceanic-blue,,,لم يُرصد,بانتظار أول رصد سعر,0,,,True,جاهز لأول رصد,Exact store product configuration; no GTIN was exposed.,2026-07-30T00:00:00,2026-07-30T00:00:00
CASH-E14E9516012715,VAR-EE32977A5BB730|EG-013|STORE,MAP-55EDCCE629974400,VAR-EE32977A5BB730,EG-013,,,EGP,,,,,,,,,,,القاهرة,,,,,,,True,,HTML/JSON-LD,https://btech.com/en/p/7de1f0f8-9d60-4ca1-a589-4af3d291472f,,,لم يُرصد,بانتظار أول رصد سعر,0,,,True,جاهز لأول رصد,"The store page confirms RAM/storage/model but the indexed evidence did not expose a color, so color is intentionally null.",2026-07-30T00:00:00,2026-07-30T00:00:00
CASH-34E139A7310C69,VAR-D198C264AC497A|EG-013|STORE,MAP-D582E61074CEC630,VAR-D198C264AC497A,EG-013,,,EGP,,,,,,,,,,,القاهرة,,,,,,,True,,اكتشاف من صفحة فئة,https://btech.com/en/c/mobiles-tablets/mobile-phones/b/samsung,,,لم يُرصد,بانتظار أول رصد سعر,0,,,True,يحتاج اكتشاف رابط المنتج,تم دمج 2 أدلة لنفس المنتج والمتجر.,2026-07-30T00:00:00,2026-07-30T00:00:00
CASH-69C5923196CB30,VAR-FF226F77907A42|EG-013|STORE,MAP-AEBAC9C34833556F,VAR-FF226F77907A42,EG-013,,,EGP,,,,,,,,,,,القاهرة,,,,,,,True,,اكتشاف من صفحة فئة,https://btech.com/en/c/mobiles-tablets/mobile-phones/b/samsung,,,لم يُرصد,بانتظار أول رصد سعر,0,,,True,يحتاج اكتشاف رابط المنتج,,2026-07-30T00:00:00,2026-07-30T00:00:00
CASH-AA4117245F9C1D,VAR-CB598EFB5EC824|EG-013|STORE,MAP-AEBAA29BE1C1DECC,VAR-CB598EFB5EC824,EG-013,,,EGP,,,,,,,,,,,القاهرة,,,,,,,True,,اكتشاف من صفحة فئة,https://btech.com/en/c/mobiles-tablets/mobile-phones/b/samsung,,,لم يُرصد,بانتظار أول رصد سعر,0,,,True,يحتاج اكتشاف رابط المنتج,تم دمج 2 أدلة لنفس المنتج والمتجر.,2026-07-30T00:00:00,2026-07-30T00:00:00
CASH-F8517422A69173,VAR-46C53A4F584848|EG-013|STORE,MAP-0E76C7C5C388EB40,VAR-46C53A4F584848,EG-013,,,EGP,,,,,,,,,,,القاهرة,,,,,,,True,,اكتشاف من صفحة فئة,https://btech.com/en/c/mobiles-tablets/mobile-phones/b/samsung,,,لم يُرصد,بانتظار أول رصد سعر,0,,,True,يحتاج اكتشاف رابط المنتج,تم دمج 2 أدلة لنفس المنتج والمتجر.,2026-07-30T00:00:00,2026-07-30T00:00:00
CASH-3CF8A943CD0299,VAR-71621E55EC3486|EG-013|STORE,MAP-27FF0C3B7AA26C49,VAR-71621E55EC3486,EG-013,,,EGP,,,,,,,,,,,القاهرة,,,,,,,True,,اكتشاف من صفحة فئة,https://btech.com/en/c/mobiles-tablets/mobile-phones/b/samsung,,,لم يُرصد,بانتظار أول رصد سعر,0,,,True,يحتاج اكتشاف رابط المنتج,تم دمج 2 أدلة لنفس المنتج والمتجر.,2026-07-30T00:00:00,2026-07-30T00:00:00
CASH-80843DE12A68A1,VAR-2C11D3B178D6E2|EG-013|STORE,MAP-CED4B6BB99FE99F3,VAR-2C11D3B178D6E2,EG-013,,,EGP,,,,,,,,,,,القاهرة,,,,,,,True,,اكتشاف من صفحة فئة,https://btech.com/en/c/mobiles-tablets/mobile-phones/b/samsung,,,لم يُرصد,بانتظار أول رصد سعر,0,,,True,يحتاج اكتشاف رابط المنتج,تم دمج 2 أدلة لنفس المنتج والمتجر.,2026-07-30T00:00:00,2026-07-30T00:00:00
CASH-82CE42980C1E7C,VAR-4793FEE9A3B873|EG-013|STORE,MAP-539D253EF34B49BE,VAR-4793FEE9A3B873,EG-013,,,EGP,,,,,,,,,,,القاهرة,,,,,,,True,,اكتشاف من صفحة فئة,https://btech.com/en/c/mobiles-tablets/mobile-phones/b/samsung,,,لم يُرصد,بانتظار أول رصد سعر,0,,,True,يحتاج اكتشاف رابط المنتج,تم دمج 2 أدلة لنفس المنتج والمتجر.,2026-07-30T00:00:00,2026-07-30T00:00:00
CASH-BA73D6903CF3EC,VAR-7DD87D3B0CF8FB|EG-013|STORE,MAP-0DAFAAC93EB25D79,VAR-7DD87D3B0CF8FB,EG-013,,,EGP,,,,,,,,,,,القاهرة,,,,,,,True,,اكتشاف من صفحة فئة,https://btech.com/en/c/mobiles-tablets/mobile-phones/b/samsung,,,لم يُرصد,بانتظار أول رصد سعر,0,,,True,يحتاج اكتشاف رابط المنتج,,2026-07-30T00:00:00,2026-07-30T00:00:00
CASH-E96FA4F839ADB0,VAR-C221087C13A4F5|EG-013|STORE,MAP-2FF2078EBDFFBD41,VAR-C221087C13A4F5,EG-013,,,EGP,,,,,,,,,,,القاهرة,,,,,,,True,,اكتشاف من صفحة فئة,https://btech.com/en/c/mobiles-tablets/mobile-phones/b/samsung,,,لم يُرصد,بانتظار أول رصد سعر,0,,,True,يحتاج اكتشاف رابط المنتج,تم دمج 2 أدلة لنفس المنتج والمتجر.,2026-07-30T00:00:00,2026-07-30T00:00:00
CASH-47858EA2E59C53,VAR-66C29FF8099EC8|EG-013|STORE,MAP-7513F0EB3939D44F,VAR-66C29FF8099EC8,EG-013,,,EGP,,,,,,,,,,,القاهرة,,,,,,,True,,اكتشاف من صفحة فئة,https://btech.com/en/c/mobiles-tablets/mobile-phones/b/samsung,,,لم يُرصد,بانتظار أول رصد سعر,0,,,True,يحتاج اكتشاف رابط المنتج,تم دمج 2 أدلة لنفس المنتج والمتجر.,2026-07-30T00:00:00,2026-07-30T00:00:00
CASH-556F420AD299FA,VAR-D8E60BB4273D0C|EG-013|STORE,MAP-EF988101E60588AE,VAR-D8E60BB4273D0C,EG-013,,,EGP,,,,,,,,,,,القاهرة,,,,,,,True,,اكتشاف من صفحة فئة,https://btech.com/en/c/mobiles-tablets/mobile-phones/b/samsung,,,لم يُرصد,بانتظار أول رصد سعر,0,,,True,يحتاج اكتشاف رابط المنتج,,2026-07-30T00:00:00,2026-07-30T00:00:00
CASH-34A3BF9D84A5F9,VAR-D13C3F19A829C5|EG-013|STORE,MAP-6285F37282DC427A,VAR-D13C3F19A829C5,EG-013,,,EGP,,,,,,,,,,,القاهرة,,,,,,,True,,اكتشاف من صفحة فئة,https://btech.com/en/c/mobiles-tablets/mobile-phones/b/samsung,,,لم يُرصد,بانتظار أول رصد سعر,0,,,True,يحتاج اكتشاف رابط المنتج,,2026-07-30T00:00:00,2026-07-30T00:00:00
CASH-C14326FDBCCC45,VAR-8AA57D7F612435|EG-013|STORE,MAP-8E1E570C3DE26B21,VAR-8AA57D7F612435,EG-013,,,EGP,,,,,,,,,,,القاهرة,,,,,,,True,,اكتشاف من صفحة فئة,https://btech.com/en/c/mobiles-tablets/mobile-phones/b/samsung,,,لم يُرصد,بانتظار أول رصد سعر,0,,,True,يحتاج اكتشاف رابط المنتج,تم دمج 2 أدلة لنفس المنتج والمتجر.,2026-07-30T00:00:00,2026-07-30T00:00:00
CASH-23E3615EB15FD0,VAR-92DC140EE80DBC|EG-013|STORE,MAP-DFA53A40C409A896,VAR-92DC140EE80DBC,EG-013,,,EGP,,,,,,,,,,,القاهرة,,,,,,,True,,اكتشاف من صفحة فئة,https://btech.com/en/c/mobiles-tablets/mobile-phones/b/samsung,,,لم يُرصد,بانتظار أول رصد سعر,0,,,True,يحتاج اكتشاف رابط المنتج,,2026-07-30T00:00:00,2026-07-30T00:00:00
CASH-2EFE04F9544E17,VAR-ECFA12D4CC81AA|EG-013|STORE,MAP-2F61AB0FFE396C96,VAR-ECFA12D4CC81AA,EG-013,,,EGP,,,,,,,,,,,القاهرة,,,,,,,True,,اكتشاف من صفحة فئة,https://btech.com/en/c/mobiles-tablets/mobile-phones/b/samsung,,,لم يُرصد,بانتظار أول رصد سعر,0,,,True,يحتاج اكتشاف رابط المنتج,,2026-07-30T00:00:00,2026-07-30T00:00:00
CASH-02702A6310654D,VAR-AAB8D8AF34AC38|EG-013|STORE,MAP-58A0AF45A8950222,VAR-AAB8D8AF34AC38,EG-013,,,EGP,,,,,,,,,,,القاهرة,,,,,,,True,,اكتشاف من صفحة فئة,https://btech.com/en/c/mobiles-tablets/mobile-phones/b/samsung,,,لم يُرصد,بانتظار أول رصد سعر,0,,,True,يحتاج اكتشاف رابط المنتج,تم دمج 2 أدلة لنفس المنتج والمتجر.,2026-07-30T00:00:00,2026-07-30T00:00:00
CASH-586A7BB8C5E494,VAR-247334D8D596E5|EG-013|STORE,MAP-220ECFBAF9621520,VAR-247334D8D596E5,EG-013,,,EGP,,,,,,,,,,,القاهرة,,,,,,,True,,اكتشاف من صفحة فئة,https://btech.com/en/c/mobiles-tablets/mobile-phones/b/samsung,,,لم يُرصد,بانتظار أول رصد سعر,0,,,True,يحتاج اكتشاف رابط المنتج,تم دمج 2 أدلة لنفس المنتج والمتجر.,2026-07-30T00:00:00,2026-07-30T00:00:00
CASH-6996DE7B77B6B3,VAR-11493B2717F922|EG-013|STORE,MAP-7E1AA3FF0B660448,VAR-11493B2717F922,EG-013,,,EGP,,,,,,,,,,,القاهرة,,,,,,,True,,اكتشاف من صفحة فئة,https://btech.com/en/c/mobiles-tablets/mobile-phones/b/samsung,,,لم يُرصد,بانتظار أول رصد سعر,0,,,True,يحتاج اكتشاف رابط المنتج,تم دمج 2 أدلة لنفس المنتج والمتجر.,2026-07-30T00:00:00,2026-07-30T00:00:00
CASH-AEDA202C7376BE,VAR-2951D8CDE839A8|EG-013|STORE,MAP-B83CD3A73E344CD4,VAR-2951D8CDE839A8,EG-013,,,EGP,,,,,,,,,,,القاهرة,,,,,,,True,,اكتشاف من صفحة فئة,https://btech.com/en/c/mobiles-tablets/mobile-phones/b/samsung,,,لم يُرصد,بانتظار أول رصد سعر,0,,,True,يحتاج اكتشاف رابط المنتج,,2026-07-30T00:00:00,2026-07-30T00:00:00
CASH-E2C48CFD8319DC,VAR-06CF77183C351B|EG-017|STORE,MAP-DBBED711ABA7DD60,VAR-06CF77183C351B,EG-017,,,EGP,,,,,,,,,,,القاهرة,,,,,,,False,,يحدد عند بناء الموصل,https://www.samsung.com/eg/smartphones/galaxy-s26/buy,,,لم يُرصد,بانتظار أول رصد سعر,0,,,True,تحتاج مراجعة,Samsung Egypt's buying tool and FAQ confirm both memory configurations and the four Egypt-selectable colors. Processor is not filled because the page indicates regional chipset variation. The SM-S942 family model identifier is not stored as manufacturer_sku because it is not a complete sellable variant SKU.,2026-07-30T00:00:00,2026-07-30T00:00:00
CASH-E90B0C2E3504F0,VAR-8C855A3500E959|EG-017|STORE,MAP-BAA0F76527E30ED9,VAR-8C855A3500E959,EG-017,,,EGP,,,,,,,,,,,القاهرة,,,,,,,False,,يحدد عند بناء الموصل,https://www.samsung.com/eg/smartphones/galaxy-s26/buy,,,لم يُرصد,بانتظار أول رصد سعر,0,,,True,تحتاج مراجعة,Samsung Egypt's buying tool and FAQ confirm both memory configurations and the four Egypt-selectable colors. Processor is not filled because the page indicates regional chipset variation. The SM-S942 family model identifier is not stored as manufacturer_sku because it is not a complete sellable variant SKU.,2026-07-30T00:00:00,2026-07-30T00:00:00
CASH-04F2A54CE97039,VAR-976DB584C8383E|EG-017|STORE,MAP-68A288BDD24F9334,VAR-976DB584C8383E,EG-017,,,EGP,,,,,,,,,,,القاهرة,,,,,,,False,,يحدد عند بناء الموصل,https://www.samsung.com/eg/smartphones/galaxy-s26/buy,,,لم يُرصد,بانتظار أول رصد سعر,0,,,True,تحتاج مراجعة,Samsung Egypt's buying tool and FAQ confirm both memory configurations and the four Egypt-selectable colors. Processor is not filled because the page indicates regional chipset variation. The SM-S942 family model identifier is not stored as manufacturer_sku because it is not a complete sellable variant SKU.,2026-07-30T00:00:00,2026-07-30T00:00:00
CASH-CB6FBF352CDBD2,VAR-939D4B8AC2E6C8|EG-017|STORE,MAP-425473ACF67A8384,VAR-939D4B8AC2E6C8,EG-017,,,EGP,,,,,,,,,,,القاهرة,,,,,,,False,,يحدد عند بناء الموصل,https://www.samsung.com/eg/smartphones/galaxy-s26/buy,,,لم يُرصد,بانتظار أول رصد سعر,0,,,True,تحتاج مراجعة,Samsung Egypt's buying tool and FAQ confirm both memory configurations and the four Egypt-selectable colors. Processor is not filled because the page indicates regional chipset variation. The SM-S942 family model identifier is not stored as manufacturer_sku because it is not a complete sellable variant SKU.,2026-07-30T00:00:00,2026-07-30T00:00:00
CASH-F5FF94B1232DCA,VAR-B22E06754BAD10|EG-017|STORE,MAP-39AD9C15DA62E988,VAR-B22E06754BAD10,EG-017,,,EGP,,,,,,,,,,,القاهرة,,,,,,,False,,يحدد عند بناء الموصل,https://www.samsung.com/eg/smartphones/galaxy-s26/buy,,,لم يُرصد,بانتظار أول رصد سعر,0,,,True,تحتاج مراجعة,Samsung Egypt's buying tool and FAQ confirm both memory configurations and the four Egypt-selectable colors. Processor is not filled because the page indicates regional chipset variation. The SM-S942 family model identifier is not stored as manufacturer_sku because it is not a complete sellable variant SKU.,2026-07-30T00:00:00,2026-07-30T00:00:00
CASH-8B3AF94D5C5CAE,VAR-9E7C137F094CAF|EG-017|STORE,MAP-8C31E4AA7DECAA5E,VAR-9E7C137F094CAF,EG-017,,,EGP,,,,,,,,,,,القاهرة,,,,,,,False,,يحدد عند بناء الموصل,https://www.samsung.com/eg/smartphones/galaxy-s26/buy,,,لم يُرصد,بانتظار أول رصد سعر,0,,,True,تحتاج مراجعة,Samsung Egypt's buying tool and FAQ confirm both memory configurations and the four Egypt-selectable colors. Processor is not filled because the page indicates regional chipset variation. The SM-S942 family model identifier is not stored as manufacturer_sku because it is not a complete sellable variant SKU.,2026-07-30T00:00:00,2026-07-30T00:00:00
CASH-A02652325983B2,VAR-3F59A9F9C197F2|EG-017|STORE,MAP-886D901A1695654B,VAR-3F59A9F9C197F2,EG-017,,,EGP,,,,,,,,,,,القاهرة,,,,,,,False,,يحدد عند بناء الموصل,https://www.samsung.com/eg/smartphones/galaxy-s26/buy,,,لم يُرصد,بانتظار أول رصد سعر,0,,,True,تحتاج مراجعة,Samsung Egypt's buying tool and FAQ confirm both memory configurations and the four Egypt-selectable colors. Processor is not filled because the page indicates regional chipset variation. The SM-S942 family model identifier is not stored as manufacturer_sku because it is not a complete sellable variant SKU.,2026-07-30T00:00:00,2026-07-30T00:00:00
CASH-05A23BAA11880F,VAR-6A2827055E92F0|EG-017|STORE,MAP-0F93BFF9BF165EE2,VAR-6A2827055E92F0,EG-017,,,EGP,,,,,,,,,,,القاهرة,,,,,,,False,,يحدد عند بناء الموصل,https://www.samsung.com/eg/smartphones/galaxy-s26/buy,,,لم يُرصد,بانتظار أول رصد سعر,0,,,True,تحتاج مراجعة,Samsung Egypt's buying tool and FAQ confirm both memory configurations and the four Egypt-selectable colors. Processor is not filled because the page indicates regional chipset variation. The SM-S942 family model identifier is not stored as manufacturer_sku because it is not a complete sellable variant SKU.,2026-07-30T00:00:00,2026-07-30T00:00:00
CASH-EACD022B944F67,VAR-F56BAD0A55B99D|EG-017|STORE,MAP-C1E593F6A867F688,VAR-F56BAD0A55B99D,EG-017,,,EGP,,,,,,,,,,,القاهرة,,,,,,,False,,يحدد عند بناء الموصل,https://www.samsung.com/eg/smartphones/galaxy-s26-ultra/buy,,,لم يُرصد,بانتظار أول رصد سعر,0,,,True,تحتاج مراجعة,"Samsung Egypt's buying page confirms the three RAM/storage pairings, the four Egypt-selectable colors and the processor. The SM-S948 family model identifier is not stored as manufacturer_sku because it is not a complete sellable variant SKU.",2026-07-30T00:00:00,2026-07-30T00:00:00
CASH-1929D2C93D14AE,VAR-AA5454BFF8AF96|EG-017|STORE,MAP-0C4FCE0EFD277EFD,VAR-AA5454BFF8AF96,EG-017,,,EGP,,,,,,,,,,,القاهرة,,,,,,,False,,يحدد عند بناء الموصل,https://www.samsung.com/eg/smartphones/galaxy-s26-ultra/buy,,,لم يُرصد,بانتظار أول رصد سعر,0,,,True,تحتاج مراجعة,"Samsung Egypt's buying page confirms the three RAM/storage pairings, the four Egypt-selectable colors and the processor. The SM-S948 family model identifier is not stored as manufacturer_sku because it is not a complete sellable variant SKU.",2026-07-30T00:00:00,2026-07-30T00:00:00
CASH-AC9F47D10092BF,VAR-15AA88A270DED9|EG-017|STORE,MAP-A520D4AB0349A860,VAR-15AA88A270DED9,EG-017,,,EGP,,,,,,,,,,,القاهرة,,,,,,,False,,يحدد عند بناء الموصل,https://www.samsung.com/eg/smartphones/galaxy-s26-ultra/buy,,,لم يُرصد,بانتظار أول رصد سعر,0,,,True,تحتاج مراجعة,"Samsung Egypt's buying page confirms the three RAM/storage pairings, the four Egypt-selectable colors and the processor. The SM-S948 family model identifier is not stored as manufacturer_sku because it is not a complete sellable variant SKU.",2026-07-30T00:00:00,2026-07-30T00:00:00
CASH-8850C064566445,VAR-2B5DC3632E3781|EG-017|STORE,MAP-1D35367DA5B7E7EC,VAR-2B5DC3632E3781,EG-017,,,EGP,,,,,,,,,,,القاهرة,,,,,,,False,,يحدد عند بناء الموصل,https://www.samsung.com/eg/smartphones/galaxy-s26-ultra/buy,,,لم يُرصد,بانتظار أول رصد سعر,0,,,True,تحتاج مراجعة,"Samsung Egypt's buying page confirms the three RAM/storage pairings, the four Egypt-selectable colors and the processor. The SM-S948 family model identifier is not stored as manufacturer_sku because it is not a complete sellable variant SKU.",2026-07-30T00:00:00,2026-07-30T00:00:00
CASH-DF47D4899D5FAB,VAR-BF93E8B01C0FE4|EG-017|STORE,MAP-E5D6FFA191470F88,VAR-BF93E8B01C0FE4,EG-017,,,EGP,,,,,,,,,,,القاهرة,,,,,,,False,,يحدد عند بناء الموصل,https://www.samsung.com/eg/smartphones/galaxy-s26-ultra/buy,,,لم يُرصد,بانتظار أول رصد سعر,0,,,True,تحتاج مراجعة,"Samsung Egypt's buying page confirms the three RAM/storage pairings, the four Egypt-selectable colors and the processor. The SM-S948 family model identifier is not stored as manufacturer_sku because it is not a complete sellable variant SKU.",2026-07-30T00:00:00,2026-07-30T00:00:00
CASH-D6C592BA80AF30,VAR-23940E587FB2A7|EG-017|STORE,MAP-0E192E9536EBF2AB,VAR-23940E587FB2A7,EG-017,,,EGP,,,,,,,,,,,القاهرة,,,,,,,False,,يحدد عند بناء الموصل,https://www.samsung.com/eg/smartphones/galaxy-s26-ultra/buy,,,لم يُرصد,بانتظار أول رصد سعر,0,,,True,تحتاج مراجعة,"Samsung Egypt's buying page confirms the three RAM/storage pairings, the four Egypt-selectable colors and the processor. The SM-S948 family model identifier is not stored as manufacturer_sku because it is not a complete sellable variant SKU.",2026-07-30T00:00:00,2026-07-30T00:00:00
CASH-D61AA46CDAE7DD,VAR-D012DC5CDCBACB|EG-017|STORE,MAP-E661AC0EB12450A5,VAR-D012DC5CDCBACB,EG-017,,,EGP,,,,,,,,,,,القاهرة,,,,,,,False,,يحدد عند بناء الموصل,https://www.samsung.com/eg/smartphones/galaxy-s26-ultra/buy,,,لم يُرصد,بانتظار أول رصد سعر,0,,,True,تحتاج مراجعة,"Samsung Egypt's buying page confirms the three RAM/storage pairings, the four Egypt-selectable colors and the processor. The SM-S948 family model identifier is not stored as manufacturer_sku because it is not a complete sellable variant SKU.",2026-07-30T00:00:00,2026-07-30T00:00:00
CASH-52F389C398B09A,VAR-B3EF364157CC67|EG-017|STORE,MAP-FAE973854146A071,VAR-B3EF364157CC67,EG-017,,,EGP,,,,,,,,,,,القاهرة,,,,,,,False,,يحدد عند بناء الموصل,https://www.samsung.com/eg/smartphones/galaxy-s26-ultra/buy,,,لم يُرصد,بانتظار أول رصد سعر,0,,,True,تحتاج مراجعة,"Samsung Egypt's buying page confirms the three RAM/storage pairings, the four Egypt-selectable colors and the processor. The SM-S948 family model identifier is not stored as manufacturer_sku because it is not a complete sellable variant SKU.",2026-07-30T00:00:00,2026-07-30T00:00:00
CASH-F0B29493F221A6,VAR-7A86B8E19AB4A8|EG-013|STORE,MAP-5E5ADC66AAB85ABD,VAR-7A86B8E19AB4A8,EG-013,,,EGP,,,,,,,,,,,القاهرة,,,,,,,True,,اكتشاف من صفحة فئة,https://btech.com/en/c/mobiles-tablets/mobile-phones/b/samsung,,,لم يُرصد,بانتظار أول رصد سعر,0,,,True,يحتاج اكتشاف رابط المنتج,,2026-07-30T00:00:00,2026-07-30T00:00:00
CASH-91DBF02803EBBD,VAR-2CDB04A5FDF6F9|EG-017|STORE,MAP-E8830431474DD601,VAR-2CDB04A5FDF6F9,EG-017,,,EGP,,,,,,,,,,,القاهرة,,,,,,,False,,يحدد عند بناء الموصل,https://www.samsung.com/eg/smartphones/galaxy-s26-ultra/buy,,,لم يُرصد,بانتظار أول رصد سعر,0,,,True,تحتاج مراجعة,"Samsung Egypt's buying page confirms the three RAM/storage pairings, the four Egypt-selectable colors and the processor. The SM-S948 family model identifier is not stored as manufacturer_sku because it is not a complete sellable variant SKU.",2026-07-30T00:00:00,2026-07-30T00:00:00
CASH-724890B3D234FD,VAR-34071598B86B8F|EG-017|STORE,MAP-45EDCAA2AF30FFA3,VAR-34071598B86B8F,EG-017,,,EGP,,,,,,,,,,,القاهرة,,,,,,,False,,يحدد عند بناء الموصل,https://www.samsung.com/eg/smartphones/galaxy-s26-ultra/buy,,,لم يُرصد,بانتظار أول رصد سعر,0,,,True,تحتاج مراجعة,"Samsung Egypt's buying page confirms the three RAM/storage pairings, the four Egypt-selectable colors and the processor. The SM-S948 family model identifier is not stored as manufacturer_sku because it is not a complete sellable variant SKU.",2026-07-30T00:00:00,2026-07-30T00:00:00
CASH-D901ED34A2A6D7,VAR-3FA9DF68355BD5|EG-017|STORE,MAP-1695CB726FAFEBEF,VAR-3FA9DF68355BD5,EG-017,,,EGP,,,,,,,,,,,القاهرة,,,,,,,False,,يحدد عند بناء الموصل,https://www.samsung.com/eg/smartphones/galaxy-s26-ultra/buy,,,لم يُرصد,بانتظار أول رصد سعر,0,,,True,تحتاج مراجعة,"Samsung Egypt's buying page confirms the three RAM/storage pairings, the four Egypt-selectable colors and the processor. The SM-S948 family model identifier is not stored as manufacturer_sku because it is not a complete sellable variant SKU.",2026-07-30T00:00:00,2026-07-30T00:00:00
CASH-39909DD4734AFE,VAR-7891DFE6BBDE12|EG-017|STORE,MAP-459EA9DF9258185D,VAR-7891DFE6BBDE12,EG-017,,,EGP,,,,,,,,,,,القاهرة,,,,,,,False,,يحدد عند بناء الموصل,https://www.samsung.com/eg/smartphones/galaxy-s26-ultra/buy,,,لم يُرصد,بانتظار أول رصد سعر,0,,,True,تحتاج مراجعة,"Samsung Egypt's buying page confirms the three RAM/storage pairings, the four Egypt-selectable colors and the processor. The SM-S948 family model identifier is not stored as manufacturer_sku because it is not a complete sellable variant SKU.",2026-07-30T00:00:00,2026-07-30T00:00:00
CASH-4677345419C29F,VAR-0A8EE4D764251B|EG-017|STORE,MAP-3B3001193802FB17,VAR-0A8EE4D764251B,EG-017,,,EGP,,,,,,,,,,,القاهرة,,,,,,,False,,يحدد عند بناء الموصل,https://www.samsung.com/eg/smartphones/galaxy-s26/buy,,,لم يُرصد,بانتظار أول رصد سعر,0,,,True,تحتاج مراجعة,Samsung Egypt's buying tool and FAQ confirm both memory configurations and the four Egypt-selectable colors. Processor is not filled because the page indicates regional chipset variation. The SM-S947 family model identifier is not stored as manufacturer_sku because it is not a complete sellable variant SKU.,2026-07-30T00:00:00,2026-07-30T00:00:00
CASH-D05057560BD57B,VAR-7DB64F74254A53|EG-017|STORE,MAP-8387490882734654,VAR-7DB64F74254A53,EG-017,,,EGP,,,,,,,,,,,القاهرة,,,,,,,False,,يحدد عند بناء الموصل,https://www.samsung.com/eg/smartphones/galaxy-s26/buy,,,لم يُرصد,بانتظار أول رصد سعر,0,,,True,تحتاج مراجعة,Samsung Egypt's buying tool and FAQ confirm both memory configurations and the four Egypt-selectable colors. Processor is not filled because the page indicates regional chipset variation. The SM-S947 family model identifier is not stored as manufacturer_sku because it is not a complete sellable variant SKU.,2026-07-30T00:00:00,2026-07-30T00:00:00
CASH-F36CCAA1E275D9,VAR-ED9C6093FE59CF|EG-017|STORE,MAP-18189D082B94D269,VAR-ED9C6093FE59CF,EG-017,,,EGP,,,,,,,,,,,القاهرة,,,,,,,False,,يحدد عند بناء الموصل,https://www.samsung.com/eg/smartphones/galaxy-s26/buy,,,لم يُرصد,بانتظار أول رصد سعر,0,,,True,تحتاج مراجعة,Samsung Egypt's buying tool and FAQ confirm both memory configurations and the four Egypt-selectable colors. Processor is not filled because the page indicates regional chipset variation. The SM-S947 family model identifier is not stored as manufacturer_sku because it is not a complete sellable variant SKU.,2026-07-30T00:00:00,2026-07-30T00:00:00
CASH-96370E72000D8B,VAR-A6829D4249F977|EG-017|STORE,MAP-7ADAF3A02C6C125F,VAR-A6829D4249F977,EG-017,,,EGP,,,,,,,,,,,القاهرة,,,,,,,False,,يحدد عند بناء الموصل,https://www.samsung.com/eg/smartphones/galaxy-s26/buy,,,لم يُرصد,بانتظار أول رصد سعر,0,,,True,تحتاج مراجعة,Samsung Egypt's buying tool and FAQ confirm both memory configurations and the four Egypt-selectable colors. Processor is not filled because the page indicates regional chipset variation. The SM-S947 family model identifier is not stored as manufacturer_sku because it is not a complete sellable variant SKU.,2026-07-30T00:00:00,2026-07-30T00:00:00
CASH-3BA43944526845,VAR-943A97017248EB|EG-017|STORE,MAP-5533B1756EC4D9F4,VAR-943A97017248EB,EG-017,,,EGP,,,,,,,,,,,القاهرة,,,,,,,False,,يحدد عند بناء الموصل,https://www.samsung.com/eg/smartphones/galaxy-s26/buy,,,لم يُرصد,بانتظار أول رصد سعر,0,,,True,تحتاج مراجعة,Samsung Egypt's buying tool and FAQ confirm both memory configurations and the four Egypt-selectable colors. Processor is not filled because the page indicates regional chipset variation. The SM-S947 family model identifier is not stored as manufacturer_sku because it is not a complete sellable variant SKU.,2026-07-30T00:00:00,2026-07-30T00:00:00
CASH-96EA5A7C7F535A,VAR-46527C105F8D5D|EG-017|STORE,MAP-DB06BF8AEC022FC1,VAR-46527C105F8D5D,EG-017,,,EGP,,,,,,,,,,,القاهرة,,,,,,,False,,يحدد عند بناء الموصل,https://www.samsung.com/eg/smartphones/galaxy-s26/buy,,,لم يُرصد,بانتظار أول رصد سعر,0,,,True,تحتاج مراجعة,Samsung Egypt's buying tool and FAQ confirm both memory configurations and the four Egypt-selectable colors. Processor is not filled because the page indicates regional chipset variation. The SM-S947 family model identifier is not stored as manufacturer_sku because it is not a complete sellable variant SKU.,2026-07-30T00:00:00,2026-07-30T00:00:00
CASH-D39C2DDB461BB5,VAR-1947096AC4C0FF|EG-017|STORE,MAP-7EEF6D9E34BD8AC1,VAR-1947096AC4C0FF,EG-017,,,EGP,,,,,,,,,,,القاهرة,,,,,,,False,,يحدد عند بناء الموصل,https://www.samsung.com/eg/smartphones/galaxy-s26/buy,,,لم يُرصد,بانتظار أول رصد سعر,0,,,True,تحتاج مراجعة,Samsung Egypt's buying tool and FAQ confirm both memory configurations and the four Egypt-selectable colors. Processor is not filled because the page indicates regional chipset variation. The SM-S947 family model identifier is not stored as manufacturer_sku because it is not a complete sellable variant SKU.,2026-07-30T00:00:00,2026-07-30T00:00:00
CASH-79D2A07C9CFB3A,VAR-160736D95D52B9|EG-017|STORE,MAP-2FA6E3A783B5F3DF,VAR-160736D95D52B9,EG-017,,,EGP,,,,,,,,,,,القاهرة,,,,,,,False,,يحدد عند بناء الموصل,https://www.samsung.com/eg/smartphones/galaxy-s26/buy,,,لم يُرصد,بانتظار أول رصد سعر,0,,,True,تحتاج مراجعة,Samsung Egypt's buying tool and FAQ confirm both memory configurations and the four Egypt-selectable colors. Processor is not filled because the page indicates regional chipset variation. The SM-S947 family model identifier is not stored as manufacturer_sku because it is not a complete sellable variant SKU.,2026-07-30T00:00:00,2026-07-30T00:00:00
CASH-4A78D2D8151858,VAR-73E6B035BC8445|EG-013|STORE,MAP-6B4E95C626889E05,VAR-73E6B035BC8445,EG-013,,,EGP,,,,,,,,,,,القاهرة,,,,,,,True,,HTML/JSON-LD,https://btech.com/en/p/tecno-camon-30-256gb-8gb-4g-dual-sim-uyuni-salt-white,,,لم يُرصد,بانتظار أول رصد سعر,0,,,True,جاهز لأول رصد,Color option is exposed by the B.TECH variant selector.,2026-07-30T00:00:00,2026-07-30T00:00:00
CASH-5CBEF24D48AEFC,VAR-DB1736A21C36D3|EG-013|STORE,MAP-B933B867AF83EDEC,VAR-DB1736A21C36D3,EG-013,,,EGP,,,,,,,,,,,القاهرة,,,,,,,True,,HTML/JSON-LD,https://btech.com/en/p/tecno-camon-30-256gb-8gb-4g-dual-sim-uyuni-salt-white,,,لم يُرصد,بانتظار أول رصد سعر,0,,,True,جاهز لأول رصد,Color option is exposed by the B.TECH variant selector.,2026-07-30T00:00:00,2026-07-30T00:00:00
CASH-A32D6AE6066381,VAR-1F0C47EDAF41F9|EG-013|STORE,MAP-5CD2D98FE4EE4273,VAR-1F0C47EDAF41F9,EG-013,,,EGP,,,,,,,,,,,القاهرة,,,,,,,True,,HTML/JSON-LD,https://btech.com/en/p/a2e90a50-92fe-48fc-b3f3-8adc51ba29be,,,لم يُرصد,بانتظار أول رصد سعر,0,,,True,جاهز لأول رصد,Color option is exposed by the B.TECH variant selector.,2026-07-30T00:00:00,2026-07-30T00:00:00
CASH-1A97D35CBFF092,VAR-D4C9F5A72E0236|EG-013|STORE,MAP-73CB7994D04983E3,VAR-D4C9F5A72E0236,EG-013,,,EGP,,,,,,,,,,,القاهرة,,,,,,,True,,HTML/JSON-LD,https://btech.com/en/p/a2e90a50-92fe-48fc-b3f3-8adc51ba29be,,,لم يُرصد,بانتظار أول رصد سعر,0,,,True,جاهز لأول رصد,Color option is exposed by the B.TECH variant selector.,2026-07-30T00:00:00,2026-07-30T00:00:00
CASH-4A42A78A25483C,VAR-C4CFAD8137CBA5|EG-013|STORE,MAP-72F70DA1EA8D5DD8,VAR-C4CFAD8137CBA5,EG-013,,,EGP,,,,,,,,,,,القاهرة,,,,,,,True,,HTML/JSON-LD,https://btech.com/en/p/a2e90a50-92fe-48fc-b3f3-8adc51ba29be,,,لم يُرصد,بانتظار أول رصد سعر,0,,,True,جاهز لأول رصد,Color option is exposed by the B.TECH variant selector.,2026-07-30T00:00:00,2026-07-30T00:00:00
CASH-6BC4F60087CB80,VAR-84EB3549B304AE|EG-013|STORE,MAP-A0CB62525DE218A5,VAR-84EB3549B304AE,EG-013,,,EGP,,,,,,,,,,,القاهرة,,,,,,,True,,HTML/JSON-LD,https://btech.com/en/p/554d7819-e1d4-47d7-821d-9088bb5e8e9b,,,لم يُرصد,بانتظار أول رصد سعر,0,,,True,جاهز لأول رصد,Color option is exposed by the B.TECH variant selector.,2026-07-30T00:00:00,2026-07-30T00:00:00
CASH-361ADB2B78C4E1,VAR-0E38F0F6B56C23|EG-013|STORE,MAP-3260ABEA16EE140B,VAR-0E38F0F6B56C23,EG-013,,,EGP,,,,,,,,,,,القاهرة,,,,,,,True,,HTML/JSON-LD,https://btech.com/en/p/554d7819-e1d4-47d7-821d-9088bb5e8e9b,,,لم يُرصد,بانتظار أول رصد سعر,0,,,True,جاهز لأول رصد,Color option is exposed by the B.TECH variant selector.,2026-07-30T00:00:00,2026-07-30T00:00:00
CASH-CF9A35B896861E,VAR-36D246308567D2|EG-013|STORE,MAP-E401DD8722FB8BB6,VAR-36D246308567D2,EG-013,,,EGP,,,,,,,,,,,القاهرة,,,,,,,True,,HTML/JSON-LD,https://btech.com/en/p/554d7819-e1d4-47d7-821d-9088bb5e8e9b,,,لم يُرصد,بانتظار أول رصد سعر,0,,,True,جاهز لأول رصد,Color option is exposed by the B.TECH variant selector.,2026-07-30T00:00:00,2026-07-30T00:00:00
CASH-2ACE58871D1E96,VAR-5DA084FAF35558|EG-013|STORE,MAP-8A18E8998D1E54F3,VAR-5DA084FAF35558,EG-013,,,EGP,,,,,,,,,,,القاهرة,,,,,,,True,,HTML/JSON-LD,https://btech.com/en/p/18205bd5-28f0-4054-bf66-6fbdd8ba8965,,,لم يُرصد,بانتظار أول رصد سعر,0,,,True,جاهز لأول رصد,Color option is exposed by the B.TECH variant selector.,2026-07-30T00:00:00,2026-07-30T00:00:00
CASH-438676A414D0D2,VAR-3315D4A988958E|EG-013|STORE,MAP-E74DECED2BB8B027,VAR-3315D4A988958E,EG-013,,,EGP,,,,,,,,,,,القاهرة,,,,,,,True,,اكتشاف من صفحة فئة,https://btech.com/en/c/mobiles-tablets/mobile-phones/b/vivo,,,لم يُرصد,بانتظار أول رصد سعر,0,,,True,يحتاج اكتشاف رابط المنتج,,2026-07-30T00:00:00,2026-07-30T00:00:00
CASH-CC01B6BC94530D,VAR-5AD4D6D6FB2AD5|EG-013|STORE,MAP-0950209A6863E601,VAR-5AD4D6D6FB2AD5,EG-013,,,EGP,,,,,,,,,,,القاهرة,,,,,,,True,,اكتشاف من صفحة فئة,https://btech.com/en/c/mobiles-tablets/mobile-phones/b/vivo,,,لم يُرصد,بانتظار أول رصد سعر,0,,,True,يحتاج اكتشاف رابط المنتج,,2026-07-30T00:00:00,2026-07-30T00:00:00
CASH-E20CE3E6CF24F8,VAR-16F3D86AD3D766|EG-013|STORE,MAP-18A9184D8956D3D5,VAR-16F3D86AD3D766,EG-013,,,EGP,,,,,,,,,,,القاهرة,,,,,,,True,,اكتشاف من صفحة فئة,https://btech.com/en/c/mobiles-tablets/mobile-phones/b/vivo,,,لم يُرصد,بانتظار أول رصد سعر,0,,,True,يحتاج اكتشاف رابط المنتج,,2026-07-30T00:00:00,2026-07-30T00:00:00
CASH-1C013A5C56B9C4,VAR-9A98C47BCE6742|EG-013|STORE,MAP-124668F35DB178DC,VAR-9A98C47BCE6742,EG-013,,,EGP,,,,,,,,,,,القاهرة,,,,,,,True,,اكتشاف من صفحة فئة,https://btech.com/en/c/mobiles-tablets/mobile-phones/b/vivo,,,لم يُرصد,بانتظار أول رصد سعر,0,,,True,يحتاج اكتشاف رابط المنتج,,2026-07-30T00:00:00,2026-07-30T00:00:00
CASH-CC6A2B3FFC8E8C,VAR-04663821043715|EG-013|STORE,MAP-24814737EE5E6A8E,VAR-04663821043715,EG-013,,,EGP,,,,,,,,,,,القاهرة,,,,,,,True,,اكتشاف من صفحة فئة,https://btech.com/en/c/mobiles-tablets/mobile-phones/b/vivo,,,لم يُرصد,بانتظار أول رصد سعر,0,,,True,يحتاج اكتشاف رابط المنتج,,2026-07-30T00:00:00,2026-07-30T00:00:00
CASH-5625166B1A3F8B,VAR-5C2799F2CE563C|EG-013|STORE,MAP-DF972AE693AC52BD,VAR-5C2799F2CE563C,EG-013,,,EGP,,,,,,,,,,,القاهرة,,,,,,,True,,اكتشاف من صفحة فئة,https://btech.com/en/c/mobiles-tablets/mobile-phones/b/vivo,,,لم يُرصد,بانتظار أول رصد سعر,0,,,True,يحتاج اكتشاف رابط المنتج,,2026-07-30T00:00:00,2026-07-30T00:00:00
CASH-40A870921AFBC6,VAR-022848093028EC|EG-013|STORE,MAP-4371F2CFAB78F4FA,VAR-022848093028EC,EG-013,,,EGP,,,,,,,,,,,القاهرة,,,,,,,True,,HTML/JSON-LD,https://btech.com/en/p/vivo-v50-lite-256gb-8gb-4g-lte-dual-sim-green,,,لم يُرصد,بانتظار أول رصد سعر,0,,,True,جاهز لأول رصد,Exact store product configuration; no GTIN was exposed.,2026-07-30T00:00:00,2026-07-30T00:00:00
CASH-714E814642AFB7,VAR-21B812477B6FE2|EG-013|STORE,MAP-22FA1ED6DBE0B136,VAR-21B812477B6FE2,EG-013,,,EGP,,,,,,,,,,,القاهرة,,,,,,,True,,HTML/JSON-LD,https://btech.com/en/p/vivo-v50-lite-256gb-8gb-ram-4g-dual-sim-titanium-gold,,,لم يُرصد,بانتظار أول رصد سعر,0,,,True,جاهز لأول رصد,Exact store product configuration; no GTIN was exposed.,2026-07-30T00:00:00,2026-07-30T00:00:00
CASH-4F7828E9067365,VAR-C365398F8ADD35|EG-013|STORE,MAP-66BA947992766D5C,VAR-C365398F8ADD35,EG-013,,,EGP,,,,,,,,,,,القاهرة,,,,,,,True,,HTML/JSON-LD,https://btech.com/en/p/100b9671-4ac0-439a-bb13-25eb3763435d,,,لم يُرصد,بانتظار أول رصد سعر,0,,,True,جاهز لأول رصد,Exact store product configuration; no GTIN was exposed.,2026-07-30T00:00:00,2026-07-30T00:00:00
CASH-4FE5310BE1259A,VAR-2B2AE1986EDA11|EG-013|STORE,MAP-46874879C44384C6,VAR-2B2AE1986EDA11,EG-013,,,EGP,,,,,,,,,,,القاهرة,,,,,,,True,,HTML/JSON-LD,https://btech.com/en/p/vivo-y29-256gb-8gb-4g-lte-dual-sim-brown,,,لم يُرصد,بانتظار أول رصد سعر,0,,,True,جاهز لأول رصد,Exact store product configuration; no GTIN was exposed.,2026-07-30T00:00:00,2026-07-30T00:00:00
CASH-6CD9D9333DB77D,VAR-B3B9D47741FB97|EG-013|STORE,MAP-74E9FC6545309F11,VAR-B3B9D47741FB97,EG-013,,,EGP,,,,,,,,,,,القاهرة,,,,,,,True,,HTML/JSON-LD,https://btech.com/en/p/adb76446-f43e-4dbc-a128-0379a6a807f0,,,لم يُرصد,بانتظار أول رصد سعر,0,,,True,جاهز لأول رصد,Exact store product configuration; no GTIN was exposed.,2026-07-30T00:00:00,2026-07-30T00:00:00
CASH-386CCB950B7966,VAR-B3768BD8FF6D3E|EG-013|STORE,MAP-0C2BFCDABF11A842,VAR-B3768BD8FF6D3E,EG-013,,,EGP,,,,,,,,,,,القاهرة,,,,,,,True,,HTML/JSON-LD,https://btech.com/en/p/4b4ebea9-0a35-424f-9206-47ed64194439,,,لم يُرصد,بانتظار أول رصد سعر,0,,,True,جاهز لأول رصد,Exact store product configuration; no GTIN was exposed.,2026-07-30T00:00:00,2026-07-30T00:00:00
CASH-38BC50185835F7,VAR-891A5547A01A3D|EG-013|STORE,MAP-B617632FE3871869,VAR-891A5547A01A3D,EG-013,,,EGP,,,,,,,,,,,القاهرة,,,,,,,True,,اكتشاف من صفحة فئة,https://btech.com/en/c/mobiles-tablets/mobile-phones/b/vivo,,,لم يُرصد,بانتظار أول رصد سعر,0,,,True,يحتاج اكتشاف رابط المنتج,,2026-07-30T00:00:00,2026-07-30T00:00:00
CASH-6B3FBF3434F463,VAR-56EBD44F389275|EG-013|STORE,MAP-8CEEB2465891ECA0,VAR-56EBD44F389275,EG-013,,,EGP,,,,,,,,,,,القاهرة,,,,,,,True,,اكتشاف من صفحة فئة,https://btech.com/en/c/mobiles-tablets/mobile-phones/b/vivo,,,لم يُرصد,بانتظار أول رصد سعر,0,,,True,يحتاج اكتشاف رابط المنتج,,2026-07-30T00:00:00,2026-07-30T00:00:00
CASH-6DC805D109476D,VAR-B7F231E322E247|EG-013|STORE,MAP-70EA60ABAE7E3995,VAR-B7F231E322E247,EG-013,,,EGP,,,,,,,,,,,القاهرة,,,,,,,True,,اكتشاف من صفحة فئة,https://btech.com/en/c/mobiles-tablets/mobile-phones/b/vivo,,,لم يُرصد,بانتظار أول رصد سعر,0,,,True,يحتاج اكتشاف رابط المنتج,,2026-07-30T00:00:00,2026-07-30T00:00:00
CASH-A554E2F3316C65,VAR-72E710646A5D52|EG-013|STORE,MAP-ECF130A9BA5E3E9C,VAR-72E710646A5D52,EG-013,,,EGP,,,,,,,,,,,القاهرة,,,,,,,True,,اكتشاف من صفحة فئة,https://btech.com/en/c/mobiles-tablets/mobile-phones/b/vivo,,,لم يُرصد,بانتظار أول رصد سعر,0,,,True,يحتاج اكتشاف رابط المنتج,,2026-07-30T00:00:00,2026-07-30T00:00:00
CASH-9DDBE7EA3261D9,VAR-5EA335E2678671|EG-013|STORE,MAP-1E9CFD447B6D98A3,VAR-5EA335E2678671,EG-013,,,EGP,,,,,,,,,,,القاهرة,,,,,,,True,,اكتشاف من صفحة فئة,https://btech.com/en/c/mobiles-tablets/mobile-phones/b/vivo,,,لم يُرصد,بانتظار أول رصد سعر,0,,,True,يحتاج اكتشاف رابط المنتج,,2026-07-30T00:00:00,2026-07-30T00:00:00
CASH-56FD2E2E00612D,VAR-783E8B7F46EED2|EG-013|STORE,MAP-5B5DB2AD79FF6F08,VAR-783E8B7F46EED2,EG-013,,,EGP,,,,,,,,,,,القاهرة,,,,,,,True,,اكتشاف من صفحة فئة,https://btech.com/en/c/mobiles-tablets/mobile-phones/b/vivo,,,لم يُرصد,بانتظار أول رصد سعر,0,,,True,يحتاج اكتشاف رابط المنتج,,2026-07-30T00:00:00,2026-07-30T00:00:00
CASH-11559E55C6B15B,VAR-3AB8EA46F70B34|EG-013|STORE,MAP-CBF8428C7C29A1F7,VAR-3AB8EA46F70B34,EG-013,,,EGP,,,,,,,,,,,القاهرة,,,,,,,True,,اكتشاف من صفحة فئة,https://btech.com/en/c/mobiles-tablets/mobile-phones/b/vivo,,,لم يُرصد,بانتظار أول رصد سعر,0,,,True,يحتاج اكتشاف رابط المنتج,,2026-07-30T00:00:00,2026-07-30T00:00:00
CASH-07E0D8E1FF117C,VAR-2A9D7D445E229B|EG-013|STORE,MAP-7ACF3D80E4C680E7,VAR-2A9D7D445E229B,EG-013,,,EGP,,,,,,,,,,,القاهرة,,,,,,,True,,اكتشاف من صفحة فئة,https://btech.com/en/c/mobiles-tablets/mobile-phones/b/vivo,,,لم يُرصد,بانتظار أول رصد سعر,0,,,True,يحتاج اكتشاف رابط المنتج,,2026-07-30T00:00:00,2026-07-30T00:00:00
CASH-FAFBE3F4613E21,VAR-777A28AF7BED15|EG-013|STORE,MAP-CF166AD921FF63A2,VAR-777A28AF7BED15,EG-013,,,EGP,,,,,,,,,,,القاهرة,,,,,,,True,,اكتشاف من صفحة فئة,https://btech.com/en/c/mobiles-tablets/mobile-phones/b/vivo,,,لم يُرصد,بانتظار أول رصد سعر,0,,,True,يحتاج اكتشاف رابط المنتج,,2026-07-30T00:00:00,2026-07-30T00:00:00
CASH-7EBED1A8AB09AF,VAR-15D55D0AF5B4E4|EG-013|STORE,MAP-9F8B836BF624F5D8,VAR-15D55D0AF5B4E4,EG-013,,,EGP,,,,,,,,,,,القاهرة,,,,,,,True,,اكتشاف من صفحة فئة,https://btech.com/en/c/mobiles-tablets/mobile-phones/b/vivo,,,لم يُرصد,بانتظار أول رصد سعر,0,,,True,يحتاج اكتشاف رابط المنتج,,2026-07-30T00:00:00,2026-07-30T00:00:00
CASH-C7CE0C8A4E828C,VAR-093649FE729F3F|EG-013|STORE,MAP-9FC324B77C5F0B9A,VAR-093649FE729F3F,EG-013,,,EGP,,,,,,,,,,,القاهرة,,,,,,,True,,اكتشاف من صفحة فئة,https://btech.com/en/c/mobiles-tablets/mobile-phones/b/vivo,,,لم يُرصد,بانتظار أول رصد سعر,0,,,True,يحتاج اكتشاف رابط المنتج,,2026-07-30T00:00:00,2026-07-30T00:00:00
CASH-94A7FFA8D7BCFA,VAR-57793704ED1C22|EG-013|STORE,MAP-259D757F62AFDB6D,VAR-57793704ED1C22,EG-013,,,EGP,,,,,,,,,,,القاهرة,,,,,,,True,,اكتشاف من صفحة فئة,https://btech.com/en/c/mobiles-tablets/mobile-phones/b/vivo,,,لم يُرصد,بانتظار أول رصد سعر,0,,,True,يحتاج اكتشاف رابط المنتج,,2026-07-30T00:00:00,2026-07-30T00:00:00
CASH-C48F6EC53D2821,VAR-0426EE0D6E2583|EG-013|STORE,MAP-4D4AAAA10605DED2,VAR-0426EE0D6E2583,EG-013,,,EGP,,,,,,,,,,,القاهرة,,,,,,,True,,اكتشاف من صفحة فئة,https://btech.com/en/c/mobiles-tablets/mobile-phones/b/vivo,,,لم يُرصد,بانتظار أول رصد سعر,0,,,True,يحتاج اكتشاف رابط المنتج,,2026-07-30T00:00:00,2026-07-30T00:00:00
CASH-F6300B3A8AE8C1,VAR-BB5383EA8ACD4B|EG-013|STORE,MAP-4D6A6B796F0233FB,VAR-BB5383EA8ACD4B,EG-013,,,EGP,,,,,,,,,,,القاهرة,,,,,,,True,,اكتشاف من صفحة فئة,https://btech.com/en/c/mobiles-tablets/mobile-phones/b/vivo,,,لم يُرصد,بانتظار أول رصد سعر,0,,,True,يحتاج اكتشاف رابط المنتج,,2026-07-30T00:00:00,2026-07-30T00:00:00
CASH-7DD7E4542E901C,VAR-552F2B3BFAA93A|EG-013|STORE,MAP-A3A83E5121D02554,VAR-552F2B3BFAA93A,EG-013,,,EGP,,,,,,,,,,,القاهرة,,,,,,,True,,اكتشاف من صفحة فئة,https://btech.com/en/c/mobiles-tablets/mobile-phones/b/xiaomi,,,لم يُرصد,بانتظار أول رصد سعر,0,,,True,يحتاج اكتشاف رابط المنتج,,2026-07-30T00:00:00,2026-07-30T00:00:00
CASH-A40AC892E6F99E,VAR-E18F284F7EBC37|EG-013|STORE,MAP-8B0E10B2827EF970,VAR-E18F284F7EBC37,EG-013,,,EGP,,,,,,,,,,,القاهرة,,,,,,,True,,اكتشاف من صفحة فئة,https://btech.com/en/c/mobiles-tablets/mobile-phones/b/xiaomi,,,لم يُرصد,بانتظار أول رصد سعر,0,,,True,يحتاج اكتشاف رابط المنتج,,2026-07-30T00:00:00,2026-07-30T00:00:00
CASH-5271CDF36D13AE,VAR-07AADA5133DBBC|EG-013|STORE,MAP-3F92DCF4092A48B0,VAR-07AADA5133DBBC,EG-013,,,EGP,,,,,,,,,,,القاهرة,,,,,,,True,,اكتشاف من صفحة فئة,https://btech.com/en/c/mobiles-tablets/mobile-phones/b/xiaomi,,,لم يُرصد,بانتظار أول رصد سعر,0,,,True,يحتاج اكتشاف رابط المنتج,,2026-07-30T00:00:00,2026-07-30T00:00:00
CASH-21AB75F2AC3F52,VAR-D4C4718AD8420E|EG-013|STORE,MAP-4B548392715C704A,VAR-D4C4718AD8420E,EG-013,,,EGP,,,,,,,,,,,القاهرة,,,,,,,True,,اكتشاف من صفحة فئة,https://btech.com/en/c/mobiles-tablets/mobile-phones/b/xiaomi,,,لم يُرصد,بانتظار أول رصد سعر,0,,,True,يحتاج اكتشاف رابط المنتج,,2026-07-30T00:00:00,2026-07-30T00:00:00
CASH-2BDB9CE2D4A24E,VAR-27177B96955B0D|EG-013|STORE,MAP-79C1D1054D14C502,VAR-27177B96955B0D,EG-013,,,EGP,,,,,,,,,,,القاهرة,,,,,,,True,,اكتشاف من صفحة فئة,https://btech.com/en/c/mobiles-tablets/mobile-phones/b/xiaomi,,,لم يُرصد,بانتظار أول رصد سعر,0,,,True,يحتاج اكتشاف رابط المنتج,,2026-07-30T00:00:00,2026-07-30T00:00:00
CASH-461699A614A762,VAR-3A684C2A5FC979|EG-013|STORE,MAP-4ED3DED2E150B9DC,VAR-3A684C2A5FC979,EG-013,,,EGP,,,,,,,,,,,القاهرة,,,,,,,True,,اكتشاف من صفحة فئة,https://btech.com/en/c/mobiles-tablets/mobile-phones/b/xiaomi,,,لم يُرصد,بانتظار أول رصد سعر,0,,,True,يحتاج اكتشاف رابط المنتج,,2026-07-30T00:00:00,2026-07-30T00:00:00
CASH-560874DFEC658D,VAR-F2D04BC89654E5|EG-013|STORE,MAP-A03FFABC45354414,VAR-F2D04BC89654E5,EG-013,,,EGP,,,,,,,,,,,القاهرة,,,,,,,True,,اكتشاف من صفحة فئة,https://btech.com/en/c/mobiles-tablets/mobile-phones/b/xiaomi,,,لم يُرصد,بانتظار أول رصد سعر,0,,,True,يحتاج اكتشاف رابط المنتج,تم دمج 2 أدلة لنفس المنتج والمتجر.,2026-07-30T00:00:00,2026-07-30T00:00:00
CASH-6F20EA4844CB62,VAR-D7049349B7C522|EG-013|STORE,MAP-25DE06275F0536FF,VAR-D7049349B7C522,EG-013,,,EGP,,,,,,,,,,,القاهرة,,,,,,,True,,اكتشاف من صفحة فئة,https://btech.com/en/c/mobiles-tablets/mobile-phones/b/xiaomi,,,لم يُرصد,بانتظار أول رصد سعر,0,,,True,يحتاج اكتشاف رابط المنتج,,2026-07-30T00:00:00,2026-07-30T00:00:00
CASH-B284D10FFD27F3,VAR-DE0279806FCF2B|EG-013|STORE,MAP-FE5D2DA273A5FBED,VAR-DE0279806FCF2B,EG-013,,,EGP,,,,,,,,,,,القاهرة,,,,,,,True,,اكتشاف من صفحة فئة,https://btech.com/en/c/mobiles-tablets/mobile-phones/b/xiaomi,,,لم يُرصد,بانتظار أول رصد سعر,0,,,True,يحتاج اكتشاف رابط المنتج,,2026-07-30T00:00:00,2026-07-30T00:00:00
CASH-2121B0467D1D84,VAR-88B3DF60F94AC5|EG-013|STORE,MAP-1561010FA3ADBB08,VAR-88B3DF60F94AC5,EG-013,,,EGP,,,,,,,,,,,القاهرة,,,,,,,True,,اكتشاف من صفحة فئة,https://btech.com/en/c/mobiles-tablets/mobile-phones/b/xiaomi,,,لم يُرصد,بانتظار أول رصد سعر,0,,,True,يحتاج اكتشاف رابط المنتج,,2026-07-30T00:00:00,2026-07-30T00:00:00
CASH-3CB29F8B185A5D,VAR-73D49B8F395BEA|EG-013|STORE,MAP-B971CE46861B1191,VAR-73D49B8F395BEA,EG-013,,,EGP,,,,,,,,,,,القاهرة,,,,,,,True,,اكتشاف من صفحة فئة,https://btech.com/en/c/mobiles-tablets/mobile-phones/b/xiaomi,,,لم يُرصد,بانتظار أول رصد سعر,0,,,True,يحتاج اكتشاف رابط المنتج,,2026-07-30T00:00:00,2026-07-30T00:00:00
CASH-7ED180A2231641,VAR-5C8BA50B4294BE|EG-013|STORE,MAP-C39A441A6D87F45D,VAR-5C8BA50B4294BE,EG-013,,,EGP,,,,,,,,,,,القاهرة,,,,,,,True,,اكتشاف من صفحة فئة,https://btech.com/en/c/mobiles-tablets/mobile-phones/b/xiaomi,,,لم يُرصد,بانتظار أول رصد سعر,0,,,True,يحتاج اكتشاف رابط المنتج,,2026-07-30T00:00:00,2026-07-30T00:00:00
CASH-443B2796BBBBEE,VAR-B44313ED0C9B61|EG-013|STORE,MAP-2E719B2DD3BAD8E9,VAR-B44313ED0C9B61,EG-013,,,EGP,,,,,,,,,,,القاهرة,,,,,,,True,,اكتشاف من صفحة فئة,https://btech.com/en/c/mobiles-tablets/mobile-phones/b/xiaomi,,,لم يُرصد,بانتظار أول رصد سعر,0,,,True,يحتاج اكتشاف رابط المنتج,,2026-07-30T00:00:00,2026-07-30T00:00:00
CASH-832BCACE2CCF94,VAR-1DA51ED1C4A98E|EG-013|STORE,MAP-9113752017202AAE,VAR-1DA51ED1C4A98E,EG-013,,,EGP,,,,,,,,,,,القاهرة,,,,,,,True,,اكتشاف من صفحة فئة,https://btech.com/en/c/mobiles-tablets/mobile-phones/b/xiaomi,,,لم يُرصد,بانتظار أول رصد سعر,0,,,True,يحتاج اكتشاف رابط المنتج,,2026-07-30T00:00:00,2026-07-30T00:00:00
CASH-73039C5594834C,VAR-54E7B4A3819251|EG-013|STORE,MAP-68348B913C36C019,VAR-54E7B4A3819251,EG-013,,,EGP,,,,,,,,,,,القاهرة,,,,,,,True,,اكتشاف من صفحة فئة,https://btech.com/en/c/mobiles-tablets/mobile-phones/b/xiaomi,,,لم يُرصد,بانتظار أول رصد سعر,0,,,True,يحتاج اكتشاف رابط المنتج,,2026-07-30T00:00:00,2026-07-30T00:00:00
CASH-F827F3B60083D6,VAR-FF08AB797B980B|EG-013|STORE,MAP-B8E59A589B14DB6A,VAR-FF08AB797B980B,EG-013,,,EGP,,,,,,,,,,,القاهرة,,,,,,,True,,اكتشاف من صفحة فئة,https://btech.com/en/c/mobiles-tablets/mobile-phones/b/xiaomi,,,لم يُرصد,بانتظار أول رصد سعر,0,,,True,يحتاج اكتشاف رابط المنتج,,2026-07-30T00:00:00,2026-07-30T00:00:00
CASH-7B70F847E2648E,VAR-3B9A8C7AAA7599|EG-013|STORE,MAP-273EEC61B24FBEA5,VAR-3B9A8C7AAA7599,EG-013,,,EGP,,,,,,,,,,,القاهرة,,,,,,,True,,اكتشاف من صفحة فئة,https://btech.com/en/c/mobiles-tablets/mobile-phones/b/xiaomi,,,لم يُرصد,بانتظار أول رصد سعر,0,,,True,يحتاج اكتشاف رابط المنتج,,2026-07-30T00:00:00,2026-07-30T00:00:00
CASH-5D3EAE360A8478,VAR-404B404AFC00FE|EG-013|STORE,MAP-1BC81133855D9D90,VAR-404B404AFC00FE,EG-013,,,EGP,,,,,,,,,,,القاهرة,,,,,,,True,,اكتشاف من صفحة فئة,https://btech.com/en/c/mobiles-tablets/mobile-phones/b/xiaomi,,,لم يُرصد,بانتظار أول رصد سعر,0,,,True,يحتاج اكتشاف رابط المنتج,,2026-07-30T00:00:00,2026-07-30T00:00:00
CASH-C64BF853AB92CD,VAR-8B1D9C4C3BE34C|EG-013|STORE,MAP-99F3B06BF9867CCF,VAR-8B1D9C4C3BE34C,EG-013,,,EGP,,,,,,,,,,,القاهرة,,,,,,,True,,اكتشاف من صفحة فئة,https://btech.com/en/c/mobiles-tablets/mobile-phones/b/xiaomi,,,لم يُرصد,بانتظار أول رصد سعر,0,,,True,يحتاج اكتشاف رابط المنتج,,2026-07-30T00:00:00,2026-07-30T00:00:00
CASH-8D1C75DE144274,VAR-65C716C04587E3|EG-013|STORE,MAP-30C76BFF8440743C,VAR-65C716C04587E3,EG-013,,,EGP,,,,,,,,,,,القاهرة,,,,,,,True,,اكتشاف من صفحة فئة,https://btech.com/en/c/mobiles-tablets/mobile-phones/b/xiaomi,,,لم يُرصد,بانتظار أول رصد سعر,0,,,True,يحتاج اكتشاف رابط المنتج,,2026-07-30T00:00:00,2026-07-30T00:00:00
CASH-ED0D7B2E8ADB1E,VAR-54206ED5AB0C39|EG-013|STORE,MAP-126B33540718BDB6,VAR-54206ED5AB0C39,EG-013,,,EGP,,,,,,,,,,,القاهرة,,,,,,,True,,اكتشاف من صفحة فئة,https://btech.com/en/c/mobiles-tablets/mobile-phones/feature-phones,,,لم يُرصد,بانتظار أول رصد سعر,0,,,True,يحتاج اكتشاف رابط المنتج,,2026-07-30T00:00:00,2026-07-30T00:00:00
CASH-0099025A9BFBB5,VAR-6283630FD5004A|EG-013|STORE,MAP-9E05B678E5D3A6B1,VAR-6283630FD5004A,EG-013,,,EGP,,,,,,,,,,,القاهرة,,,,,,,True,,اكتشاف من صفحة فئة,https://btech.com/en/c/mobiles-tablets/mobile-phones/feature-phones,,,لم يُرصد,بانتظار أول رصد سعر,0,,,True,يحتاج اكتشاف رابط المنتج,,2026-07-30T00:00:00,2026-07-30T00:00:00
CASH-3E8554A1B9DD75,VAR-D8E9844110B257|EG-013|STORE,MAP-2FF08DE574ACCB2E,VAR-D8E9844110B257,EG-013,,,EGP,,,,,,,,,,,القاهرة,,,,,,,True,,اكتشاف من صفحة فئة,https://btech.com/en/c/mobiles-tablets/mobile-phones/feature-phones,,,لم يُرصد,بانتظار أول رصد سعر,0,,,True,يحتاج اكتشاف رابط المنتج,,2026-07-30T00:00:00,2026-07-30T00:00:00
CASH-28DF010E148459,VAR-587AD6318513B4|EG-013|STORE,MAP-95A109AB35456675,VAR-587AD6318513B4,EG-013,,,EGP,,,,,,,,,,,القاهرة,,,,,,,True,,اكتشاف من صفحة فئة,https://btech.com/en/c/mobiles-tablets/mobile-phones/feature-phones,,,لم يُرصد,بانتظار أول رصد سعر,0,,,True,يحتاج اكتشاف رابط المنتج,,2026-07-30T00:00:00,2026-07-30T00:00:00
CASH-3DA79022ACA047,VAR-6E3C63F980956F|EG-013|STORE,MAP-51863D0F311055ED,VAR-6E3C63F980956F,EG-013,,,EGP,,,,,,,,,,,القاهرة,,,,,,,True,,اكتشاف من صفحة فئة,https://btech.com/en/c/mobiles-tablets/mobile-phones/feature-phones,,,لم يُرصد,بانتظار أول رصد سعر,0,,,True,يحتاج اكتشاف رابط المنتج,,2026-07-30T00:00:00,2026-07-30T00:00:00
CASH-93E2013EC8BFCF,VAR-EC7859944069E8|EG-013|STORE,MAP-D3D03C1537FA4BA4,VAR-EC7859944069E8,EG-013,,,EGP,,,,,,,,,,,القاهرة,,,,,,,True,,اكتشاف من صفحة فئة,https://btech.com/en/c/mobiles-tablets/mobile-phones/feature-phones,,,لم يُرصد,بانتظار أول رصد سعر,0,,,True,يحتاج اكتشاف رابط المنتج,,2026-07-30T00:00:00,2026-07-30T00:00:00
CASH-A0D2EAD4E39314,VAR-07C804AF61AEFC|EG-013|STORE,MAP-E019F08C2598CAA9,VAR-07C804AF61AEFC,EG-013,,,EGP,,,,,,,,,,,القاهرة,,,,,,,True,,اكتشاف من صفحة فئة,https://btech.com/en/c/mobiles-tablets/mobile-phones/feature-phones,,,لم يُرصد,بانتظار أول رصد سعر,0,,,True,يحتاج اكتشاف رابط المنتج,,2026-07-30T00:00:00,2026-07-30T00:00:00
CASH-85247B2690A6EC,VAR-6838B3F19E2241|EG-013|STORE,MAP-B972080A7B64BE33,VAR-6838B3F19E2241,EG-013,,,EGP,,,,,,,,,,,القاهرة,,,,,,,True,,اكتشاف من صفحة فئة,https://btech.com/en/c/mobiles-tablets/mobile-phones/feature-phones,,,لم يُرصد,بانتظار أول رصد سعر,0,,,True,يحتاج اكتشاف رابط المنتج,,2026-07-30T00:00:00,2026-07-30T00:00:00
CASH-6915CE6319293C,VAR-23DEB63EAB0868|EG-013|STORE,MAP-574B0A215E11DE45,VAR-23DEB63EAB0868,EG-013,,,EGP,,,,,,,,,,,القاهرة,,,,,,,True,,اكتشاف من صفحة فئة,https://btech.com/en/c/mobiles-tablets/mobile-phones/feature-phones,,,لم يُرصد,بانتظار أول رصد سعر,0,,,True,يحتاج اكتشاف رابط المنتج,,2026-07-30T00:00:00,2026-07-30T00:00:00
CASH-24F866016C1AA9,VAR-27DBF5E95156EA|EG-013|STORE,MAP-C23C7BEA71DB2FE7,VAR-27DBF5E95156EA,EG-013,,,EGP,,,,,,,,,,,القاهرة,,,,,,,True,,اكتشاف من صفحة فئة,https://btech.com/en/c/mobiles-tablets/mobile-phones/feature-phones,,,لم يُرصد,بانتظار أول رصد سعر,0,,,True,يحتاج اكتشاف رابط المنتج,,2026-07-30T00:00:00,2026-07-30T00:00:00
CASH-6A7BC47135DBEA,VAR-5FA30A5E9DA9A3|EG-013|STORE,MAP-FBBA7FD74F7B0194,VAR-5FA30A5E9DA9A3,EG-013,,,EGP,,,,,,,,,,,القاهرة,,,,,,,True,,اكتشاف من صفحة فئة,https://btech.com/en/c/mobiles-tablets/mobile-phones/feature-phones,,,لم يُرصد,بانتظار أول رصد سعر,0,,,True,يحتاج اكتشاف رابط المنتج,,2026-07-30T00:00:00,2026-07-30T00:00:00
CASH-9A4708A7BAEFA4,VAR-3E3697E714BDE6|EG-013|STORE,MAP-DAA179EFFF96FD0B,VAR-3E3697E714BDE6,EG-013,,,EGP,,,,,,,,,,,القاهرة,,,,,,,True,,اكتشاف من صفحة فئة,https://btech.com/en/c/mobiles-tablets/mobile-phones/feature-phones,,,لم يُرصد,بانتظار أول رصد سعر,0,,,True,يحتاج اكتشاف رابط المنتج,,2026-07-30T00:00:00,2026-07-30T00:00:00
CASH-6415F8058EA6A8,VAR-56F62BA1461B04|EG-013|STORE,MAP-451F2FCA351AD49F,VAR-56F62BA1461B04,EG-013,,,EGP,,,,,,,,,,,القاهرة,,,,,,,True,,اكتشاف من صفحة فئة,https://btech.com/en/c/mobiles-tablets/mobile-phones/feature-phones,,,لم يُرصد,بانتظار أول رصد سعر,0,,,True,يحتاج اكتشاف رابط المنتج,,2026-07-30T00:00:00,2026-07-30T00:00:00
CASH-CB9A5ED60ABD68,VAR-3F7A9783C05C8A|EG-013|STORE,MAP-D2382E046247CD1B,VAR-3F7A9783C05C8A,EG-013,,,EGP,,,,,,,,,,,القاهرة,,,,,,,True,,اكتشاف من صفحة فئة,https://btech.com/en/c/mobiles-tablets/mobile-phones/feature-phones,,,لم يُرصد,بانتظار أول رصد سعر,0,,,True,يحتاج اكتشاف رابط المنتج,,2026-07-30T00:00:00,2026-07-30T00:00:00
CASH-5C9627C5422E7F,VAR-73D2DD7E1CB4A0|EG-013|STORE,MAP-B17C865A72AB9547,VAR-73D2DD7E1CB4A0,EG-013,,,EGP,,,,,,,,,,,القاهرة,,,,,,,True,,اكتشاف من صفحة فئة,https://btech.com/en/c/mobiles-tablets/mobile-phones/feature-phones,,,لم يُرصد,بانتظار أول رصد سعر,0,,,True,يحتاج اكتشاف رابط المنتج,,2026-07-30T00:00:00,2026-07-30T00:00:00
CASH-482E62B69DA2E1,VAR-B063D603DE646C|EG-013|STORE,MAP-181CB518EA31A291,VAR-B063D603DE646C,EG-013,,,EGP,,,,,,,,,,,القاهرة,,,,,,,True,,اكتشاف من صفحة فئة,https://btech.com/en/c/mobiles-tablets/mobile-phones/feature-phones,,,لم يُرصد,بانتظار أول رصد سعر,0,,,True,يحتاج اكتشاف رابط المنتج,,2026-07-30T00:00:00,2026-07-30T00:00:00
CASH-5A2DCDA42C77E8,VAR-A1B5DD99D897DA|EG-013|STORE,MAP-5F77DF2C0510BA1F,VAR-A1B5DD99D897DA,EG-013,,,EGP,,,,,,,,,,,القاهرة,,,,,,,True,,اكتشاف من صفحة فئة,https://btech.com/en/c/mobiles-tablets/mobile-phones/feature-phones,,,لم يُرصد,بانتظار أول رصد سعر,0,,,True,يحتاج اكتشاف رابط المنتج,,2026-07-30T00:00:00,2026-07-30T00:00:00
CASH-6F4958934017B9,VAR-7A88547D3C3248|EG-013|STORE,MAP-A0AD49C4C9021884,VAR-7A88547D3C3248,EG-013,,,EGP,,,,,,,,,,,القاهرة,,,,,,,True,,اكتشاف من صفحة فئة,https://btech.com/en/c/mobiles-tablets/mobile-phones/feature-phones,,,لم يُرصد,بانتظار أول رصد سعر,0,,,True,يحتاج اكتشاف رابط المنتج,,2026-07-30T00:00:00,2026-07-30T00:00:00
