variant_id,model_id,canonical_name,section,product_type,brand,model,variant_name,ram_gb,storage_gb,color,manufacturer_sku,gtin,manufacturer_url,source_status,created_at,updated_at
VAR-B1E2C02C29A1E9,MOD-4C395C736CD7A3,Karcher AF 20 White,الأجهزة المنزلية,أجهزة تنقية الهواء,Karcher,AF 20,White,,,White,AF 20,,,mapped,2026-07-30T00:00:00,2026-07-30T00:00:00
VAR-7566817D3245E0,MOD-1337974DCE5C14,Karcher AF 30 White,الأجهزة المنزلية,أجهزة تنقية الهواء,Karcher,AF 30,White,,,White,AF 30,,,mapped,2026-07-30T00:00:00,2026-07-30T00:00:00
VAR-03F25D58D261DD,MOD-8A6F7B1DEE53B7,Philips AC0920/10 Arctic White,الأجهزة المنزلية,أجهزة تنقية الهواء,Philips,AC0920/10,Arctic White,,,Arctic White,AC0920/10,,,mapped,2026-07-30T00:00:00,2026-07-30T00:00:00
VAR-2501411C8A4E62,MOD-A081A347403983,Sharp FP-J30SA-B White,الأجهزة المنزلية,أجهزة تنقية الهواء,Sharp,FP-J30SA-B,White,,,White,FP-J30SA-B,,,mapped,2026-07-30T00:00:00,2026-07-30T00:00:00
VAR-A73CF9195C4FD4,MOD-B929B06C969392,Sharp FX-J80SA-W White Black,الأجهزة المنزلية,أجهزة تنقية الهواء,Sharp,FX-J80SA-W,White Black,,,White Black,FX-J80SA-W,,,mapped,2026-07-30T00:00:00,2026-07-30T00:00:00
VAR-FC80DC5580D45C,MOD-EEA6D449523F15,Sharp KC-G60SA-W White,الأجهزة المنزلية,أجهزة تنقية الهواء,Sharp,KC-G60SA-W,White,,,White,KC-G60SA-W,,,mapped,2026-07-30T00:00:00,2026-07-30T00:00:00
VAR-EDB9ABFA052AA0,MOD-71AC0C9B3A2358,Xiaomi AC-M16-SC White,الأجهزة المنزلية,أجهزة تنقية الهواء,Xiaomi,AC-M16-SC,White,,,White,AC-M16-SC,,,mapped,2026-07-30T00:00:00,2026-07-30T00:00:00
VAR-49E753DFD02D6D,MOD-3243537C28A20B,Xiaomi AC-M18-SC White,الأجهزة المنزلية,أجهزة تنقية الهواء,Xiaomi,AC-M18-SC,White,,,White,AC-M18-SC,,,mapped,2026-07-30T00:00:00,2026-07-30T00:00:00
VAR-7DAFA8A2DB74BC,MOD-C3D0657072BD09,Xiaomi AC-M30-SC White,الأجهزة المنزلية,أجهزة تنقية الهواء,Xiaomi,AC-M30-SC,White,,,White,AC-M30-SC,,,mapped,2026-07-30T00:00:00,2026-07-30T00:00:00
VAR-F3E0A6458B8B0B,MOD-6B40149392321F,Bosch HGV1F8Y50S 5 burners / Stainless Steel,الأجهزة المنزلية,بوتاجازات,Bosch,HGV1F8Y50S,5 burners | Stainless Steel,,,Stainless Steel,HGV1F8Y50S,,,mapped,2026-07-30T00:00:00,2026-07-30T00:00:00
VAR-0B99E8545B0295,MOD-F1DED4E61C6667,Bosch HGV1F8Y50S Freestanding | Stainless Steel,الأجهزة المنزلية,بوتاجازات,Bosch,HGV1F8Y50S,Freestanding | Stainless Steel,,,Stainless Steel,HGV1F8Y50S,,,mapped,2026-07-30T00:00:00,2026-07-30T00:00:00
VAR-9C7709849E03CB,MOD-4E06D62E23ECA2,Bosch HGX3G8W50S 5 burners / 3G / Stainless Steel,الأجهزة المنزلية,بوتاجازات,Bosch,HGX3G8W50S,5 burners | 3G | Stainless Steel,,,Stainless Steel,HGX3G8W50S,,,mapped,2026-07-30T00:00:00,2026-07-30T00:00:00
VAR-3F990A5EBF5D48,MOD-4E06D62E23ECA2,Bosch HGX3G8W50S Freestanding | Stainless Steel,الأجهزة المنزلية,بوتاجازات,Bosch,HGX3G8W50S,Freestanding | Stainless Steel,,,Stainless Steel,HGX3G8W50S,,,mapped,2026-07-30T00:00:00,2026-07-30T00:00:00
VAR-65CB75E39EC4AD,MOD-DF4E607B014BA7,Bosch HJY5G7V61S 5 burners / 5G / Stainless Steel / Black,الأجهزة المنزلية,بوتاجازات,Bosch,HJY5G7V61S,5 burners | 5G | Stainless Steel / Black,,,Stainless Steel / Black,HJY5G7V61S,,,mapped,2026-07-30T00:00:00,2026-07-30T00:00:00
VAR-0F3DADE2DE80CC,MOD-7FF872EDB82F9E,Bosch HJY5G7V61S Freestanding | Stainless Steel,الأجهزة المنزلية,بوتاجازات,Bosch,HJY5G7V61S,Freestanding | Stainless Steel,,,Stainless Steel,HJY5G7V61S,,,mapped,2026-07-30T00:00:00,2026-07-30T00:00:00
VAR-9557BFEA89BF5B,MOD-0EA759FFDBE33B,First Cook FC1001 5 burners / Stainless Steel,الأجهزة المنزلية,بوتاجازات,First Cook,FC1001,5 burners | Stainless Steel,,,Stainless Steel,FC1001,,,mapped,2026-07-30T00:00:00,2026-07-30T00:00:00
VAR-7390D2C243DCA9,MOD-0EA759FFDBE33B,First Cook FC1001 Freestanding | Stainless Steel,الأجهزة المنزلية,بوتاجازات,First Cook,FC1001,Freestanding | Stainless Steel,,,Stainless Steel,FC1001,,,mapped,2026-07-30T00:00:00,2026-07-30T00:00:00
VAR-579212BC941521,MOD-EB583B88DD748E,First Cook FC1004 5 burners / Black / Gold,الأجهزة المنزلية,بوتاجازات,First Cook,FC1004,5 burners | Black / Gold,,,Black / Gold,FC1004,,,mapped,2026-07-30T00:00:00,2026-07-30T00:00:00
VAR-71FFCE90636CD4,MOD-EB583B88DD748E,First Cook FC1004 Freestanding | Gold,الأجهزة المنزلية,بوتاجازات,First Cook,FC1004,Freestanding | Gold,,,Gold,FC1004,,,mapped,2026-07-30T00:00:00,2026-07-30T00:00:00
VAR-F2DE04592E00EF,MOD-9F80C0C64B8028,Fresh 17266 4 burners / Black Silver,الأجهزة المنزلية,بوتاجازات,Fresh,17266,4 burners | Black Silver,,,Black Silver,17266,,,mapped,2026-07-30T00:00:00,2026-07-30T00:00:00
VAR-A251945E61FD60,MOD-1CC7546EB630AC,Fresh 19648 5 burners / Stainless Steel,الأجهزة المنزلية,بوتاجازات,Fresh,19648,5 burners | Stainless Steel,,,Stainless Steel,19648,,,mapped,2026-07-30T00:00:00,2026-07-30T00:00:00
VAR-3A34E634CB1A4C,MOD-3556FE6A740EB5,Fresh 2900 5 burners / Stainless Steel,الأجهزة المنزلية,بوتاجازات,Fresh,2900,5 burners | Stainless Steel,,,Stainless Steel,2900,,,mapped,2026-07-30T00:00:00,2026-07-30T00:00:00
VAR-30B43553964D7B,MOD-EF6B4202AD08A1,Fresh 500003423 5 burners / Stainless Steel,الأجهزة المنزلية,بوتاجازات,Fresh,500003423,5 burners | Stainless Steel,,,Stainless Steel,500003423,,,mapped,2026-07-30T00:00:00,2026-07-30T00:00:00
VAR-C8C9B349127B18,MOD-A1B9E9D9DB7DEA,Fresh 500017267 4 burners / Stainless Steel,الأجهزة المنزلية,بوتاجازات,Fresh,500017267,4 burners | Stainless Steel,,,Stainless Steel,500017267,,,mapped,2026-07-30T00:00:00,2026-07-30T00:00:00
VAR-145BDBCC6785EA,MOD-5751F11BB60CCB,La Germania 9C10GLA1X4AWW 5 burners / Stainless Steel,الأجهزة المنزلية,بوتاجازات,La Germania,9C10GLA1X4AWW,5 burners | Stainless Steel,,,Stainless Steel,9C10GLA1X4AWW,,,mapped,2026-07-30T00:00:00,2026-07-30T00:00:00
VAR-D2B81570C0AC55,MOD-5751F11BB60CCB,La Germania 9C10GLA1X4AWW Freestanding | Stainless Steel,الأجهزة المنزلية,بوتاجازات,La Germania,9C10GLA1X4AWW,Freestanding | Stainless Steel,,,Stainless Steel,9C10GLA1X4AWW,,,mapped,2026-07-30T00:00:00,2026-07-30T00:00:00
VAR-8BA0F9A3112834,MOD-A84F64A98DBC90,Royal Gas 2010325 5 burners / Silver,الأجهزة المنزلية,بوتاجازات,Royal Gas,2010325,5 burners | Silver,,,Silver,2010325,,,mapped,2026-07-30T00:00:00,2026-07-30T00:00:00
VAR-C4C274E1593535,MOD-6BC1B17B8E7564,Union Gas capitaltecheg227 4 burners / Stainless Steel,الأجهزة المنزلية,بوتاجازات,Union Gas,capitaltecheg227,4 burners | Stainless Steel,,,Stainless Steel,capitaltecheg227,,,mapped,2026-07-30T00:00:00,2026-07-30T00:00:00
VAR-74371A6B3BDF83,MOD-6BC1B17B8E7564,Union Gas capitaltecheg227 Freestanding | Stainless Steel,الأجهزة المنزلية,بوتاجازات,Union Gas,capitaltecheg227,Freestanding | Stainless Steel,,,Stainless Steel,capitaltecheg227,,,mapped,2026-07-30T00:00:00,2026-07-30T00:00:00
VAR-8C514F6EB00EB3,MOD-3D7B2342199910,Union Gas Gas Cooker 5 burners / Black,الأجهزة المنزلية,بوتاجازات,Union Gas,Gas Cooker,5 burners | Black,,,Black,,,,mapped,2026-07-30T00:00:00,2026-07-30T00:00:00
VAR-2284EA76A3E800,MOD-02433508F13724,Unionaire C69SSB-AC-443-IFSO-A-STEEL 5 burners / Black Silver,الأجهزة المنزلية,بوتاجازات,Unionaire,C69SSB-AC-443-IFSO-A-STEEL,5 burners | Black Silver,,,Black Silver,C69SSB-AC-443-IFSO-A-STEEL,,,mapped,2026-07-30T00:00:00,2026-07-30T00:00:00
VAR-21F01EF70F4318,MOD-02433508F13724,Unionaire C69SSB-AC-443-IFSO-A-STEEL Freestanding | Silver,الأجهزة المنزلية,بوتاجازات,Unionaire,C69SSB-AC-443-IFSO-A-STEEL,Freestanding | Silver,,,Silver,C69SSB-AC-443-IFSO-A-STEEL,,,mapped,2026-07-30T00:00:00,2026-07-30T00:00:00
VAR-49EC656921BC69,MOD-FB9F0F1DF99728,Zanussi ZCG64396XB 4 burners / Stainless Steel,الأجهزة المنزلية,بوتاجازات,Zanussi,ZCG64396XB,4 burners | Stainless Steel,,,Stainless Steel,ZCG64396XB,,,mapped,2026-07-30T00:00:00,2026-07-30T00:00:00
VAR-2552CBAEA19CF6,MOD-FB9F0F1DF99728,Zanussi ZCG64396XB Freestanding | Stainless Steel,الأجهزة المنزلية,بوتاجازات,Zanussi,ZCG64396XB,Freestanding | Stainless Steel,,,Stainless Steel,ZCG64396XB,,,mapped,2026-07-30T00:00:00,2026-07-30T00:00:00
VAR-F98F0B4906E625,MOD-90EDC5BCD2E6F0,Zanussi ZCG922A6XB 5 burners / Stainless Steel,الأجهزة المنزلية,بوتاجازات,Zanussi,ZCG922A6XB,5 burners | Stainless Steel,,,Stainless Steel,ZCG922A6XB,,,mapped,2026-07-30T00:00:00,2026-07-30T00:00:00
VAR-B8B5E7FAE12C81,MOD-90EDC5BCD2E6F0,Zanussi ZCG922A6XB Freestanding | Stainless Steel,الأجهزة المنزلية,بوتاجازات,Zanussi,ZCG922A6XB,Freestanding | Stainless Steel,,,Stainless Steel,ZCG922A6XB,,,mapped,2026-07-30T00:00:00,2026-07-30T00:00:00
VAR-3E68777D071908,MOD-1A5425903E2604,Zanussi ZCG94396XB 5 burners / Stainless Steel,الأجهزة المنزلية,بوتاجازات,Zanussi,ZCG94396XB,5 burners | Stainless Steel,,,Stainless Steel,ZCG94396XB,,,mapped,2026-07-30T00:00:00,2026-07-30T00:00:00
VAR-DA01BEABFE393C,MOD-1A5425903E2604,Zanussi ZCG94396XB Freestanding | Stainless Steel,الأجهزة المنزلية,بوتاجازات,Zanussi,ZCG94396XB,Freestanding | Stainless Steel,,,Stainless Steel,ZCG94396XB,,,mapped,2026-07-30T00:00:00,2026-07-30T00:00:00
VAR-6B59B402C4FA84,MOD-A1EED420FFD53B,Beko RCNE367E30ZXB 367 L | Freestanding | Silver | 367L,الأجهزة المنزلية,ثلاجات,Beko,RCNE367E30ZXB,367 L | Freestanding | Silver,,,Silver,RCNE367E30ZXB,,,mapped,2026-07-30T00:00:00,2026-07-30T00:00:00
VAR-F0559A65805F9F,MOD-1A23C621DFB4EB,Beko RDNE420KDB 390 L | Freestanding | Silver | 390L,الأجهزة المنزلية,ثلاجات,Beko,RDNE420KDB,390 L | Freestanding | Silver,,,Silver,RDNE420KDB,,,mapped,2026-07-30T00:00:00,2026-07-30T00:00:00
VAR-FCCA8F24C270C7,MOD-CAC94E6B5BFCB3,Beko RDNE455M20XBIDS 406 L | Freestanding | Inverter | Silver | 406L,الأجهزة المنزلية,ثلاجات,Beko,RDNE455M20XBIDS,406 L | Freestanding | Inverter | Silver,,,Silver,RDNE455M20XBIDS,,,mapped,2026-07-30T00:00:00,2026-07-30T00:00:00
VAR-F4900E6443B00D,MOD-AB06EEC870F7EF,Beko RDNE455M20XBIDTEWEG 455 L | Freestanding | Inverter | Black | 455L,الأجهزة المنزلية,ثلاجات,Beko,RDNE455M20XBIDTEWEG,455 L | Freestanding | Inverter | Black,,,Black,RDNE455M20XBIDTEWEG,,,mapped,2026-07-30T00:00:00,2026-07-30T00:00:00
VAR-A72EC8DE74F9FB,MOD-9EE8545070F6EF,Beko RDNE455MK 430 L | Freestanding | Silver | 430L,الأجهزة المنزلية,ثلاجات,Beko,RDNE455MK,430 L | Freestanding | Silver,,,Silver,RDNE455MK,,,mapped,2026-07-30T00:00:00,2026-07-30T00:00:00
VAR-2250E92B3EA7B2,MOD-00534B17B8D00B,Bosch KDN43NL2E8 328 L | Freestanding | Stainless Steel | 328L,الأجهزة المنزلية,ثلاجات,Bosch,KDN43NL2E8,328 L | Freestanding | Stainless Steel,,,Stainless Steel,KDN43NL2E8,,,mapped,2026-07-30T00:00:00,2026-07-30T00:00:00
VAR-3127394F66C4AC,MOD-00534B17B8D00B,Bosch KDN43NL2E8 328L / Stainless Steel,الأجهزة المنزلية,ثلاجات,Bosch,KDN43NL2E8,328L | Stainless Steel,,,Stainless Steel,KDN43NL2E8,,,mapped,2026-07-30T00:00:00,2026-07-30T00:00:00
VAR-15FFEA585C2109,MOD-782030A40BDB81,Bosch KDN43VL2E8 328 L | Freestanding | Stainless Steel | 328L,الأجهزة المنزلية,ثلاجات,Bosch,KDN43VL2E8,328 L | Freestanding | Stainless Steel,,,Stainless Steel,KDN43VL2E8,,,mapped,2026-07-30T00:00:00,2026-07-30T00:00:00
VAR-EDC8A4D32EF7AF,MOD-782030A40BDB81,Bosch KDN43VL2E8 328L / Stainless Steel,الأجهزة المنزلية,ثلاجات,Bosch,KDN43VL2E8,328L | Stainless Steel,,,Stainless Steel,KDN43VL2E8,,,mapped,2026-07-30T00:00:00,2026-07-30T00:00:00
VAR-D5C0AEEA51B365,MOD-0CF5880D148D0C,Bosch KDN47NLEE8 413L / Silver,الأجهزة المنزلية,ثلاجات,Bosch,KDN47NLEE8,413L | Silver,,,Silver,KDN47NLEE8,,,mapped,2026-07-30T00:00:00,2026-07-30T00:00:00
VAR-EB364A13601F6D,MOD-69ED186349B163,Bosch KDN55NL2E8 453L / Inox,الأجهزة المنزلية,ثلاجات,Bosch,KDN55NL2E8,453L | Inox,,,Inox,KDN55NL2E8,,,mapped,2026-07-30T00:00:00,2026-07-30T00:00:00
VAR-A2AECF322F82AD,MOD-3F1BECE290246D,Bosch KDN76XI3E8 542 L | Freestanding | Silver | 542L,الأجهزة المنزلية,ثلاجات,Bosch,KDN76XI3E8,542 L | Freestanding | Silver,,,Silver,KDN76XI3E8,,,mapped,2026-07-30T00:00:00,2026-07-30T00:00:00
VAR-E84AE7B0811682,MOD-809322E5FA61C8,Bosch KDN76XI3E8 542L / Silver,الأجهزة المنزلية,ثلاجات,Bosch,KDN76XI3E8,542L | Silver,,,Silver,KDN76XI3E8,,,mapped,2026-07-30T00:00:00,2026-07-30T00:00:00
VAR-35E7336954485D,MOD-7F489939DF092C,Bosch KDN86AI3E9 641 L | Freestanding | Stainless Steel | 641L,الأجهزة المنزلية,ثلاجات,Bosch,KDN86AI3E9,641 L | Freestanding | Stainless Steel,,,Stainless Steel,KDN86AI3E9,,,mapped,2026-07-30T00:00:00,2026-07-30T00:00:00
VAR-540597722CDA65,MOD-6104D8FC844EF7,Bosch KDN86AI3E9 641L / Stainless Steel,الأجهزة المنزلية,ثلاجات,Bosch,KDN86AI3E9,641L | Stainless Steel,,,Stainless Steel,KDN86AI3E9,,,mapped,2026-07-30T00:00:00,2026-07-30T00:00:00
VAR-0E1F959A104F17,MOD-ECE60A054672CB,Bosch KGN39NLEE8 330L / Stainless Steel,الأجهزة المنزلية,ثلاجات,Bosch,KGN39NLEE8,330L | Stainless Steel,,,Stainless Steel,KGN39NLEE8,,,mapped,2026-07-30T00:00:00,2026-07-30T00:00:00
VAR-3E022EE76F5F5A,MOD-0870B733C52C48,Bosch KGN55VI2E9 483L / Silver,الأجهزة المنزلية,ثلاجات,Bosch,KGN55VI2E9,483L | Silver,,,Silver,KGN55VI2E9,,,mapped,2026-07-30T00:00:00,2026-07-30T00:00:00
VAR-5FA8335C3FB7B3,MOD-217823005AA441,Bosch KGN56CX30U 505 L | Freestanding | Inox | 505L,الأجهزة المنزلية,ثلاجات,Bosch,KGN56CX30U,505 L | Freestanding | Inox,,,Inox,KGN56CX30U,,,mapped,2026-07-30T00:00:00,2026-07-30T00:00:00
VAR-6B3D1AFD5AC46A,MOD-98575997E68B9A,Bosch KGN56CX30U 505L / Black Inox,الأجهزة المنزلية,ثلاجات,Bosch,KGN56CX30U,505L | Black Inox,,,Black Inox,KGN56CX30U,,,mapped,2026-07-30T00:00:00,2026-07-30T00:00:00
VAR-D52D21AB6976C0,MOD-05C6CA147450B3,Bosch KGN56LB3E9 508L / Black,الأجهزة المنزلية,ثلاجات,Bosch,KGN56LB3E9,508L | Black,,,Black,KGN56LB3E9,,,mapped,2026-07-30T00:00:00,2026-07-30T00:00:00
VAR-49F2BB364FB454,MOD-0077CA4FF9CB36,Bosch KGN76CI3E8 526L / Stainless Steel,الأجهزة المنزلية,ثلاجات,Bosch,KGN76CI3E8,526L | Stainless Steel,,,Stainless Steel,KGN76CI3E8,,,mapped,2026-07-30T00:00:00,2026-07-30T00:00:00
VAR-28EB7EAFF079D5,MOD-BE78391DA47805,Bosch KGN86CI3E8 631L / Silver,الأجهزة المنزلية,ثلاجات,Bosch,KGN86CI3E8,631L | Silver,,,Silver,KGN86CI3E8,,,mapped,2026-07-30T00:00:00,2026-07-30T00:00:00
VAR-648D046618FC16,MOD-E553026DDEDABD,Bosch KSV36VL30U 346L / Silver,الأجهزة المنزلية,ثلاجات,Bosch,KSV36VL30U,346L | Silver,,,Silver,KSV36VL30U,,,mapped,2026-07-30T00:00:00,2026-07-30T00:00:00
VAR-D8B02CE30B29AD,MOD-D1AA915EFE7609,Fresh 18706 90L / Silver,الأجهزة المنزلية,ثلاجات,Fresh,18706,90L | Silver,,,Silver,18706,,,mapped,2026-07-30T00:00:00,2026-07-30T00:00:00
VAR-7783A9E6285072,MOD-D1AA915EFE7609,Fresh 18706 91L / Black,الأجهزة المنزلية,ثلاجات,Fresh,18706,91L | Black,,,Black,18706,,,mapped,2026-07-30T00:00:00,2026-07-30T00:00:00
VAR-B78DCBAA10AE21,MOD-1A5FF37AF18BDD,Fresh 500006363 294L / Silver,الأجهزة المنزلية,ثلاجات,Fresh,500006363,294L | Silver,,,Silver,500006363,,,mapped,2026-07-30T00:00:00,2026-07-30T00:00:00
VAR-74F4062764CDEE,MOD-C5CAA1F959D49F,Fresh B137 B 91L / Black,الأجهزة المنزلية,ثلاجات,Fresh,B137 B,91L | Black,,,Black,B137 B,,,mapped,2026-07-30T00:00:00,2026-07-30T00:00:00
VAR-D1F6A272A688F0,MOD-C5CAA1F959D49F,Fresh B137 B 91L / Silver,الأجهزة المنزلية,ثلاجات,Fresh,B137 B,91L | Silver,,,Silver,B137 B,,,mapped,2026-07-30T00:00:00,2026-07-30T00:00:00
VAR-6B58AF8761E388,MOD-D5C5C32734B348,Fresh FDD-B315 S 293L / Silver,الأجهزة المنزلية,ثلاجات,Fresh,FDD-B315 S,293L | Silver,,,Silver,FDD-B315 S,,,mapped,2026-07-30T00:00:00,2026-07-30T00:00:00
VAR-A5B39ECD419796,MOD-9148E265C8D42E,Fresh FMB70 45L / Silver,الأجهزة المنزلية,ثلاجات,Fresh,FMB70,45L | Silver,,,Silver,FMB70,,,mapped,2026-07-30T00:00:00,2026-07-30T00:00:00
VAR-407C4DE9A14624,MOD-BE9FA54DC47E03,Fresh FNT-B470KBM 397L / Black,الأجهزة المنزلية,ثلاجات,Fresh,FNT-B470KBM,397L | Black,,,Black,FNT-B470KBM,,,mapped,2026-07-30T00:00:00,2026-07-30T00:00:00
VAR-4F5890AECCD3FD,MOD-EB9DAD6E36B886,Fresh FNT-BR470BMB 397 L | Freestanding | Black | 397L,الأجهزة المنزلية,ثلاجات,Fresh,FNT-BR470BMB,397 L | Freestanding | Black,,,Black,FNT-BR470BMB,,,mapped,2026-07-30T00:00:00,2026-07-30T00:00:00
VAR-22BB2E0DE85F44,MOD-EB9DAD6E36B886,Fresh FNT-BR470BMB 397L / Black,الأجهزة المنزلية,ثلاجات,Fresh,FNT-BR470BMB,397L | Black,,,Black,FNT-BR470BMB,,,mapped,2026-07-30T00:00:00,2026-07-30T00:00:00
VAR-80DBFE2CA3DFFD,MOD-45BF93CABB6BC2,Fresh FNT-BS470BB 397L / Black,الأجهزة المنزلية,ثلاجات,Fresh,FNT-BS470BB,397L | Black,,,Black,FNT-BS470BB,,,mapped,2026-07-30T00:00:00,2026-07-30T00:00:00
VAR-88C9F3E4CD6229,MOD-B9B43CF7235C21,Fresh FNT-BS470KT (FLD) 397L / Stainless Steel,الأجهزة المنزلية,ثلاجات,Fresh,FNT-BS470KT (FLD),397L | Stainless Steel,,,Stainless Steel,FNT-BS470KT (FLD),,,mapped,2026-07-30T00:00:00,2026-07-30T00:00:00
VAR-B7821DE6FE9412,MOD-D0DF7A9152D76F,Fresh FNT-DR540YGB 426L / Black,الأجهزة المنزلية,ثلاجات,Fresh,FNT-DR540YGB,426L | Black,,,Black,FNT-DR540YGB,,,mapped,2026-07-30T00:00:00,2026-07-30T00:00:00
VAR-A4903722A0FCD3,MOD-C3DDF76942605D,Fresh FNT-M400YT 369L / Stainless Steel,الأجهزة المنزلية,ثلاجات,Fresh,FNT-M400YT,369L | Stainless Steel,,,Stainless Steel,FNT-M400YT,,,mapped,2026-07-30T00:00:00,2026-07-30T00:00:00
VAR-4EE24339BBA278,MOD-0BA1C78F88AA50,Fresh FNT-M580YB 471L / Black,الأجهزة المنزلية,ثلاجات,Fresh,FNT-M580YB,471L | Black,,,Black,FNT-M580YB,,,mapped,2026-07-30T00:00:00,2026-07-30T00:00:00
VAR-329BEA62E83210,MOD-A7A0CB8BE8CCAB,Fresh FNT-MR470YGQMI 397L / Black,الأجهزة المنزلية,ثلاجات,Fresh,FNT-MR470YGQMI,397L | Black,,,Black,FNT-MR470YGQMI,,,mapped,2026-07-30T00:00:00,2026-07-30T00:00:00
VAR-E47E5D2A503167,MOD-83FC616EE29CD3,Fresh FNT-MS580 YT (FLD) 471L / Stainless Steel,الأجهزة المنزلية,ثلاجات,Fresh,FNT-MS580 YT (FLD),471L | Stainless Steel,,,Stainless Steel,FNT-MS580 YT (FLD),,,mapped,2026-07-30T00:00:00,2026-07-30T00:00:00
VAR-D4029AFD92172D,MOD-FEC3879C7C02B2,Fresh FNTBS370KBC4K 329L / Black,الأجهزة المنزلية,ثلاجات,Fresh,FNTBS370KBC4K,329L | Black,,,Black,FNTBS370KBC4K,,,mapped,2026-07-30T00:00:00,2026-07-30T00:00:00
VAR-CCC6F4687AC490,MOD-2473CEE3FFE80C,Fresh FNTBS400KTFLD 369L / Stainless Steel,الأجهزة المنزلية,ثلاجات,Fresh,FNTBS400KTFLD,369L | Stainless Steel,,,Stainless Steel,FNTBS400KTFLD,,,mapped,2026-07-30T00:00:00,2026-07-30T00:00:00
VAR-3E4E252D0671B3,MOD-7E0D061AD31192,Fresh FNTLS540MIWGFLD 426L / Stainless Steel,الأجهزة المنزلية,ثلاجات,Fresh,FNTLS540MIWGFLD,426L | Stainless Steel,,,Stainless Steel,FNTLS540MIWGFLD,,,mapped,2026-07-30T00:00:00,2026-07-30T00:00:00
VAR-19994B5354814B,MOD-C524C0C06418B4,Fresh FNTMS540YT4K 426L / Stainless Steel,الأجهزة المنزلية,ثلاجات,Fresh,FNTMS540YT4K,426L | Stainless Steel,,,Stainless Steel,FNTMS540YT4K,,,mapped,2026-07-30T00:00:00,2026-07-30T00:00:00
VAR-8791E0F48D9673,MOD-5ECD960DD4ACAC,Kiriazi E470 450L / Black,الأجهزة المنزلية,ثلاجات,Kiriazi,E470,450L | Black,,,Black,E470,,,mapped,2026-07-30T00:00:00,2026-07-30T00:00:00
VAR-2BB1648FA7D3F7,MOD-6270E38F98E8BF,Kiriazi E470NV/2 450L / Silver,الأجهزة المنزلية,ثلاجات,Kiriazi,E470NV/2,450L | Silver,,,Silver,E470NV/2,,,mapped,2026-07-30T00:00:00,2026-07-30T00:00:00
VAR-F3B1D73096C0C4,MOD-DA8CD1C7AD84A6,Kiriazi E520 NV/2 480L / Silver,الأجهزة المنزلية,ثلاجات,Kiriazi,E520 NV/2,480L | Silver,,,Silver,E520 NV/2,,,mapped,2026-07-30T00:00:00,2026-07-30T00:00:00
VAR-34E78FD5F9280D,MOD-73D69B552B7E84,Kiriazi E520 NV/2 B 450L / Black,الأجهزة المنزلية,ثلاجات,Kiriazi,E520 NV/2 B,450L | Black,,,Black,E520 NV/2 B,,,mapped,2026-07-30T00:00:00,2026-07-30T00:00:00
VAR-B497A144FCB809,MOD-CD26A4479F287B,Kiriazi E570NV2 540L / Silver,الأجهزة المنزلية,ثلاجات,Kiriazi,E570NV2,540L | Silver,,,Silver,E570NV2,,,mapped,2026-07-30T00:00:00,2026-07-30T00:00:00
VAR-C1734B90C247D0,MOD-CD26A4479F287B,Kiriazi E570NV2 570L,الأجهزة المنزلية,ثلاجات,Kiriazi,E570NV2,570L,,,,E570NV2,,,mapped,2026-07-30T00:00:00,2026-07-30T00:00:00
VAR-314FB9B3653AEA,MOD-1817C0367C68F1,Kiriazi k28m 280L / Silver,الأجهزة المنزلية,ثلاجات,Kiriazi,k28m,280L | Silver,,,Silver,k28m,,,mapped,2026-07-30T00:00:00,2026-07-30T00:00:00
VAR-1B76A68F1EA68E,MOD-D65AAD6C09E574,Kiriazi K330 330L / White,الأجهزة المنزلية,ثلاجات,Kiriazi,K330,330L | White,,,White,K330,,,mapped,2026-07-30T00:00:00,2026-07-30T00:00:00
VAR-EED437050F23B6,MOD-64A4190B88E9E2,Kiriazi KH370LN 370L / Silver,الأجهزة المنزلية,ثلاجات,Kiriazi,KH370LN,370L | Silver,,,Silver,KH370LN,,,mapped,2026-07-30T00:00:00,2026-07-30T00:00:00
VAR-A2285B04F07DEC,MOD-3CE0CA752B7386,Kiriazi KH370LN/3 370L / Black,الأجهزة المنزلية,ثلاجات,Kiriazi,KH370LN/3,370L | Black,,,Black,KH370LN/3,,,mapped,2026-07-30T00:00:00,2026-07-30T00:00:00
VAR-CE7134BEA63891,MOD-EF618C3B5EE72C,Kiriazi KH371NV/2 370L / Silver,الأجهزة المنزلية,ثلاجات,Kiriazi,KH371NV/2,370L | Silver,,,Silver,KH371NV/2,,,mapped,2026-07-30T00:00:00,2026-07-30T00:00:00
VAR-F2935335ADB554,MOD-09654C348E3666,Kiriazi KH371NV/3-B 370L / Black,الأجهزة المنزلية,ثلاجات,Kiriazi,KH371NV/3-B,370L | Black,,,Black,KH371NV/3-B,,,mapped,2026-07-30T00:00:00,2026-07-30T00:00:00
VAR-FE0794EAB71090,MOD-B912C26D200F0E,Kiriazi KH450LN 450L / Black,الأجهزة المنزلية,ثلاجات,Kiriazi,KH450LN,450L | Black,,,Black,KH450LN,,,mapped,2026-07-30T00:00:00,2026-07-30T00:00:00
VAR-FD2AD8DF9D84E3,MOD-93EA74107F53EA,Kiriazi KH625 625L / Black,الأجهزة المنزلية,ثلاجات,Kiriazi,KH625,625L | Black,,,Black,KH625,,,mapped,2026-07-30T00:00:00,2026-07-30T00:00:00
VAR-C73C6209E58DF4,MOD-93EA74107F53EA,Kiriazi KH625 625L / Silver,الأجهزة المنزلية,ثلاجات,Kiriazi,KH625,625L | Silver,,,Silver,KH625,,,mapped,2026-07-30T00:00:00,2026-07-30T00:00:00
VAR-B9921E131BA5F0,MOD-70317EE3ADE22B,Kiriazi KHN 625L 625L / Black,الأجهزة المنزلية,ثلاجات,Kiriazi,KHN 625L,625L | Black,,,Black,KHN 625L,,,mapped,2026-07-30T00:00:00,2026-07-30T00:00:00
VAR-42502C244AF224,MOD-70317EE3ADE22B,Kiriazi KHN 625L 625L / Silver,الأجهزة المنزلية,ثلاجات,Kiriazi,KHN 625L,625L | Silver,,,Silver,KHN 625L,,,mapped,2026-07-30T00:00:00,2026-07-30T00:00:00
VAR-26B51FFD1C6E8E,MOD-338EB10897DF01,Kiriazi KHN690L 690L / Black,الأجهزة المنزلية,ثلاجات,Kiriazi,KHN690L,690L | Black,,,Black,KHN690L,,,mapped,2026-07-30T00:00:00,2026-07-30T00:00:00
VAR-8A883A70D19F63,MOD-338EB10897DF01,Kiriazi KHN690L Silver,الأجهزة المنزلية,ثلاجات,Kiriazi,KHN690L,Silver,,,Silver,KHN690L,,,mapped,2026-07-30T00:00:00,2026-07-30T00:00:00
VAR-DF7E5D8798404D,MOD-5CB4428AAD8F04,Kiriazi KR350-4 350L / Silver,الأجهزة المنزلية,ثلاجات,Kiriazi,KR350-4,350L | Silver,,,Silver,KR350-4,,,mapped,2026-07-30T00:00:00,2026-07-30T00:00:00
VAR-E57B351855F0AF,MOD-2400773193C921,LG GTF452SSAN 450 L | Freestanding | Inverter | Black | 450L,الأجهزة المنزلية,ثلاجات,LG,GTF452SSAN,450 L | Freestanding | Inverter | Black,,,Black,GTF452SSAN,,,mapped,2026-07-30T00:00:00,2026-07-30T00:00:00
VAR-36405D071EECCA,MOD-7946F9BBC5A7D6,LG GTF452SVAN 450 L | Freestanding | Inverter | Silver | 450L,الأجهزة المنزلية,ثلاجات,LG,GTF452SVAN,450 L | Freestanding | Inverter | Silver,,,Silver,GTF452SVAN,,,mapped,2026-07-30T00:00:00,2026-07-30T00:00:00
VAR-71E6636681AF24,MOD-10E9EC71B11738,Midea RT723MTN46D 535 L | Freestanding | Inverter | Stainless Steel | 535L,الأجهزة المنزلية,ثلاجات,Midea,RT723MTN46D,535 L | Freestanding | Inverter | Stainless Steel,,,Stainless Steel,RT723MTN46D,,,mapped,2026-07-30T00:00:00,2026-07-30T00:00:00
VAR-148B150DDB105A,MOD-695B313FFB5811,Samsung RB34C672EB1/MR 340 L | Freestanding | Inverter | Black | 340L,الأجهزة المنزلية,ثلاجات,Samsung,RB34C672EB1/MR,340 L | Freestanding | Inverter | Black,,,Black,RB34C672EB1/MR,,,mapped,2026-07-30T00:00:00,2026-07-30T00:00:00
VAR-DE28110CCBC798,MOD-4442512AC89F08,Samsung RT33DG3000QVMR 340 L | Freestanding | Silver | 340L,الأجهزة المنزلية,ثلاجات,Samsung,RT33DG3000QVMR,340 L | Freestanding | Silver,,,Silver,RT33DG3000QVMR,,,mapped,2026-07-30T00:00:00,2026-07-30T00:00:00
VAR-B4EC91697C5BD6,MOD-924116B69A9E6E,Sharp SJ-48C 396 L | Freestanding | Stainless Steel | 396L,الأجهزة المنزلية,ثلاجات,Sharp,SJ-48C,396 L | Freestanding | Stainless Steel,,,Stainless Steel,SJ-48C,,,mapped,2026-07-30T00:00:00,2026-07-30T00:00:00
VAR-C8A8EEC4FAFDA2,MOD-FE7FB1E3BDFD57,Tornado F580TVDST 450L / Silver,الأجهزة المنزلية,ثلاجات,Tornado,F580TVDST,450L | Silver,,,Silver,F580TVDST,,,mapped,2026-07-30T00:00:00,2026-07-30T00:00:00
VAR-F8A306A0F02622,MOD-4632F64C2741D4,Tornado MBR-AR100-W Mini bar 100L / White,الأجهزة المنزلية,ثلاجات,Tornado,MBR-AR100-W Mini bar,100L | White,,,White,,,,mapped,2026-07-30T00:00:00,2026-07-30T00:00:00
VAR-02FB482B068486,MOD-280EA7A6CC9F58,Tornado RF-33FT-BK 304L / Black,الأجهزة المنزلية,ثلاجات,Tornado,RF-33FT-BK,304L | Black,,,Black,RF-33FT-BK,,,mapped,2026-07-30T00:00:00,2026-07-30T00:00:00
VAR-DC7C1B9B2C0A1F,MOD-2E45968DE18882,Tornado RF-45FT-SL 351L / Silver,الأجهزة المنزلية,ثلاجات,Tornado,RF-45FT-SL,351L | Silver,,,Silver,RF-45FT-SL,,,mapped,2026-07-30T00:00:00,2026-07-30T00:00:00
VAR-2F18484A10314E,MOD-2A780B15B385BA,Tornado RF-480AT-DST 396L / Stainless Steel,الأجهزة المنزلية,ثلاجات,Tornado,RF-480AT-DST,396L | Stainless Steel,,,Stainless Steel,RF-480AT-DST,,,mapped,2026-07-30T00:00:00,2026-07-30T00:00:00
VAR-311057CCE21100,MOD-D21C2AF7AE4368,Tornado RF-51FTV-BK 395L / Black,الأجهزة المنزلية,ثلاجات,Tornado,RF-51FTV-BK,395L | Black,,,Black,RF-51FTV-BK,,,mapped,2026-07-30T00:00:00,2026-07-30T00:00:00
VAR-B8C720A67C4F29,MOD-C42DBD245AB6C1,Tornado RF-51FTV-DST 395L / Stainless Steel,الأجهزة المنزلية,ثلاجات,Tornado,RF-51FTV-DST,395L | Stainless Steel,,,Stainless Steel,RF-51FTV-DST,,,mapped,2026-07-30T00:00:00,2026-07-30T00:00:00
VAR-38315A2615EF36,MOD-27C8E5BDC71C52,Tornado RF-51FTV-SL 395L / Silver,الأجهزة المنزلية,ثلاجات,Tornado,RF-51FTV-SL,395L | Silver,,,Silver,RF-51FTV-SL,,,mapped,2026-07-30T00:00:00,2026-07-30T00:00:00
VAR-271EB451A2F73A,MOD-9DD181F81647BC,Tornado RF-580AT-SL 450L / Silver,الأجهزة المنزلية,ثلاجات,Tornado,RF-580AT-SL,450L | Silver,,,Silver,RF-580AT-SL,,,mapped,2026-07-30T00:00:00,2026-07-30T00:00:00
VAR-A0BF860750F070,MOD-DCF2B4BEC98DDF,Tornado RF-580TV-BK 450L / Black,الأجهزة المنزلية,ثلاجات,Tornado,RF-580TV-BK,450L | Black,,,Black,RF-580TV-BK,,,mapped,2026-07-30T00:00:00,2026-07-30T00:00:00
VAR-B324D5411658BD,MOD-33A80470EAF6F4,Tornado RF-580TV-W 450L / White,الأجهزة المنزلية,ثلاجات,Tornado,RF-580TV-W,450L | White,,,White,RF-580TV-W,,,mapped,2026-07-30T00:00:00,2026-07-30T00:00:00
VAR-A30BB78F283AF9,MOD-60B47D88BD9294,Tornado RF-58T-ST 450L / Stainless Steel,الأجهزة المنزلية,ثلاجات,Tornado,RF-58T-ST,450L | Stainless Steel,,,Stainless Steel,RF-58T-ST,,,mapped,2026-07-30T00:00:00,2026-07-30T00:00:00
VAR-01875FF5CB955A,MOD-9C3B5F525E1C95,Tornado RF33FTVBK 304L / Black,الأجهزة المنزلية,ثلاجات,Tornado,RF33FTVBK,304L | Black,,,Black,RF33FTVBK,,,mapped,2026-07-30T00:00:00,2026-07-30T00:00:00
VAR-B50658D6633E76,MOD-97D31D7E4B0792,Tornado RF33FTVDST 304L / Stainless Steel,الأجهزة المنزلية,ثلاجات,Tornado,RF33FTVDST,304L | Stainless Steel,,,Stainless Steel,RF33FTVDST,,,mapped,2026-07-30T00:00:00,2026-07-30T00:00:00
VAR-5D326357176042,MOD-019AA29903D087,Tornado RF40FTVDST 355L / Stainless Steel,الأجهزة المنزلية,ثلاجات,Tornado,RF40FTVDST,355L | Stainless Steel,,,Stainless Steel,RF40FTVDST,,,mapped,2026-07-30T00:00:00,2026-07-30T00:00:00
VAR-856011DEE7AB64,MOD-16BDE248C6448B,Tornado RF40FTVSL 355L / Silver,الأجهزة المنزلية,ثلاجات,Tornado,RF40FTVSL,355L | Silver,,,Silver,RF40FTVSL,,,mapped,2026-07-30T00:00:00,2026-07-30T00:00:00
VAR-BCBA035EFDAB6A,MOD-DBF0B3FB36CE14,Unionaire RD-320BB-DVGSGHUSTO 310 L | Freestanding | Black | 310L,الأجهزة المنزلية,ثلاجات,Unionaire,RD-320BB-DVGSGHUSTO,310 L | Freestanding | Black,,,Black,RD-320BB-DVGSGHUSTO,,,mapped,2026-07-30T00:00:00,2026-07-30T00:00:00
VAR-EB83C2EFAC4D41,MOD-4739BB0F730EAA,Moulinex AR6801EG 800 W | White,الأجهزة المنزلية,خلاطات كهربائية,Moulinex,AR6801EG,800 W | White,,,White,AR6801EG,,,mapped,2026-07-30T00:00:00,2026-07-30T00:00:00
VAR-293988A171F08B,MOD-4ED360D0D2997E,Moulinex DPA241EG 1000 W | White,الأجهزة المنزلية,خلاطات كهربائية,Moulinex,DPA241EG,1000 W | White,,,White,DPA241EG,,,mapped,2026-07-30T00:00:00,2026-07-30T00:00:00
VAR-0FAC593BCFFABD,MOD-68A82D0E309A6B,Moulinex LM207125 2 L | 700 W | White | 2L,الأجهزة المنزلية,خلاطات كهربائية,Moulinex,LM207125,2 L | 700 W | White,,,White,LM207125,,,mapped,2026-07-30T00:00:00,2026-07-30T00:00:00
VAR-E86E21D24B7CFF,MOD-2F33923F11FCB9,Moulinex LM2B21EG 450 W,الأجهزة المنزلية,خلاطات كهربائية,Moulinex,LM2B21EG,450 W,,,,LM2B21EG,,,mapped,2026-07-30T00:00:00,2026-07-30T00:00:00
VAR-687B09624752C2,MOD-0AA160C42003B0,Moulinex LM2B3126 450 W,الأجهزة المنزلية,خلاطات كهربائية,Moulinex,LM2B3126,450 W,,,,LM2B3126,,,mapped,2026-07-30T00:00:00,2026-07-30T00:00:00
VAR-114CAC08ABB90C,MOD-9AFE151CE1D49E,Moulinex LM2CR8M2 450 W,الأجهزة المنزلية,خلاطات كهربائية,Moulinex,LM2CR8M2,450 W,,,,LM2CR8M2,,,mapped,2026-07-30T00:00:00,2026-07-30T00:00:00
VAR-A1EA829987E535,MOD-13E906BF254BFD,Moulinex LM4231EG 2 L | 800 W | 2L,الأجهزة المنزلية,خلاطات كهربائية,Moulinex,LM4231EG,2 L | 800 W,,,,LM4231EG,,,mapped,2026-07-30T00:00:00,2026-07-30T00:00:00
VAR-3D8FBB2F7988AB,MOD-813948B6BF2C07,Moulinex LM42X2EG 2 L | 800 W | 2L,الأجهزة المنزلية,خلاطات كهربائية,Moulinex,LM42X2EG,2 L | 800 W,,,,LM42X2EG,,,mapped,2026-07-30T00:00:00,2026-07-30T00:00:00
VAR-8589FB63184140,MOD-91CFC23F304A13,Moulinex LM4358EG 2 L | 800 W | 2L,الأجهزة المنزلية,خلاطات كهربائية,Moulinex,LM4358EG,2 L | 800 W,,,,LM4358EG,,,mapped,2026-07-30T00:00:00,2026-07-30T00:00:00
VAR-55C4DEC18C2454,MOD-ECBFD958C689E6,Moulinex LM871D10 2 L | 1200 W | 2L,الأجهزة المنزلية,خلاطات كهربائية,Moulinex,LM871D10,2 L | 1200 W,,,,LM871D10,,,mapped,2026-07-30T00:00:00,2026-07-30T00:00:00
VAR-11BECD2F3060FA,MOD-FA9CCBE9F28260,Moulinex DD1001EG 800 mL | 350 W | 800mL,الأجهزة المنزلية,خلاطات يدوية,Moulinex,DD1001EG,800 mL | 350 W,,,,DD1001EG,,,mapped,2026-07-30T00:00:00,2026-07-30T00:00:00
VAR-B356131C0D1252,MOD-D1F49680C8FBC1,Moulinex DD1011EG 800 mL | 350 W | Stainless Steel | 800mL,الأجهزة المنزلية,خلاطات يدوية,Moulinex,DD1011EG,800 mL | 350 W | Stainless Steel,,,Stainless Steel,DD1011EG,,,mapped,2026-07-30T00:00:00,2026-07-30T00:00:00
VAR-02A18405C31312,MOD-C9F929F14BAD80,Moulinex DD6411EG 1000 W | White,الأجهزة المنزلية,خلاطات يدوية,Moulinex,DD6411EG,1000 W | White,,,White,DD6411EG,,,mapped,2026-07-30T00:00:00,2026-07-30T00:00:00
VAR-AFC17A6337ECCF,MOD-BAACAF2B08C64B,Moulinex DD6551EG 500 mL | 1000 W | White | 500mL,الأجهزة المنزلية,خلاطات يدوية,Moulinex,DD6551EG,500 mL | 1000 W | White,,,White,DD6551EG,,,mapped,2026-07-30T00:00:00,2026-07-30T00:00:00
VAR-601343BC2072C4,MOD-A5F373CA53E4CC,Moulinex DD6552EG 500 mL | 1000 W | Black | 500mL,الأجهزة المنزلية,خلاطات يدوية,Moulinex,DD6552EG,500 mL | 1000 W | Black,,,Black,DD6552EG,,,mapped,2026-07-30T00:00:00,2026-07-30T00:00:00
VAR-4CF36436825209,MOD-4B3933680B6099,Moulinex DD6554EG 800 mL | 1000 W | Black | 800mL,الأجهزة المنزلية,خلاطات يدوية,Moulinex,DD6554EG,800 mL | 1000 W | Black,,,Black,DD6554EG,,,mapped,2026-07-30T00:00:00,2026-07-30T00:00:00
VAR-23EFCE8A08F879,MOD-1EFA70461AC0BF,Moulinex DD673810 500 mL | 1000 W | Stainless Steel | 500mL,الأجهزة المنزلية,خلاطات يدوية,Moulinex,DD673810,500 mL | 1000 W | Stainless Steel,,,Stainless Steel,DD673810,,,mapped,2026-07-30T00:00:00,2026-07-30T00:00:00
VAR-B99202026564E7,MOD-F881522991C299,Ariston DFN436X 13 persons / Silver,الأجهزة المنزلية,غسالات أطباق,Ariston,DFN436X,13 persons | Silver,,,Silver,DFN436X,,,mapped,2026-07-30T00:00:00,2026-07-30T00:00:00
VAR-0DAB00B782C088,MOD-15F2D963234A59,Ariston LFC3O33WLTX 14 persons / Silver,الأجهزة المنزلية,غسالات أطباق,Ariston,LFC3O33WLTX,14 persons | Silver,,,Silver,LFC3O33WLTX,,,mapped,2026-07-30T00:00:00,2026-07-30T00:00:00
VAR-80E06E2DF94ABD,MOD-8FFE6238078747,Beko BDFN15420B 14 persons / Black,الأجهزة المنزلية,غسالات أطباق,Beko,BDFN15420B,14 persons | Black,,,Black,BDFN15420B,,,mapped,2026-07-30T00:00:00,2026-07-30T00:00:00
VAR-65E46C9A3BCDF4,MOD-B7ACC3EBCF1ED0,Beko BDFN15420S 14 persons / Silver,الأجهزة المنزلية,غسالات أطباق,Beko,BDFN15420S,14 persons | Silver,,,Silver,BDFN15420S,,,mapped,2026-07-30T00:00:00,2026-07-30T00:00:00
VAR-A3A05A7404B42A,MOD-DECDBEE09025B8,Beko BDFN26520XQ 15 persons / Silver,الأجهزة المنزلية,غسالات أطباق,Beko,BDFN26520XQ,15 persons | Silver,,,Silver,BDFN26520XQ,,,mapped,2026-07-30T00:00:00,2026-07-30T00:00:00
VAR-BCB8ABEA863897,MOD-4F487B01FCA890,Beko BDFN36531GB 15 persons / Black,الأجهزة المنزلية,غسالات أطباق,Beko,BDFN36531GB,15 persons | Black,,,Black,BDFN36531GB,,,mapped,2026-07-30T00:00:00,2026-07-30T00:00:00
VAR-720273D0F73E76,MOD-47C1A057FB2D9E,Beko BDFN36531XC 15 persons / Silver,الأجهزة المنزلية,غسالات أطباق,Beko,BDFN36531XC,15 persons | Silver,,,Silver,BDFN36531XC,,,mapped,2026-07-30T00:00:00,2026-07-30T00:00:00
VAR-E0CEB3B1A118C7,MOD-F3352C3CD0BB24,Beko BDFS15020B 10 persons / Black,الأجهزة المنزلية,غسالات أطباق,Beko,BDFS15020B,10 persons | Black,,,Black,BDFS15020B,,,mapped,2026-07-30T00:00:00,2026-07-30T00:00:00
VAR-A38365C183AE30,MOD-03EF5DDE8D5B11,Beko DVN05325X 13 persons / Stainless Steel,الأجهزة المنزلية,غسالات أطباق,Beko,DVN05325X,13 persons | Stainless Steel,,,Stainless Steel,DVN05325X,,,mapped,2026-07-30T00:00:00,2026-07-30T00:00:00
VAR-D8274BD90E0421,MOD-7A7495E1D94697,Beko DVS05020S 10 persons / Silver,الأجهزة المنزلية,غسالات أطباق,Beko,DVS05020S,10 persons | Silver,,,Silver,DVS05020S,,,mapped,2026-07-30T00:00:00,2026-07-30T00:00:00
VAR-29A5DF6CBB8A72,MOD-B0D5F5FCAEEE18,Bosch SMS26AI00V 13 persons / Brushed Steel,الأجهزة المنزلية,غسالات أطباق,Bosch,SMS26AI00V,13 persons | Brushed Steel,,,Brushed Steel,SMS26AI00V,,,mapped,2026-07-30T00:00:00,2026-07-30T00:00:00
VAR-A650A8D51D0909,MOD-97D3EEB7EBA63E,Bosch SMS46NB20V 14 persons / Black,الأجهزة المنزلية,غسالات أطباق,Bosch,SMS46NB20V,14 persons | Black,,,Black,SMS46NB20V,,,mapped,2026-07-30T00:00:00,2026-07-30T00:00:00
VAR-C7259EB1F7FDCA,MOD-772622038B3CD0,Bosch SMS46NI20V 14 persons / Brushed Steel,الأجهزة المنزلية,غسالات أطباق,Bosch,SMS46NI20V,14 persons | Brushed Steel,,,Brushed Steel,SMS46NI20V,,,mapped,2026-07-30T00:00:00,2026-07-30T00:00:00
VAR-EF58AE2377EA68,MOD-BC3379B2281746,Bosch SMS4EMI60V 13 persons / Stainless Steel,الأجهزة المنزلية,غسالات أطباق,Bosch,SMS4EMI60V,13 persons | Stainless Steel,,,Stainless Steel,SMS4EMI60V,,,mapped,2026-07-30T00:00:00,2026-07-30T00:00:00
VAR-E7123E773ABD9B,MOD-6F5B9190A6CD5C,Bosch SMS6EMI62V 14 persons / Brushed Steel,الأجهزة المنزلية,غسالات أطباق,Bosch,SMS6EMI62V,14 persons | Brushed Steel,,,Brushed Steel,SMS6EMI62V,,,mapped,2026-07-30T00:00:00,2026-07-30T00:00:00
VAR-B97FD0EEAC2262,MOD-ED724DF11BD676,Fresh 60-IX 12 persons / Grey,الأجهزة المنزلية,غسالات أطباق,Fresh,60-IX,12 persons | Grey,,,Grey,60-IX,,,mapped,2026-07-30T00:00:00,2026-07-30T00:00:00
VAR-DAA8E1B3BD8761,MOD-2B07708D38CF86,Fresh 60-SR 12 persons / Silver,الأجهزة المنزلية,غسالات أطباق,Fresh,60-SR,12 persons | Silver,,,Silver,60-SR,,,mapped,2026-07-30T00:00:00,2026-07-30T00:00:00
VAR-4FFC1AA4514D76,MOD-3728520BF5CB9D,Midea MDWPF1333C(S)-W-EG 13 persons / Silver,الأجهزة المنزلية,غسالات أطباق,Midea,MDWPF1333C(S)-W-EG,13 persons | Silver,,,Silver,MDWPF1333C(S)-W-EG,,,mapped,2026-07-30T00:00:00,2026-07-30T00:00:00
VAR-7A2AC517771614,MOD-8F900042DA299F,Toshiba DW-13F8AF(SS) 13 persons / Silver,الأجهزة المنزلية,غسالات أطباق,Toshiba,DW-13F8AF(SS),13 persons | Silver,,,Silver,DW-13F8AF(SS),,,mapped,2026-07-30T00:00:00,2026-07-30T00:00:00
VAR-627D9BCADA1E31,MOD-3E7F7CA9944CD4,White Point WPD105DDB 10 persons / Black / White,الأجهزة المنزلية,غسالات أطباق,White Point,WPD105DDB,10 persons | Black / White,,,Black / White,WPD105DDB,,,mapped,2026-07-30T00:00:00,2026-07-30T00:00:00
VAR-BDDF7B936BB646,MOD-0D9987E2B28E41,Bosch WAN282X1EG 8kg / Silver,الأجهزة المنزلية,غسالات ملابس,Bosch,WAN282X1EG,8kg | Silver,,,Silver,WAN282X1EG,,,mapped,2026-07-30T00:00:00,2026-07-30T00:00:00
VAR-5141646D51FB7D,MOD-4C9B8E2AA73D4E,Bosch WGA244Z1EG 9 kg load | Freestanding | Inverter | Grey | 9kg,الأجهزة المنزلية,غسالات ملابس,Bosch,WGA244Z1EG,9 kg load | Freestanding | Inverter | Grey,,,Grey,WGA244Z1EG,,,mapped,2026-07-30T00:00:00,2026-07-30T00:00:00
VAR-F8F3F40E5BF3E5,MOD-9ED65400E5C1D7,Bosch WGA244ZREG 9kg / Graphite / Gray,الأجهزة المنزلية,غسالات ملابس,Bosch,WGA244ZREG,9kg | Graphite / Gray,,,Graphite / Gray,WGA244ZREG,,,mapped,2026-07-30T00:00:00,2026-07-30T00:00:00
VAR-6EC006DEA2593B,MOD-3933FB59D9084C,Bosch WGA254AXEG Front Load Washing Machine 10kg / Graphite,الأجهزة المنزلية,غسالات ملابس,Bosch,WGA254AXEG Front Load Washing Machine,10kg | Graphite,,,Graphite,,,,mapped,2026-07-30T00:00:00,2026-07-30T00:00:00
VAR-3A8118FD61756C,MOD-540F8BBAFDEE28,Bosch WGB2440XEG 9 kg load | Freestanding | Silver | 9kg,الأجهزة المنزلية,غسالات ملابس,Bosch,WGB2440XEG,9 kg load | Freestanding | Silver,,,Silver,WGB2440XEG,,,mapped,2026-07-30T00:00:00,2026-07-30T00:00:00
VAR-07D0B65CB1C0FC,MOD-540F8BBAFDEE28,Bosch WGB2440XEG 9kg / Silver,الأجهزة المنزلية,غسالات ملابس,Bosch,WGB2440XEG,9kg | Silver,,,Silver,WGB2440XEG,,,mapped,2026-07-30T00:00:00,2026-07-30T00:00:00
VAR-7936EA2D26BD62,MOD-764950C90893FD,Bosch WGK254ZREG 10kg / Grey,الأجهزة المنزلية,غسالات ملابس,Bosch,WGK254ZREG,10kg | Grey,,,Grey,WGK254ZREG,,,mapped,2026-07-30T00:00:00,2026-07-30T00:00:00
VAR-1AA484AA3F13E2,MOD-02823D70F930AA,Bosch WGK254ZXEG 10 kg load | Freestanding | Inox | 10kg,الأجهزة المنزلية,غسالات ملابس,Bosch,WGK254ZXEG,10 kg load | Freestanding | Inox,,,Inox,WGK254ZXEG,,,mapped,2026-07-30T00:00:00,2026-07-30T00:00:00
VAR-3266AD2CF6594F,MOD-46E2955F7861A0,Bosch WGK254ZXEG 10kg / Inox / Silver,الأجهزة المنزلية,غسالات ملابس,Bosch,WGK254ZXEG,10kg | Inox / Silver,,,Inox / Silver,WGK254ZXEG,,,mapped,2026-07-30T00:00:00,2026-07-30T00:00:00
VAR-CA026888370F56,MOD-99F42CA3DDBBC6,Bosch WLZ2421SEG 8kg / Inox / Silver,الأجهزة المنزلية,غسالات ملابس,Bosch,WLZ2421SEG,8kg | Inox / Silver,,,Inox / Silver,WLZ2421SEG,,,mapped,2026-07-30T00:00:00,2026-07-30T00:00:00
VAR-70FBD489A5ED3A,MOD-AAA92E0FD9D2B1,Fresh 500002004 10kg / White,الأجهزة المنزلية,غسالات ملابس,Fresh,500002004,10kg | White,,,White,500002004,,,mapped,2026-07-30T00:00:00,2026-07-30T00:00:00
VAR-82134526AD04DF,MOD-1A9A655F4ECB06,Fresh F12SL-13518 7 kg load | Freestanding | Silver | 7kg,الأجهزة المنزلية,غسالات ملابس,Fresh,F12SL-13518,7 kg load | Freestanding | Silver,,,Silver,F12SL-13518,,,mapped,2026-07-30T00:00:00,2026-07-30T00:00:00
VAR-7ECAB79436962A,MOD-286DF5F92EEED1,Fresh F12SL-13518 Top Load washing Machine 7kg / Silver,الأجهزة المنزلية,غسالات ملابس,Fresh,F12SL-13518 Top Load washing Machine,7kg | Silver,,,Silver,,,,mapped,2026-07-30T00:00:00,2026-07-30T00:00:00
VAR-829C8608F73B02,MOD-22FD51EEE4EF35,Fresh FTM-7S-500013520 7kg / Silver,الأجهزة المنزلية,غسالات ملابس,Fresh,FTM-7S-500013520,7kg | Silver,,,Silver,FTM-7S-500013520,,,mapped,2026-07-30T00:00:00,2026-07-30T00:00:00
VAR-545B96488943B2,MOD-235B4363E89449,Fresh FTM07F12B 7kg / Black,الأجهزة المنزلية,غسالات ملابس,Fresh,FTM07F12B,7kg | Black,,,Black,FTM07F12B,,,mapped,2026-07-30T00:00:00,2026-07-30T00:00:00
VAR-69119B4D1EAC26,MOD-931F3E28648ED8,Fresh FTM5S 5 kg load | Freestanding | Silver | 5kg,الأجهزة المنزلية,غسالات ملابس,Fresh,FTM5S,5 kg load | Freestanding | Silver,,,Silver,FTM5S,,,mapped,2026-07-30T00:00:00,2026-07-30T00:00:00
VAR-DBD317A5CD5D79,MOD-931F3E28648ED8,Fresh FTM5S 5kg / Silver,الأجهزة المنزلية,غسالات ملابس,Fresh,FTM5S,5kg | Silver,,,Silver,FTM5S,,,mapped,2026-07-30T00:00:00,2026-07-30T00:00:00
VAR-899862D14C99E6,MOD-3C600A5A9F24AF,Fresh FWS1000NA 10 kg load | Freestanding | White | 10kg,الأجهزة المنزلية,غسالات ملابس,Fresh,FWS1000NA,10 kg load | Freestanding | White,,,White,FWS1000NA,,,mapped,2026-07-30T00:00:00,2026-07-30T00:00:00
VAR-7D202BB8EE928E,MOD-51F936CC1431CC,Fresh FWS400ND 4 kg load | Freestanding | White | 4kg,الأجهزة المنزلية,غسالات ملابس,Fresh,FWS400ND,4 kg load | Freestanding | White,,,White,FWS400ND,,,mapped,2026-07-30T00:00:00,2026-07-30T00:00:00
VAR-BA4FDB46269586,MOD-51F936CC1431CC,Fresh FWS400ND 4kg / White,الأجهزة المنزلية,غسالات ملابس,Fresh,FWS400ND,4kg | White,,,White,FWS400ND,,,mapped,2026-07-30T00:00:00,2026-07-30T00:00:00
VAR-1E28E8D4F30091,MOD-0942C9FA602C10,Fresh FWT14000ND 14 kg load | Freestanding | White | 14kg,الأجهزة المنزلية,غسالات ملابس,Fresh,FWT14000ND,14 kg load | Freestanding | White,,,White,FWT14000ND,,,mapped,2026-07-30T00:00:00,2026-07-30T00:00:00
VAR-2B6EF4A960011D,MOD-BC18992A196483,Fresh FWT14000ND Top Load Half Automatic Washing Machine 14kg / White,الأجهزة المنزلية,غسالات ملابس,Fresh,FWT14000ND Top Load Half Automatic Washing Machine,14kg | White,,,White,,,,mapped,2026-07-30T00:00:00,2026-07-30T00:00:00
VAR-449F87FFBD078C,MOD-A0D52A0950D1E1,Fresh FWT8000NB 8 kg load | Freestanding | White | 8kg,الأجهزة المنزلية,غسالات ملابس,Fresh,FWT8000NB,8 kg load | Freestanding | White,,,White,FWT8000NB,,,mapped,2026-07-30T00:00:00,2026-07-30T00:00:00
VAR-922C8C6CAB2E30,MOD-ECF0038A7F8AF1,Fresh FWT8000NB Top Load Half Automatic Washing Machine 8kg / White,الأجهزة المنزلية,غسالات ملابس,Fresh,FWT8000NB Top Load Half Automatic Washing Machine,8kg | White,,,White,,,,mapped,2026-07-30T00:00:00,2026-07-30T00:00:00
VAR-409DCA82FE191E,MOD-61E4669B8E8615,Fresh SWM 700 7 kg load | Freestanding | White | 7kg,الأجهزة المنزلية,غسالات ملابس,Fresh,SWM 700,7 kg load | Freestanding | White,,,White,SWM 700,,,mapped,2026-07-30T00:00:00,2026-07-30T00:00:00
VAR-6D850230F35CC6,MOD-61E4669B8E8615,Fresh SWM 700 7kg / White,الأجهزة المنزلية,غسالات ملابس,Fresh,SWM 700,7kg | White,,,White,SWM 700,,,mapped,2026-07-30T00:00:00,2026-07-30T00:00:00
VAR-2A909F7E987F45,MOD-C84748CAB85779,Fresh Top Load Half Automatic Washing Machine 10kg / White,الأجهزة المنزلية,غسالات ملابس,Fresh,Top Load Half Automatic Washing Machine,10kg | White,,,White,,,,mapped,2026-07-30T00:00:00,2026-07-30T00:00:00
VAR-F159A5BF703FFA,MOD-C84748CAB85779,Fresh Top Load Half Automatic Washing Machine 5kg / White / EL-Shatoora,الأجهزة المنزلية,غسالات ملابس,Fresh,Top Load Half Automatic Washing Machine,5kg | White / EL-Shatoora,,,White / EL-Shatoora,,,,mapped,2026-07-30T00:00:00,2026-07-30T00:00:00
VAR-A7006EB90B3814,MOD-DF607200AA7FEF,Fresh TWM600 6 kg load | Freestanding | White | 6kg,الأجهزة المنزلية,غسالات ملابس,Fresh,TWM600,6 kg load | Freestanding | White,,,White,TWM600,,,mapped,2026-07-30T00:00:00,2026-07-30T00:00:00
VAR-EF8764AD31B76A,MOD-DF607200AA7FEF,Fresh TWM600 6kg / White,الأجهزة المنزلية,غسالات ملابس,Fresh,TWM600,6kg | White,,,White,TWM600,,,mapped,2026-07-30T00:00:00,2026-07-30T00:00:00
VAR-7605EB6615DAF7,MOD-B8C313C38A7C87,Fresh W10DD1458G2-OB Front Load Washing Machine 10kg / Blue,الأجهزة المنزلية,غسالات ملابس,Fresh,W10DD1458G2-OB Front Load Washing Machine,10kg | Blue,,,Blue,,,,mapped,2026-07-30T00:00:00,2026-07-30T00:00:00
VAR-6EEB5933DC51B5,MOD-F7986AD50A4A55,Fresh W8DD1255 Front Load Washing Machine 8kg / Silver,الأجهزة المنزلية,غسالات ملابس,Fresh,W8DD1255 Front Load Washing Machine,8kg | Silver,,,Silver,,,,mapped,2026-07-30T00:00:00,2026-07-30T00:00:00
VAR-C29C07B4D9C2E8,MOD-FDA347F299EE3F,Fresh W8DD1255G1BL Inverter Front Load Washing Machine 8kg / 5G / Black,الأجهزة المنزلية,غسالات ملابس,Fresh,W8DD1255G1BL Inverter Front Load Washing Machine,8kg | 5G | Black,,,Black,,,,mapped,2026-07-30T00:00:00,2026-07-30T00:00:00
VAR-DA80F5267B2203,MOD-E5CE4CD1BA0821,Fresh W8DD1255PCCG 8kg / Gray,الأجهزة المنزلية,غسالات ملابس,Fresh,W8DD1255PCCG,8kg | Gray,,,Gray,W8DD1255PCCG,,,mapped,2026-07-30T00:00:00,2026-07-30T00:00:00
VAR-CD2BDF67ED0BF0,MOD-91D38F0A224AB3,Fresh W8DD1255PCOBS 8kg / Silver / Blue,الأجهزة المنزلية,غسالات ملابس,Fresh,W8DD1255PCOBS,8kg | Silver / Blue,,,Silver / Blue,W8DD1255PCOBS,,,mapped,2026-07-30T00:00:00,2026-07-30T00:00:00
VAR-4985B2BB3C6A68,MOD-95B1956A1D294B,Fresh W9DD1455G1BL 9kg / 5G / Black,الأجهزة المنزلية,غسالات ملابس,Fresh,W9DD1455G1BL,9kg | 5G | Black,,,Black,W9DD1455G1BL,,,mapped,2026-07-30T00:00:00,2026-07-30T00:00:00
VAR-9ECB35AD662E4D,MOD-3DEAD3DE32C1E0,Fresh W9DD1455G1CG 9kg / 5G / Grey,الأجهزة المنزلية,غسالات ملابس,Fresh,W9DD1455G1CG,9kg | 5G | Grey,,,Grey,W9DD1455G1CG,,,mapped,2026-07-30T00:00:00,2026-07-30T00:00:00
VAR-81740EA63DF3F2,MOD-F786F9D6A725E9,Fresh W9DD1455G2BL 9kg / 5G / Black,الأجهزة المنزلية,غسالات ملابس,Fresh,W9DD1455G2BL,9kg | 5G | Black,,,Black,W9DD1455G2BL,,,mapped,2026-07-30T00:00:00,2026-07-30T00:00:00
VAR-5690ACD5315C19,MOD-73C800A485A5A8,Haier HW80-BP14929AS6 8 kg load | Freestanding | Inverter | Silver | 8kg,الأجهزة المنزلية,غسالات ملابس,Haier,HW80-BP14929AS6,8 kg load | Freestanding | Inverter | Silver,,,Silver,HW80-BP14929AS6,,,mapped,2026-07-30T00:00:00,2026-07-30T00:00:00
VAR-77689CCD593F83,MOD-8F365DAAC5CFE7,Haier HWM130-316S8 13 kg load | Freestanding | Silver | 13kg,الأجهزة المنزلية,غسالات ملابس,Haier,HWM130-316S8,13 kg load | Freestanding | Silver,,,Silver,HWM130-316S8,,,mapped,2026-07-30T00:00:00,2026-07-30T00:00:00
VAR-71FEBF99001C7A,MOD-8F365DAAC5CFE7,Haier HWM130-316S8 13kg / Silver,الأجهزة المنزلية,غسالات ملابس,Haier,HWM130-316S8,13kg | Silver,,,Silver,HWM130-316S8,,,mapped,2026-07-30T00:00:00,2026-07-30T00:00:00
VAR-D2CD9F7C4E399E,MOD-99F67CB9D79926,LG F4X5RYG23 10 kg load | Freestanding | Inverter | Silver | 10kg,الأجهزة المنزلية,غسالات ملابس,LG,F4X5RYG23,10 kg load | Freestanding | Inverter | Silver,,,Silver,F4X5RYG23,,,mapped,2026-07-30T00:00:00,2026-07-30T00:00:00
VAR-0FA72CA99A252B,MOD-692DA9D3AEA61A,LG F4X5RYG24 10 kg load | Freestanding | Inverter | 10kg,الأجهزة المنزلية,غسالات ملابس,LG,F4X5RYG24,10 kg load | Freestanding | Inverter,,,,F4X5RYG24,,,mapped,2026-07-30T00:00:00,2026-07-30T00:00:00
VAR-D5C1CC9AD07B22,MOD-935DC0FF7C162D,LG F4Y2QYG6P 7 kg load | Freestanding | Inverter | Silver | 7kg,الأجهزة المنزلية,غسالات ملابس,LG,F4Y2QYG6P,7 kg load | Freestanding | Inverter | Silver,,,Silver,F4Y2QYG6P,,,mapped,2026-07-30T00:00:00,2026-07-30T00:00:00
VAR-9AD0BC30318C9D,MOD-1711E3E10D4960,LG F4Y2TYG6X 8 kg load | Freestanding | Inverter | Black | 8kg,الأجهزة المنزلية,غسالات ملابس,LG,F4Y2TYG6X,8 kg load | Freestanding | Inverter | Black,,,Black,F4Y2TYG6X,,,mapped,2026-07-30T00:00:00,2026-07-30T00:00:00
VAR-85127AD9551B4B,MOD-974A4738393F93,LG T1388NEHGB 13 kg load | Freestanding | Inverter | Black | 13kg,الأجهزة المنزلية,غسالات ملابس,LG,T1388NEHGB,13 kg load | Freestanding | Inverter | Black,,,Black,T1388NEHGB,,,mapped,2026-07-30T00:00:00,2026-07-30T00:00:00
VAR-67A0B49322C81F,MOD-22021BABACAC85,LG T1388NEHGB.ABMPEEC 13kg / Black,الأجهزة المنزلية,غسالات ملابس,LG,T1388NEHGB.ABMPEEC,13kg | Black,,,Black,T1388NEHGB.ABMPEEC,,,mapped,2026-07-30T00:00:00,2026-07-30T00:00:00
VAR-0A3F40EFE0E925,MOD-3725796F9E6864,LG T17V1NDHG2 17 kg load | Freestanding | Inverter | Black | 17kg,الأجهزة المنزلية,غسالات ملابس,LG,T17V1NDHG2,17 kg load | Freestanding | Inverter | Black,,,Black,T17V1NDHG2,,,mapped,2026-07-30T00:00:00,2026-07-30T00:00:00
VAR-48A364724322C5,MOD-3725796F9E6864,LG T17V1NDHG2 17kg / Black,الأجهزة المنزلية,غسالات ملابس,LG,T17V1NDHG2,17kg | Black,,,Black,T17V1NDHG2,,,mapped,2026-07-30T00:00:00,2026-07-30T00:00:00
VAR-42799C1609BCA4,MOD-E12163918A8094,Midea MF110W80B 8 kg load | Freestanding | Inverter | Silver | 8kg,الأجهزة المنزلية,غسالات ملابس,Midea,MF110W80B,8 kg load | Freestanding | Inverter | Silver,,,Silver,MF110W80B,,,mapped,2026-07-30T00:00:00,2026-07-30T00:00:00
VAR-226DD8F8024464,MOD-04BF0BF9BDEF21,Samsung WW90T4040CX1AS 9 kg load | Freestanding | Silver | 9kg,الأجهزة المنزلية,غسالات ملابس,Samsung,WW90T4040CX1AS,9 kg load | Freestanding | Silver,,,Silver,WW90T4040CX1AS,,,mapped,2026-07-30T00:00:00,2026-07-30T00:00:00
VAR-4AC304D20E3EFD,MOD-215C22AA50D684,Sharp ES-FE752KLE-W 7.5kg / Grey,الأجهزة المنزلية,غسالات ملابس,Sharp,ES-FE752KLE-W,7.5kg | Grey,,,Grey,ES-FE752KLE-W,,,mapped,2026-07-30T00:00:00,2026-07-30T00:00:00
VAR-49E0BE9C80B65F,MOD-59EA9868B4AD10,Sharp ES-FP132KLE-G 13kg / Dark Grey,الأجهزة المنزلية,غسالات ملابس,Sharp,ES-FP132KLE-G,13kg | Dark Grey,,,Dark Grey,ES-FP132KLE-G,,,mapped,2026-07-30T00:00:00,2026-07-30T00:00:00
VAR-CBAC927C1C7142,MOD-5393DAD61D7240,Sharp ES-FP710CXE-B 7kg / Black,الأجهزة المنزلية,غسالات ملابس,Sharp,ES-FP710CXE-B,7kg | Black,,,Black,ES-FP710CXE-B,,,mapped,2026-07-30T00:00:00,2026-07-30T00:00:00
VAR-4735414B2AF206,MOD-9C563D9CCB180E,Sharp ES-FP710CXE-S 7kg / Silver,الأجهزة المنزلية,غسالات ملابس,Sharp,ES-FP710CXE-S,7kg | Silver,,,Silver,ES-FP710CXE-S,,,mapped,2026-07-30T00:00:00,2026-07-30T00:00:00
VAR-99B440A3A6AA8B,MOD-32CB7863AE78EA,Sharp ES-FP814CXE-B 8kg / Black,الأجهزة المنزلية,غسالات ملابس,Sharp,ES-FP814CXE-B,8kg | Black,,,Black,ES-FP814CXE-B,,,mapped,2026-07-30T00:00:00,2026-07-30T00:00:00
VAR-32FDD8492031BD,MOD-49DA765563B516,Sharp ES-FP814CXE-S 8kg / Silver,الأجهزة المنزلية,غسالات ملابس,Sharp,ES-FP814CXE-S,8kg | Silver,,,Silver,ES-FP814CXE-S,,,mapped,2026-07-30T00:00:00,2026-07-30T00:00:00
VAR-1CA65D5110E5D2,MOD-E19D61D2D28E9F,Sharp ES-FP914CXE-B 9kg / Black,الأجهزة المنزلية,غسالات ملابس,Sharp,ES-FP914CXE-B,9kg | Black,,,Black,ES-FP914CXE-B,,,mapped,2026-07-30T00:00:00,2026-07-30T00:00:00
VAR-886DC889D332F0,MOD-D514950FB28912,Sharp ES-FP914CXE-S Front Load Washing Machine 9kg / Silver,الأجهزة المنزلية,غسالات ملابس,Sharp,ES-FP914CXE-S Front Load Washing Machine,9kg | Silver,,,Silver,,,,mapped,2026-07-30T00:00:00,2026-07-30T00:00:00
VAR-74A8438062E430,MOD-D9E95E89201025,Sharp ES-FS104KLE-G 10kg / Gray,الأجهزة المنزلية,غسالات ملابس,Sharp,ES-FS104KLE-G,10kg | Gray,,,Gray,ES-FS104KLE-G,,,mapped,2026-07-30T00:00:00,2026-07-30T00:00:00
VAR-76CC1F3AB6C6E3,MOD-4725A5C81649FD,Sharp ES-FS114KLE-G 11kg / Gray,الأجهزة المنزلية,غسالات ملابس,Sharp,ES-FS114KLE-G,11kg | Gray,,,Gray,ES-FS114KLE-G,,,mapped,2026-07-30T00:00:00,2026-07-30T00:00:00
VAR-45C08F7400CB9A,MOD-9261FD54F92F8B,Sharp ES-FS852KLE-G 8.5kg / Dark Grey,الأجهزة المنزلية,غسالات ملابس,Sharp,ES-FS852KLE-G,8.5kg | Dark Grey,,,Dark Grey,ES-FS852KLE-G,,,mapped,2026-07-30T00:00:00,2026-07-30T00:00:00
VAR-B4709C1E43FAED,MOD-50B7C4C60BCEB7,Sharp ES-TD11GBKP Inverter Top Load Washing Machine 11kg / Black,الأجهزة المنزلية,غسالات ملابس,Sharp,ES-TD11GBKP Inverter Top Load Washing Machine,11kg | Black,,,Black,,,,mapped,2026-07-30T00:00:00,2026-07-30T00:00:00
VAR-046534BA766C71,MOD-86C31ADE9D600B,Sharp ES-TD11GSSP Inverter Top Load Washing Machine 11kg / Stainless Steel,الأجهزة المنزلية,غسالات ملابس,Sharp,ES-TD11GSSP Inverter Top Load Washing Machine,11kg | Stainless Steel,,,Stainless Steel,,,,mapped,2026-07-30T00:00:00,2026-07-30T00:00:00
VAR-2E5CB048BC6662,MOD-E800B0D45B2236,Sharp ES-TD13GBKP Inverter Top Load Washing Machine 13kg / 3G / Black,الأجهزة المنزلية,غسالات ملابس,Sharp,ES-TD13GBKP Inverter Top Load Washing Machine,13kg | 3G | Black,,,Black,,,,mapped,2026-07-30T00:00:00,2026-07-30T00:00:00
VAR-F36F161CB95C4E,MOD-3D9C53C7866A15,Sharp ES-TD15GBKP 15 kg load | Freestanding | Inverter | Black | 15kg,الأجهزة المنزلية,غسالات ملابس,Sharp,ES-TD15GBKP,15 kg load | Freestanding | Inverter | Black,,,Black,ES-TD15GBKP,,,mapped,2026-07-30T00:00:00,2026-07-30T00:00:00
VAR-FF92E1C843FBAE,MOD-2E93F777B872E7,Sharp ES-TD15GBKP Inverter Top Load Washing Machine 15kg / 5G / Black,الأجهزة المنزلية,غسالات ملابس,Sharp,ES-TD15GBKP Inverter Top Load Washing Machine,15kg | 5G | Black,,,Black,,,,mapped,2026-07-30T00:00:00,2026-07-30T00:00:00
VAR-71C16CB339D60A,MOD-D9B2423810E3C3,Sharp ES-TN09GDSP Top Load washing Machine 9kg / Black,الأجهزة المنزلية,غسالات ملابس,Sharp,ES-TN09GDSP Top Load washing Machine,9kg | Black,,,Black,,,,mapped,2026-07-30T00:00:00,2026-07-30T00:00:00
VAR-8C0773A85DE1A0,MOD-48BA9FE63D3EDC,Sharp ES-TN09GSLP Top Load washing Machine 9kg / Silver,الأجهزة المنزلية,غسالات ملابس,Sharp,ES-TN09GSLP Top Load washing Machine,9kg | Silver,,,Silver,,,,mapped,2026-07-30T00:00:00,2026-07-30T00:00:00
VAR-6BBAA55EB88499,MOD-E773BB6F56DD52,Sharp ES-TN11GSLP 11kg / Silver,الأجهزة المنزلية,غسالات ملابس,Sharp,ES-TN11GSLP,11kg | Silver,,,Silver,ES-TN11GSLP,,,mapped,2026-07-30T00:00:00,2026-07-30T00:00:00
VAR-58A3E5E95165EF,MOD-E92CFB00186979,Sharp ES-TN13GSLP 13kg / 3G / Silver,الأجهزة المنزلية,غسالات ملابس,Sharp,ES-TN13GSLP,13kg | 3G | Silver,,,Silver,ES-TN13GSLP,,,mapped,2026-07-30T00:00:00,2026-07-30T00:00:00
VAR-E112B7C492E3C7,MOD-F17419327BC716,Tornado TMH-HS10CP 10 kg load | Freestanding | Black | 10kg,الأجهزة المنزلية,غسالات ملابس,Tornado,TMH-HS10CP,10 kg load | Freestanding | Black,,,Black,TMH-HS10CP,,,mapped,2026-07-30T00:00:00,2026-07-30T00:00:00
VAR-E8BFA27C31DA31,MOD-DF3BB03008A880,Tornado TMH-HS10CP(WK) 10kg / Black,الأجهزة المنزلية,غسالات ملابس,Tornado,TMH-HS10CP(WK),10kg | Black,,,Black,TMH-HS10CP(WK),,,mapped,2026-07-30T00:00:00,2026-07-30T00:00:00
VAR-4D00B3F0600FC8,MOD-DF3BB03008A880,Tornado TMH-HS10CP(WK) 10kg / Multi Color,الأجهزة المنزلية,غسالات ملابس,Tornado,TMH-HS10CP(WK),10kg | Multi Color,,,Multi Color,TMH-HS10CP(WK),,,mapped,2026-07-30T00:00:00,2026-07-30T00:00:00
VAR-74F74CD194CF3D,MOD-C2C5B657D7E248,Tornado TMH-HS12CP(WK) 12kg / White Black,الأجهزة المنزلية,غسالات ملابس,Tornado,TMH-HS12CP(WK),12kg | White Black,,,White Black,TMH-HS12CP(WK),,,mapped,2026-07-30T00:00:00,2026-07-30T00:00:00
VAR-167E90460C3E39,MOD-30A7F51EEBEE88,Tornado TVH-HM12TS(WK) 12kg / Multi Color,الأجهزة المنزلية,غسالات ملابس,Tornado,TVH-HM12TS(WK),12kg | Multi Color,,,Multi Color,TVH-HM12TS(WK),,,mapped,2026-07-30T00:00:00,2026-07-30T00:00:00
VAR-3EFC1C9ED4AEFC,MOD-D76FB2F298E181,Tornado TWE-TLN09RDS 9kg / Silver,الأجهزة المنزلية,غسالات ملابس,Tornado,TWE-TLN09RDS,9kg | Silver,,,Silver,TWE-TLN09RDS,,,mapped,2026-07-30T00:00:00,2026-07-30T00:00:00
VAR-F1C690EE42FD52,MOD-2651E6A68C35E2,Tornado TWT-TLD15RDS 15kg / Silver,الأجهزة المنزلية,غسالات ملابس,Tornado,TWT-TLD15RDS,15kg | Silver,,,Silver,TWT-TLD15RDS,,,mapped,2026-07-30T00:00:00,2026-07-30T00:00:00
VAR-6FCCA25464E8B9,MOD-CCAB556CDE3F89,Tornado TWT-TLN08LSL 8 kg load | Freestanding | Silver | 8kg,الأجهزة المنزلية,غسالات ملابس,Tornado,TWT-TLN08LSL,8 kg load | Freestanding | Silver,,,Silver,TWT-TLN08LSL,,,mapped,2026-07-30T00:00:00,2026-07-30T00:00:00
VAR-509DF721C03F40,MOD-CCAB556CDE3F89,Tornado TWT-TLN08LSL 8kg / Silver,الأجهزة المنزلية,غسالات ملابس,Tornado,TWT-TLN08LSL,8kg | Silver,,,Silver,TWT-TLN08LSL,,,mapped,2026-07-30T00:00:00,2026-07-30T00:00:00
VAR-0D7EF7D994F2B9,MOD-8D3E0D6494564E,Tornado TWT-TLN10LWT 10kg / White,الأجهزة المنزلية,غسالات ملابس,Tornado,TWT-TLN10LWT,10kg | White,,,White,TWT-TLN10LWT,,,mapped,2026-07-30T00:00:00,2026-07-30T00:00:00
VAR-CB3BC5D296BF3D,MOD-4437C29D5F32A0,Tornado TWV-FN68BKOA 6kg / Black,الأجهزة المنزلية,غسالات ملابس,Tornado,TWV-FN68BKOA,6kg | Black,,,Black,TWV-FN68BKOA,,,mapped,2026-07-30T00:00:00,2026-07-30T00:00:00
VAR-D19977A3D2D8EB,MOD-470E3F4E36520B,Tornado TWV-FN710BKOA 7kg / Black,الأجهزة المنزلية,غسالات ملابس,Tornado,TWV-FN710BKOA,7kg | Black,,,Black,TWV-FN710BKOA,,,mapped,2026-07-30T00:00:00,2026-07-30T00:00:00
VAR-77700EA2A4069C,MOD-2CA7292642B78D,Tornado TWV-FN710SLOA Front Load Washing Machine 7kg / Silver,الأجهزة المنزلية,غسالات ملابس,Tornado,TWV-FN710SLOA Front Load Washing Machine,7kg | Silver,,,Silver,,,,mapped,2026-07-30T00:00:00,2026-07-30T00:00:00
VAR-2AC61806916DE8,MOD-7E97CFFB7A9A10,Tornado TWV-FN812SLOA Front Load Washing Machine 8kg / Silver,الأجهزة المنزلية,غسالات ملابس,Tornado,TWV-FN812SLOA Front Load Washing Machine,8kg | Silver,,,Silver,,,,mapped,2026-07-30T00:00:00,2026-07-30T00:00:00
VAR-EC744F68E96A57,MOD-C679D1F6057AE3,Toshiba AEW-8460SP 8kg / White,الأجهزة المنزلية,غسالات ملابس,Toshiba,AEW-8460SP,8kg | White,,,White,AEW-8460SP,,,mapped,2026-07-30T00:00:00,2026-07-30T00:00:00
VAR-FAD4C92C215A22,MOD-0F6C81B5A22438,Toshiba AEW-E1050SUP 10kg / White,الأجهزة المنزلية,غسالات ملابس,Toshiba,AEW-E1050SUP,10kg | White,,,White,AEW-E1050SUP,,,mapped,2026-07-30T00:00:00,2026-07-30T00:00:00
VAR-8756387695B002,MOD-BD265AE9342B55,Toshiba AEW-E1050SUP(SS) 10kg / Silver,الأجهزة المنزلية,غسالات ملابس,Toshiba,AEW-E1050SUP(SS),10kg | Silver,,,Silver,AEW-E1050SUP(SS),,,mapped,2026-07-30T00:00:00,2026-07-30T00:00:00
VAR-0B449527E440A2,MOD-BD4ED188654C36,Toshiba AEW-E1150SUP 11kg / Multi Color,الأجهزة المنزلية,غسالات ملابس,Toshiba,AEW-E1150SUP,11kg | Multi Color,,,Multi Color,AEW-E1150SUP,,,mapped,2026-07-30T00:00:00,2026-07-30T00:00:00
VAR-27D56539E15FB0,MOD-7C19E1F1B7D5F8,Toshiba AEW-E1150SUP(DS) 11kg / Silver,الأجهزة المنزلية,غسالات ملابس,Toshiba,AEW-E1150SUP(DS),11kg | Silver,,,Silver,AEW-E1150SUP(DS),,,mapped,2026-07-30T00:00:00,2026-07-30T00:00:00
VAR-1BDCD1425FF4E1,MOD-05983E7BC34761,Toshiba AW-DK1300KUPEG 13 kg load | Freestanding | Inverter | Silver | 13kg,الأجهزة المنزلية,غسالات ملابس,Toshiba,AW-DK1300KUPEG,13 kg load | Freestanding | Inverter | Silver,,,Silver,AW-DK1300KUPEG,,,mapped,2026-07-30T00:00:00,2026-07-30T00:00:00
VAR-9059A68F10755F,MOD-05983E7BC34761,Toshiba AW-DK1300KUPEG 13kg / Silver,الأجهزة المنزلية,غسالات ملابس,Toshiba,AW-DK1300KUPEG,13kg | Silver,,,Silver,AW-DK1300KUPEG,,,mapped,2026-07-30T00:00:00,2026-07-30T00:00:00
VAR-C69B97E97E7DEE,MOD-CCFCE77F9DDF16,Toshiba AW-DUHN1600LUPEGMK 15kg / Silver,الأجهزة المنزلية,غسالات ملابس,Toshiba,AW-DUHN1600LUPEGMK,15kg | Silver,,,Silver,AW-DUHN1600LUPEGMK,,,mapped,2026-07-30T00:00:00,2026-07-30T00:00:00
VAR-9525004CBA8134,MOD-73DE2A8D813E90,Toshiba AW-DUK1300KUPEG 13 kg load | Freestanding | Inverter | Silver | 13kg,الأجهزة المنزلية,غسالات ملابس,Toshiba,AW-DUK1300KUPEG,13 kg load | Freestanding | Inverter | Silver,,,Silver,AW-DUK1300KUPEG,,,mapped,2026-07-30T00:00:00,2026-07-30T00:00:00
VAR-DBD3D0454C5E0D,MOD-93D7A124854E36,Toshiba AW-DUK1300KUPEG(MK) 13kg / Silver,الأجهزة المنزلية,غسالات ملابس,Toshiba,AW-DUK1300KUPEG(MK),13kg | Silver,,,Silver,AW-DUK1300KUPEG(MK),,,mapped,2026-07-30T00:00:00,2026-07-30T00:00:00
VAR-1B6A681C9D2E0B,MOD-B8BD2AFA52FC36,Toshiba AW-J900DUPEG 9 kg load | Freestanding | Silver | 9kg,الأجهزة المنزلية,غسالات ملابس,Toshiba,AW-J900DUPEG,9 kg load | Freestanding | Silver,,,Silver,AW-J900DUPEG,,,mapped,2026-07-30T00:00:00,2026-07-30T00:00:00
VAR-6D1945A3AE67E8,MOD-B8BD2AFA52FC36,Toshiba AW-J900DUPEG 9kg / Silver,الأجهزة المنزلية,غسالات ملابس,Toshiba,AW-J900DUPEG,9kg | Silver,,,Silver,AW-J900DUPEG,,,mapped,2026-07-30T00:00:00,2026-07-30T00:00:00
VAR-576BBF8D587F0C,MOD-D471582B077529,Toshiba AW-J900DUPEG (MK) 9kg / Silver,الأجهزة المنزلية,غسالات ملابس,Toshiba,AW-J900DUPEG (MK),9kg | Silver,,,Silver,AW-J900DUPEG (MK),,,mapped,2026-07-30T00:00:00,2026-07-30T00:00:00
VAR-6F9B002B73E576,MOD-278EC9D311FB60,Toshiba AW-M801APEGSG 8kg / Silver,الأجهزة المنزلية,غسالات ملابس,Toshiba,AW-M801APEGSG,8kg | Silver,,,Silver,AW-M801APEGSG,,,mapped,2026-07-30T00:00:00,2026-07-30T00:00:00
VAR-31124F241999F4,MOD-6E84BF5B01373F,Toshiba AWUK1100HUPEG 11 kg load | Freestanding | Silver | 11kg,الأجهزة المنزلية,غسالات ملابس,Toshiba,AWUK1100HUPEG,11 kg load | Freestanding | Silver,,,Silver,AWUK1100HUPEG,,,mapped,2026-07-30T00:00:00,2026-07-30T00:00:00
VAR-658214DF126572,MOD-6E84BF5B01373F,Toshiba AWUK1100HUPEG 11kg / Silver,الأجهزة المنزلية,غسالات ملابس,Toshiba,AWUK1100HUPEG,11kg | Silver,,,Silver,AWUK1100HUPEG,,,mapped,2026-07-30T00:00:00,2026-07-30T00:00:00
VAR-F9DB51E6B953B0,MOD-1CF2FEE4FE8B62,Toshiba TW-BJ90M4E(SK) Inverter Front Load Washing Machine 8kg / Silver,الأجهزة المنزلية,غسالات ملابس,Toshiba,TW-BJ90M4E(SK) Inverter Front Load Washing Machine,8kg | Silver,,,Silver,,,,mapped,2026-07-30T00:00:00,2026-07-30T00:00:00
VAR-195C718281E367,MOD-3B20F1943959B0,Toshiba TW-BK90GF4EG(MK) Inverter Front Load Washing Machine 8kg / Grey,الأجهزة المنزلية,غسالات ملابس,Toshiba,TW-BK90GF4EG(MK) Inverter Front Load Washing Machine,8kg | Grey,,,Grey,,,,mapped,2026-07-30T00:00:00,2026-07-30T00:00:00
VAR-8CFE0EEEFAFF4B,MOD-7F50BC8448DAF5,Toshiba TW-T21BU115UWEG 10.5 kg load | Freestanding | Inverter | Grey | 10.5kg,الأجهزة المنزلية,غسالات ملابس,Toshiba,TW-T21BU115UWEG,10.5 kg load | Freestanding | Inverter | Grey,,,Grey,TW-T21BU115UWEG,,,mapped,2026-07-30T00:00:00,2026-07-30T00:00:00
VAR-516DADEF16ACE8,MOD-886A9C0D483F85,Toshiba TW-T21BU115UWEG(MG) 10.5kg / Grey,الأجهزة المنزلية,غسالات ملابس,Toshiba,TW-T21BU115UWEG(MG),10.5kg | Grey,,,Grey,TW-T21BU115UWEG(MG),,,mapped,2026-07-30T00:00:00,2026-07-30T00:00:00
VAR-8E7873D74FA11F,MOD-DFAF4A61AD87D9,Toshiba TW-T21BU95UWEG 8.5 kg load | Freestanding | Inverter | Silver | 8.5kg,الأجهزة المنزلية,غسالات ملابس,Toshiba,TW-T21BU95UWEG,8.5 kg load | Freestanding | Inverter | Silver,,,Silver,TW-T21BU95UWEG,,,mapped,2026-07-30T00:00:00,2026-07-30T00:00:00
VAR-B1B94C184430C1,MOD-19693ABE3D3A30,Toshiba TW-T21BU95UWEG(MG) 8.5kg / Silver,الأجهزة المنزلية,غسالات ملابس,Toshiba,TW-T21BU95UWEG(MG),8.5kg | Silver,,,Silver,TW-T21BU95UWEG(MG),,,mapped,2026-07-30T00:00:00,2026-07-30T00:00:00
VAR-2AC33E9B18F491,MOD-19693ABE3D3A30,Toshiba TW-T21BU95UWEG(MG) 8.5L / Grey,الأجهزة المنزلية,غسالات ملابس,Toshiba,TW-T21BU95UWEG(MG),8.5L | Grey,,,Grey,TW-T21BU95UWEG(MG),,,mapped,2026-07-30T00:00:00,2026-07-30T00:00:00
VAR-4F33CE03EC96FF,MOD-75C365D154E8ED,Toshiba TW-T21BU95UWEG(SG) 8.5kg / Silver,الأجهزة المنزلية,غسالات ملابس,Toshiba,TW-T21BU95UWEG(SG),8.5kg | Silver,,,Silver,TW-T21BU95UWEG(SG),,,mapped,2026-07-30T00:00:00,2026-07-30T00:00:00
VAR-7649214DA3533E,MOD-6C5C313C5F3491,Toshiba TWD-BM115GF4EGMK 10.5kg / 5G / Grey,الأجهزة المنزلية,غسالات ملابس,Toshiba,TWD-BM115GF4EGMK,10.5kg | 5G | Grey,,,Grey,TWD-BM115GF4EGMK,,,mapped,2026-07-30T00:00:00,2026-07-30T00:00:00
VAR-D75D7BE8501705,MOD-913FC04C9F5FF6,Toshiba VH-Q130MEG 12kg / White Black,الأجهزة المنزلية,غسالات ملابس,Toshiba,VH-Q130MEG,12kg | White Black,,,White Black,VH-Q130MEG,,,mapped,2026-07-30T00:00:00,2026-07-30T00:00:00
VAR-B8900FCC548B5C,MOD-7E16DD50984979,White Point WPTL9DBTEA 9 kg load | Freestanding | Grey | 9kg,الأجهزة المنزلية,غسالات ملابس,White Point,WPTL9DBTEA,9 kg load | Freestanding | Grey,,,Grey,WPTL9DBTEA,,,mapped,2026-07-30T00:00:00,2026-07-30T00:00:00
VAR-CC5C37CB5A6F84,MOD-7E16DD50984979,White Point WPTL9DBTEA 9kg / Dark Grey / White,الأجهزة المنزلية,غسالات ملابس,White Point,WPTL9DBTEA,9kg | Dark Grey / White,,,Dark Grey / White,WPTL9DBTEA,,,mapped,2026-07-30T00:00:00,2026-07-30T00:00:00
VAR-438DB97B3E0C7F,MOD-338CE6F337708D,Zanussi TC2ZWF9221SD7 9 kg load | Freestanding | Inverter | Black | 9kg,الأجهزة المنزلية,غسالات ملابس,Zanussi,TC2ZWF9221SD7,9 kg load | Freestanding | Inverter | Black,,,Black,TC2ZWF9221SD7,,,mapped,2026-07-30T00:00:00,2026-07-30T00:00:00
VAR-9387E41408729E,MOD-338CE6F337708D,Zanussi TC2ZWF9221SD7 9 kg load | Freestanding | Inverter | Gray | 9kg,الأجهزة المنزلية,غسالات ملابس,Zanussi,TC2ZWF9221SD7,9 kg load | Freestanding | Inverter | Gray,,,Gray,TC2ZWF9221SD7,,,mapped,2026-07-30T00:00:00,2026-07-30T00:00:00
VAR-B86603E882B93B,MOD-F1F46F3928187C,Zanussi ZWF7240SS5 7 kg load | Freestanding | Silver | 7kg,الأجهزة المنزلية,غسالات ملابس,Zanussi,ZWF7240SS5,7 kg load | Freestanding | Silver,,,Silver,ZWF7240SS5,,,mapped,2026-07-30T00:00:00,2026-07-30T00:00:00
VAR-BD662B5311F023,MOD-E5761A48EE46AB,Zanussi ZWF8221BL8 8 kg load | Freestanding | Inverter | Black | 8kg,الأجهزة المنزلية,غسالات ملابس,Zanussi,ZWF8221BL8,8 kg load | Freestanding | Inverter | Black,,,Black,ZWF8221BL8,,,mapped,2026-07-30T00:00:00,2026-07-30T00:00:00
VAR-F7F3127F4185B0,MOD-9094ED0CD01F9A,Zanussi ZWF8221SL8 8 kg load | Freestanding | Inverter | Silver | 8kg,الأجهزة المنزلية,غسالات ملابس,Zanussi,ZWF8221SL8,8 kg load | Freestanding | Inverter | Silver,,,Silver,ZWF8221SL8,,,mapped,2026-07-30T00:00:00,2026-07-30T00:00:00
VAR-531760A04B2427,MOD-6FDA785F1E7DFF,Zanussi ZWF8240BS5 8 kg load | Freestanding | Black | 8kg,الأجهزة المنزلية,غسالات ملابس,Zanussi,ZWF8240BS5,8 kg load | Freestanding | Black,,,Black,ZWF8240BS5,,,mapped,2026-07-30T00:00:00,2026-07-30T00:00:00
VAR-8C5296BD7B0943,MOD-481213AACF3267,Zanussi ZWF8240SS6 8 kg load | Freestanding | Silver | 8kg,الأجهزة المنزلية,غسالات ملابس,Zanussi,ZWF8240SS6,8 kg load | Freestanding | Silver,,,Silver,ZWF8240SS6,,,mapped,2026-07-30T00:00:00,2026-07-30T00:00:00
VAR-47287067038DF8,MOD-3A778A12FEFA2A,Black + Decker GK220-B5 1.7L / 2200W / Black / Multi Color,الأجهزة المنزلية,غلايات مياه,Black + Decker,GK220-B5,1.7L | 2200W | Black / Multi Color,,,Black / Multi Color,GK220-B5,,,mapped,2026-07-30T00:00:00,2026-07-30T00:00:00
VAR-BB7395ACA80DF8,MOD-D6C55E55F385AE,Braun WK 1500 1.7L / 2200W / Black,الأجهزة المنزلية,غلايات مياه,Braun,WK 1500,1.7L | 2200W | Black,,,Black,WK 1500,,,mapped,2026-07-30T00:00:00,2026-07-30T00:00:00
VAR-F13E2F565C2136,MOD-15646DC46FD704,Braun WK 300 1.7L / 2280W / Black,الأجهزة المنزلية,غلايات مياه,Braun,WK 300,1.7L | 2280W | Black,,,Black,WK 300,,,mapped,2026-07-30T00:00:00,2026-07-30T00:00:00
VAR-8220B9365138FD,MOD-E3E58FE10DBFDB,Fresh 500018969 1.7L / 2200W / Stainless Steel / Black,الأجهزة المنزلية,غلايات مياه,Fresh,500018969,1.7L | 2200W | Stainless Steel / Black,,,Stainless Steel / Black,500018969,,,mapped,2026-07-30T00:00:00,2026-07-30T00:00:00
VAR-BF9CF59993B541,MOD-22DCA410748F5B,Fresh EGK17000 1.7L / 2200W / Multi Color,الأجهزة المنزلية,غلايات مياه,Fresh,EGK17000,1.7L | 2200W | Multi Color,,,Multi Color,EGK17000,,,mapped,2026-07-30T00:00:00,2026-07-30T00:00:00
VAR-1C1C6188CDCBCA,MOD-9A96A28F6C1F70,Fresh EPK1705IP 1.7L / 2200W / Black,الأجهزة المنزلية,غلايات مياه,Fresh,EPK1705IP,1.7L | 2200W | Black,,,Black,EPK1705IP,,,mapped,2026-07-30T00:00:00,2026-07-30T00:00:00
VAR-01B80E24B7C799,MOD-580813011860D3,Fresh ESK17154 1.7L / 2200W / Stainless Steel,الأجهزة المنزلية,غلايات مياه,Fresh,ESK17154,1.7L | 2200W | Stainless Steel,,,Stainless Steel,ESK17154,,,mapped,2026-07-30T00:00:00,2026-07-30T00:00:00
VAR-E8DF34796F2F92,MOD-46DDEA45B30D05,Grouhy GFL1.8KTSS 1.8L / 1500W / Stainless Steel,الأجهزة المنزلية,غلايات مياه,Grouhy,GFL1.8KTSS,1.8L | 1500W | Stainless Steel,,,Stainless Steel,GFL1.8KTSS,,,mapped,2026-07-30T00:00:00,2026-07-30T00:00:00
VAR-6BFA2D10CB0B95,MOD-C619DD282389CA,Kenwood ZJG8CL 1.7L / 2200W / Black,الأجهزة المنزلية,غلايات مياه,Kenwood,ZJG8CL,1.7L | 2200W | Black,,,Black,ZJG8CL,,,mapped,2026-07-30T00:00:00,2026-07-30T00:00:00
VAR-D7AF4C14061E41,MOD-371547D7BD1EE1,MediaTech MT-KDS001 1.7L / 2200W / Black,الأجهزة المنزلية,غلايات مياه,MediaTech,MT-KDS001,1.7L | 2200W | Black,,,Black,MT-KDS001,,,mapped,2026-07-30T00:00:00,2026-07-30T00:00:00
VAR-8071F571F2BDEA,MOD-12465F6A9354B0,Mienta EK201020A 1.7L / Stainless Steel,الأجهزة المنزلية,غلايات مياه,Mienta,EK201020A,1.7L | Stainless Steel,,,Stainless Steel,EK201020A,,,mapped,2026-07-30T00:00:00,2026-07-30T00:00:00
VAR-75ECC533E1986F,MOD-42E0B3DC865508,Mienta EK201737A 1.7L / 2200W / Black,الأجهزة المنزلية,غلايات مياه,Mienta,EK201737A,1.7L | 2200W | Black,,,Black,EK201737A,,,mapped,2026-07-30T00:00:00,2026-07-30T00:00:00
VAR-0993D2440AC828,MOD-3A018D8954C78D,Mienta EK201937A 1.7L / 2200W / Black,الأجهزة المنزلية,غلايات مياه,Mienta,EK201937A,1.7L | 2200W | Black,,,Black,EK201937A,,,mapped,2026-07-30T00:00:00,2026-07-30T00:00:00
VAR-E80CF243696F4C,MOD-38129D01830404,Mienta EK201937B 1.7L / 2200W / Stainless Steel / Black,الأجهزة المنزلية,غلايات مياه,Mienta,EK201937B,1.7L | 2200W | Stainless Steel / Black,,,Stainless Steel / Black,EK201937B,,,mapped,2026-07-30T00:00:00,2026-07-30T00:00:00
VAR-D52ACB19162E0A,MOD-3FF054592CB4E3,Philips HD9350/90 1.7L / 2200W / Stainless Steel,الأجهزة المنزلية,غلايات مياه,Philips,HD9350/90,1.7L | 2200W | Stainless Steel,,,Stainless Steel,HD9350/90,,,mapped,2026-07-30T00:00:00,2026-07-30T00:00:00
VAR-D2A007B772D67E,MOD-83B51D12D2ACF0,Sonai MAR-3000 1.7L / 2200W / White,الأجهزة المنزلية,غلايات مياه,Sonai,MAR-3000,1.7L | 2200W | White,,,White,MAR-3000,,,mapped,2026-07-30T00:00:00,2026-07-30T00:00:00
VAR-1B2FB392BAC4B4,MOD-81029FDD8EA67C,Tank GS-EK2417 1.5L / 1500W,الأجهزة المنزلية,غلايات مياه,Tank,GS-EK2417,1.5L | 1500W,,,,GS-EK2417,,,mapped,2026-07-30T00:00:00,2026-07-30T00:00:00
VAR-D873457645ECC1,MOD-81029FDD8EA67C,Tank GS-EK2417 1.5L / 1500W / Grey,الأجهزة المنزلية,غلايات مياه,Tank,GS-EK2417,1.5L | 1500W | Grey,,,Grey,GS-EK2417,,,mapped,2026-07-30T00:00:00,2026-07-30T00:00:00
VAR-9DF10BF5D254DD,MOD-70ECADB4CAA52F,Tefal KO1408E0 15 L | 1500 W | 15L,الأجهزة المنزلية,غلايات مياه,Tefal,KO1408E0,15 L | 1500 W,,,,KO1408E0,,,mapped,2026-07-30T00:00:00,2026-07-30T00:00:00
VAR-ACFB10204907BD,MOD-789E0DDFFE90AC,Tornado TKS-2217 1.7L / 2200W / Stainless Steel / Silver,الأجهزة المنزلية,غلايات مياه,Tornado,TKS-2217,1.7L | 2200W | Stainless Steel / Silver,,,Stainless Steel / Silver,TKS-2217,,,mapped,2026-07-30T00:00:00,2026-07-30T00:00:00
VAR-546A01A206A32A,MOD-0385C304B0DA71,Touch El Zenouki 40306 1.7L / 2200W / Black,الأجهزة المنزلية,غلايات مياه,Touch El Zenouki,40306,1.7L | 2200W | Black,,,Black,40306,,,mapped,2026-07-30T00:00:00,2026-07-30T00:00:00
VAR-D75AB94D786C13,MOD-9624CA01E80878,Benz BAFB602 6.5L / 1700W / Black,الأجهزة المنزلية,قلايات هوائية,Benz,BAFB602,6.5L | 1700W | Black,,,Black,BAFB602,,,mapped,2026-07-30T00:00:00,2026-07-30T00:00:00
VAR-31499761DA1CA1,MOD-BF77721C954C75,Black + Decker AF400-B5 4L / 1500W / Black,الأجهزة المنزلية,قلايات هوائية,Black + Decker,AF400-B5,4L | 1500W | Black,,,Black,AF400-B5,,,mapped,2026-07-30T00:00:00,2026-07-30T00:00:00
VAR-C5FA70EAA46861,MOD-A96BCD15528FEE,Black + Decker AF700 5.8L / 1700W / Black,الأجهزة المنزلية,قلايات هوائية,Black + Decker,AF700,5.8L | 1700W | Black,,,Black,AF700,,,mapped,2026-07-30T00:00:00,2026-07-30T00:00:00
VAR-415A4AF42C3DAC,MOD-5D166FA7424752,Black + Decker AOF100-B5 12L / Silver / Black,الأجهزة المنزلية,قلايات هوائية,Black + Decker,AOF100-B5,12L | Silver / Black,,,Silver / Black,AOF100-B5,,,mapped,2026-07-30T00:00:00,2026-07-30T00:00:00
VAR-83CF9B6C2E6DE1,MOD-AF5463B1827516,Black + Decker SAF80W-B5 8L / 1700W / Black,الأجهزة المنزلية,قلايات هوائية,Black + Decker,SAF80W-B5,8L | 1700W | Black,,,Black,SAF80W-B5,,,mapped,2026-07-30T00:00:00,2026-07-30T00:00:00
VAR-1F670C6B61BD3C,MOD-13C271DC297705,Fresh AFF-1800B 7L / Black,الأجهزة المنزلية,قلايات هوائية,Fresh,AFF-1800B,7L | Black,,,Black,AFF-1800B,,,mapped,2026-07-30T00:00:00,2026-07-30T00:00:00
VAR-A61CEC8FA06AF1,MOD-FCBA45EE7EF053,Kenwood HFM80SS 7L / 1800W / Silver,الأجهزة المنزلية,قلايات هوائية,Kenwood,HFM80SS,7L | 1800W | Silver,,,Silver,HFM80SS,,,mapped,2026-07-30T00:00:00,2026-07-30T00:00:00
VAR-F1183AA3FCB92A,MOD-D7E33E38D7E6B0,Kenwood HFP50 5.5L / 1800W / Black,الأجهزة المنزلية,قلايات هوائية,Kenwood,HFP50,5.5L | 1800W | Black,,,Black,HFP50,,,mapped,2026-07-30T00:00:00,2026-07-30T00:00:00
VAR-3DC7268BAC8964,MOD-CC4EF616796285,Kenwood HFP72BK Digital Air Fryer 7L / 1800W / Black / Gold,الأجهزة المنزلية,قلايات هوائية,Kenwood,HFP72BK Digital Air Fryer,7L | 1800W | Black / Gold,,,Black / Gold,,,,mapped,2026-07-30T00:00:00,2026-07-30T00:00:00
VAR-2D08D87313C39E,MOD-8950A1B488991C,Kenwood HFP80BK 7L / 1800W / Black,الأجهزة المنزلية,قلايات هوائية,Kenwood,HFP80BK,7L | 1800W | Black,,,Black,HFP80BK,,,mapped,2026-07-30T00:00:00,2026-07-30T00:00:00
VAR-01635113034FEE,MOD-EEE71AE982E428,Midea MF-CY85WK 9L / 2200W / Black,الأجهزة المنزلية,قلايات هوائية,Midea,MF-CY85WK,9L | 2200W | Black,,,Black,MF-CY85WK,,,mapped,2026-07-30T00:00:00,2026-07-30T00:00:00
VAR-0F7E115C404125,MOD-03EC83B7DEE675,Mienta AF47634A Digital Air Fryer 8L / Black,الأجهزة المنزلية,قلايات هوائية,Mienta,AF47634A Digital Air Fryer,8L | Black,,,Black,,,,mapped,2026-07-30T00:00:00,2026-07-30T00:00:00
VAR-FC2633EE9153C1,MOD-05B08C3C2C06CD,Philips HD9252-91 4.1L / 1400W / Black,الأجهزة المنزلية,قلايات هوائية,Philips,HD9252-91,4.1L | 1400W | Black,,,Black,HD9252-91,,,mapped,2026-07-30T00:00:00,2026-07-30T00:00:00
VAR-F36E872C523EC2,MOD-A6C68F106BD896,Philips HD9270/90 6.2L / 2000W / Black,الأجهزة المنزلية,قلايات هوائية,Philips,HD9270/90,6.2L | 2000W | Black,,,Black,HD9270/90,,,mapped,2026-07-30T00:00:00,2026-07-30T00:00:00
VAR-609D5D3573278B,MOD-B68DE0C3321ACD,Philips HD9270/91 6.2L / 2000W / Black,الأجهزة المنزلية,قلايات هوائية,Philips,HD9270/91,6.2L | 2000W | Black,,,Black,HD9270/91,,,mapped,2026-07-30T00:00:00,2026-07-30T00:00:00
VAR-50C0DBC4A61745,MOD-F305FD412A964C,Philips NA230-00 6.2L / 1700W / Black,الأجهزة المنزلية,قلايات هوائية,Philips,NA230-00,6.2L | 1700W | Black,,,Black,NA230-00,,,mapped,2026-07-30T00:00:00,2026-07-30T00:00:00
VAR-4288DCEE36CFF8,MOD-CDFFB9342B9B6D,Philips NA23000 Digital Air Fryer 6.2L / Black,الأجهزة المنزلية,قلايات هوائية,Philips,NA23000 Digital Air Fryer,6.2L | Black,,,Black,,,,mapped,2026-07-30T00:00:00,2026-07-30T00:00:00
VAR-553F1F360BF680,MOD-57CCAFFFBA8995,Philips NA350/00 9L / 2750W / Black / Gray,الأجهزة المنزلية,قلايات هوائية,Philips,NA350/00,9L | 2750W | Black / Gray,,,Black / Gray,NA350/00,,,mapped,2026-07-30T00:00:00,2026-07-30T00:00:00
VAR-F129958D994810,MOD-7FF11435B60B24,Taurus 5S Digital Air Fryer 5L / 1450W / Black Silver,الأجهزة المنزلية,قلايات هوائية,Taurus,5S Digital Air Fryer,5L | 1450W | Black Silver,,,Black Silver,,,,mapped,2026-07-30T00:00:00,2026-07-30T00:00:00
VAR-9911F5665D3D1F,MOD-4AF54D1CAFE3DC,Taurus XL Air Fryer 8L / 1700W / Black Silver,الأجهزة المنزلية,قلايات هوائية,Taurus,XL Air Fryer,8L | 1700W | Black Silver,,,Black Silver,,,,mapped,2026-07-30T00:00:00,2026-07-30T00:00:00
VAR-CF50C906D8B873,MOD-FB4BADCF35428C,Tefal EY2458EG 5 L | 5L,الأجهزة المنزلية,قلايات هوائية,Tefal,EY2458EG,5 L,,,,EY2458EG,,,mapped,2026-07-30T00:00:00,2026-07-30T00:00:00
VAR-624C42D2988481,MOD-F139CE16E9DB21,Tefal EY8018EG,الأجهزة المنزلية,قلايات هوائية,Tefal,EY8018EG,,,,,EY8018EG,,,mapped,2026-07-30T00:00:00,2026-07-30T00:00:00
VAR-424C509234C8C3,MOD-257793103E0618,Tefal EY801EEG Stainless Steel,الأجهزة المنزلية,قلايات هوائية,Tefal,EY801EEG,Stainless Steel,,,Stainless Steel,EY801EEG,,,mapped,2026-07-30T00:00:00,2026-07-30T00:00:00
VAR-8DAEAF8B3412C2,MOD-72F98C1A49B4A6,Tefal EY905B10 2700 W,الأجهزة المنزلية,قلايات هوائية,Tefal,EY905B10,2700 W,,,,EY905B10,,,mapped,2026-07-30T00:00:00,2026-07-30T00:00:00
VAR-53216D6E352880,MOD-08860F3BDD731C,Moulinex AD5601EG 250 mL | 800 W | White | 250mL,الأجهزة المنزلية,كبة كهربائية,Moulinex,AD5601EG,250 mL | 800 W | White,,,White,AD5601EG,,,mapped,2026-07-30T00:00:00,2026-07-30T00:00:00
VAR-9C49DBC656988A,MOD-9F9D1CE31FA4F2,Moulinex AT7151EG 500 mL | 500 W | White | 500mL,الأجهزة المنزلية,كبة كهربائية,Moulinex,AT7151EG,500 mL | 500 W | White,,,White,AT7151EG,,,mapped,2026-07-30T00:00:00,2026-07-30T00:00:00
VAR-6BF0EF9795F3D7,MOD-8277B5F0AB78E5,Moulinex AT7191EG 500 mL | 500 W | White | 500mL,الأجهزة المنزلية,كبة كهربائية,Moulinex,AT7191EG,500 mL | 500 W | White,,,White,AT7191EG,,,mapped,2026-07-30T00:00:00,2026-07-30T00:00:00
VAR-337D7BA59D0A67,MOD-09D93B840CB7D2,Arzum OK0032-0400 1.1L / Black Copper,الأجهزة المنزلية,ماكينات إسبريسو,Arzum,OK0032-0400,1.1L | Black Copper,,,Black Copper,OK0032-0400,,,mapped,2026-07-30T00:00:00,2026-07-30T00:00:00
VAR-7AAE71973D2B33,MOD-43C78F35E3DD31,Beko CEG 7304 X 2000ml / Black Silver,الأجهزة المنزلية,ماكينات إسبريسو,Beko,CEG 7304 X,2000ml | Black Silver,,,Black Silver,CEG 7304 X,,,mapped,2026-07-30T00:00:00,2026-07-30T00:00:00
VAR-11D77BC1456C3B,MOD-067078FD2C300C,Black + Decker DCM48-B5 250ml / Black / Red,الأجهزة المنزلية,ماكينات إسبريسو,Black + Decker,DCM48-B5,250ml | Black / Red,,,Black / Red,DCM48-B5,,,mapped,2026-07-30T00:00:00,2026-07-30T00:00:00
VAR-C6D797134C8678,MOD-3E181FB675E6D0,Castle CMD1370 1L / Black,الأجهزة المنزلية,ماكينات إسبريسو,Castle,CMD1370,1L | Black,,,Black,CMD1370,,,mapped,2026-07-30T00:00:00,2026-07-30T00:00:00
VAR-0EF141BF892846,MOD-7E015B8F806751,Castle CMT1350 1.5L / Black,الأجهزة المنزلية,ماكينات إسبريسو,Castle,CMT1350,1.5L | Black,,,Black,CMT1350,,,mapped,2026-07-30T00:00:00,2026-07-30T00:00:00
VAR-4765ED4FCFB5A9,MOD-6EFEFA4706218E,MediaTech MT-CM850 1.2L / Black Silver,الأجهزة المنزلية,ماكينات إسبريسو,MediaTech,MT-CM850,1.2L | Black Silver,,,Black Silver,MT-CM850,,,mapped,2026-07-30T00:00:00,2026-07-30T00:00:00
VAR-D510B598C90145,MOD-EBC9E286B931A3,Nespresso C40-EU-RE-NE5 700ml / Black / Red,الأجهزة المنزلية,ماكينات إسبريسو,Nespresso,C40-EU-RE-NE5,700ml | Black / Red,,,Black / Red,C40-EU-RE-NE5,,,mapped,2026-07-30T00:00:00,2026-07-30T00:00:00
VAR-EE4A91B8FB6A8F,MOD-C9E0D53433379C,One Life ES90R-B Black/Red,الأجهزة المنزلية,ماكينات إسبريسو,One Life,ES90R-B,Black/Red,,,Black/Red,ES90R-B,,,mapped,2026-07-30T00:00:00,2026-07-30T00:00:00
VAR-0784B8F0EB8936,MOD-41810C20D02DCB,Rafal Espresso Machine with Integrated Grinder 2L / Black,الأجهزة المنزلية,ماكينات إسبريسو,Rafal,Espresso Machine with Integrated Grinder,2L | Black,,,Black,,,,mapped,2026-07-30T00:00:00,2026-07-30T00:00:00
VAR-0744CD3E3E1C83,MOD-70437AD611EFC0,Moulinex ME682826,الأجهزة المنزلية,ماكينات فرم لحوم,Moulinex,ME682826,,,,,ME682826,,,mapped,2026-07-30T00:00:00,2026-07-30T00:00:00
VAR-3A85A471963C4A,MOD-E89447A757176C,Arzum OK001 710W / Black / Gold,الأجهزة المنزلية,ماكينات قهوة تركي,Arzum,OK001,710W | Black / Gold,,,Black / Gold,OK001,,,mapped,2026-07-30T00:00:00,2026-07-30T00:00:00
VAR-F2888C505679F4,MOD-8AE8512F4B30B3,Arzum OK002 0.95L / 710W / Black Chrome,الأجهزة المنزلية,ماكينات قهوة تركي,Arzum,OK002,0.95L | 710W | Black Chrome,,,Black Chrome,OK002,,,mapped,2026-07-30T00:00:00,2026-07-30T00:00:00
VAR-2A034D2A4CBD36,MOD-509BB0E02B4831,Arzum OK0026 700W / Multi Color,الأجهزة المنزلية,ماكينات قهوة تركي,Arzum,OK0026,700W | Multi Color,,,Multi Color,OK0026,,,mapped,2026-07-30T00:00:00,2026-07-30T00:00:00
VAR-730ED4A8A27057,MOD-08789151D73522,Arzum OK0026-K 700W / Silver / Black,الأجهزة المنزلية,ماكينات قهوة تركي,Arzum,OK0026-K,700W | Silver / Black,,,Silver / Black,OK0026-K,,,mapped,2026-07-30T00:00:00,2026-07-30T00:00:00
VAR-9DE611D5909E30,MOD-45C138B0DA8029,Arzum OK0038-0400 1.3L / 1000W / Black Copper,الأجهزة المنزلية,ماكينات قهوة تركي,Arzum,OK0038-0400,1.3L | 1000W | Black Copper,,,Black Copper,OK0038-0400,,,mapped,2026-07-30T00:00:00,2026-07-30T00:00:00
VAR-043BDED67DE906,MOD-A8502C36F665B2,Arzum OK005 735W / Black Silver,الأجهزة المنزلية,ماكينات قهوة تركي,Arzum,OK005,735W | Black Silver,,,Black Silver,OK005,,,mapped,2026-07-30T00:00:00,2026-07-30T00:00:00
VAR-EFE0D0D9A92709,MOD-87EE97B6A5F0B4,Arzum OKKA Rich Pro Plus Turkish Coffee Maker 1.3L / 700W / Black Chrome,الأجهزة المنزلية,ماكينات قهوة تركي,Arzum,OKKA Rich Pro Plus Turkish Coffee Maker,1.3L | 700W | Black Chrome,,,Black Chrome,,,,mapped,2026-07-30T00:00:00,2026-07-30T00:00:00
VAR-2A3D6069C26392,MOD-87EE97B6A5F0B4,Arzum OKKA Rich Pro Plus Turkish Coffee Maker 1.3L / 700W / Black Copper,الأجهزة المنزلية,ماكينات قهوة تركي,Arzum,OKKA Rich Pro Plus Turkish Coffee Maker,1.3L | 700W | Black Copper,,,Black Copper,,,,mapped,2026-07-30T00:00:00,2026-07-30T00:00:00
VAR-E91367661B1A92,MOD-6C6BE8B6A0E543,Beko TKM 2341 670W / Black,الأجهزة المنزلية,ماكينات قهوة تركي,Beko,TKM 2341,670W | Black,,,Black,TKM 2341,,,mapped,2026-07-30T00:00:00,2026-07-30T00:00:00
VAR-A93916C6CACEFB,MOD-1343A9D90D4D2F,Black And White CM-400 650W / Black / White,الأجهزة المنزلية,ماكينات قهوة تركي,Black And White,CM-400,650W | Black / White,,,Black / White,CM-400,,,mapped,2026-07-30T00:00:00,2026-07-30T00:00:00
VAR-D9155AA8292B0B,MOD-B8B83C97A1BF7E,Black And White CM-600 2L / 700W / Black / White,الأجهزة المنزلية,ماكينات قهوة تركي,Black And White,CM-600,2L | 700W | Black / White,,,Black / White,CM-600,,,mapped,2026-07-30T00:00:00,2026-07-30T00:00:00
VAR-76E9CC866DD3CC,MOD-14AA49CA1D734B,Castle TCM7020R 250ml / 700W / Silver / Red,الأجهزة المنزلية,ماكينات قهوة تركي,Castle,TCM7020R,250ml | 700W | Silver / Red,,,Silver / Red,TCM7020R,,,mapped,2026-07-30T00:00:00,2026-07-30T00:00:00
VAR-99459AE9D122D7,MOD-1A082BEC9E5DFA,Fresh Turkish Coffee Maker 250ml / 400W / Black,الأجهزة المنزلية,ماكينات قهوة تركي,Fresh,Turkish Coffee Maker,250ml | 400W | Black,,,Black,,,,mapped,2026-07-30T00:00:00,2026-07-30T00:00:00
VAR-62740BDCFFC89F,MOD-3C5B12919848A6,MediaTech MT-CM10 330ml / 1000W,الأجهزة المنزلية,ماكينات قهوة تركي,MediaTech,MT-CM10,330ml | 1000W,,,,MT-CM10,,,mapped,2026-07-30T00:00:00,2026-07-30T00:00:00
VAR-33FB8C44208D08,MOD-96CCD4089A9403,Mienta CM31528A 535W / Black,الأجهزة المنزلية,ماكينات قهوة تركي,Mienta,CM31528A,535W | Black,,,Black,CM31528A,,,mapped,2026-07-30T00:00:00,2026-07-30T00:00:00
VAR-252BF53D95CE0F,MOD-E310E511F61D57,Philips HDA150-60 735W / Black Copper,الأجهزة المنزلية,ماكينات قهوة تركي,Philips,HDA150-60,735W | Black Copper,,,Black Copper,HDA150-60,,,mapped,2026-07-30T00:00:00,2026-07-30T00:00:00
VAR-91B10D2A00A03B,MOD-AE96228B000E5E,Sokany SK-214 500ml / 600W / Silver,الأجهزة المنزلية,ماكينات قهوة تركي,Sokany,SK-214,500ml | 600W | Silver,,,Silver,SK-214,,,mapped,2026-07-30T00:00:00,2026-07-30T00:00:00
VAR-CB92C32B58C40A,MOD-1A7D102C3B1C30,Tornado TCME100 735W,الأجهزة المنزلية,ماكينات قهوة تركي,Tornado,TCME100,735W,,,,TCME100,,,mapped,2026-07-30T00:00:00,2026-07-30T00:00:00
VAR-41167EED40EB21,MOD-3B5151FFDD7FA3,Tornado Turkish Coffee Maker 735 Watt Black White 735W / Black White,الأجهزة المنزلية,ماكينات قهوة تركي,Tornado,Turkish Coffee Maker 735 Watt Black White,735W | Black White,,,Black White,,,,mapped,2026-07-30T00:00:00,2026-07-30T00:00:00
VAR-C3C70F7E39390C,MOD-3D8AE7BB770653,Moulinex DD6553EG 3 L | 1000 W | Black | 3L,الأجهزة المنزلية,محضرات طعام,Moulinex,DD6553EG,3 L | 1000 W | Black,,,Black,DD6553EG,,,mapped,2026-07-30T00:00:00,2026-07-30T00:00:00
VAR-91A13627E7670D,MOD-E984D47B95E3FF,Moulinex FP823125 3 L | 1000 W | 3L,الأجهزة المنزلية,محضرات طعام,Moulinex,FP823125,3 L | 1000 W,,,,FP823125,,,mapped,2026-07-30T00:00:00,2026-07-30T00:00:00
VAR-4913F945AC4EB0,MOD-49257F9F8577F6,Moulinex FP824825 3 L | 1000 W | 3L,الأجهزة المنزلية,محضرات طعام,Moulinex,FP824825,3 L | 1000 W,,,,FP824825,,,mapped,2026-07-30T00:00:00,2026-07-30T00:00:00
VAR-79226F74E162F4,MOD-3E9830173A8CAD,Moulinex FP8267 3 L | 1000 W | 3L,الأجهزة المنزلية,محضرات طعام,Moulinex,FP8267,3 L | 1000 W,,,,FP8267,,,mapped,2026-07-30T00:00:00,2026-07-30T00:00:00
VAR-DD463ACDA74641,MOD-8D5B197E101032,Moulinex FP8268EG 3 L | 1000 W | 3L,الأجهزة المنزلية,محضرات طعام,Moulinex,FP8268EG,3 L | 1000 W,,,,FP8268EG,,,mapped,2026-07-30T00:00:00,2026-07-30T00:00:00
VAR-7546B1515670EA,MOD-15E2B33AC2AF46,Tefal VG4151EE Black,الأجهزة المنزلية,مراوح حائط,Tefal,VG4151EE,Black,,,Black,VG4151EE,,,mapped,2026-07-30T00:00:00,2026-07-30T00:00:00
VAR-C1B2FA68929364,MOD-264751A2CA79F5,Tefal VG4130EE Black,الأجهزة المنزلية,مراوح عمود,Tefal,VG4130EE,Black,,,Black,VG4130EE,,,mapped,2026-07-30T00:00:00,2026-07-30T00:00:00
VAR-0B7BE5431B10FC,MOD-0C7EAFFE837D94,Tefal VG4135EE Black,الأجهزة المنزلية,مراوح عمود,Tefal,VG4135EE,Black,,,Black,VG4135EE,,,mapped,2026-07-30T00:00:00,2026-07-30T00:00:00
VAR-451B22FED81AA0,MOD-5411894F8E873A,Castle CG2060 200W / Silver,الأجهزة المنزلية,مطاحن قهوة,Castle,CG2060,200W | Silver,,,Silver,CG2060,,,mapped,2026-07-30T00:00:00,2026-07-30T00:00:00
VAR-83534751562D8F,MOD-CE4B40FBB07895,City HMA-102 180W / White,الأجهزة المنزلية,مطاحن قهوة,City,HMA-102,180W | White,,,White,HMA-102,,,mapped,2026-07-30T00:00:00,2026-07-30T00:00:00
VAR-267D3C642E8991,MOD-4145A4014D3A96,Grandi Crashy 3 Coffee Grinder 200W / Silver / Black,الأجهزة المنزلية,مطاحن قهوة,Grandi,Crashy 3 Coffee Grinder,200W | Silver / Black,,,Silver / Black,,,,mapped,2026-07-30T00:00:00,2026-07-30T00:00:00
VAR-8236000AF9F4D3,MOD-5614F257B90FDB,Grandi Crashy 5 Coffee Grinder 200W / White Black,الأجهزة المنزلية,مطاحن قهوة,Grandi,Crashy 5 Coffee Grinder,200W | White Black,,,White Black,,,,mapped,2026-07-30T00:00:00,2026-07-30T00:00:00
VAR-20C2A2E42C1D09,MOD-73796F1E10EB38,Ido GR150-SV 500ml / 150W / Silver,الأجهزة المنزلية,مطاحن قهوة,Ido,GR150-SV,500ml | 150W | Silver,,,Silver,GR150-SV,,,mapped,2026-07-30T00:00:00,2026-07-30T00:00:00
VAR-D7CAE44CADA98D,MOD-C99402E3D005C0,Ido GR150-WH Coffee Grinder 500ml / 150W / White,الأجهزة المنزلية,مطاحن قهوة,Ido,GR150-WH Coffee Grinder,500ml | 150W | White,,,White,,,,mapped,2026-07-30T00:00:00,2026-07-30T00:00:00
VAR-F3F3A9F2A48622,MOD-8369183F4F4371,MediaTech MT-CG904 150W / Silver,الأجهزة المنزلية,مطاحن قهوة,MediaTech,MT-CG904,150W | Silver,,,Silver,MT-CG904,,,mapped,2026-07-30T00:00:00,2026-07-30T00:00:00
VAR-BFE7FC5E60007C,MOD-A4255FDB9D2D3A,Mienta CG44235A 150W / Black,الأجهزة المنزلية,مطاحن قهوة,Mienta,CG44235A,150W | Black,,,Black,CG44235A,,,mapped,2026-07-30T00:00:00,2026-07-30T00:00:00
VAR-D924DC5877A3E6,MOD-B36692B2A95B57,Sokany SK-04033 800W / Stainless Steel,الأجهزة المنزلية,مطاحن قهوة,Sokany,SK-04033,800W | Stainless Steel,,,Stainless Steel,SK-04033,,,mapped,2026-07-30T00:00:00,2026-07-30T00:00:00
VAR-DFCB536E8C7A64,MOD-646FF043326FFE,Sokany SK-156 500W / Silver / Black,الأجهزة المنزلية,مطاحن قهوة,Sokany,SK-156,500W | Silver / Black,,,Silver / Black,SK-156,,,mapped,2026-07-30T00:00:00,2026-07-30T00:00:00
VAR-22A5EA2DA2EDAD,MOD-C2F0DF41E5DE65,Arshia VC112-3367 1000 W | Grey,الأجهزة المنزلية,مكانس كهربائية,Arshia,VC112-3367,1000 W | Grey,,,Grey,VC112-3367,,,mapped,2026-07-30T00:00:00,2026-07-30T00:00:00
VAR-A5D1E0436742E8,MOD-75E8B14F4F9A3C,Bissell 2024E 450 W | Blue,الأجهزة المنزلية,مكانس كهربائية,Bissell,2024E,450 W | Blue,,,Blue,2024E,,,mapped,2026-07-30T00:00:00,2026-07-30T00:00:00
VAR-5327681E947430,MOD-9897C67C529AC7,Bissell 4720E,الأجهزة المنزلية,مكانس كهربائية,Bissell,4720E,,,,,4720E,,,mapped,2026-07-30T00:00:00,2026-07-30T00:00:00
VAR-853D51D9050A34,MOD-06D2ED05A1EA5B,Bosch BGL38WHYG White,الأجهزة المنزلية,مكانس كهربائية,Bosch,BGL38WHYG,White,,,White,BGL38WHYG,,,mapped,2026-07-30T00:00:00,2026-07-30T00:00:00
VAR-A0A979147B79CA,MOD-4E4DB63017D308,Hoover TTELA2000BSC Black,الأجهزة المنزلية,مكانس كهربائية,Hoover,TTELA2000BSC,Black,,,Black,TTELA2000BSC,,,mapped,2026-07-30T00:00:00,2026-07-30T00:00:00
VAR-9FF7C88276206A,MOD-6E708CA7D16451,LG VC5420NNTB Blue,الأجهزة المنزلية,مكانس كهربائية,LG,VC5420NNTB,Blue,,,Blue,VC5420NNTB,,,mapped,2026-07-30T00:00:00,2026-07-30T00:00:00
VAR-87090C31FB11FB,MOD-B9CFFAA8C31A5B,LG VC5420NNTR Red,الأجهزة المنزلية,مكانس كهربائية,LG,VC5420NNTR,Red,,,Red,VC5420NNTR,,,mapped,2026-07-30T00:00:00,2026-07-30T00:00:00
VAR-B8DA8470B2153C,MOD-BB64FC304A0ADD,Panasonic MC-CG713 Red,الأجهزة المنزلية,مكانس كهربائية,Panasonic,MC-CG713,Red,,,Red,MC-CG713,,,mapped,2026-07-30T00:00:00,2026-07-30T00:00:00
VAR-2EDD931803A18C,MOD-288CB2321717D7,Panasonic MC-CL605 Black,الأجهزة المنزلية,مكانس كهربائية,Panasonic,MC-CL605,Black,,,Black,MC-CL605,,,mapped,2026-07-30T00:00:00,2026-07-30T00:00:00
VAR-D9A665FC0497A3,MOD-363EC4C642651D,Panasonic MC-YL635 Black,الأجهزة المنزلية,مكانس كهربائية,Panasonic,MC-YL635,Black,,,Black,MC-YL635,,,mapped,2026-07-30T00:00:00,2026-07-30T00:00:00
VAR-67551EED322002,MOD-B2CD1CF6DEA79F,Samsung VC20M2510WB Blue,الأجهزة المنزلية,مكانس كهربائية,Samsung,VC20M2510WB,Blue,,,Blue,VC20M2510WB,,,mapped,2026-07-30T00:00:00,2026-07-30T00:00:00
VAR-C9288A86BF2B48,MOD-C3AAE75505EE5B,Samsung VCC4540S36 Black,الأجهزة المنزلية,مكانس كهربائية,Samsung,VCC4540S36,Black,,,Black,VCC4540S36,,,mapped,2026-07-30T00:00:00,2026-07-30T00:00:00
VAR-5A093BD3A06EA9,MOD-2BFAB6C68BEFAF,Sokany SK-13082 3500 W | Black,الأجهزة المنزلية,مكانس كهربائية,Sokany,SK-13082,3500 W | Black,,,Black,SK-13082,,,mapped,2026-07-30T00:00:00,2026-07-30T00:00:00
VAR-943B5676F4F955,MOD-5AB9DAD8492CFF,Tefal TW3751EG 750 W | Blue,الأجهزة المنزلية,مكانس كهربائية,Tefal,TW3751EG,750 W | Blue,,,Blue,TW3751EG,,,mapped,2026-07-30T00:00:00,2026-07-30T00:00:00
VAR-16C86B08AB797C,MOD-A182B51E891687,Tefal TW4835EG 890 W | White,الأجهزة المنزلية,مكانس كهربائية,Tefal,TW4835EG,890 W | White,,,White,TW4835EG,,,mapped,2026-07-30T00:00:00,2026-07-30T00:00:00
VAR-65931A8DCE3F9E,MOD-EE25AAE1EB87EB,Tefal TY2079WO 250 W,الأجهزة المنزلية,مكانس كهربائية,Tefal,TY2079WO,250 W,,,,TY2079WO,,,mapped,2026-07-30T00:00:00,2026-07-30T00:00:00
VAR-F772E1F9D9F5E9,MOD-02957A57DE9FB2,Tefal TY6A35EG 140 W | Silver,الأجهزة المنزلية,مكانس كهربائية,Tefal,TY6A35EG,140 W | Silver,,,Silver,TY6A35EG,,,mapped,2026-07-30T00:00:00,2026-07-30T00:00:00
VAR-F13FFDA1F5A76E,MOD-C6335AF1CC341D,Tornado TVC-1800MD Black,الأجهزة المنزلية,مكانس كهربائية,Tornado,TVC-1800MD,Black,,,Black,TVC-1800MD,,,mapped,2026-07-30T00:00:00,2026-07-30T00:00:00
VAR-E18EF536771264,MOD-5EFF8DE0AC1B1E,Tornado TVC-180SG Grey,الأجهزة المنزلية,مكانس كهربائية,Tornado,TVC-180SG,Grey,,,Grey,TVC-180SG,,,mapped,2026-07-30T00:00:00,2026-07-30T00:00:00
VAR-9C5BE20458CEC8,MOD-64D274F32E31B5,Toshiba VC-BL200 Black,الأجهزة المنزلية,مكانس كهربائية,Toshiba,VC-BL200,Black,,,Black,VC-BL200,,,mapped,2026-07-30T00:00:00,2026-07-30T00:00:00
VAR-40DC2A11EBE368,MOD-B4C816119BFC29,Toshiba VC-EA1600SE Red,الأجهزة المنزلية,مكانس كهربائية,Toshiba,VC-EA1600SE,Red,,,Red,VC-EA1600SE,,,mapped,2026-07-30T00:00:00,2026-07-30T00:00:00
VAR-9E6CF2049EDA43,MOD-6FC5068D758F97,"Touch El Zenouki 40808, free chopper gift 700 Watt 700 W | Silver",الأجهزة المنزلية,مكانس كهربائية,Touch El Zenouki,"40808, free chopper gift 700 Watt",700 W | Silver,,,Silver,"40808, free chopper gift 700 Watt",,,mapped,2026-07-30T00:00:00,2026-07-30T00:00:00
VAR-7F0E047F66226F,MOD-1A1081BC84AC23,Beko STM 4116 B 230ml / 1600W / Black,الأجهزة المنزلية,مكاوي ملابس,Beko,STM 4116 B,230ml | 1600W | Black,,,Black,STM 4116 B,,,mapped,2026-07-30T00:00:00,2026-07-30T00:00:00
VAR-340B0DD1AB7B7B,MOD-F962346306BBC1,Black + Decker GST2400-B5 1.5L / 2400W / Black / White,الأجهزة المنزلية,مكاوي ملابس,Black + Decker,GST2400-B5,1.5L | 2400W | Black / White,,,Black / White,GST2400-B5,,,mapped,2026-07-30T00:00:00,2026-07-30T00:00:00
VAR-39086BB1EEEA7D,MOD-745A8779E664F5,Black + Decker HST1500-B5 1500W / Black / Purple,الأجهزة المنزلية,مكاوي ملابس,Black + Decker,HST1500-B5,1500W | Black / Purple,,,Black / Purple,HST1500-B5,,,mapped,2026-07-30T00:00:00,2026-07-30T00:00:00
VAR-34F6349B1FCF02,MOD-9D6D545856A6E1,Braun SI 1050 2000W / White Blue,الأجهزة المنزلية,مكاوي ملابس,Braun,SI 1050,2000W | White Blue,,,White Blue,SI 1050,,,mapped,2026-07-30T00:00:00,2026-07-30T00:00:00
VAR-66B84D5C17B88F,MOD-29716DAD179D43,Braun Si1070 2000W / Black,الأجهزة المنزلية,مكاوي ملابس,Braun,Si1070,2000W | Black,,,Black,Si1070,,,mapped,2026-07-30T00:00:00,2026-07-30T00:00:00
VAR-214E70AF6ED96C,MOD-74A6B2077B67D6,Kenwood STP46000WP 2000W / Purple,الأجهزة المنزلية,مكاوي ملابس,Kenwood,STP46000WP,2000W | Purple,,,Purple,STP46000WP,,,mapped,2026-07-30T00:00:00,2026-07-30T00:00:00
VAR-37201787E44870,MOD-6FAC06640BAB6E,Mienta SI181640A 2400W / Black,الأجهزة المنزلية,مكاوي ملابس,Mienta,SI181640A,2400W | Black,,,Black,SI181640A,,,mapped,2026-07-30T00:00:00,2026-07-30T00:00:00
VAR-C02691C3928DE2,MOD-25A999848C0D6A,Panasonic NI-S530VTD 2400W / White Violet,الأجهزة المنزلية,مكاوي ملابس,Panasonic,NI-S530VTD,2400W | White Violet,,,White Violet,NI-S530VTD,,,mapped,2026-07-30T00:00:00,2026-07-30T00:00:00
VAR-6726225E609E26,MOD-9E890F8242DCD0,Philips DST1020-30 1800W / White / Purple,الأجهزة المنزلية,مكاوي ملابس,Philips,DST1020-30,1800W | White / Purple,,,White / Purple,DST1020-30,,,mapped,2026-07-30T00:00:00,2026-07-30T00:00:00
VAR-5EBA1B5212D475,MOD-63DD1DB438FCFE,Taurus Itaca 2200 Steam Iron 2200W / Black White,الأجهزة المنزلية,مكاوي ملابس,Taurus,Itaca 2200 Steam Iron,2200W | Black White,,,Black White,,,,mapped,2026-07-30T00:00:00,2026-07-30T00:00:00
VAR-76B67D80A6AEEC,MOD-B0FA75E46B1A34,Taurus Sliding Care Compact Electric Handheld Steam Iron 1600W / Blue,الأجهزة المنزلية,مكاوي ملابس,Taurus,Sliding Care Compact Electric Handheld Steam Iron,1600W | Blue,,,Blue,,,,mapped,2026-07-30T00:00:00,2026-07-30T00:00:00
VAR-CF608D463564F0,MOD-8FAA58244CA099,Tefal FV2831E2 2200 W | Blue,الأجهزة المنزلية,مكاوي ملابس,Tefal,FV2831E2,2200 W | Blue,,,Blue,FV2831E2,,,mapped,2026-07-30T00:00:00,2026-07-30T00:00:00
VAR-F5E6853D8AA772,MOD-A531771F67A54B,Tefal FV2844E2 2400 W,الأجهزة المنزلية,مكاوي ملابس,Tefal,FV2844E2,2400 W,,,,FV2844E2,,,mapped,2026-07-30T00:00:00,2026-07-30T00:00:00
VAR-15F8FB3380CB00,MOD-26988CEC520C81,Tefal FV5751E0 2700 W | Blue,الأجهزة المنزلية,مكاوي ملابس,Tefal,FV5751E0,2700 W | Blue,,,Blue,FV5751E0,,,mapped,2026-07-30T00:00:00,2026-07-30T00:00:00
VAR-9DCA3C7E83BF7D,MOD-64E82333807739,Tefal FV5751E2 2700 W | Blue,الأجهزة المنزلية,مكاوي ملابس,Tefal,FV5751E2,2700 W | Blue,,,Blue,FV5751E2,,,mapped,2026-07-30T00:00:00,2026-07-30T00:00:00
VAR-AE05ED503CB730,MOD-5255DE74F63A69,Tefal FV6832E0 2800 W | Black,الأجهزة المنزلية,مكاوي ملابس,Tefal,FV6832E0,2800 W | Black,,,Black,FV6832E0,,,mapped,2026-07-30T00:00:00,2026-07-30T00:00:00
VAR-F175C844AF024C,MOD-07B8954BD546AE,Tefal FV8082E0 3000 W,الأجهزة المنزلية,مكاوي ملابس,Tefal,FV8082E0,3000 W,,,,FV8082E0,,,mapped,2026-07-30T00:00:00,2026-07-30T00:00:00
VAR-A3AB155DF76B2E,MOD-E802872ABE86B1,Tefal IT3480 1.5L / 2000W / Black,الأجهزة المنزلية,مكاوي ملابس,Tefal,IT3480,1.5L | 2000W | Black,,,Black,IT3480,,,mapped,2026-07-30T00:00:00,2026-07-30T00:00:00
VAR-486D13FD8A3D00,MOD-C58ABDAAC8C1BB,Tefal QT2020E0 1.1L / 2170W / Black / Gold,الأجهزة المنزلية,مكاوي ملابس,Tefal,QT2020E0,1.1L | 2170W | Black / Gold,,,Black / Gold,QT2020E0,,,mapped,2026-07-30T00:00:00,2026-07-30T00:00:00
VAR-FCFD9B770B7CD7,MOD-AA6BA5FB0B56F9,Tornado TST-1800 1800W / Green,الأجهزة المنزلية,مكاوي ملابس,Tornado,TST-1800,1800W | Green,,,Green,TST-1800,,,mapped,2026-07-30T00:00:00,2026-07-30T00:00:00
VAR-8192C32452A824,MOD-F15F2A5304EC3E,Tornado TST-1800NT 1800W / Multi Color,الأجهزة المنزلية,مكاوي ملابس,Tornado,TST-1800NT,1800W | Multi Color,,,Multi Color,TST-1800NT,,,mapped,2026-07-30T00:00:00,2026-07-30T00:00:00
VAR-5B2A8DBB610335,MOD-6061383E58D648,Tornado TST-2400NC 2400W / Multi Color,الأجهزة المنزلية,مكاوي ملابس,Tornado,TST-2400NC,2400W | Multi Color,,,Multi Color,TST-2400NC,,,mapped,2026-07-30T00:00:00,2026-07-30T00:00:00
VAR-3EDD7F80A4B5D8,MOD-9A7D8B807B74E7,Touch 40420 1600W / White / Blue,الأجهزة المنزلية,مكاوي ملابس,Touch,40420,1600W | White / Blue,,,White / Blue,40420,,,mapped,2026-07-30T00:00:00,2026-07-30T00:00:00
VAR-6C400BE20CD33D,MOD-4F3AF7712D6CF7,Ultra UI15RWE1 1500W / Red,الأجهزة المنزلية,مكاوي ملابس,Ultra,UI15RWE1,1500W | Red,,,Red,UI15RWE1,,,mapped,2026-07-30T00:00:00,2026-07-30T00:00:00
VAR-A8527DE3649583,MOD-6395BF96D36AC3,Beko BICT122XN 1.5HP / White,الأجهزة المنزلية,مكيفات هواء,Beko,BICT122XN,1.5HP | White,,,White,BICT122XN,,,mapped,2026-07-30T00:00:00,2026-07-30T00:00:00
VAR-850D5E26D10A32,MOD-6395BF96D36AC3,Beko BICT122XN Split | 1.5 HP | Inverter | White,الأجهزة المنزلية,مكيفات هواء,Beko,BICT122XN,Split | 1.5 HP | Inverter | White,,,White,BICT122XN,,,mapped,2026-07-30T00:00:00,2026-07-30T00:00:00
VAR-4B76F765B77BEC,MOD-84C29BED1910BB,Carrier 38KHCT12 1.5HP / White,الأجهزة المنزلية,مكيفات هواء,Carrier,38KHCT12,1.5HP | White,,,White,38KHCT12,,,mapped,2026-07-30T00:00:00,2026-07-30T00:00:00
VAR-99013134BBFDE9,MOD-84C29BED1910BB,Carrier 38KHCT12 Split | 1.5 HP | White,الأجهزة المنزلية,مكيفات هواء,Carrier,38KHCT12,Split | 1.5 HP | White,,,White,38KHCT12,,,mapped,2026-07-30T00:00:00,2026-07-30T00:00:00
VAR-48EBD24EEBD071,MOD-FA51DC985A897B,Carrier 53KHCT12 1.5HP / White,الأجهزة المنزلية,مكيفات هواء,Carrier,53KHCT12,1.5HP | White,,,White,53KHCT12,,,mapped,2026-07-30T00:00:00,2026-07-30T00:00:00
VAR-40ACE8F8827618,MOD-FA51DC985A897B,Carrier 53KHCT12 Split | 1.5 HP | White,الأجهزة المنزلية,مكيفات هواء,Carrier,53KHCT12,Split | 1.5 HP | White,,,White,53KHCT12,,,mapped,2026-07-30T00:00:00,2026-07-30T00:00:00
VAR-D2C4FF3C92A94B,MOD-2A3FE2B00272E8,Carrier 53KHCT18N-708 2.25HP / White,الأجهزة المنزلية,مكيفات هواء,Carrier,53KHCT18N-708,2.25HP | White,,,White,53KHCT18N-708,,,mapped,2026-07-30T00:00:00,2026-07-30T00:00:00
VAR-6211EB932B0624,MOD-2A3FE2B00272E8,Carrier 53KHCT18N-708 Split | 2.25 HP | White,الأجهزة المنزلية,مكيفات هواء,Carrier,53KHCT18N-708,Split | 2.25 HP | White,,,White,53KHCT18N-708,,,mapped,2026-07-30T00:00:00,2026-07-30T00:00:00
VAR-B01DEA3D1F5CC1,MOD-488877F32F9688,Carrier 53KHCT24N-708 3HP / White,الأجهزة المنزلية,مكيفات هواء,Carrier,53KHCT24N-708,3HP | White,,,White,53KHCT24N-708,,,mapped,2026-07-30T00:00:00,2026-07-30T00:00:00
VAR-3AA6AB3609631C,MOD-488877F32F9688,Carrier 53KHCT24N-708 Split | 3 HP | White,الأجهزة المنزلية,مكيفات هواء,Carrier,53KHCT24N-708,Split | 3 HP | White,,,White,53KHCT24N-708,,,mapped,2026-07-30T00:00:00,2026-07-30T00:00:00
VAR-674A27B2EED4B5,MOD-C7307AD77AC3E3,Carrier KHEFT12N 1.5HP / White,الأجهزة المنزلية,مكيفات هواء,Carrier,KHEFT12N,1.5HP | White,,,White,KHEFT12N,,,mapped,2026-07-30T00:00:00,2026-07-30T00:00:00
VAR-6097E69B669B30,MOD-C7307AD77AC3E3,Carrier KHEFT12N Split | 1.5 HP | White,الأجهزة المنزلية,مكيفات هواء,Carrier,KHEFT12N,Split | 1.5 HP | White,,,White,KHEFT12N,,,mapped,2026-07-30T00:00:00,2026-07-30T00:00:00
VAR-4349982296BF8F,MOD-18A891196F64CE,Fresh 500020210 White,الأجهزة المنزلية,مكيفات هواء,Fresh,500020210,White,,,White,500020210,,,mapped,2026-07-30T00:00:00,2026-07-30T00:00:00
VAR-E43E73DF02F46E,MOD-AD952BD028D6A0,Fresh AG-R32 Split | 1.25 HP | White,الأجهزة المنزلية,مكيفات هواء,Fresh,AG-R32,Split | 1.25 HP | White,,,White,AG-R32,,,mapped,2026-07-30T00:00:00,2026-07-30T00:00:00
VAR-836C7F02A70F9F,MOD-0AD264F6357012,Fresh FUF12CO32 1.5HP / White,الأجهزة المنزلية,مكيفات هواء,Fresh,FUF12CO32,1.5HP | White,,,White,FUF12CO32,,,mapped,2026-07-30T00:00:00,2026-07-30T00:00:00
VAR-762C1F68089852,MOD-0AD264F6357012,Fresh FUF12CO32 Split | 1.5 HP | White,الأجهزة المنزلية,مكيفات هواء,Fresh,FUF12CO32,Split | 1.5 HP | White,,,White,FUF12CO32,,,mapped,2026-07-30T00:00:00,2026-07-30T00:00:00
VAR-BDA81CB3069BE6,MOD-24B140DE50D719,Fresh FUFW09C/IW AG-R32 1.25HP / White,الأجهزة المنزلية,مكيفات هواء,Fresh,FUFW09C/IW AG-R32,1.25HP | White,,,White,FUFW09C/IW AG-R32,,,mapped,2026-07-30T00:00:00,2026-07-30T00:00:00
VAR-AE87CF43FDCA55,MOD-AD49DA60CD80E7,Fresh FUFW12C/IW-AG 1.5HP / White,الأجهزة المنزلية,مكيفات هواء,Fresh,FUFW12C/IW-AG,1.5HP | White,,,White,FUFW12C/IW-AG,,,mapped,2026-07-30T00:00:00,2026-07-30T00:00:00
VAR-CC9E55AC2B777B,MOD-AD49DA60CD80E7,Fresh FUFW12C/IW-AG Split | 1.5 HP | White,الأجهزة المنزلية,مكيفات هواء,Fresh,FUFW12C/IW-AG,Split | 1.5 HP | White,,,White,FUFW12C/IW-AG,,,mapped,2026-07-30T00:00:00,2026-07-30T00:00:00
VAR-48AB7782667606,MOD-BCC0481F773FEC,Fresh PAC9K-PBWA Portable | White,الأجهزة المنزلية,مكيفات هواء,Fresh,PAC9K-PBWA,Portable | White,,,White,PAC9K-PBWA,,,mapped,2026-07-30T00:00:00,2026-07-30T00:00:00
VAR-CAD81F18592A81,MOD-D45E6DF5C7AF0C,Fresh SIFW13C-IP Split | 1.5 HP | Inverter | White,الأجهزة المنزلية,مكيفات هواء,Fresh,SIFW13C-IP,Split | 1.5 HP | Inverter | White,,,White,SIFW13C-IP,,,mapped,2026-07-30T00:00:00,2026-07-30T00:00:00
VAR-E1EA541A92D12B,MOD-E03A9CE167611D,Fresh SIFW13C-IP Split Air Conditioner 1.5HP / White,الأجهزة المنزلية,مكيفات هواء,Fresh,SIFW13C-IP Split Air Conditioner,1.5HP | White,,,White,,,,mapped,2026-07-30T00:00:00,2026-07-30T00:00:00
VAR-3C211FE2058D47,MOD-238B8E4DAA7F69,Haier HSU-12KCRIC 1.5HP / White,الأجهزة المنزلية,مكيفات هواء,Haier,HSU-12KCRIC,1.5HP | White,,,White,HSU-12KCRIC,,,mapped,2026-07-30T00:00:00,2026-07-30T00:00:00
VAR-683484735E33BF,MOD-238B8E4DAA7F69,Haier HSU-12KCRIC Split | 1.5 HP | Inverter | White,الأجهزة المنزلية,مكيفات هواء,Haier,HSU-12KCRIC,Split | 1.5 HP | Inverter | White,,,White,HSU-12KCRIC,,,mapped,2026-07-30T00:00:00,2026-07-30T00:00:00
VAR-EAF4AC975B8004,MOD-87E6060BA33A06,Midea M1SEFT-12CRN8F-Q8 1.5HP / White,الأجهزة المنزلية,مكيفات هواء,Midea,M1SEFT-12CRN8F-Q8,1.5HP | White,,,White,M1SEFT-12CRN8F-Q8,,,mapped,2026-07-30T00:00:00,2026-07-30T00:00:00
VAR-883474418BB3B8,MOD-87E6060BA33A06,Midea M1SEFT-12CRN8F-Q8 Split | 1.5 HP | White,الأجهزة المنزلية,مكيفات هواء,Midea,M1SEFT-12CRN8F-Q8,Split | 1.5 HP | White,,,White,M1SEFT-12CRN8F-Q8,,,mapped,2026-07-30T00:00:00,2026-07-30T00:00:00
VAR-03BA6603322D73,MOD-D18E0D4283714E,Midea M1SEFT-18CRN8F-Q8 2.25HP / White,الأجهزة المنزلية,مكيفات هواء,Midea,M1SEFT-18CRN8F-Q8,2.25HP | White,,,White,M1SEFT-18CRN8F-Q8,,,mapped,2026-07-30T00:00:00,2026-07-30T00:00:00
VAR-32E284FEB086CF,MOD-D18E0D4283714E,Midea M1SEFT-18CRN8F-Q8 Split | 2.25 HP | White,الأجهزة المنزلية,مكيفات هواء,Midea,M1SEFT-18CRN8F-Q8,Split | 2.25 HP | White,,,White,M1SEFT-18CRN8F-Q8,,,mapped,2026-07-30T00:00:00,2026-07-30T00:00:00
VAR-D8A2E849011930,MOD-7A85EB8744F509,Midea Mission Pro Split Air Conditioner 1.5HP / White,الأجهزة المنزلية,مكيفات هواء,Midea,Mission Pro Split Air Conditioner,1.5HP | White,,,White,,,,mapped,2026-07-30T00:00:00,2026-07-30T00:00:00
VAR-CF77192C2F0073,MOD-72C8063C79742B,Midea MSCT-12CR 1.5HP / White,الأجهزة المنزلية,مكيفات هواء,Midea,MSCT-12CR,1.5HP | White,,,White,MSCT-12CR,,,mapped,2026-07-30T00:00:00,2026-07-30T00:00:00
VAR-F5DA1B33A7DC58,MOD-72C8063C79742B,Midea MSCT-12CR Split | 1.5 HP | White,الأجهزة المنزلية,مكيفات هواء,Midea,MSCT-12CR,Split | 1.5 HP | White,,,White,MSCT-12CR,,,mapped,2026-07-30T00:00:00,2026-07-30T00:00:00
VAR-179CF59795B2F2,MOD-2EFDABF386D35D,Midea MSCT18CRN 2.25HP / White,الأجهزة المنزلية,مكيفات هواء,Midea,MSCT18CRN,2.25HP | White,,,White,MSCT18CRN,,,mapped,2026-07-30T00:00:00,2026-07-30T00:00:00
VAR-253B390E4CA1DD,MOD-2EFDABF386D35D,Midea MSCT18CRN Split | 2.25 HP | White,الأجهزة المنزلية,مكيفات هواء,Midea,MSCT18CRN,Split | 2.25 HP | White,,,White,MSCT18CRN,,,mapped,2026-07-30T00:00:00,2026-07-30T00:00:00
VAR-4D89223FAD3324,MOD-2153ADE962DF5F,Sharp AH-A12ZSE 1.5HP / White,الأجهزة المنزلية,مكيفات هواء,Sharp,AH-A12ZSE,1.5HP | White,,,White,AH-A12ZSE,,,mapped,2026-07-30T00:00:00,2026-07-30T00:00:00
VAR-3000C37ADA18B5,MOD-2153ADE962DF5F,Sharp AH-A12ZSE Split | 1.5 HP | White,الأجهزة المنزلية,مكيفات هواء,Sharp,AH-A12ZSE,Split | 1.5 HP | White,,,White,AH-A12ZSE,,,mapped,2026-07-30T00:00:00,2026-07-30T00:00:00
VAR-F8B5837BF27EC5,MOD-79357C35951FA1,Unionaire Artify Smart Split Air Conditioner 2.25HP / White,الأجهزة المنزلية,مكيفات هواء,Unionaire,Artify Smart Split Air Conditioner,2.25HP | White,,,White,,,,mapped,2026-07-30T00:00:00,2026-07-30T00:00:00
VAR-9A09CF49C5853B,MOD-97F21BAA0B9219,Unionaire INV-ARTO012 1.5HP / White,الأجهزة المنزلية,مكيفات هواء,Unionaire,INV-ARTO012,1.5HP | White,,,White,INV-ARTO012,,,mapped,2026-07-30T00:00:00,2026-07-30T00:00:00
VAR-0DF4A5A99B63CD,MOD-97F21BAA0B9219,Unionaire INV-ARTO012 Split | 1.5 HP | Inverter | White,الأجهزة المنزلية,مكيفات هواء,Unionaire,INV-ARTO012,Split | 1.5 HP | Inverter | White,,,White,INV-ARTO012,,,mapped,2026-07-30T00:00:00,2026-07-30T00:00:00
VAR-23A28A4F5D6C39,MOD-9F6B6B7C7E94C8,Beko MOC20100BFB 20 L | 700 W | Black | 20L,الأجهزة المنزلية,ميكروويف,Beko,MOC20100BFB,20 L | 700 W | Black,,,Black,MOC20100BFB,,,mapped,2026-07-30T00:00:00,2026-07-30T00:00:00
VAR-530AB2F080BB4E,MOD-F97121B2BBAD71,Fresh FMW-20MC-SM 20 L | 700 W | Silver | 20L,الأجهزة المنزلية,ميكروويف,Fresh,FMW-20MC-SM,20 L | 700 W | Silver,,,Silver,FMW-20MC-SM,,,mapped,2026-07-30T00:00:00,2026-07-30T00:00:00
VAR-B4382BA3141A7F,MOD-AC2FAF369B947A,Fresh FMW-25KC-BW 25 L | 850 W | Black | 25L,الأجهزة المنزلية,ميكروويف,Fresh,FMW-25KC-BW,25 L | 850 W | Black,,,Black,FMW-25KC-BW,,,mapped,2026-07-30T00:00:00,2026-07-30T00:00:00
VAR-15645F5C95908C,MOD-B6A65FBCB23FFB,Fresh FMW-25KCG-SW-500020540 25 L | 850 W | Silver | 25L,الأجهزة المنزلية,ميكروويف,Fresh,FMW-25KCG-SW-500020540,25 L | 850 W | Silver,,,Silver,FMW-25KCG-SW-500020540,,,mapped,2026-07-30T00:00:00,2026-07-30T00:00:00
VAR-62D697BDEED354,MOD-93CEEFCA71F37D,Fresh FMW-25MC-BW 25 L | 850 W | Silver | 25L,الأجهزة المنزلية,ميكروويف,Fresh,FMW-25MC-BW,25 L | 850 W | Silver,,,Silver,FMW-25MC-BW,,,mapped,2026-07-30T00:00:00,2026-07-30T00:00:00
VAR-0DE710AF24A4D7,MOD-61B01936BF8F7F,Fresh FMW-25MC-SW 25 L | 850 W | Silver | 25L,الأجهزة المنزلية,ميكروويف,Fresh,FMW-25MC-SW,25 L | 850 W | Silver,,,Silver,FMW-25MC-SW,,,mapped,2026-07-30T00:00:00,2026-07-30T00:00:00
VAR-6B095A149E961E,MOD-10579901F3EC3A,Fresh FMW-36KCG-B 36 L | 1000 W | Black | 36L,الأجهزة المنزلية,ميكروويف,Fresh,FMW-36KCG-B,36 L | 1000 W | Black,,,Black,FMW-36KCG-B,,,mapped,2026-07-30T00:00:00,2026-07-30T00:00:00
VAR-047C8B5743BC62,MOD-5C6AA760D61948,JAC MW20-JA11A 20 L | 1200 W | Black | 20L,الأجهزة المنزلية,ميكروويف,JAC,MW20-JA11A,20 L | 1200 W | Black,,,Black,MW20-JA11A,,,mapped,2026-07-30T00:00:00,2026-07-30T00:00:00
VAR-2F35F8E2D853F8,MOD-E2164F6C6C143E,LG MH8265DIS 42 L | 1200 W | Black | 42L,الأجهزة المنزلية,ميكروويف,LG,MH8265DIS,42 L | 1200 W | Black,,,Black,MH8265DIS,,,mapped,2026-07-30T00:00:00,2026-07-30T00:00:00
VAR-675260CEBD4D63,MOD-E204C4A696EB49,LG MH8295CIS 42 L | 1200 W | Silver | 42L,الأجهزة المنزلية,ميكروويف,LG,MH8295CIS,42 L | 1200 W | Silver,,,Silver,MH8295CIS,,,mapped,2026-07-30T00:00:00,2026-07-30T00:00:00
VAR-1EF8584CF1CBBD,MOD-24E3C34B2A30FF,LG MH8295DIS 42 L | 1200 W | Silver | 42L,الأجهزة المنزلية,ميكروويف,LG,MH8295DIS,42 L | 1200 W | Silver,,,Silver,MH8295DIS,,,mapped,2026-07-30T00:00:00,2026-07-30T00:00:00
VAR-D417F0C4624FF5,MOD-F5C96B46456EFF,Midea AM9P022VB 25 L | 900 W | Black | 25L,الأجهزة المنزلية,ميكروويف,Midea,AM9P022VB,25 L | 900 W | Black,,,Black,AM9P022VB,,,mapped,2026-07-30T00:00:00,2026-07-30T00:00:00
VAR-F7FEFDC0A24BE5,MOD-CE01128BA77D10,Samsung MG32DG4524AGGY 32 L | Black | 32L,الأجهزة المنزلية,ميكروويف,Samsung,MG32DG4524AGGY,32 L | Black,,,Black,MG32DG4524AGGY,,,mapped,2026-07-30T00:00:00,2026-07-30T00:00:00
VAR-8D86C6826FAE0D,MOD-4EE3424BC5534B,Samsung MG40DG5525AGSG 40 L | 1500 W | Black | 40L,الأجهزة المنزلية,ميكروويف,Samsung,MG40DG5525AGSG,40 L | 1500 W | Black,,,Black,MG40DG5525AGSG,,,mapped,2026-07-30T00:00:00,2026-07-30T00:00:00
VAR-85FAF9485E5E88,MOD-C81F2CB107E9BE,Sharp R-75MT 25 L | 1000 W | Silver | 25L,الأجهزة المنزلية,ميكروويف,Sharp,R-75MT,25 L | 1000 W | Silver,,,Silver,R-75MT,,,mapped,2026-07-30T00:00:00,2026-07-30T00:00:00
VAR-C60A50130CD545,MOD-BDFE486A8EEDF7,Sharp R-77AT-ST 34 L | 1100 W | Silver | 34L,الأجهزة المنزلية,ميكروويف,Sharp,R-77AT-ST,34 L | 1100 W | Silver,,,Silver,R-77AT-ST,,,mapped,2026-07-30T00:00:00,2026-07-30T00:00:00
VAR-690DE6BA200EE8,MOD-FE0D9150650B9B,Chicco Next2Me Side-sleeping crib | من الولادة حتى 6 أشهر / 9 كجم | Silver,الأطفال والأمومة,أسرة ومفروشات أطفال,Chicco,Next2Me,Side-sleeping crib,,,Silver,,,,mapped,2026-07-30T00:00:00,2026-07-30T00:00:00
VAR-C8646E83D32FE7,MOD-5F551F0F3C9558,Graco Myavo Travel System Quick-folding stroller + infant car seat | Midnight Black,الأطفال والأمومة,أنظمة سفر للرضع,Graco,Myavo Travel System,Quick-folding stroller + infant car seat,,,Midnight Black,,,,mapped,2026-07-30T00:00:00,2026-07-30T00:00:00
VAR-E9C6A8D1EC53F1,MOD-9DE8538F435B38,Joie Litetrax 4 Travel System Stroller + infant carrier | 0–6 سنوات وفق تصنيف المتجر | Black,الأطفال والأمومة,أنظمة سفر للرضع,Joie,Litetrax 4 Travel System,Stroller + infant carrier,,,Black,,,,mapped,2026-07-30T00:00:00,2026-07-30T00:00:00
VAR-E02F86B14D1524,MOD-5F03D3D41133B5,Joie Muze LX Travel System Stroller + infant carrier | Thunder Grey,الأطفال والأمومة,أنظمة سفر للرضع,Joie,Muze LX Travel System,Stroller + infant carrier,,,Thunder Grey,,,,mapped,2026-07-30T00:00:00,2026-07-30T00:00:00
VAR-52BFBF11B52027,MOD-E09B1E13C22D5D,Joie Muze Travel System Stroller + infant carrier | 0–3 سنوات | Black,الأطفال والأمومة,أنظمة سفر للرضع,Joie,Muze Travel System,Stroller + infant carrier,,,Black,,,,mapped,2026-07-30T00:00:00,2026-07-30T00:00:00
VAR-8704CE6245B86D,MOD-043E42A6275E15,Chicco Natural Feeling Bottle Plastic / 250ml | 250 مل,الأطفال والأمومة,ببرونات وحلمات رضاعة,Chicco,Natural Feeling Bottle,Plastic / 250ml,,,,,8058664153664,,mapped,2026-07-30T00:00:00,2026-07-30T00:00:00
VAR-A2FC7F7D857A4D,MOD-043E42A6275E15,Chicco Natural Feeling Bottle Plastic / free flow | 150 مل / 0+ شهر,الأطفال والأمومة,ببرونات وحلمات رضاعة,Chicco,Natural Feeling Bottle,Plastic / free flow,,,,,8058664153657,,mapped,2026-07-30T00:00:00,2026-07-30T00:00:00
VAR-EBA8E25E4F4ABD,MOD-043E42A6275E15,Chicco Natural Feeling Bottle Slow Flow | 150 مل / 0+ شهر,الأطفال والأمومة,ببرونات وحلمات رضاعة,Chicco,Natural Feeling Bottle,Slow Flow,,,,,8058664153619,,mapped,2026-07-30T00:00:00,2026-07-30T00:00:00
VAR-1285513A1FF1B6,MOD-9B744D972C0513,Chicco Natural Feeling Glass Bottle Glass / 150ml | 150 مل / حديث الولادة,الأطفال والأمومة,ببرونات وحلمات رضاعة,Chicco,Natural Feeling Glass Bottle,Glass / 150ml,,,,,8058664153459,,mapped,2026-07-30T00:00:00,2026-07-30T00:00:00
VAR-CC6B91DA32E041,MOD-9B744D972C0513,Chicco Natural Feeling Glass Bottle Glass / 250ml | 250 مل,الأطفال والأمومة,ببرونات وحلمات رضاعة,Chicco,Natural Feeling Glass Bottle,Glass / 250ml,,,,,8058664153466,,mapped,2026-07-30T00:00:00,2026-07-30T00:00:00
VAR-CF0FE7437E8081,MOD-5A4B6D060905D3,Philips Avent Anti-Colic Bottle Integrated anti-colic valve | 330 مل,الأطفال والأمومة,ببرونات وحلمات رضاعة,Philips Avent,Anti-Colic Bottle,Integrated anti-colic valve,,,,,8710103868743,,mapped,2026-07-30T00:00:00,2026-07-30T00:00:00
VAR-99D558AF74FF45,MOD-3B72AFB798C63E,Philips Avent Natural Glass Bottle Glass | 240 مل,الأطفال والأمومة,ببرونات وحلمات رضاعة,Philips Avent,Natural Glass Bottle,Glass,,,,,8710103576631,,mapped,2026-07-30T00:00:00,2026-07-30T00:00:00
VAR-C246024014273C,MOD-56E7F46D2DB600,Philips Avent Natural Response 125ml 2-piece pack | 125 مل / من الولادة,الأطفال والأمومة,ببرونات وحلمات رضاعة,Philips Avent,Natural Response 125ml,2-piece pack,,,,,8720689011648,,mapped,2026-07-30T00:00:00,2026-07-30T00:00:00
VAR-B9698095E53FC9,MOD-3B6D803E0171D0,Philips Avent Natural Response 260ml 3-piece pack | 260 مل / 1+ شهر,الأطفال والأمومة,ببرونات وحلمات رضاعة,Philips Avent,Natural Response 260ml,3-piece pack,,,,,8720689012355,,mapped,2026-07-30T00:00:00,2026-07-30T00:00:00
VAR-07F7885AF91A96,MOD-8A390762EDC9CD,Philips Avent Natural Response 330ml 2-piece pack | 330 مل / 6+ أشهر,الأطفال والأمومة,ببرونات وحلمات رضاعة,Philips Avent,Natural Response 330ml,2-piece pack,,,,,8720689011990,,mapped,2026-07-30T00:00:00,2026-07-30T00:00:00
VAR-12DF1F94885C92,MOD-2298D505BD0ACC,Philips Avent SCY906/01 PP bottle / 330ml | 330 مل,الأطفال والأمومة,ببرونات وحلمات رضاعة,Philips Avent,SCY906/01,PP bottle / 330ml,,,,,8720689011945,,mapped,2026-07-30T00:00:00,2026-07-30T00:00:00
VAR-51EE56EF566A36,MOD-A86E7612887034,Chicco Classic Breast Pump Manual,الأطفال والأمومة,شفاطات حليب,Chicco,Classic Breast Pump,Manual,,,,,,,mapped,2026-07-30T00:00:00,2026-07-30T00:00:00
VAR-562103844681CA,MOD-D5331DF25E4FAE,Chicco Natural Feeling Bottle with Breast Pump Manual pump + bottle,الأطفال والأمومة,شفاطات حليب,Chicco,Natural Feeling Bottle with Breast Pump,Manual pump + bottle,,,,,,,mapped,2026-07-30T00:00:00,2026-07-30T00:00:00
VAR-FA84191CD9CB2F,MOD-FBC4426BB788C0,Granzia Monza Feed X2 Double electric breast pump,الأطفال والأمومة,شفاطات حليب,Granzia,Monza Feed X2,Double electric breast pump,,,,,,,mapped,2026-07-30T00:00:00,2026-07-30T00:00:00
VAR-9AEAFA997A2B71,MOD-7AB661DEB25866,Granzia SoloFeed Digital breast pump,الأطفال والأمومة,شفاطات حليب,Granzia,SoloFeed,Digital breast pump,,,,,,,mapped,2026-07-30T00:00:00,2026-07-30T00:00:00
VAR-082F129397612E,MOD-96C83167B8FB1D,La Frutta Double Chargeable Wearable Breast Pump Double wearable / includes 2 milk bags | 150 مل,الأطفال والأمومة,شفاطات حليب,La Frutta,Double Chargeable Wearable Breast Pump,Double wearable / includes 2 milk bags,,,,,,,mapped,2026-07-30T00:00:00,2026-07-30T00:00:00
VAR-9407CCF9823D8A,MOD-AFE2C0114960B3,True Gold Manual Breast Pump Manual | Pink,الأطفال والأمومة,شفاطات حليب,True Gold,Manual Breast Pump,Manual,,,Pink,,,,mapped,2026-07-30T00:00:00,2026-07-30T00:00:00
VAR-D6C34463D3D95F,MOD-9CBEBAF59B0C2C,True Gold Silicone Manual Breast Pump Manual silicone | 120 مل,الأطفال والأمومة,شفاطات حليب,True Gold,Silicone Manual Breast Pump,Manual silicone,,,,,,,mapped,2026-07-30T00:00:00,2026-07-30T00:00:00
VAR-766F7BD39D7BF5,MOD-56904F89626DEE,Chicco Fully Twin Twin stroller | من الولادة؛ حد الوزن غير مذكور في مقتطف المصدر,الأطفال والأمومة,عربات أطفال,Chicco,Fully Twin,Twin stroller,,,,,8058664109043,,mapped,2026-07-30T00:00:00,2026-07-30T00:00:00
VAR-474F15C75D803A,MOD-D7BC298AB9F6E5,Chicco Goody XPlus OneTouch folding | من الولادة حتى 4 سنوات | Dark Shadow,الأطفال والأمومة,عربات أطفال,Chicco,Goody XPlus,OneTouch folding,,,Dark Shadow,,8058664173051,,mapped,2026-07-30T00:00:00,2026-07-30T00:00:00
VAR-1C39BF80A9FED7,MOD-1F1D494B62FCC1,Chicco Ohlala Twin Twin stroller | من الولادة حتى 15 كجم | Black,الأطفال والأمومة,عربات أطفال,Chicco,Ohlala Twin,Twin stroller,,,Black,,8058664125456,,mapped,2026-07-30T00:00:00,2026-07-30T00:00:00
VAR-DBAE61EE5694DC,MOD-B8D02683F1EE63,GB Qbit+ Ultra-compact stroller | Night Blue,الأطفال والأمومة,عربات أطفال,GB,Qbit+,Ultra-compact stroller,,,Night Blue,,,,mapped,2026-07-30T00:00:00,2026-07-30T00:00:00
VAR-0270D758EBA2D8,MOD-D8270939E55FB0,Joie Aire Twin Twin stroller | Blaise / Neo Black,الأطفال والأمومة,عربات أطفال,Joie,Aire Twin,Twin stroller,,,Blaise / Neo Black,,,,mapped,2026-07-30T00:00:00,2026-07-30T00:00:00
VAR-302513700E4BC9,MOD-1FCE485103EEE3,Joie Litetrax 4 Multi-mode stroller | Shale,الأطفال والأمومة,عربات أطفال,Joie,Litetrax 4,Multi-mode stroller,,,Shale,,,,mapped,2026-07-30T00:00:00,2026-07-30T00:00:00
VAR-555E9C6AFD8ABB,MOD-7CED9468EC908D,Joie Mirus Reversible stroller | من الولادة حتى 15 كجم / نحو 3 سنوات | Lychee,الأطفال والأمومة,عربات أطفال,Joie,Mirus,Reversible stroller,,,Lychee,,5056080610726,,mapped,2026-07-30T00:00:00,2026-07-30T00:00:00
VAR-1C9906C86B5067,MOD-45261CBC7D7401,Joie Muze Stroller | Cranberry,الأطفال والأمومة,عربات أطفال,Joie,Muze,Stroller,,,Cranberry,,5056080608013,,mapped,2026-07-30T00:00:00,2026-07-30T00:00:00
VAR-4223451AAC0E3D,MOD-6C88705F558F61,Joie Muze LX Stroller | Juniper,الأطفال والأمومة,عربات أطفال,Joie,Muze LX,Stroller,,,Juniper,,,,mapped,2026-07-30T00:00:00,2026-07-30T00:00:00
VAR-1624E6277684F2,MOD-472DBD32BCFAA3,Joie Nitro LX Stroller | من الولادة حتى 15 كجم | Laurel,الأطفال والأمومة,عربات أطفال,Joie,Nitro LX,Stroller,,,Laurel,,5056080608617,,mapped,2026-07-30T00:00:00,2026-07-30T00:00:00
VAR-ED86A980AC9316,MOD-983B77E6C67B6A,Joie Pact Pro Lightweight compact stroller | من الولادة حتى 22 كجم | Pebble,الأطفال والأمومة,عربات أطفال,Joie,Pact Pro,Lightweight compact stroller,,,Pebble,,5056080618029,,mapped,2026-07-30T00:00:00,2026-07-30T00:00:00
VAR-C0CAE6BD89F453,MOD-983B77E6C67B6A,Joie Pact Pro Lightweight compact stroller | من الولادة حتى 22 كجم | Shale,الأطفال والأمومة,عربات أطفال,Joie,Pact Pro,Lightweight compact stroller,,,Shale,,,,mapped,2026-07-30T00:00:00,2026-07-30T00:00:00
VAR-F338B83152FB05,MOD-9B881397A03482,Joie Versatrax Stroller | Shale,الأطفال والأمومة,عربات أطفال,Joie,Versatrax,Stroller,,,Shale,,5056080618166,,mapped,2026-07-30T00:00:00,2026-07-30T00:00:00
VAR-54927B71306123,MOD-DD10F3E2CE64BB,Urbini Urbini Lightweight Stroller Travel system,الأطفال والأمومة,عربات أطفال,Urbini,Urbini Lightweight Stroller,Travel system,,,,,,,mapped,2026-07-30T00:00:00,2026-07-30T00:00:00
VAR-23F98596279176,MOD-7E295C8EFF07C2,Chicco Akita Fix Group 1/2/3 | 12 شهرًا–12 سنة,الأطفال والأمومة,مقاعد سيارة للأطفال,Chicco,Akita Fix,Group 1/2/3,,,,,8058664125548,,mapped,2026-07-30T00:00:00,2026-07-30T00:00:00
VAR-B8FDC7282FC236,MOD-0C752D44FEF9DD,Joie i-Level Signature Infant car seat | Eclipse,الأطفال والأمومة,مقاعد سيارة للأطفال,Joie,i-Level Signature,Infant car seat,,,Eclipse,,5056080612867,,mapped,2026-07-30T00:00:00,2026-07-30T00:00:00
VAR-FA8461525EFBDF,MOD-7A0418E2743682,Joie i-Snug 2 Rearward-facing infant car seat | رضيع؛ القياس التفصيلي غير مذكور في مقتطف المصدر | Laurel,الأطفال والأمومة,مقاعد سيارة للأطفال,Joie,i-Snug 2,Rearward-facing infant car seat,,,Laurel,,,,mapped,2026-07-30T00:00:00,2026-07-30T00:00:00
VAR-2F1362AFFC72BA,MOD-EC0BE63F0EDC8C,Joie Stages Group 0+/1/2 | من حديث الولادة إلى الطفل الصغير | Coal Black,الأطفال والأمومة,مقاعد سيارة للأطفال,Joie,Stages,Group 0+/1/2,,,Coal Black,,5056080605814,,mapped,2026-07-30T00:00:00,2026-07-30T00:00:00
VAR-16FB73DAD70246,MOD-EC0BE63F0EDC8C,Joie Stages Group 0+/1/2 | من حديث الولادة إلى الطفل الصغير | Gray,الأطفال والأمومة,مقاعد سيارة للأطفال,Joie,Stages,Group 0+/1/2,,,Gray,,5056080605791,,mapped,2026-07-30T00:00:00,2026-07-30T00:00:00
VAR-B252D357E9714D,MOD-30CA46323A3A40,Kidilo 964 360° rotation / ISOFIX | ينمو مع الطفل؛ النطاق غير مذكور في مقتطف المصدر | Dark Grey,الأطفال والأمومة,مقاعد سيارة للأطفال,Kidilo,964,360° rotation / ISOFIX,,,Dark Grey,,,,mapped,2026-07-30T00:00:00,2026-07-30T00:00:00
VAR-E20750784D622D,MOD-E56250FD04CE9C,Maller Maller Baby Car Seat Lightweight baby car seat | Baby Blue/Grey,الأطفال والأمومة,مقاعد سيارة للأطفال,Maller,Maller Baby Car Seat,Lightweight baby car seat,,,Baby Blue/Grey,,,,mapped,2026-07-30T00:00:00,2026-07-30T00:00:00
VAR-223A9F6BCC3BD4,MOD-E2DD39B359D268,Petit Bebe Z8 Baby car seat | Purple,الأطفال والأمومة,مقاعد سيارة للأطفال,Petit Bebe,Z8,Baby car seat,,,Purple,,,,mapped,2026-07-30T00:00:00,2026-07-30T00:00:00
VAR-93DDE603D2CAF1,MOD-9710BF6DAFEDF3,ASUS ROG Ally 512GB | 512GB Storage | Standard | Windows | White,الألعاب الإلكترونية,أجهزة ألعاب محمولة,ASUS,ROG Ally,512GB,,512,White,,,,mapped,2026-07-30T00:00:00,2026-07-30T00:00:00
VAR-52E0587C7E6645,MOD-9624AD41C916DA,Lenovo Legion Go S 512GB | 512GB Storage | Standard | Windows | White,الألعاب الإلكترونية,أجهزة ألعاب محمولة,Lenovo,Legion Go S,512GB,,512,White,,,,mapped,2026-07-30T00:00:00,2026-07-30T00:00:00
VAR-117FC9EFD3C227,MOD-097ED20C84FB81,R36S R36S 128GB | 128GB Storage | Standard | Retro handheld | Purple,الألعاب الإلكترونية,أجهزة ألعاب محمولة,R36S,R36S,128GB,,128,Purple,,,,mapped,2026-07-30T00:00:00,2026-07-30T00:00:00
VAR-E286D1DAED39BD,MOD-E95328491D9FDB,Valve Steam Deck OLED 1TB | 1000GB Storage | SteamOS,الألعاب الإلكترونية,أجهزة ألعاب محمولة,Valve,Steam Deck OLED,1TB,,1000,,,,,mapped,2026-07-30T00:00:00,2026-07-30T00:00:00
VAR-8BAB1568742FEF,MOD-E95328491D9FDB,Valve Steam Deck OLED 512GB | 512GB Storage | SteamOS,الألعاب الإلكترونية,أجهزة ألعاب محمولة,Valve,Steam Deck OLED,512GB,,512,,,,,mapped,2026-07-30T00:00:00,2026-07-30T00:00:00
VAR-042EC296EF9889,MOD-13FCB5B32BE928,Microsoft Xbox Series S All-Digital console | Standard | Xbox Series X|S,الألعاب الإلكترونية,أجهزة ألعاب منزلية,Microsoft,Xbox Series S,All-Digital console,,,,,,,mapped,2026-07-30T00:00:00,2026-07-30T00:00:00
VAR-097096C7C078A8,MOD-0073F8C03F4806,Microsoft Xbox Series X Diablo IV Digital Bundle | 1000GB Storage | Diablo IV Bundle | Xbox Series X|S | Black,الألعاب الإلكترونية,أجهزة ألعاب منزلية,Microsoft,Xbox Series X,Diablo IV Digital Bundle,,1000,Black,,,,mapped,2026-07-30T00:00:00,2026-07-30T00:00:00
VAR-AEC3D109E7B11B,MOD-0073F8C03F4806,Microsoft Xbox Series X Digital Edition | 1000GB Storage | Xbox Series X|S | White,الألعاب الإلكترونية,أجهزة ألعاب منزلية,Microsoft,Xbox Series X,Digital Edition,,1000,White,,,,mapped,2026-07-30T00:00:00,2026-07-30T00:00:00
VAR-376C209E7AA028,MOD-0073F8C03F4806,Microsoft Xbox Series X Disc console | 1000GB Storage | Standard | Xbox Series X|S | Black,الألعاب الإلكترونية,أجهزة ألعاب منزلية,Microsoft,Xbox Series X,Disc console,,1000,Black,,,,mapped,2026-07-30T00:00:00,2026-07-30T00:00:00
VAR-EB142A6F852C89,MOD-0073F8C03F4806,Microsoft Xbox Series X Forza Horizon 5 Bundle | 1000GB Storage | Xbox Series X|S | Black,الألعاب الإلكترونية,أجهزة ألعاب منزلية,Microsoft,Xbox Series X,Forza Horizon 5 Bundle,,1000,Black,,,,mapped,2026-07-30T00:00:00,2026-07-30T00:00:00
VAR-CC25D9F31C25A1,MOD-E72A364998FE41,Nintendo Joy-Con Nintendo Switch 64GB Storage / White,الألعاب الإلكترونية,أجهزة ألعاب منزلية,Nintendo,Joy-Con Nintendo Switch,64GB Storage | White,,64,White,,,,mapped,2026-07-30T00:00:00,2026-07-30T00:00:00
VAR-CAA93682764B73,MOD-4FEC90C1569102,Nintendo Nintendo Switch 2 Digital Mario Kart World Bundle | Mario Kart World Digital Bundle,الألعاب الإلكترونية,أجهزة ألعاب منزلية,Nintendo,Nintendo Switch 2,Digital Mario Kart World Bundle,,,,,,,mapped,2026-07-30T00:00:00,2026-07-30T00:00:00
VAR-A1645DE24E22DB,MOD-4FEC90C1569102,Nintendo Nintendo Switch 2 Physical Mario Kart World Bundle | Mario Kart World Physical Bundle,الألعاب الإلكترونية,أجهزة ألعاب منزلية,Nintendo,Nintendo Switch 2,Physical Mario Kart World Bundle,,,,,,,mapped,2026-07-30T00:00:00,2026-07-30T00:00:00
VAR-058D3C214D3495,MOD-4FEC90C1569102,Nintendo Nintendo Switch 2 Standard console,الألعاب الإلكترونية,أجهزة ألعاب منزلية,Nintendo,Nintendo Switch 2,Standard console,,,,,,,mapped,2026-07-30T00:00:00,2026-07-30T00:00:00
VAR-79B8D70C9CB5F4,MOD-0E1339165C544C,Nintendo Nintendo Switch OLED Mario Red Edition | 64GB Storage,الألعاب الإلكترونية,أجهزة ألعاب منزلية,Nintendo,Nintendo Switch OLED,Mario Red Edition,,64,Red,,,,mapped,2026-07-30T00:00:00,2026-07-30T00:00:00
VAR-8E22E1A9BE2219,MOD-0E1339165C544C,Nintendo Nintendo Switch OLED Neon Red/Blue Joy-Con | 64GB Storage,الألعاب الإلكترونية,أجهزة ألعاب منزلية,Nintendo,Nintendo Switch OLED,Neon Red/Blue Joy-Con,,64,Red/Blue,,,,mapped,2026-07-30T00:00:00,2026-07-30T00:00:00
VAR-203E5C68EB30AA,MOD-0E1339165C544C,Nintendo Nintendo Switch OLED The Legend of Zelda Edition | 64GB Storage | Gold/Green,الألعاب الإلكترونية,أجهزة ألعاب منزلية,Nintendo,Nintendo Switch OLED,The Legend of Zelda Edition,,64,Gold/Green,,,,mapped,2026-07-30T00:00:00,2026-07-30T00:00:00
VAR-0405A77B8B7941,MOD-0E1339165C544C,Nintendo Nintendo Switch OLED White Joy-Con | 64GB Storage,الألعاب الإلكترونية,أجهزة ألعاب منزلية,Nintendo,Nintendo Switch OLED,White Joy-Con,,64,White,,,,mapped,2026-07-30T00:00:00,2026-07-30T00:00:00
VAR-D853ECD1A03453,MOD-2BBE2BF01292F7,Nintendo Nintendo Switch V2 Animal Crossing: New Horizons Edition | Animal Crossing V2,الألعاب الإلكترونية,أجهزة ألعاب منزلية,Nintendo,Nintendo Switch V2,Animal Crossing: New Horizons Edition,,,,,,,mapped,2026-07-30T00:00:00,2026-07-30T00:00:00
VAR-F8DCD5E23913B9,MOD-BB16ED1A729218,Nintendo OLED Nintendo Switch Black,الألعاب الإلكترونية,أجهزة ألعاب منزلية,Nintendo,OLED Nintendo Switch,Black,,,Black,,,,mapped,2026-07-30T00:00:00,2026-07-30T00:00:00
VAR-A46DFAC61612E1,MOD-4CE7A1F9EC1E8F,Sony CFI-2016B01Y 1TB Storage / 1 controller / White,الألعاب الإلكترونية,أجهزة ألعاب منزلية,Sony,CFI-2016B01Y,1TB Storage | 1 controller | White,,1024,White,CFI-2016B01Y,,,mapped,2026-07-30T00:00:00,2026-07-30T00:00:00
VAR-3F6C8C10868C27,MOD-06AFE913DE8AA9,Sony Playstation 5 Digital Edition 1 Terabyte 1TB Storage / 1 controller / White,الألعاب الإلكترونية,أجهزة ألعاب منزلية,Sony,Playstation 5 Digital Edition 1 Terabyte,1TB Storage | 1 controller | White,,1024,White,,,,mapped,2026-07-30T00:00:00,2026-07-30T00:00:00
VAR-CC4B928D5C4DB7,MOD-7307A9A2BB6193,Sony Playstation 5 Disc Slim 1 Terabyte 1TB Storage / 1 controller / White,الألعاب الإلكترونية,أجهزة ألعاب منزلية,Sony,Playstation 5 Disc Slim 1 Terabyte,1TB Storage | 1 controller | White,,1024,White,CFI-2116,,,mapped,2026-07-30T00:00:00,2026-07-30T00:00:00
VAR-0F3C392738CB18,MOD-7307A9A2BB6193,Sony Playstation 5 Disc Slim 1 Terabyte 1TB Storage / 2 controllers / White,الألعاب الإلكترونية,أجهزة ألعاب منزلية,Sony,Playstation 5 Disc Slim 1 Terabyte,1TB Storage | 2 controllers | White,,1024,White,,,,mapped,2026-07-30T00:00:00,2026-07-30T00:00:00
VAR-75C7A8A456E75A,MOD-8DF7CEC01AC48A,Sony PlayStation 5 Pro Digital Edition | 2000GB Storage | White,الألعاب الإلكترونية,أجهزة ألعاب منزلية,Sony,PlayStation 5 Pro,Digital Edition,,2000,White,,,,mapped,2026-07-30T00:00:00,2026-07-30T00:00:00
VAR-88785BBD831B24,MOD-5FE2F9B37B5F55,Sony Playstation 5 Pro 2 Terabyte 2TB Storage / 1 controller / White,الألعاب الإلكترونية,أجهزة ألعاب منزلية,Sony,Playstation 5 Pro 2 Terabyte,2TB Storage | 1 controller | White,,2048,White,,,,mapped,2026-07-30T00:00:00,2026-07-30T00:00:00
VAR-69510380C9F402,MOD-50AC679FCCBD2C,Sony PlayStation 5 Slim Digital Edition | 825GB Storage | Standard | White,الألعاب الإلكترونية,أجهزة ألعاب منزلية,Sony,PlayStation 5 Slim,Digital Edition,,825,White,,,,mapped,2026-07-30T00:00:00,2026-07-30T00:00:00
VAR-A0E0B5BB6A0B22,MOD-50AC679FCCBD2C,Sony PlayStation 5 Slim Disc Edition | 1000GB Storage | Standard | White,الألعاب الإلكترونية,أجهزة ألعاب منزلية,Sony,PlayStation 5 Slim,Disc Edition,,1000,White,,,,mapped,2026-07-30T00:00:00,2026-07-30T00:00:00
VAR-80E9B0211BECFF,MOD-50AC679FCCBD2C,Sony PlayStation 5 Slim Disc Edition / Ghost of Yotei Gold Limited Edition Bundle | 1000GB Storage,الألعاب الإلكترونية,أجهزة ألعاب منزلية,Sony,PlayStation 5 Slim,Disc Edition / Ghost of Yotei Gold Limited Edition Bundle,,1000,Gold,,,,mapped,2026-07-30T00:00:00,2026-07-30T00:00:00
VAR-7644618000E038,MOD-00BA3A16A3955F,Sony Playstation 5 Slim 1 Terabyte 1TB Storage / 1 controller / White,الألعاب الإلكترونية,أجهزة ألعاب منزلية,Sony,Playstation 5 Slim 1 Terabyte,1TB Storage | 1 controller | White,,1024,White,,,,mapped,2026-07-30T00:00:00,2026-07-30T00:00:00
VAR-9A191C58CC9AB9,MOD-9259997C5CEA87,Sony Playstation 5 Slim Digital Edition 1 Terabyte 1TB Storage / 1 controller / White,الألعاب الإلكترونية,أجهزة ألعاب منزلية,Sony,Playstation 5 Slim Digital Edition 1 Terabyte,1TB Storage | 1 controller | White,,1024,White,,,,mapped,2026-07-30T00:00:00,2026-07-30T00:00:00
VAR-5BD122F12DEC64,MOD-2A1E0A891E070A,Sony Playstation 5 Slim Digital Edition 825 GB 825GB Storage / 1 controller / White,الألعاب الإلكترونية,أجهزة ألعاب منزلية,Sony,Playstation 5 Slim Digital Edition 825 GB,825GB Storage | 1 controller | White,,825,White,,,,mapped,2026-07-30T00:00:00,2026-07-30T00:00:00
VAR-865AD3130B42C2,MOD-2B09D8C78007D8,Sony Playstation 5 Slim Disc Edition 1 Terabyte 1TB Storage / 1 controller / White,الألعاب الإلكترونية,أجهزة ألعاب منزلية,Sony,Playstation 5 Slim Disc Edition 1 Terabyte,1TB Storage | 1 controller | White,,1024,White,,,,mapped,2026-07-30T00:00:00,2026-07-30T00:00:00
VAR-92BC9053E8D78D,MOD-04C2392E9EBED5,Sony Playstation 5 Standard Edition 1 Terabyte 1TB Storage / 1 controller / White,الألعاب الإلكترونية,أجهزة ألعاب منزلية,Sony,Playstation 5 Standard Edition 1 Terabyte,1TB Storage | 1 controller | White,,1024,White,,,,mapped,2026-07-30T00:00:00,2026-07-30T00:00:00
VAR-B760C4DED1DEBD,MOD-7A6596D3AC00B1,Sony Portal Remote Player Handheld Console Midnight Black,الألعاب الإلكترونية,أجهزة ألعاب منزلية,Sony,Portal Remote Player Handheld Console,Midnight Black,,,Midnight Black,,,,mapped,2026-07-30T00:00:00,2026-07-30T00:00:00
VAR-9CE68D537467CE,MOD-7A6596D3AC00B1,Sony Portal Remote Player Handheld Console White,الألعاب الإلكترونية,أجهزة ألعاب منزلية,Sony,Portal Remote Player Handheld Console,White,,,White,,,,mapped,2026-07-30T00:00:00,2026-07-30T00:00:00
VAR-84166B5C0E42F4,MOD-9315909675C462,Sony Pre-Owned PlayStation 4 Fat 500GB Storage / Black,الألعاب الإلكترونية,أجهزة ألعاب منزلية,Sony,Pre-Owned PlayStation 4 Fat,500GB Storage | Black,,500,Black,,,,mapped,2026-07-30T00:00:00,2026-07-30T00:00:00
VAR-3F56C5AFA7AE39,MOD-B106CF09E64588,Sony Pre-Owned PlayStation 4 Slim 500GB Storage / Black,الألعاب الإلكترونية,أجهزة ألعاب منزلية,Sony,Pre-Owned PlayStation 4 Slim,500GB Storage | Black,,500,Black,,,,mapped,2026-07-30T00:00:00,2026-07-30T00:00:00
VAR-651FB928FBDB71,MOD-7B1454D2AA5143,Sony Pre-Owned Playstation 5 Slim CD Edition 1TB Storage / White,الألعاب الإلكترونية,أجهزة ألعاب منزلية,Sony,Pre-Owned Playstation 5 Slim CD Edition,1TB Storage | White,,1024,White,,,,mapped,2026-07-30T00:00:00,2026-07-30T00:00:00
VAR-9171C53BC7B702,MOD-AC0877560352F5,Microsoft Xbox Elite Wireless Controller Series 2 Black | Xbox Series X|S / PC,الألعاب الإلكترونية,أذرع تحكم وملحقات كونسول,Microsoft,Xbox Elite Wireless Controller Series 2,Black,,,Black,,,,mapped,2026-07-30T00:00:00,2026-07-30T00:00:00
VAR-CED7C123BBF486,MOD-F9AA5247BF1EEB,Microsoft Xbox Wireless Controller Ice Breaker | Special Edition | Xbox Series X|S / PC | Frosted Blue,الألعاب الإلكترونية,أذرع تحكم وملحقات كونسول,Microsoft,Xbox Wireless Controller,Ice Breaker,,,Frosted Blue,,,,mapped,2026-07-30T00:00:00,2026-07-30T00:00:00
VAR-38D9A840D6F925,MOD-F9AA5247BF1EEB,Microsoft Xbox Wireless Controller Nocturnal Vapor | Special Edition | Xbox Series X|S / PC | Green/Black,الألعاب الإلكترونية,أذرع تحكم وملحقات كونسول,Microsoft,Xbox Wireless Controller,Nocturnal Vapor,,,Green/Black,,,,mapped,2026-07-30T00:00:00,2026-07-30T00:00:00
VAR-EC1589871DBB75,MOD-F9AA5247BF1EEB,Microsoft Xbox Wireless Controller Pulse Cipher | Special Edition | Xbox Series X|S / PC | Transparent Red,الألعاب الإلكترونية,أذرع تحكم وملحقات كونسول,Microsoft,Xbox Wireless Controller,Pulse Cipher,,,Transparent Red,,,,mapped,2026-07-30T00:00:00,2026-07-30T00:00:00
VAR-E438A4BEDF9777,MOD-F9AA5247BF1EEB,Microsoft Xbox Wireless Controller Sky Cipher | Special Edition | Xbox Series X|S / PC | Transparent Blue,الألعاب الإلكترونية,أذرع تحكم وملحقات كونسول,Microsoft,Xbox Wireless Controller,Sky Cipher,,,Transparent Blue,,,,mapped,2026-07-30T00:00:00,2026-07-30T00:00:00
VAR-D97DD46A4AD892,MOD-F9AA5247BF1EEB,Microsoft Xbox Wireless Controller White | Standard | Xbox Series X|S / PC,الألعاب الإلكترونية,أذرع تحكم وملحقات كونسول,Microsoft,Xbox Wireless Controller,White,,,White,,,,mapped,2026-07-30T00:00:00,2026-07-30T00:00:00
VAR-51A2AF280A6E3B,MOD-6ED9BFDDE956B8,Sony DualSense Edge Wireless Controller Black / carrying case | PlayStation 5,الألعاب الإلكترونية,أذرع تحكم وملحقات كونسول,Sony,DualSense Edge Wireless Controller,Black / carrying case,,,Black,,,,mapped,2026-07-30T00:00:00,2026-07-30T00:00:00
VAR-F1A6E10F1068F4,MOD-8BDC209D367D5B,Sony DualSense Wireless Controller Chroma Pearl | PlayStation 5,الألعاب الإلكترونية,أذرع تحكم وملحقات كونسول,Sony,DualSense Wireless Controller,Chroma Pearl,,,Chroma Pearl,,,,mapped,2026-07-30T00:00:00,2026-07-30T00:00:00
VAR-6D42CC13C63E24,MOD-8BDC209D367D5B,Sony DualSense Wireless Controller Chroma Teal | PlayStation 5,الألعاب الإلكترونية,أذرع تحكم وملحقات كونسول,Sony,DualSense Wireless Controller,Chroma Teal,,,Chroma Teal,,,,mapped,2026-07-30T00:00:00,2026-07-30T00:00:00
VAR-ADE143638D8BAD,MOD-8BDC209D367D5B,Sony DualSense Wireless Controller Galactic Purple | Standard | PlayStation 5,الألعاب الإلكترونية,أذرع تحكم وملحقات كونسول,Sony,DualSense Wireless Controller,Galactic Purple,,,Galactic Purple,,,,mapped,2026-07-30T00:00:00,2026-07-30T00:00:00
VAR-47D6881CDF3B10,MOD-8BDC209D367D5B,Sony DualSense Wireless Controller God of War 20th Anniversary | PlayStation 5,الألعاب الإلكترونية,أذرع تحكم وملحقات كونسول,Sony,DualSense Wireless Controller,God of War 20th Anniversary,,,,,,,mapped,2026-07-30T00:00:00,2026-07-30T00:00:00
VAR-A9EC8E3DA2B936,MOD-8BDC209D367D5B,Sony DualSense Wireless Controller Starlight Blue | Standard | PlayStation 5,الألعاب الإلكترونية,أذرع تحكم وملحقات كونسول,Sony,DualSense Wireless Controller,Starlight Blue,,,Starlight Blue,,,,mapped,2026-07-30T00:00:00,2026-07-30T00:00:00
VAR-64FA5C0E452E99,MOD-8BDC209D367D5B,Sony DualSense Wireless Controller Techno Red | Standard | PlayStation 5,الألعاب الإلكترونية,أذرع تحكم وملحقات كونسول,Sony,DualSense Wireless Controller,Techno Red,,,Techno Red,,,,mapped,2026-07-30T00:00:00,2026-07-30T00:00:00
VAR-C6F1134BF4BA94,MOD-8BDC209D367D5B,Sony DualSense Wireless Controller Volcanic Red | Standard | PlayStation 5,الألعاب الإلكترونية,أذرع تحكم وملحقات كونسول,Sony,DualSense Wireless Controller,Volcanic Red,,,Volcanic Red,,,,mapped,2026-07-30T00:00:00,2026-07-30T00:00:00
VAR-3B2BAB633BEC00,MOD-40D56DB52EF8C1,EA Sports EA Sports FC 25 Digital/physical not stated in title | Standard Edition | Xbox,الألعاب الإلكترونية,ألعاب فيديو,EA Sports,EA Sports FC 25,Digital/physical not stated in title,,,,,,,mapped,2026-07-30T00:00:00,2026-07-30T00:00:00
VAR-4D2CD7F7BF5623,MOD-7204DC0F09B946,Microsoft Forza Horizon 6 Digital | Standard Edition | Xbox Series X|S / PC,الألعاب الإلكترونية,ألعاب فيديو,Microsoft,Forza Horizon 6,Digital,,,,,,,mapped,2026-07-30T00:00:00,2026-07-30T00:00:00
VAR-EADE00FC10AD5C,MOD-7204DC0F09B946,Microsoft Forza Horizon 6 Digital | Deluxe Edition | Xbox Series X|S / PC,الألعاب الإلكترونية,ألعاب فيديو,Microsoft,Forza Horizon 6,Digital,,,,,,,mapped,2026-07-30T00:00:00,2026-07-30T00:00:00
VAR-70E159BD284EC9,MOD-7204DC0F09B946,Microsoft Forza Horizon 6 Digital | Premium Edition | Xbox Series X|S / PC,الألعاب الإلكترونية,ألعاب فيديو,Microsoft,Forza Horizon 6,Digital,,,,,,,mapped,2026-07-30T00:00:00,2026-07-30T00:00:00
VAR-FF13952FF9CB51,MOD-3A798D3CCC14E3,Sony The Last of Us Part I Digital code | Deluxe Edition | PlayStation 5,الألعاب الإلكترونية,ألعاب فيديو,Sony,The Last of Us Part I,Digital code,,,,,,,mapped,2026-07-30T00:00:00,2026-07-30T00:00:00
VAR-162575F7F9F1E7,MOD-4DCFAF8B49460E,Bandai Namco Tales of Arise: Beyond the Dawn Physical | Beyond the Dawn Edition | Nintendo Switch 2,الألعاب الإلكترونية,ألعاب فيديو على أقراص,Bandai Namco,Tales of Arise: Beyond the Dawn,Physical,,,,,,,mapped,2026-07-30T00:00:00,2026-07-30T00:00:00
VAR-44A640A2110A37,MOD-88B494F5A9A929,Bethesda The Elder Scrolls IV: Oblivion Remastered Physical disc | Deluxe Edition | PlayStation 5,الألعاب الإلكترونية,ألعاب فيديو على أقراص,Bethesda,The Elder Scrolls IV: Oblivion Remastered,Physical disc,,,,,,,mapped,2026-07-30T00:00:00,2026-07-30T00:00:00
VAR-51A74D47720AC2,MOD-19B4A9BCE9CDA3,Capcom Onimusha: Way of the Sword Physical disc | Standard | PlayStation 5,الألعاب الإلكترونية,ألعاب فيديو على أقراص,Capcom,Onimusha: Way of the Sword,Physical disc,,,,,,,mapped,2026-07-30T00:00:00,2026-07-30T00:00:00
VAR-97B6BAF8D01655,MOD-489BF08DA00277,Capcom Resident Evil Requiem Physical disc | Deluxe Edition | PlayStation 5,الألعاب الإلكترونية,ألعاب فيديو على أقراص,Capcom,Resident Evil Requiem,Physical disc,,,,,,,mapped,2026-07-30T00:00:00,2026-07-30T00:00:00
VAR-6E689002DDC1D1,MOD-1366501646FF2D,EA It Takes Two Physical | Standard | Nintendo Switch,الألعاب الإلكترونية,ألعاب فيديو على أقراص,EA,It Takes Two,Physical,,,,,,,mapped,2026-07-30T00:00:00,2026-07-30T00:00:00
VAR-FA96A490B0D951,MOD-34597D10BCC9E3,EA Sports EA Sports FC 26 Arabic and English | Arabic and English Edition | PlayStation 5,الألعاب الإلكترونية,ألعاب فيديو على أقراص,EA Sports,EA Sports FC 26,Arabic and English,,,,,,,mapped,2026-07-30T00:00:00,2026-07-30T00:00:00
VAR-D7B0DF3C9B9FB9,MOD-34597D10BCC9E3,EA Sports EA Sports FC 26 Physical disc | Standard | PlayStation 5,الألعاب الإلكترونية,ألعاب فيديو على أقراص,EA Sports,EA Sports FC 26,Physical disc,,,,,,,mapped,2026-07-30T00:00:00,2026-07-30T00:00:00
VAR-48DF7BBD5483AB,MOD-E7C3C3CC901C9E,Epic Games Alan Wake 2 Physical disc | Deluxe Edition | PlayStation 5,الألعاب الإلكترونية,ألعاب فيديو على أقراص,Epic Games,Alan Wake 2,Physical disc,,,,,,,mapped,2026-07-30T00:00:00,2026-07-30T00:00:00
VAR-D6D5C0AD1F02A6,MOD-3F6D3FF3C83F26,Focus Entertainment Flintlock: The Siege of Dawn Physical disc | Deluxe Edition | PlayStation 5,الألعاب الإلكترونية,ألعاب فيديو على أقراص,Focus Entertainment,Flintlock: The Siege of Dawn,Physical disc,,,,,,,mapped,2026-07-30T00:00:00,2026-07-30T00:00:00
VAR-33188E4A33EBB1,MOD-1E13626C3D5E67,IO Interactive 007 First Light Physical disc | Standard | PlayStation 5,الألعاب الإلكترونية,ألعاب فيديو على أقراص,IO Interactive,007 First Light,Physical disc,,,,,,,mapped,2026-07-30T00:00:00,2026-07-30T00:00:00
VAR-EBE832008B5D37,MOD-7D6AAC5BA42D5A,Mojang Minecraft Dungeons Physical / used listing | Hero Edition | Nintendo Switch,الألعاب الإلكترونية,ألعاب فيديو على أقراص,Mojang,Minecraft Dungeons,Physical / used listing,,,,,,,mapped,2026-07-30T00:00:00,2026-07-30T00:00:00
VAR-C2818F7445836D,MOD-90B569797094F6,Nintendo Astral Chain Physical | Standard | Nintendo Switch,الألعاب الإلكترونية,ألعاب فيديو على أقراص,Nintendo,Astral Chain,Physical,,,,,,,mapped,2026-07-30T00:00:00,2026-07-30T00:00:00
VAR-F78BEC1DD6E447,MOD-346683A1EC839E,Nintendo Kirby and the Forgotten Land Physical | Nintendo Switch 2 Edition + Star-Crossed World,الألعاب الإلكترونية,ألعاب فيديو على أقراص,Nintendo,Kirby and the Forgotten Land,Physical,,,,,,,mapped,2026-07-30T00:00:00,2026-07-30T00:00:00
VAR-2D18117100B378,MOD-BB5A79F9C77EB8,Nintendo Mario Tennis Fever Physical | Standard | Nintendo Switch 2,الألعاب الإلكترونية,ألعاب فيديو على أقراص,Nintendo,Mario Tennis Fever,Physical,,,,,,,mapped,2026-07-30T00:00:00,2026-07-30T00:00:00
VAR-BDC5D2AC7C8F67,MOD-77B7A5CA38FCFF,Nintendo Metroid Prime Remastered Physical | Standard | Nintendo Switch,الألعاب الإلكترونية,ألعاب فيديو على أقراص,Nintendo,Metroid Prime Remastered,Physical,,,,,,,mapped,2026-07-30T00:00:00,2026-07-30T00:00:00
VAR-87F50C3BDECBF0,MOD-02C3FE14C19C0D,Nintendo Pokémon Legends: Z-A Physical | Nintendo Switch 2 Edition,الألعاب الإلكترونية,ألعاب فيديو على أقراص,Nintendo,Pokémon Legends: Z-A,Physical,,,,,,,mapped,2026-07-30T00:00:00,2026-07-30T00:00:00
VAR-23475D593F03C7,MOD-1CA81FBA9706BA,Nintendo Pokémon Pokopia Physical | Standard | Nintendo Switch 2,الألعاب الإلكترونية,ألعاب فيديو على أقراص,Nintendo,Pokémon Pokopia,Physical,,,,,,,mapped,2026-07-30T00:00:00,2026-07-30T00:00:00
VAR-6A5660A4BEA746,MOD-9EED8D69A2BCB5,Rockstar Games Grand Theft Auto V Physical disc | Standard | Xbox Series X,الألعاب الإلكترونية,ألعاب فيديو على أقراص,Rockstar Games,Grand Theft Auto V,Physical disc,,,,,,,mapped,2026-07-30T00:00:00,2026-07-30T00:00:00
VAR-915A7B8D891844,MOD-569D1B831F0A91,Sony Nioh 3 Physical disc | Standard | PlayStation 5,الألعاب الإلكترونية,ألعاب فيديو على أقراص,Sony,Nioh 3,Physical disc,,,,,,,mapped,2026-07-30T00:00:00,2026-07-30T00:00:00
VAR-63A296C949EE2D,MOD-0467A233CB82A4,Supermassive Games Directive 8020 Physical disc | Deluxe Edition | PlayStation 5,الألعاب الإلكترونية,ألعاب فيديو على أقراص,Supermassive Games,Directive 8020,Physical disc,,,,,,,mapped,2026-07-30T00:00:00,2026-07-30T00:00:00
VAR-BAA233998A2A54,MOD-D3DBCC45683437,tinyBuild Hello Neighbor 2 Physical disc | Deluxe Edition | PlayStation 5,الألعاب الإلكترونية,ألعاب فيديو على أقراص,tinyBuild,Hello Neighbor 2,Physical disc,,,,,,,mapped,2026-07-30T00:00:00,2026-07-30T00:00:00
VAR-4BCF462A7B0C21,MOD-A2AAF763C9C492,Ubisoft Assassin's Creed Black Flag Resynced Physical disc | Launch Edition | PlayStation 5,الألعاب الإلكترونية,ألعاب فيديو على أقراص,Ubisoft,Assassin's Creed Black Flag Resynced,Physical disc,,,,,,,mapped,2026-07-30T00:00:00,2026-07-30T00:00:00
VAR-478987525779B3,MOD-528E00EF5A6598,DEXP Storm Pro v2 Black / Red,الألعاب الإلكترونية,سماعات ألعاب,DEXP,Storm Pro v2,Black / Red,,,Black / Red,,,,mapped,2026-07-30T00:00:00,2026-07-30T00:00:00
VAR-E0544E4806D258,MOD-17EAAEE82C5779,JBL Quantum 200 Black / Red,الألعاب الإلكترونية,سماعات ألعاب,JBL,Quantum 200,Black / Red,,,Black / Red,,,,mapped,2026-07-30T00:00:00,2026-07-30T00:00:00
VAR-C679611DE42D48,MOD-09099F024BA4CA,JBL Quantum 300 Wired and Black / Red,الألعاب الإلكترونية,سماعات ألعاب,JBL,Quantum 300 Wired and,Black / Red,,,Black / Red,,,,mapped,2026-07-30T00:00:00,2026-07-30T00:00:00
VAR-243D152DCFA8EE,MOD-105C4120B799F3,JBL Quantum One Black / Red,الألعاب الإلكترونية,سماعات ألعاب,JBL,Quantum One,Black / Red,,,Black / Red,,,,mapped,2026-07-30T00:00:00,2026-07-30T00:00:00
VAR-16DFD4E32A5928,MOD-55D33EE2AE1FB1,Lenovo GXD0T69864 Black / Red,الألعاب الإلكترونية,سماعات ألعاب,Lenovo,GXD0T69864,Black / Red,,,Black / Red,GXD0T69864,,,mapped,2026-07-30T00:00:00,2026-07-30T00:00:00
VAR-3CF8ADD298A070,MOD-B7765C3F73AC64,Lenovo Legion H600 Wired and Wireless Gaming Headset with Microphone Black / Red,الألعاب الإلكترونية,سماعات ألعاب,Lenovo,Legion H600 Wired and Wireless Gaming Headset with Microphone,Black / Red,,,Black / Red,,,,mapped,2026-07-30T00:00:00,2026-07-30T00:00:00
VAR-14B6F20A1FCC78,MOD-B7765C3F73AC64,Lenovo Legion H600 Wired and Wireless Gaming Headset with Microphone White / Grey / Red,الألعاب الإلكترونية,سماعات ألعاب,Lenovo,Legion H600 Wired and Wireless Gaming Headset with Microphone,White / Grey / Red,,,White / Grey / Red,,,,mapped,2026-07-30T00:00:00,2026-07-30T00:00:00
VAR-C5850DDC052E65,MOD-76F9E4ECBACF67,Logitech 981-001050 Black,الألعاب الإلكترونية,سماعات ألعاب,Logitech,981-001050,Black,,,Black,981-001050,,,mapped,2026-07-30T00:00:00,2026-07-30T00:00:00
VAR-B26E55AC395C45,MOD-1E1F2DDC9ECB4C,Logitech G G522 Lightspeed Wireless Gaming Headphones Black,الألعاب الإلكترونية,سماعات ألعاب,Logitech,G G522 Lightspeed Wireless Gaming Headphones,Black,,,Black,,,,mapped,2026-07-30T00:00:00,2026-07-30T00:00:00
VAR-0C564DC7CB64BE,MOD-BE1491FF986B3F,Logitech G321 Lightspeed Wireless Gaming Headphones Black,الألعاب الإلكترونية,سماعات ألعاب,Logitech,G321 Lightspeed Wireless Gaming Headphones,Black,,,Black,,,,mapped,2026-07-30T00:00:00,2026-07-30T00:00:00
VAR-5608DA91EBC08F,MOD-954B0B238207DB,Logitech G335 White Blue / Red,الألعاب الإلكترونية,سماعات ألعاب,Logitech,G335,White Blue / Red,,,White Blue / Red,,,,mapped,2026-07-30T00:00:00,2026-07-30T00:00:00
VAR-5E06C9C8FA2526,MOD-92EB4548D625A1,Logitech G733 Wireless Gaming Headphones with Microphone White,الألعاب الإلكترونية,سماعات ألعاب,Logitech,G733 Wireless Gaming Headphones with Microphone,White,,,White,,,,mapped,2026-07-30T00:00:00,2026-07-30T00:00:00
VAR-885C37ABE6E2E7,MOD-F073BB61962555,Logitech PRO X 2 LightSpeed Wireless Gaming Headphones Black,الألعاب الإلكترونية,سماعات ألعاب,Logitech,PRO X 2 LightSpeed Wireless Gaming Headphones,Black,,,Black,,,,mapped,2026-07-30T00:00:00,2026-07-30T00:00:00
VAR-FD6566DBB3DC4C,MOD-F23914179437FF,Marvo MH01BK Black,الألعاب الإلكترونية,سماعات ألعاب,Marvo,MH01BK,Black,,,Black,MH01BK,,,mapped,2026-07-30T00:00:00,2026-07-30T00:00:00
VAR-118C8B0E1E3CCC,MOD-34A4DB605FEB4B,Onikuma GT806 RGB Tri-Mode Wireless | PC / consoles / mobile (حسب توافق صفحة المنتج) | Black,الألعاب الإلكترونية,سماعات ألعاب,Onikuma,GT806,RGB Tri-Mode Wireless,,,Black,GT806,,,mapped,2026-07-30T00:00:00,2026-07-30T00:00:00
VAR-4505F754416CD4,MOD-F5AD0CC0877F30,OVANN X27 Pro Black / Red,الألعاب الإلكترونية,سماعات ألعاب,OVANN,X27 Pro,Black / Red,,,Black / Red,,,,mapped,2026-07-30T00:00:00,2026-07-30T00:00:00
VAR-FFAA99614DCBE5,MOD-1CB9F1C9320D17,OVANN X7 Black / Red,الألعاب الإلكترونية,سماعات ألعاب,OVANN,X7,Black / Red,,,Black / Red,X7,,,mapped,2026-07-30T00:00:00,2026-07-30T00:00:00
VAR-24891C5CB50BC9,MOD-E4B63BB4DCD77C,Redragon H540 Pro Wired and Wireless Gaming Headset with Microphone Black / Red,الألعاب الإلكترونية,سماعات ألعاب,Redragon,H540 Pro Wired and Wireless Gaming Headset with Microphone,Black / Red,,,Black / Red,,,,mapped,2026-07-30T00:00:00,2026-07-30T00:00:00
VAR-4B0AF624BCD572,MOD-4EAE481CB7983C,Redragon Scream H231 Black / Red,الألعاب الإلكترونية,سماعات ألعاب,Redragon,Scream H231,Black / Red,,,Black / Red,,,,mapped,2026-07-30T00:00:00,2026-07-30T00:00:00
VAR-B3D2054B775F52,MOD-F67E0B5DAB4C6D,Sony MDR-G300 Black White / Red,الألعاب الإلكترونية,سماعات ألعاب,Sony,MDR-G300,Black White / Red,,,Black White / Red,MDR-G300,,,mapped,2026-07-30T00:00:00,2026-07-30T00:00:00
VAR-77ADFB971236E1,MOD-183396F1D87CA3,Spark H107 Black / Red,الألعاب الإلكترونية,سماعات ألعاب,Spark,H107,Black / Red,,,Black / Red,H107,,,mapped,2026-07-30T00:00:00,2026-07-30T00:00:00
VAR-96DAC319116C9E,MOD-1049F92FF48E56,AULA S20 Black,الألعاب الإلكترونية,فأرات ألعاب,AULA,S20,Black,,,Black,,,,mapped,2026-07-30T00:00:00,2026-07-30T00:00:00
VAR-E04F3554079084,MOD-3680DA8BF09BD9,Havit MS814 Black / Red,الألعاب الإلكترونية,فأرات ألعاب,Havit,MS814,Black / Red,,,Black / Red,MS814,,,mapped,2026-07-30T00:00:00,2026-07-30T00:00:00
VAR-03ECE2C7AB9C38,MOD-0E2DF0AC5C4232,Lenovo GX30N77996 Black,الألعاب الإلكترونية,فأرات ألعاب,Lenovo,GX30N77996,Black,,,Black,GX30N77996,,,mapped,2026-07-30T00:00:00,2026-07-30T00:00:00
VAR-7A9D0E8EEE529B,MOD-7A256DD910E3C9,Lenovo GY50R91293 Black,الألعاب الإلكترونية,فأرات ألعاب,Lenovo,GY50R91293,Black,,,Black,GY50R91293,,,mapped,2026-07-30T00:00:00,2026-07-30T00:00:00
VAR-5FBB42BF9BE606,MOD-D059CEB3F120E7,Lenovo GY51M74265 Black / Red,الألعاب الإلكترونية,فأرات ألعاب,Lenovo,GY51M74265,Black / Red,,,Black / Red,GY51M74265,,,mapped,2026-07-30T00:00:00,2026-07-30T00:00:00
VAR-21D2EB992B587F,MOD-D1CCB0FE731DBC,Lenovo GY51P83012 Black / Red,الألعاب الإلكترونية,فأرات ألعاب,Lenovo,GY51P83012,Black / Red,,,Black / Red,GY51P83012,,,mapped,2026-07-30T00:00:00,2026-07-30T00:00:00
VAR-47F3DE05BA59A1,MOD-3E1D934120643C,Lenovo M300S Black,الألعاب الإلكترونية,فأرات ألعاب,Lenovo,M300S,Black,,,Black,M300S,,,mapped,2026-07-30T00:00:00,2026-07-30T00:00:00
VAR-73AF7CF4B548D5,MOD-9AA05161CC4F17,Logitech 910-007208 Black,الألعاب الإلكترونية,فأرات ألعاب,Logitech,910-007208,Black,,,Black,910-007208,,,mapped,2026-07-30T00:00:00,2026-07-30T00:00:00
VAR-34856A67F6E9BB,MOD-B65A17610B7666,Logitech 910-007532 Black,الألعاب الإلكترونية,فأرات ألعاب,Logitech,910-007532,Black,,,Black,910-007532,,,mapped,2026-07-30T00:00:00,2026-07-30T00:00:00
VAR-3F01FF2C4F05C4,MOD-EC04E9C9CCCE36,Logitech 910006631 Black,الألعاب الإلكترونية,فأرات ألعاب,Logitech,910006631,Black,,,Black,910006631,,,mapped,2026-07-30T00:00:00,2026-07-30T00:00:00
VAR-5DC6314F90E4F3,MOD-717CC5EAF2EBC0,Logitech G102 Wired Black / Red,الألعاب الإلكترونية,فأرات ألعاب,Logitech,G102 Wired,Black / Red,,,Black / Red,,,,mapped,2026-07-30T00:00:00,2026-07-30T00:00:00
VAR-29CF25F1214FDD,MOD-717CC5EAF2EBC0,Logitech G102 Wired White / Red,الألعاب الإلكترونية,فأرات ألعاب,Logitech,G102 Wired,White / Red,,,White / Red,,,,mapped,2026-07-30T00:00:00,2026-07-30T00:00:00
VAR-D92C1F237AF5BC,MOD-E806F1942A165F,Logitech G305 Black,الألعاب الإلكترونية,فأرات ألعاب,Logitech,G305,Black,,,Black,G305,,,mapped,2026-07-30T00:00:00,2026-07-30T00:00:00
VAR-140E534735292C,MOD-263EFE300A54A3,Logitech G502 Black,الألعاب الإلكترونية,فأرات ألعاب,Logitech,G502,Black,,,Black,G502,,,mapped,2026-07-30T00:00:00,2026-07-30T00:00:00
VAR-38CEA45D7ADF01,MOD-7E285400AEE3B2,Logitech G502 X Plus Wireless Black,الألعاب الإلكترونية,فأرات ألعاب,Logitech,G502 X Plus Wireless,Black,,,Black,,,,mapped,2026-07-30T00:00:00,2026-07-30T00:00:00
VAR-FE81B4C9DE6439,MOD-7E285400AEE3B2,Logitech G502 X Plus Wireless White,الألعاب الإلكترونية,فأرات ألعاب,Logitech,G502 X Plus Wireless,White,,,White,,,,mapped,2026-07-30T00:00:00,2026-07-30T00:00:00
VAR-AB660EE57868B3,MOD-3FB7E0001FD379,Logitech G502 X Wired White / Grey / Red,الألعاب الإلكترونية,فأرات ألعاب,Logitech,G502 X Wired,White / Grey / Red,,,White / Grey / Red,,,,mapped,2026-07-30T00:00:00,2026-07-30T00:00:00
VAR-F91991AFC289EA,MOD-BFFA771D1454BF,uRage Reaper 100 Black,الألعاب الإلكترونية,فأرات ألعاب,uRage,Reaper 100,Black,,,Black,,,,mapped,2026-07-30T00:00:00,2026-07-30T00:00:00
VAR-6CD58973E59E77,MOD-14C7402598D079,Xiaomi Lite Wired Black / Red,الألعاب الإلكترونية,فأرات ألعاب,Xiaomi,Lite Wired,Black / Red,,,Black / Red,,,,mapped,2026-07-30T00:00:00,2026-07-30T00:00:00
VAR-CC406C7C5F8E4F,MOD-1141569BFAF035,Sony PlayStation VR2 Japanese Version | PlayStation 5 | White/Black,الألعاب الإلكترونية,نظارات واقع افتراضي,Sony,PlayStation VR2,Japanese Version,,,White/Black,,,,mapped,2026-07-30T00:00:00,2026-07-30T00:00:00
VAR-2EEE475E4B2B2D,MOD-BD681EB0327828,Clementoni Marvel Avengers Glitter Puzzle 104 pieces | 6+ سنوات,الألعاب والهوايات,بازل,Clementoni,Marvel Avengers Glitter Puzzle,104 pieces,,,,,,,mapped,2026-07-30T00:00:00,2026-07-30T00:00:00
VAR-8BE555E1798663,MOD-B4D3A351438920,Trefl 10 in 1 Harry Potter Puzzle 43 + 35 + 20 pieces (as titled),الألعاب والهوايات,بازل,Trefl,10 in 1 Harry Potter Puzzle,43 + 35 + 20 pieces (as titled),,,,,,,mapped,2026-07-30T00:00:00,2026-07-30T00:00:00
VAR-CC34EC1444BD00,MOD-9DD45BCFAE76B5,Trefl 4 in 1 Spider-Man Puzzle 70 + 54 + 48 + 35 pieces | 3+ سنوات,الألعاب والهوايات,بازل,Trefl,4 in 1 Spider-Man Puzzle,70 + 54 + 48 + 35 pieces,,,,,,,mapped,2026-07-30T00:00:00,2026-07-30T00:00:00
VAR-85624A38EB3CF0,MOD-87C315A67C74C2,Panini Premium Pack 10 official cards,الألعاب والهوايات,بطاقات مقتنيات,Panini,Premium Pack,10 official cards,,,,,,,mapped,2026-07-30T00:00:00,2026-07-30T00:00:00
VAR-61ECCE62BDEAF5,MOD-C64A5CC8098B7E,Panini Single Pack 4 stickers + 1 trading card,الألعاب والهوايات,بطاقات مقتنيات,Panini,Single Pack,4 stickers + 1 trading card,,,,,,,mapped,2026-07-30T00:00:00,2026-07-30T00:00:00
VAR-FBF202DB3E6349,MOD-68B20A4F3F8ADF,Panini Starter Pack Gameboard + guide + cards,الألعاب والهوايات,بطاقات مقتنيات,Panini,Starter Pack,Gameboard + guide + cards,,,,,,,mapped,2026-07-30T00:00:00,2026-07-30T00:00:00
VAR-E72057F69D4E00,MOD-850B217A87E19C,Nilco Taco 2 Card Game Card game,الألعاب والهوايات,بطاقات وألعاب طاولة,Nilco,Taco 2 Card Game,Card game,,,,,,,mapped,2026-07-30T00:00:00,2026-07-30T00:00:00
VAR-397E05A359BE2F,MOD-FD29194B1A6225,UNO UNO Playing Card Game Classic,الألعاب والهوايات,بطاقات وألعاب طاولة,UNO,UNO Playing Card Game,Classic,,,,,,,mapped,2026-07-30T00:00:00,2026-07-30T00:00:00
VAR-6A61F4A7CF83C9,MOD-CF3367E2C53D7E,Takara Tomy Dran Sword BX-01 Right-spin Attack starter set,الألعاب والهوايات,بلابل قتالية,Takara Tomy,Dran Sword BX-01,Right-spin Attack starter set,,,,BX-01,,,mapped,2026-07-30T00:00:00,2026-07-30T00:00:00
VAR-8DE692759565B7,MOD-3DD3DC3772DC4D,Takara Tomy DranBrave S6 6-60V CX-01,الألعاب والهوايات,بلابل قتالية,Takara Tomy,DranBrave S6 6-60V,CX-01,,,,CX-01,,,mapped,2026-07-30T00:00:00,2026-07-30T00:00:00
VAR-C80A6F77013EB9,MOD-D4B28291273E66,Takara Tomy DranBuster Unique Line starter set,الألعاب والهوايات,بلابل قتالية,Takara Tomy,DranBuster,Unique Line starter set,,,,,,,mapped,2026-07-30T00:00:00,2026-07-30T00:00:00
VAR-B8951E779E6A0C,MOD-2BB6D118DB7A75,Takara Tomy Dranzer Spiral 3-80T Black Version,الألعاب والهوايات,بلابل قتالية,Takara Tomy,Dranzer Spiral 3-80T,Black Version,,,,BX-00,,,mapped,2026-07-30T00:00:00,2026-07-30T00:00:00
VAR-20DB8679DE1AF7,MOD-B7DBEC0BCC6D8F,Takara Tomy Scythe Incendio 4-60T Starter Pack Top and Launcher,الألعاب والهوايات,بلابل قتالية,Takara Tomy,Scythe Incendio 4-60T,Starter Pack Top and Launcher,,,,,,,mapped,2026-07-30T00:00:00,2026-07-30T00:00:00
VAR-E3F68B654DEC46,MOD-50D539E67ED067,Takara Tomy Sword Dran 3-60F Starter Pack Top and Launcher | Arrow Mysterious,الألعاب والهوايات,بلابل قتالية,Takara Tomy,Sword Dran 3-60F,Starter Pack Top and Launcher,,,,,,,mapped,2026-07-30T00:00:00,2026-07-30T00:00:00
VAR-CB9D825B8A2FAE,MOD-FDD4800B565FF8,Takara Tomy Whale Wave BX-36 Random Booster,الألعاب والهوايات,بلابل قتالية,Takara Tomy,Whale Wave BX-36,Random Booster,,,,BX-36,,,mapped,2026-07-30T00:00:00,2026-07-30T00:00:00
VAR-9DFA63728F761B,MOD-40A810C2888E74,Takara Tomy WizardArc R4-55LO CX-02 | Wizard Arc,الألعاب والهوايات,بلابل قتالية,Takara Tomy,WizardArc R4-55LO,CX-02,,,,CX-02,,,mapped,2026-07-30T00:00:00,2026-07-30T00:00:00
VAR-0E76538B90FB29,MOD-E9F9A3FB62350C,Banbo Toys Mohamed Salah No.11 Liverpool style / 8-inch | 8 بوصة,الألعاب والهوايات,مجسمات وشخصيات قابلة للجمع,Banbo Toys,Mohamed Salah No.11,Liverpool style / 8-inch,,,,,,,mapped,2026-07-30T00:00:00,2026-07-30T00:00:00
VAR-F85EC76646D2BA,MOD-3BBB8AA7C78099,Funko 7th Form Inosuke Hashibira Exclusive,الألعاب والهوايات,مجسمات وشخصيات قابلة للجمع,Funko,7th Form Inosuke Hashibira,Exclusive,,,,,,,mapped,2026-07-30T00:00:00,2026-07-30T00:00:00
VAR-5D7BDA7E70EBE7,MOD-5D7BDA7E70EBE7,Funko Eugene,الألعاب والهوايات,مجسمات وشخصيات قابلة للجمع,Funko,Eugene,,,,,,,,mapped,2026-07-30T00:00:00,2026-07-30T00:00:00
VAR-EE4B80D8B8A73B,MOD-EE4B80D8B8A73B,Funko Hange,الألعاب والهوايات,مجسمات وشخصيات قابلة للجمع,Funko,Hange,,,,,,,,mapped,2026-07-30T00:00:00,2026-07-30T00:00:00
VAR-3AEAB36026F857,MOD-B7BD6115A38598,Funko King Bumi Exclusive,الألعاب والهوايات,مجسمات وشخصيات قابلة للجمع,Funko,King Bumi,Exclusive,,,,,,,mapped,2026-07-30T00:00:00,2026-07-30T00:00:00
VAR-A54ECFF05C250F,MOD-A54ECFF05C250F,Funko Lucian,الألعاب والهوايات,مجسمات وشخصيات قابلة للجمع,Funko,Lucian,,,,,,,,mapped,2026-07-30T00:00:00,2026-07-30T00:00:00
VAR-C24B526FEE6983,MOD-C24B526FEE6983,Funko Masked Worker #1226,الألعاب والهوايات,مجسمات وشخصيات قابلة للجمع,Funko,Masked Worker #1226,,,,,,,,mapped,2026-07-30T00:00:00,2026-07-30T00:00:00
VAR-3A8459A77D6081,MOD-3A8459A77D6081,Funko Queen Maeve,الألعاب والهوايات,مجسمات وشخصيات قابلة للجمع,Funko,Queen Maeve,,,,,,,,mapped,2026-07-30T00:00:00,2026-07-30T00:00:00
VAR-F7E95EE63C2CD3,MOD-45C14C3B4AB372,Funko Russell #1479 Disney Pixar Up | 3.55 بوصة,الألعاب والهوايات,مجسمات وشخصيات قابلة للجمع,Funko,Russell #1479,Disney Pixar Up,,,,,,,mapped,2026-07-30T00:00:00,2026-07-30T00:00:00
VAR-E9E5E339B564B2,MOD-E9E5E339B564B2,Funko Soldier Supreme,الألعاب والهوايات,مجسمات وشخصيات قابلة للجمع,Funko,Soldier Supreme,,,,,,,,mapped,2026-07-30T00:00:00,2026-07-30T00:00:00
VAR-51D878D2CCC5AD,MOD-37F94B711171B1,Funko Viego 16cm | 16 سم,الألعاب والهوايات,مجسمات وشخصيات قابلة للجمع,Funko,Viego,16cm,,,,,,,mapped,2026-07-30T00:00:00,2026-07-30T00:00:00
VAR-75AF24A1FFECAE,MOD-9C984C3FD146D9,Hasbro Bruce Banner Avengers: Infinity War / 6-inch | 6 بوصة,الألعاب والهوايات,مجسمات وشخصيات قابلة للجمع,Hasbro,Bruce Banner,Avengers: Infinity War / 6-inch,,,,,,,mapped,2026-07-30T00:00:00,2026-07-30T00:00:00
VAR-F99473E2E7A7DC,MOD-09DA268D137675,Hasbro Jean Grey X-Men '97 / 6-inch | 6 بوصة / 15 سم,الألعاب والهوايات,مجسمات وشخصيات قابلة للجمع,Hasbro,Jean Grey,X-Men '97 / 6-inch,,,,,,,mapped,2026-07-30T00:00:00,2026-07-30T00:00:00
VAR-E2CABE8BC1A9F7,MOD-ACE8779CE55240,Hasbro Spider-Man Captain America: Civil War / 6-inch | 6 بوصة,الألعاب والهوايات,مجسمات وشخصيات قابلة للجمع,Hasbro,Spider-Man,Captain America: Civil War / 6-inch,,,,,,,mapped,2026-07-30T00:00:00,2026-07-30T00:00:00
VAR-2315D8CEF80370,MOD-E0E3CA097619E3,Hasbro Wolverine 6-inch collectible | 6 بوصة,الألعاب والهوايات,مجسمات وشخصيات قابلة للجمع,Hasbro,Wolverine,6-inch collectible,,,,,,,mapped,2026-07-30T00:00:00,2026-07-30T00:00:00
VAR-191BFC7ED402DD,MOD-9AEFCE4F3EC0A7,McFarlane Superman 15cm / trading card and stand | 15 سم / 12+ سنة,الألعاب والهوايات,مجسمات وشخصيات قابلة للجمع,McFarlane,Superman,15cm / trading card and stand,,,,,,,mapped,2026-07-30T00:00:00,2026-07-30T00:00:00
VAR-B6E6C9ADECAE0B,MOD-A3671C26ED1F4C,McFarlane The Riddler Batman Forever,الألعاب والهوايات,مجسمات وشخصيات قابلة للجمع,McFarlane,The Riddler,Batman Forever,,,,,,,mapped,2026-07-30T00:00:00,2026-07-30T00:00:00
VAR-9C1338662CE9DC,MOD-4541B1D1B463F8,LEGO Monkie Kid's Staff Creations 309 pieces / age 5+ | 5+ سنوات,الألعاب والهوايات,مكعبات بناء وألعاب تركيب,LEGO,Monkie Kid's Staff Creations,309 pieces / age 5+,,,,80030,,,mapped,2026-07-30T00:00:00,2026-07-30T00:00:00
VAR-8A900CC3C0111A,MOD-9423D2C3F40C2C,LEGO Ninja Action Toy Building Kit 140 pieces,الألعاب والهوايات,مكعبات بناء وألعاب تركيب,LEGO,Ninja Action Toy Building Kit,140 pieces,,,,71760,,,mapped,2026-07-30T00:00:00,2026-07-30T00:00:00
VAR-E307ACD3C15434,MOD-9525C30AFC6274,LEGO Spider-Man vs. Mysterio's Drone Attack 73 pieces,الألعاب والهوايات,مكعبات بناء وألعاب تركيب,LEGO,Spider-Man vs. Mysterio's Drone Attack,73 pieces,,,,,,,mapped,2026-07-30T00:00:00,2026-07-30T00:00:00
VAR-FDB05AAAEE54E4,MOD-CD6EEC4220055B,LEGO The Coral Reef 92 pieces,الألعاب والهوايات,مكعبات بناء وألعاب تركيب,LEGO,The Coral Reef,92 pieces,,,,21164,,,mapped,2026-07-30T00:00:00,2026-07-30T00:00:00
VAR-8715E6448474AA,MOD-B4039BD838AFD2,LEGO The Mandalorian Gunship 98 pieces,الألعاب والهوايات,مكعبات بناء وألعاب تركيب,LEGO,The Mandalorian Gunship,98 pieces,,,,75321,,,mapped,2026-07-30T00:00:00,2026-07-30T00:00:00
VAR-7979D50C19229C,MOD-2AEC3948DFB2F9,LEGO Zane's Ninja Action Toy Building Kit 95 pieces,الألعاب والهوايات,مكعبات بناء وألعاب تركيب,LEGO,Zane's Ninja Action Toy Building Kit,95 pieces,,,,71761,,,mapped,2026-07-30T00:00:00,2026-07-30T00:00:00
VAR-95F76546183A9A,MOD-466CEE59633C42,Bandai Forbidden Gundam FM | 1/100,الألعاب والهوايات,نماذج تركيب,Bandai,Forbidden Gundam,FM,,,,,,,mapped,2026-07-30T00:00:00,2026-07-30T00:00:00
VAR-0A46AAFE52F4B3,MOD-61C92E3209E316,Bandai Force Impulse Gundam HGCE | 1/144,الألعاب والهوايات,نماذج تركيب,Bandai,Force Impulse Gundam,HGCE,,,,,,,mapped,2026-07-30T00:00:00,2026-07-30T00:00:00
VAR-911083AFDA2CB0,MOD-AB2F1D1FBA1ECD,Bandai Freedom Gundam MGSD,الألعاب والهوايات,نماذج تركيب,Bandai,Freedom Gundam,MGSD,,,,,,,mapped,2026-07-30T00:00:00,2026-07-30T00:00:00
VAR-D1D203052B5004,MOD-583E2309238D27,Bandai G-3 Gundam Ver. 2.0 MG | 1/100,الألعاب والهوايات,نماذج تركيب,Bandai,G-3 Gundam Ver. 2.0,MG,,,,,,,mapped,2026-07-30T00:00:00,2026-07-30T00:00:00
VAR-82BBCFB4FE28A8,MOD-9DB43338793487,Bandai Mazinger Z Infinity Ver. HG model kit | 1/144,الألعاب والهوايات,نماذج تركيب,Bandai,Mazinger Z Infinity Ver.,HG model kit,,,,,,,mapped,2026-07-30T00:00:00,2026-07-30T00:00:00
VAR-97376BEE771371,MOD-8E605D7D2B3A08,Bandai Rising Freedom Gundam SDEX,الألعاب والهوايات,نماذج تركيب,Bandai,Rising Freedom Gundam,SDEX,,,,,,,mapped,2026-07-30T00:00:00,2026-07-30T00:00:00
VAR-4DBF2ACAF2AAFF,MOD-924D49A5791BBA,Bandai RX-93 Nu Gundam HGUC | 1/144,الألعاب والهوايات,نماذج تركيب,Bandai,RX-93 Nu Gundam,HGUC,,,,,,,mapped,2026-07-30T00:00:00,2026-07-30T00:00:00
VAR-6A3716AD511A7C,MOD-1DE5E2162770C1,Bandai The Winged Dragon of Ra Yu-Gi-Oh!,الألعاب والهوايات,نماذج تركيب,Bandai,The Winged Dragon of Ra,Yu-Gi-Oh!,,,,,,,mapped,2026-07-30T00:00:00,2026-07-30T00:00:00
VAR-DDEB5FCCBD3B16,MOD-7739E044F80C42,Bandai Wing Gundam Zero EW Ver.Ka MG / Ver.Ka | 1/100,الألعاب والهوايات,نماذج تركيب,Bandai,Wing Gundam Zero EW Ver.Ka,MG / Ver.Ka,,,,,,,mapped,2026-07-30T00:00:00,2026-07-30T00:00:00
VAR-5D67C5942476FB,MOD-892B78818C7A1F,Tamiya A34 Comet British cruiser tank / age 14+ | 1/35 / 14+ سنة,الألعاب والهوايات,نماذج تركيب,Tamiya,A34 Comet,British cruiser tank / age 14+,,,,,,,mapped,2026-07-30T00:00:00,2026-07-30T00:00:00
VAR-A3F8B0783A894A,MOD-F22752C7429757,Tamiya Churchill Crocodile British flamethrower tank | 1/35,الألعاب والهوايات,نماذج تركيب,Tamiya,Churchill Crocodile,British flamethrower tank,,,,,,,mapped,2026-07-30T00:00:00,2026-07-30T00:00:00
VAR-3589AEC6675F99,MOD-0E649FF6FE45CA,Tamiya GMA T.50 1/24 scale / Sports Car #364,الألعاب والهوايات,نماذج تركيب,Tamiya,GMA T.50,1/24 scale / Sports Car #364,,,,,,,mapped,2026-07-30T00:00:00,2026-07-30T00:00:00
VAR-A0C89BB7B4ABF9,MOD-0F304F6D4F3BA8,Tamiya Lockheed Martin F-35A U.S. stealth fighter | 1/48,الألعاب والهوايات,نماذج تركيب,Tamiya,Lockheed Martin F-35A,U.S. stealth fighter,,,,,,,mapped,2026-07-30T00:00:00,2026-07-30T00:00:00
VAR-8FAF0B8CC7DC75,MOD-A15F23EE1EAADB,Tamiya Lockheed P-38F/G Lightning Fighter aircraft | 1/48,الألعاب والهوايات,نماذج تركيب,Tamiya,Lockheed P-38F/G Lightning,Fighter aircraft,,,,,,,mapped,2026-07-30T00:00:00,2026-07-30T00:00:00
VAR-F882B9292B2CC0,MOD-0105B614774F76,Tamiya M1A1 Abrams U.S. main battle tank / age 14+ | 1/35 / 14+ سنة,الألعاب والهوايات,نماذج تركيب,Tamiya,M1A1 Abrams,U.S. main battle tank / age 14+,,,,,,,mapped,2026-07-30T00:00:00,2026-07-30T00:00:00
VAR-49C31C23BCC6E3,MOD-0CBDA5104ED1BA,Tamiya McLaren Senna 1/24 scale,الألعاب والهوايات,نماذج تركيب,Tamiya,McLaren Senna,1/24 scale,,,,,,,mapped,2026-07-30T00:00:00,2026-07-30T00:00:00
VAR-9945C072CEC6C9,MOD-2D154CD2437CAC,Tamiya Nissan GT-R 1/24 scale,الألعاب والهوايات,نماذج تركيب,Tamiya,Nissan GT-R,1/24 scale,,,,,,,mapped,2026-07-30T00:00:00,2026-07-30T00:00:00
VAR-E3899526E8A8F7,MOD-E6A83255504CCC,Tamiya Nissan Z RZ34 Fairlady Z 1/24 scale,الألعاب والهوايات,نماذج تركيب,Tamiya,Nissan Z RZ34 Fairlady Z,1/24 scale,,,,,,,mapped,2026-07-30T00:00:00,2026-07-30T00:00:00
VAR-72D35FC3F1F5CD,MOD-CDE878DAD15652,Tamiya Porsche 911 GT3 RS (992) 1/24 scale,الألعاب والهوايات,نماذج تركيب,Tamiya,Porsche 911 GT3 RS (992),1/24 scale,,,,,,,mapped,2026-07-30T00:00:00,2026-07-30T00:00:00
VAR-AF853AF79607BD,MOD-DBA7FD54703186,Tamiya Subaru ZC6 BRZ Street Custom 1/24 scale,الألعاب والهوايات,نماذج تركيب,Tamiya,Subaru ZC6 BRZ Street Custom,1/24 scale,,,,,,,mapped,2026-07-30T00:00:00,2026-07-30T00:00:00
VAR-264BCF7F08ACAE,MOD-927820B8991B0E,Tamiya Toyota Gazoo Racing TS050 Hybrid 1/24 scale,الألعاب والهوايات,نماذج تركيب,Tamiya,Toyota Gazoo Racing TS050 Hybrid,1/24 scale,,,,,,,mapped,2026-07-30T00:00:00,2026-07-30T00:00:00
VAR-0A02ED4BDE5E0A,MOD-E0BBC1C43BD977,Farfisa EX3111PLC Silver / White,التلفزيونات والصوتيات والتصوير,أجهزة إنتركم,Farfisa,EX3111PLC,Silver / White,,,Silver / White,EX3111PLC,,,mapped,2026-07-30T00:00:00,2026-07-30T00:00:00
VAR-E9460C741AEEBB,MOD-D7DCDBD15CF3E8,Farfisa KIT-1CK White,التلفزيونات والصوتيات والتصوير,أجهزة إنتركم,Farfisa,KIT-1CK,White,,,White,KIT-1CK,,,mapped,2026-07-30T00:00:00,2026-07-30T00:00:00
VAR-9A549CE4F22ACF,MOD-E4FA81EAC932DE,Farfisa KIT-1CKD White / Gray,التلفزيونات والصوتيات والتصوير,أجهزة إنتركم,Farfisa,KIT-1CKD,White / Gray,,,White / Gray,KIT-1CKD,,,mapped,2026-07-30T00:00:00,2026-07-30T00:00:00
VAR-234D73DAC056D6,MOD-714356F07D63A3,Farfisa KIT-1CKS Silver / White,التلفزيونات والصوتيات والتصوير,أجهزة إنتركم,Farfisa,KIT-1CKS,Silver / White,,,Silver / White,KIT-1CKS,,,mapped,2026-07-30T00:00:00,2026-07-30T00:00:00
VAR-A1FE5CE23D86E0,MOD-17CE567F42E21C,Farfisa KIT-2CKD White / Gray,التلفزيونات والصوتيات والتصوير,أجهزة إنتركم,Farfisa,KIT-2CKD,White / Gray,,,White / Gray,KIT-2CKD,,,mapped,2026-07-30T00:00:00,2026-07-30T00:00:00
VAR-D978077FE7ABE6,MOD-013A667E86C746,Farfisa PL12G Silver,التلفزيونات والصوتيات والتصوير,أجهزة إنتركم,Farfisa,PL12G,Silver,,,Silver,PL12G,,,mapped,2026-07-30T00:00:00,2026-07-30T00:00:00
VAR-BE61EB7E249475,MOD-0BFF7B7C614484,Farfisa PT 510 EW White,التلفزيونات والصوتيات والتصوير,أجهزة إنتركم,Farfisa,PT 510 EW,White,,,White,PT 510 EW,,,mapped,2026-07-30T00:00:00,2026-07-30T00:00:00
VAR-1CF093417A7E0A,MOD-65A77DA1A85607,Farfisa PT 526 EW White,التلفزيونات والصوتيات والتصوير,أجهزة إنتركم,Farfisa,PT 526 EW,White,,,White,PT 526 EW,,,mapped,2026-07-30T00:00:00,2026-07-30T00:00:00
VAR-99D98A6A218599,MOD-DE507C937A4F41,Farfisa SE4252 White,التلفزيونات والصوتيات والتصوير,أجهزة إنتركم,Farfisa,SE4252,White,,,White,SE4252,,,mapped,2026-07-30T00:00:00,2026-07-30T00:00:00
VAR-CF5BC59C8C35D2,MOD-1C4A59F41D233B,Farfisa SE4252ABW Silver / White,التلفزيونات والصوتيات والتصوير,أجهزة إنتركم,Farfisa,SE4252ABW,Silver / White,,,Silver / White,SE4252ABW,,,mapped,2026-07-30T00:00:00,2026-07-30T00:00:00
VAR-EBCAEECCA19055,MOD-9654EB59A3031F,Hawell HW-VD06 Black Silver,التلفزيونات والصوتيات والتصوير,أجهزة إنتركم,Hawell,HW-VD06,Black Silver,,,Black Silver,HW-VD06,,,mapped,2026-07-30T00:00:00,2026-07-30T00:00:00
VAR-435F6ABFE8E620,MOD-002B5E52E8DDA5,Hikvision DS-KH6320-TE1 Black,التلفزيونات والصوتيات والتصوير,أجهزة إنتركم,Hikvision,DS-KH6320-TE1,Black,,,Black,DS-KH6320-TE1,,,mapped,2026-07-30T00:00:00,2026-07-30T00:00:00
VAR-A0CC61897F1D36,MOD-9CB47ED9406CD9,Hikvision DS-KIS603-P Grey,التلفزيونات والصوتيات والتصوير,أجهزة إنتركم,Hikvision,DS-KIS603-P,Grey,,,Grey,DS-KIS603-P,,,mapped,2026-07-30T00:00:00,2026-07-30T00:00:00
VAR-9B5896C68618F2,MOD-CAB5DFC405AFCD,RL RL-3207A White / Grey,التلفزيونات والصوتيات والتصوير,أجهزة إنتركم,RL,RL-3207A,White / Grey,,,White / Grey,RL-3207A,,,mapped,2026-07-30T00:00:00,2026-07-30T00:00:00
VAR-27B6309C0006DA,MOD-4AE1E5227A2BFE,AnyCast M9 PLUS Wireless Dongle Receiver Black,التلفزيونات والصوتيات والتصوير,أجهزة بث تلفزيوني,AnyCast,M9 PLUS Wireless Dongle Receiver,Black,,,Black,,,,mapped,2026-07-30T00:00:00,2026-07-30T00:00:00
VAR-28D4C5762C04AA,MOD-8CE7497DD63B1E,Apple TV Streamer Black,التلفزيونات والصوتيات والتصوير,أجهزة بث تلفزيوني,Apple,TV Streamer,Black,,,Black,,,,mapped,2026-07-30T00:00:00,2026-07-30T00:00:00
VAR-2B5249E39AAC9C,MOD-76194D953A592B,Google Chromecast White,التلفزيونات والصوتيات والتصوير,أجهزة بث تلفزيوني,Google,Chromecast,White,,,White,,,,mapped,2026-07-30T00:00:00,2026-07-30T00:00:00
VAR-0502D6DB046106,MOD-A53D7BFC400D94,Prifix KU-band 70cm Grey,التلفزيونات والصوتيات والتصوير,أجهزة بث تلفزيوني,Prifix,KU-band 70cm,Grey,,,Grey,KU-band 70cm,,,mapped,2026-07-30T00:00:00,2026-07-30T00:00:00
VAR-5056CFBC6FA427,MOD-C2D3A0BD23109B,X96 X96 Mini Black,التلفزيونات والصوتيات والتصوير,أجهزة بث تلفزيوني,X96,X96 Mini,Black,,,Black,,,,mapped,2026-07-30T00:00:00,2026-07-30T00:00:00
VAR-BBC0E765C7A80C,MOD-54388824C94E9F,Xiaomi Mi Box S 2nd Gen 8GB / 2GB RAM | 8GB Storage | Black,التلفزيونات والصوتيات والتصوير,أجهزة بث تلفزيوني,Xiaomi,Mi Box S 2nd Gen,8GB / 2GB RAM,,8,Black,,,,mapped,2026-07-30T00:00:00,2026-07-30T00:00:00
VAR-C3D418139EB151,MOD-31FD383AD13A7C,Xiaomi Mi Box S 2nd Gen Black,التلفزيونات والصوتيات والتصوير,أجهزة بث تلفزيوني,Xiaomi,Mi Box S 2nd Gen,Black,,,Black,,,,mapped,2026-07-30T00:00:00,2026-07-30T00:00:00
VAR-E76910465D7131,MOD-E311EFB9D8E9AC,Xiaomi PFJ4191EU Black,التلفزيونات والصوتيات والتصوير,أجهزة بث تلفزيوني,Xiaomi,PFJ4191EU,Black,,,Black,PFJ4191EU,,,mapped,2026-07-30T00:00:00,2026-07-30T00:00:00
VAR-99A50C0275A43A,MOD-A5A6C95EDE5044,Xiaomi S 3rd Gen 32GB / 2GB RAM | 32GB Storage | Black,التلفزيونات والصوتيات والتصوير,أجهزة بث تلفزيوني,Xiaomi,S 3rd Gen,32GB / 2GB RAM,,32,Black,PFJ4191EU,,,mapped,2026-07-30T00:00:00,2026-07-30T00:00:00
VAR-7D07A6AAF539F8,MOD-C58DF422C22C20,Xiaomi TV Stick Black,التلفزيونات والصوتيات والتصوير,أجهزة بث تلفزيوني,Xiaomi,TV Stick,Black,,,Black,,,,mapped,2026-07-30T00:00:00,2026-07-30T00:00:00
VAR-46906BCCC8BC5D,MOD-4BAC771426C8FA,Xiaomi TV Stick 4K 4K / 8GB | 8GB Storage | Black,التلفزيونات والصوتيات والتصوير,أجهزة بث تلفزيوني,Xiaomi,TV Stick 4K,4K / 8GB,,8,Black,,,,mapped,2026-07-30T00:00:00,2026-07-30T00:00:00
VAR-95BB1FA2BD3A33,MOD-D720129E9F234A,BenQ EX605 DLP Projector White,التلفزيونات والصوتيات والتصوير,بروجكتورات منزلية,BenQ,EX605 DLP Projector,White,,,White,,,,mapped,2026-07-30T00:00:00,2026-07-30T00:00:00
VAR-741C72BBAFEA36,MOD-8EB2360F8A97A7,BenQ LH650 Laser Projector White,التلفزيونات والصوتيات والتصوير,بروجكتورات منزلية,BenQ,LH650 Laser Projector,White,,,White,,,,mapped,2026-07-30T00:00:00,2026-07-30T00:00:00
VAR-42139B6CEB173B,MOD-FE00E1AC094C19,BenQ MX550 DLP Projector White,التلفزيونات والصوتيات والتصوير,بروجكتورات منزلية,BenQ,MX550 DLP Projector,White,,,White,,,,mapped,2026-07-30T00:00:00,2026-07-30T00:00:00
VAR-3374FB62073091,MOD-61238F11041161,BenQ MX560C White,التلفزيونات والصوتيات والتصوير,بروجكتورات منزلية,BenQ,MX560C,White,,,White,MX560C,,,mapped,2026-07-30T00:00:00,2026-07-30T00:00:00
VAR-0914064D549A1E,MOD-E4A2F94A93BB1C,BenQ TK700STi DLP Projector White Black,التلفزيونات والصوتيات والتصوير,بروجكتورات منزلية,BenQ,TK700STi DLP Projector,White Black,,,White Black,,,,mapped,2026-07-30T00:00:00,2026-07-30T00:00:00
VAR-422096C8EC4C14,MOD-7C6BD5BF5D2041,BenQ W4100i LED Projector Black,التلفزيونات والصوتيات والتصوير,بروجكتورات منزلية,BenQ,W4100i LED Projector,Black,,,Black,,,,mapped,2026-07-30T00:00:00,2026-07-30T00:00:00
VAR-C416A2083CDC8E,MOD-4EE7279E6610F4,Blisbond TS-7 4K / 3000 lumens | White,التلفزيونات والصوتيات والتصوير,بروجكتورات منزلية,Blisbond,TS-7,4K / 3000 lumens,,,White,TS-7,,,mapped,2026-07-30T00:00:00,2026-07-30T00:00:00
VAR-D4E25C579AEA83,MOD-77A1019B98F3D7,Epson EB-W51 LCD Projector White Black,التلفزيونات والصوتيات والتصوير,بروجكتورات منزلية,Epson,EB-W51 LCD Projector,White Black,,,White Black,,,,mapped,2026-07-30T00:00:00,2026-07-30T00:00:00
VAR-AC09BA2D6DE9ED,MOD-799DB65447B76F,HTP LED86+ White,التلفزيونات والصوتيات والتصوير,بروجكتورات منزلية,HTP,LED86+,White,,,White,LED86+,,,mapped,2026-07-30T00:00:00,2026-07-30T00:00:00
VAR-9C0D841FDAECCC,MOD-E8C11ACFF18662,Joshberg HY320 Black,التلفزيونات والصوتيات والتصوير,بروجكتورات منزلية,Joshberg,HY320,Black,,,Black,HY320,,,mapped,2026-07-30T00:00:00,2026-07-30T00:00:00
VAR-7BBAC07AEC53F6,MOD-256E26CAA4121F,Panasonic PT-LB306 White,التلفزيونات والصوتيات والتصوير,بروجكتورات منزلية,Panasonic,PT-LB306,White,,,White,PT-LB306,,,mapped,2026-07-30T00:00:00,2026-07-30T00:00:00
VAR-551C47CB95E04E,MOD-D7FDDEEA7D762B,Panasonic PT-LB426 White,التلفزيونات والصوتيات والتصوير,بروجكتورات منزلية,Panasonic,PT-LB426,White,,,White,PT-LB426,,,mapped,2026-07-30T00:00:00,2026-07-30T00:00:00
VAR-973BA2237C979B,MOD-90F190219CEE9A,Thunrlge X1BQ White,التلفزيونات والصوتيات والتصوير,بروجكتورات منزلية,Thunrlge,X1BQ,White,,,White,X1BQ,,,mapped,2026-07-30T00:00:00,2026-07-30T00:00:00
VAR-89683BB269B33A,MOD-65040D122E2F2F,"ATA ATA32HON 32""",التلفزيونات والصوتيات والتصوير,تلفزيونات,ATA,ATA32HON,"32""",,,,ATA32HON,,,mapped,2026-07-30T00:00:00,2026-07-30T00:00:00
VAR-902980B334113D,MOD-039177A56D86FF,"Fresh 40MF423C 40""",التلفزيونات والصوتيات والتصوير,تلفزيونات,Fresh,40MF423C,"40""",,,,40MF423C,,,mapped,2026-07-30T00:00:00,2026-07-30T00:00:00
VAR-5D8610F3B3A064,MOD-40C36247CC9D9E,"Fresh 50MFQ435G-21882 50"" / 5G",التلفزيونات والصوتيات والتصوير,تلفزيونات,Fresh,50MFQ435G-21882,"50"" | 5G",,,,50MFQ435G-21882,,,mapped,2026-07-30T00:00:00,2026-07-30T00:00:00
VAR-9928B209BFE996,MOD-350867889C39AE,Haier H55K80EU 55 بوصة / 4K UHD LED,التلفزيونات والصوتيات والتصوير,تلفزيونات,Haier,H55K80EU,55 بوصة / 4K UHD LED,,,,H55K80EU,,,mapped,2026-07-30T00:00:00,2026-07-30T00:00:00
VAR-E606AD7E78997D,MOD-7B77F008F66593,Hisense 32A4K 32 بوصة / FHD DLED,التلفزيونات والصوتيات والتصوير,تلفزيونات,Hisense,32A4K,32 بوصة / FHD DLED,,,,32A4K,,,mapped,2026-07-30T00:00:00,2026-07-30T00:00:00
VAR-C597C245A930E9,MOD-B474D218C63269,"Hisense 32A4K 32""",التلفزيونات والصوتيات والتصوير,تلفزيونات,Hisense,32A4K,"32""",,,,32A4K,,,mapped,2026-07-30T00:00:00,2026-07-30T00:00:00
VAR-61C35BDCA11FCB,MOD-FC9559729391C7,"Hisense 43A4Q 43""",التلفزيونات والصوتيات والتصوير,تلفزيونات,Hisense,43A4Q,"43""",,,,43A4Q,,,mapped,2026-07-30T00:00:00,2026-07-30T00:00:00
VAR-A01AA38A39D997,MOD-8D56AB2EB5EC59,"Hisense 50 Inch Smart TV 50"" / Black / Blue",التلفزيونات والصوتيات والتصوير,تلفزيونات,Hisense,50 Inch Smart TV,"50"" | Black / Blue",,,Black / Blue,,,,mapped,2026-07-30T00:00:00,2026-07-30T00:00:00
VAR-5C6D637C098FEC,MOD-80166A96682EFA,"Hisense 50A6N 50""",التلفزيونات والصوتيات والتصوير,تلفزيونات,Hisense,50A6N,"50""",,,,50A6N,,,mapped,2026-07-30T00:00:00,2026-07-30T00:00:00
VAR-A97FB74B788368,MOD-60B83F3E80A0E2,Hisense 55A6N 55 بوصة / 4K UHD LED,التلفزيونات والصوتيات والتصوير,تلفزيونات,Hisense,55A6N,55 بوصة / 4K UHD LED,,,,55A6N,,,mapped,2026-07-30T00:00:00,2026-07-30T00:00:00
VAR-B4CDD759136E73,MOD-225774AAFCC3B5,"Hisense 55A6N 55""",التلفزيونات والصوتيات والتصوير,تلفزيونات,Hisense,55A6N,"55""",,,,55A6N,,,mapped,2026-07-30T00:00:00,2026-07-30T00:00:00
VAR-4358133EA1B492,MOD-9B31375330A18F,Hisense 55A7EG2 55 بوصة / 4K UHD QLED,التلفزيونات والصوتيات والتصوير,تلفزيونات,Hisense,55A7EG2,55 بوصة / 4K UHD QLED,,,,55A7EG2,,,mapped,2026-07-30T00:00:00,2026-07-30T00:00:00
VAR-41E0DCE26F51D7,MOD-659C57801F515A,"Hisense 55A7EG2 55""",التلفزيونات والصوتيات والتصوير,تلفزيونات,Hisense,55A7EG2,"55""",,,,55A7EG2,,,mapped,2026-07-30T00:00:00,2026-07-30T00:00:00
VAR-034E875834E234,MOD-6C61A14F5EA7AA,"Hisense 55Q6N 55""",التلفزيونات والصوتيات والتصوير,تلفزيونات,Hisense,55Q6N,"55""",,,,55Q6N,,,mapped,2026-07-30T00:00:00,2026-07-30T00:00:00
VAR-481E6E8C2D6812,MOD-E412C61FED6E95,Hisense 55Q7N 55 بوصة / 4K UHD QLED,التلفزيونات والصوتيات والتصوير,تلفزيونات,Hisense,55Q7N,55 بوصة / 4K UHD QLED,,,,55Q7N,,,mapped,2026-07-30T00:00:00,2026-07-30T00:00:00
VAR-298965A8E37017,MOD-BAC47989EDFB39,Hisense 58A6N 58 بوصة / 4K UHD DLED,التلفزيونات والصوتيات والتصوير,تلفزيونات,Hisense,58A6N,58 بوصة / 4K UHD DLED,,,,58A6N,,,mapped,2026-07-30T00:00:00,2026-07-30T00:00:00
VAR-0B7D394F511F3E,MOD-C958AF678B9211,"Hisense 58A6N 58""",التلفزيونات والصوتيات والتصوير,تلفزيونات,Hisense,58A6N,"58""",,,,58A6N,,,mapped,2026-07-30T00:00:00,2026-07-30T00:00:00
VAR-BA3E34920055EA,MOD-325256DC73BC52,"Hisense 65A6N 65""",التلفزيونات والصوتيات والتصوير,تلفزيونات,Hisense,65A6N,"65""",,,,65A6N,,,mapped,2026-07-30T00:00:00,2026-07-30T00:00:00
VAR-C00BFA25CA0A2F,MOD-9DC5634229E888,"Hisense 65Q6N 65""",التلفزيونات والصوتيات والتصوير,تلفزيونات,Hisense,65Q6N,"65""",,,,65Q6N,,,mapped,2026-07-30T00:00:00,2026-07-30T00:00:00
VAR-F54F48C6E79124,MOD-3F79287029D859,"Hisense 65Q7N 65""",التلفزيونات والصوتيات والتصوير,تلفزيونات,Hisense,65Q7N,"65""",,,,65Q7N,,,mapped,2026-07-30T00:00:00,2026-07-30T00:00:00
VAR-B6E7677DEEA0E8,MOD-1080ED2A0DD8F7,Hisense 75A6N 75 بوصة / 4K UHD LED,التلفزيونات والصوتيات والتصوير,تلفزيونات,Hisense,75A6N,75 بوصة / 4K UHD LED,,,,75A6N,,,mapped,2026-07-30T00:00:00,2026-07-30T00:00:00
VAR-AF49459D5D7178,MOD-4BC76F1F3A55DF,"Hisense 75A6N 75""",التلفزيونات والصوتيات والتصوير,تلفزيونات,Hisense,75A6N,"75""",,,,75A6N,,,mapped,2026-07-30T00:00:00,2026-07-30T00:00:00
VAR-0F61AFD45FE415,MOD-FCF0FF9F20CDCB,"Hisense 75Q7N 75""",التلفزيونات والصوتيات والتصوير,تلفزيونات,Hisense,75Q7N,"75""",,,,75Q7N,,,mapped,2026-07-30T00:00:00,2026-07-30T00:00:00
VAR-D1D256F3EB7826,MOD-BD5EADEC59766F,Hisense 85A6N 85 بوصة / 4K UHD LED,التلفزيونات والصوتيات والتصوير,تلفزيونات,Hisense,85A6N,85 بوصة / 4K UHD LED,,,,85A6N,,,mapped,2026-07-30T00:00:00,2026-07-30T00:00:00
VAR-040C5F6FA29FF5,MOD-F8F0C5E04BA173,"Hisense 85A6N 85""",التلفزيونات والصوتيات والتصوير,تلفزيونات,Hisense,85A6N,"85""",,,,85A6N,,,mapped,2026-07-30T00:00:00,2026-07-30T00:00:00
VAR-FF2872F796A72B,MOD-3CBDEFDBDE294C,"Hisense A4K 43""",التلفزيونات والصوتيات والتصوير,تلفزيونات,Hisense,A4K,"43""",,,,A4K,,,mapped,2026-07-30T00:00:00,2026-07-30T00:00:00
VAR-B489CD22AFAF91,MOD-154225E4A24BF9,"LG 43 Inch Smart TV 43""",التلفزيونات والصوتيات والتصوير,تلفزيونات,LG,43 Inch Smart TV,"43""",,,,,,,mapped,2026-07-30T00:00:00,2026-07-30T00:00:00
VAR-50A7637125F87E,MOD-DF6CA98832C8A3,LG 50NU840B6LA 50 بوصة / 4K UHD NanoCell,التلفزيونات والصوتيات والتصوير,تلفزيونات,LG,50NU840B6LA,50 بوصة / 4K UHD NanoCell,,,,50NU840B6LA,,,mapped,2026-07-30T00:00:00,2026-07-30T00:00:00
VAR-26E5F0BADA264D,MOD-91D4F7D0F9E38B,"LG 50NU840B6LA 50""",التلفزيونات والصوتيات والتصوير,تلفزيونات,LG,50NU840B6LA,"50""",,,,50NU840B6LA,,,mapped,2026-07-30T00:00:00,2026-07-30T00:00:00
VAR-89F5D55AE694AF,MOD-B3091B632AD66D,LG 50NU850B6LA 50 بوصة / 4K UHD LED,التلفزيونات والصوتيات والتصوير,تلفزيونات,LG,50NU850B6LA,50 بوصة / 4K UHD LED,,,,50NU850B6LA,,,mapped,2026-07-30T00:00:00,2026-07-30T00:00:00
VAR-5BF58EF9DDDA6C,MOD-186C81BF53C9E2,"LG 50NU850B6LA 50""",التلفزيونات والصوتيات والتصوير,تلفزيونات,LG,50NU850B6LA,"50""",,,,50NU850B6LA,,,mapped,2026-07-30T00:00:00,2026-07-30T00:00:00
VAR-82F09DAABDB317,MOD-7543C29C68F473,"LG 55 Inch Smart TV 55""",التلفزيونات والصوتيات والتصوير,تلفزيونات,LG,55 Inch Smart TV,"55""",,,,,,,mapped,2026-07-30T00:00:00,2026-07-30T00:00:00
VAR-09DBB6A26B8A0D,MOD-D47715AF02A37D,LG 55NANO80A6A 55 بوصة / 4K UHD NanoCell,التلفزيونات والصوتيات والتصوير,تلفزيونات,LG,55NANO80A6A,55 بوصة / 4K UHD NanoCell,,,,55NANO80A6A,,,mapped,2026-07-30T00:00:00,2026-07-30T00:00:00
VAR-3F31E74AE404EA,MOD-8ADEE0A7EAD073,"LG 55NANO80A6A 55""",التلفزيونات والصوتيات والتصوير,تلفزيونات,LG,55NANO80A6A,"55""",,,,55NANO80A6A,,,mapped,2026-07-30T00:00:00,2026-07-30T00:00:00
VAR-BB0F6649D74384,MOD-CD8028DB68C733,LG 55NU850B6LA 55 بوصة / 4K UHD LED,التلفزيونات والصوتيات والتصوير,تلفزيونات,LG,55NU850B6LA,55 بوصة / 4K UHD LED,,,,55NU850B6LA,,,mapped,2026-07-30T00:00:00,2026-07-30T00:00:00
VAR-C688DFCEBC5295,MOD-35E2BC2A5095F0,"LG 55NU850B6LA 55""",التلفزيونات والصوتيات والتصوير,تلفزيونات,LG,55NU850B6LA,"55""",,,,55NU850B6LA,,,mapped,2026-07-30T00:00:00,2026-07-30T00:00:00
VAR-F8798498AA68CB,MOD-38F2A18A5F7566,LG 55QNED70A6A 55 بوصة / 4K UHD QNED,التلفزيونات والصوتيات والتصوير,تلفزيونات,LG,55QNED70A6A,55 بوصة / 4K UHD QNED,,,,55QNED70A6A,,,mapped,2026-07-30T00:00:00,2026-07-30T00:00:00
VAR-8EF89311173138,MOD-C620313999C4EA,"LG 55QNED70A6A 55""",التلفزيونات والصوتيات والتصوير,تلفزيونات,LG,55QNED70A6A,"55""",,,,55QNED70A6A,,,mapped,2026-07-30T00:00:00,2026-07-30T00:00:00
VAR-A2F59BABA07DC3,MOD-C216E839E483C8,LG 55QNED72B6T 55 بوصة / 4K UHD QNED Mini LED,التلفزيونات والصوتيات والتصوير,تلفزيونات,LG,55QNED72B6T,55 بوصة / 4K UHD QNED Mini LED,,,,55QNED72B6T,,,mapped,2026-07-30T00:00:00,2026-07-30T00:00:00
VAR-5B2C18158D0EE1,MOD-EEEE9F4D5A58B9,"LG 55QNED72B6T 55""",التلفزيونات والصوتيات والتصوير,تلفزيونات,LG,55QNED72B6T,"55""",,,,55QNED72B6T,,,mapped,2026-07-30T00:00:00,2026-07-30T00:00:00
VAR-75C0E2DA9F2B23,MOD-43C537A3D890C4,LG 55QNED80T6B 55 بوصة / 4K UHD QNED,التلفزيونات والصوتيات والتصوير,تلفزيونات,LG,55QNED80T6B,55 بوصة / 4K UHD QNED,,,,55QNED80T6B,,,mapped,2026-07-30T00:00:00,2026-07-30T00:00:00
VAR-4C3D4EE3343D85,MOD-B319F0097B1028,LG 55UA85006LA 55 بوصة / 4K UHD LED,التلفزيونات والصوتيات والتصوير,تلفزيونات,LG,55UA85006LA,55 بوصة / 4K UHD LED,,,,55UA85006LA,,,mapped,2026-07-30T00:00:00,2026-07-30T00:00:00
VAR-D707D9B5F365BB,MOD-EE0098AC41AEB0,"LG 55UA85006LA 55""",التلفزيونات والصوتيات والتصوير,تلفزيونات,LG,55UA85006LA,"55""",,,,55UA85006LA,,,mapped,2026-07-30T00:00:00,2026-07-30T00:00:00
VAR-3D4F01626DD3EE,MOD-C569E4218098E3,LG 55UR78006LL 55 بوصة / 4K UHD LED,التلفزيونات والصوتيات والتصوير,تلفزيونات,LG,55UR78006LL,55 بوصة / 4K UHD LED,,,,55UR78006LL,,,mapped,2026-07-30T00:00:00,2026-07-30T00:00:00
VAR-B668BF682707F4,MOD-6868FCDD6E4BAE,LG 65NANO80A6A 65 بوصة / 4K UHD NanoCell,التلفزيونات والصوتيات والتصوير,تلفزيونات,LG,65NANO80A6A,65 بوصة / 4K UHD NanoCell,,,,65NANO80A6A,,,mapped,2026-07-30T00:00:00,2026-07-30T00:00:00
VAR-259CBFEFA6ABFC,MOD-DED4A233BE47D3,"LG 65NANO80A6A 65""",التلفزيونات والصوتيات والتصوير,تلفزيونات,LG,65NANO80A6A,"65""",,,,65NANO80A6A,,,mapped,2026-07-30T00:00:00,2026-07-30T00:00:00
VAR-11AFE99A1AD026,MOD-88B744875091BE,LG 65NU840B6LA 65 بوصة / 4K UHD NanoCell,التلفزيونات والصوتيات والتصوير,تلفزيونات,LG,65NU840B6LA,65 بوصة / 4K UHD NanoCell,,,,65NU840B6LA,,,mapped,2026-07-30T00:00:00,2026-07-30T00:00:00
VAR-6809A68ECF639D,MOD-B4BEADF5564EA7,"LG 65NU840B6LA 65""",التلفزيونات والصوتيات والتصوير,تلفزيونات,LG,65NU840B6LA,"65""",,,,65NU840B6LA,,,mapped,2026-07-30T00:00:00,2026-07-30T00:00:00
VAR-C275A91D9DC1FC,MOD-395D5C26A0DE71,LG 65NU850B6LA 65 بوصة / 4K UHD LED,التلفزيونات والصوتيات والتصوير,تلفزيونات,LG,65NU850B6LA,65 بوصة / 4K UHD LED,,,,65NU850B6LA,,,mapped,2026-07-30T00:00:00,2026-07-30T00:00:00
VAR-26037702821D03,MOD-06B8A0D470E162,"LG 65NU850B6LA 65""",التلفزيونات والصوتيات والتصوير,تلفزيونات,LG,65NU850B6LA,"65""",,,,65NU850B6LA,,,mapped,2026-07-30T00:00:00,2026-07-30T00:00:00
VAR-BE3F9519D2B602,MOD-DC795E68E1BB49,LG 65UA85006LA 65 بوصة / 4K UHD LED,التلفزيونات والصوتيات والتصوير,تلفزيونات,LG,65UA85006LA,65 بوصة / 4K UHD LED,,,,65UA85006LA,,,mapped,2026-07-30T00:00:00,2026-07-30T00:00:00
VAR-07A2682C159CE9,MOD-CC3E55506DEE6C,"LG 65UA85006LA 65""",التلفزيونات والصوتيات والتصوير,تلفزيونات,LG,65UA85006LA,"65""",,,,65UA85006LA,,,mapped,2026-07-30T00:00:00,2026-07-30T00:00:00
VAR-F4A137B5095FFC,MOD-9AFE9C2E49B228,LG 75NU850B6LA 75 بوصة / 4K UHD LED,التلفزيونات والصوتيات والتصوير,تلفزيونات,LG,75NU850B6LA,75 بوصة / 4K UHD LED,,,,75NU850B6LA,,,mapped,2026-07-30T00:00:00,2026-07-30T00:00:00
VAR-6A8208154B1DE0,MOD-C0C6B846B520E7,"LG 75NU850B6LA 75""",التلفزيونات والصوتيات والتصوير,تلفزيونات,LG,75NU850B6LA,"75""",,,,75NU850B6LA,,,mapped,2026-07-30T00:00:00,2026-07-30T00:00:00
VAR-436D4523D6A786,MOD-18B416FB7DF64A,LG 75UA85506LA 75 بوصة / 4K UHD LED,التلفزيونات والصوتيات والتصوير,تلفزيونات,LG,75UA85506LA,75 بوصة / 4K UHD LED,,,,75UA85506LA,,,mapped,2026-07-30T00:00:00,2026-07-30T00:00:00
VAR-0642E5397BF5CA,MOD-DDC922A531853F,"LG 75UA85506LA 75""",التلفزيونات والصوتيات والتصوير,تلفزيونات,LG,75UA85506LA,"75""",,,,75UA85506LA,,,mapped,2026-07-30T00:00:00,2026-07-30T00:00:00
VAR-484F9279BC8D23,MOD-281C909742C64C,LG LM550BPVA 32 بوصة / HD LED,التلفزيونات والصوتيات والتصوير,تلفزيونات,LG,LM550BPVA,32 بوصة / HD LED,,,,LM550BPVA,,,mapped,2026-07-30T00:00:00,2026-07-30T00:00:00
VAR-2B6923FE1003A1,MOD-CD3AFD4D9198C5,"LG LM550BPVA 32""",التلفزيونات والصوتيات والتصوير,تلفزيونات,LG,LM550BPVA,"32""",,,,LM550BPVA,,,mapped,2026-07-30T00:00:00,2026-07-30T00:00:00
VAR-AADD9FE8FCC989,MOD-5A0CE303F6A552,"LG NU85CB6LA 50""",التلفزيونات والصوتيات والتصوير,تلفزيونات,LG,NU85CB6LA,"50""",,,,NU85CB6LA,,,mapped,2026-07-30T00:00:00,2026-07-30T00:00:00
VAR-CB3FBDE5E6D203,MOD-5A0CE303F6A552,"LG NU85CB6LA 55""",التلفزيونات والصوتيات والتصوير,تلفزيونات,LG,NU85CB6LA,"55""",,,,NU85CB6LA,,,mapped,2026-07-30T00:00:00,2026-07-30T00:00:00
VAR-D537B6DE600799,MOD-090AEE243EE05E,LG OLED55CS6LA 55 بوصة / 4K UHD OLED,التلفزيونات والصوتيات والتصوير,تلفزيونات,LG,OLED55CS6LA,55 بوصة / 4K UHD OLED,,,,OLED55CS6LA,,,mapped,2026-07-30T00:00:00,2026-07-30T00:00:00
VAR-98E112CC8160B6,MOD-A00608B6342ACA,LG OLED77B66LA 77 بوصة / 4K UHD OLED,التلفزيونات والصوتيات والتصوير,تلفزيونات,LG,OLED77B66LA,77 بوصة / 4K UHD OLED,,,,OLED77B66LA,,,mapped,2026-07-30T00:00:00,2026-07-30T00:00:00
VAR-67225F98308D1B,MOD-F709C216D7E027,"LG OLED77B66LA 77""",التلفزيونات والصوتيات والتصوير,تلفزيونات,LG,OLED77B66LA,"77""",,,,OLED77B66LA,,,mapped,2026-07-30T00:00:00,2026-07-30T00:00:00
VAR-C87C98F90B741C,MOD-2BEFDDB53CFFC4,"Samsung 32 Inch Smart TV 32""",التلفزيونات والصوتيات والتصوير,تلفزيونات,Samsung,32 Inch Smart TV,"32""",,,,,,,mapped,2026-07-30T00:00:00,2026-07-30T00:00:00
VAR-C288E293B35ED9,MOD-C9D4CD72DB0BD6,"Samsung 43 Inch Smart TV 43""",التلفزيونات والصوتيات والتصوير,تلفزيونات,Samsung,43 Inch Smart TV,"43""",,,,,,,mapped,2026-07-30T00:00:00,2026-07-30T00:00:00
VAR-F2C766D50632F5,MOD-7AE0227F4461EF,Samsung 43U8000H 43 بوصة / 4K LED,التلفزيونات والصوتيات والتصوير,تلفزيونات,Samsung,43U8000H,43 بوصة / 4K LED,,,,43U8000H,,,mapped,2026-07-30T00:00:00,2026-07-30T00:00:00
VAR-6D6C8BE7BB4167,MOD-0527EE4C2BF06A,"Samsung 43U8000H 43""",التلفزيونات والصوتيات والتصوير,تلفزيونات,Samsung,43U8000H,"43""",,,,43U8000H,,,mapped,2026-07-30T00:00:00,2026-07-30T00:00:00
VAR-4FB60524E4C35D,MOD-5DD06B87D92367,Samsung 50U8000F 50 بوصة / 4K UHD LED,التلفزيونات والصوتيات والتصوير,تلفزيونات,Samsung,50U8000F,50 بوصة / 4K UHD LED,,,,50U8000F,,,mapped,2026-07-30T00:00:00,2026-07-30T00:00:00
VAR-21F14D4E10CA3D,MOD-2B23F1CAC93B6B,"Samsung 50U8000F 50""",التلفزيونات والصوتيات والتصوير,تلفزيونات,Samsung,50U8000F,"50""",,,,50U8000F,,,mapped,2026-07-30T00:00:00,2026-07-30T00:00:00
VAR-EBE4BF69A389E2,MOD-B9E87C2F6DBD57,Samsung 50U8000H 50 بوصة / 4K LED,التلفزيونات والصوتيات والتصوير,تلفزيونات,Samsung,50U8000H,50 بوصة / 4K LED,,,,50U8000H,,,mapped,2026-07-30T00:00:00,2026-07-30T00:00:00
VAR-B1A83EB9DD9C50,MOD-4DA072742457B3,"Samsung 50U8000H 50""",التلفزيونات والصوتيات والتصوير,تلفزيونات,Samsung,50U8000H,"50""",,,,50U8000H,,,mapped,2026-07-30T00:00:00,2026-07-30T00:00:00
VAR-0C4545E063CBFA,MOD-A1418B2DE02C39,"Samsung 55 Inch Smart TV 55""",التلفزيونات والصوتيات والتصوير,تلفزيونات,Samsung,55 Inch Smart TV,"55""",,,,,,,mapped,2026-07-30T00:00:00,2026-07-30T00:00:00
VAR-DE2E2EC7FF42A0,MOD-CFEB306D2849C5,Samsung 55AU7000UXEG 55 بوصة / 4K UHD LED,التلفزيونات والصوتيات والتصوير,تلفزيونات,Samsung,55AU7000UXEG,55 بوصة / 4K UHD LED,,,,55AU7000UXEG,,,mapped,2026-07-30T00:00:00,2026-07-30T00:00:00
VAR-58A1B4CD882E30,MOD-1C71E2F8DD0533,Samsung 55DU7000 55 بوصة / 4K UHD LED,التلفزيونات والصوتيات والتصوير,تلفزيونات,Samsung,55DU7000,55 بوصة / 4K UHD LED,,,,55DU7000,,,mapped,2026-07-30T00:00:00,2026-07-30T00:00:00
VAR-379931CB1BBCD5,MOD-9834086F9DC806,Samsung 55DU8000 55 بوصة / 4K UHD LED,التلفزيونات والصوتيات والتصوير,تلفزيونات,Samsung,55DU8000,55 بوصة / 4K UHD LED,,,,55DU8000,,,mapped,2026-07-30T00:00:00,2026-07-30T00:00:00
VAR-5377C41F5AF3EE,MOD-0854BB1DDB4AEE,Samsung 55LS03FA 55 بوصة / 4K UHD QLED,التلفزيونات والصوتيات والتصوير,تلفزيونات,Samsung,55LS03FA,55 بوصة / 4K UHD QLED,,,,55LS03FA,,,mapped,2026-07-30T00:00:00,2026-07-30T00:00:00
VAR-62CABAE1B13443,MOD-44F9D8088F4C90,Samsung 55QN70FA 55 بوصة / 4K UHD Neo QLED,التلفزيونات والصوتيات والتصوير,تلفزيونات,Samsung,55QN70FA,55 بوصة / 4K UHD Neo QLED,,,,55QN70FA,,,mapped,2026-07-30T00:00:00,2026-07-30T00:00:00
VAR-5801895B466A54,MOD-5B1C4C8E03D8DC,"Samsung 55QN70FA 55""",التلفزيونات والصوتيات والتصوير,تلفزيونات,Samsung,55QN70FA,"55""",,,,55QN70FA,,,mapped,2026-07-30T00:00:00,2026-07-30T00:00:00
VAR-C21D49AB28D887,MOD-747FA1CE0E5625,Samsung 55QN85FA 55 بوصة / 4K UHD Neo QLED,التلفزيونات والصوتيات والتصوير,تلفزيونات,Samsung,55QN85FA,55 بوصة / 4K UHD Neo QLED,,,,55QN85FA,,,mapped,2026-07-30T00:00:00,2026-07-30T00:00:00
VAR-BF65DFC8A99B86,MOD-5EE65CB17AF947,"Samsung 55QN85FA 55""",التلفزيونات والصوتيات والتصوير,تلفزيونات,Samsung,55QN85FA,"55""",,,,55QN85FA,,,mapped,2026-07-30T00:00:00,2026-07-30T00:00:00
VAR-697191D4C40ED8,MOD-0196F68229DE30,Samsung 55S95F 55 بوصة / 4K UHD OLED,التلفزيونات والصوتيات والتصوير,تلفزيونات,Samsung,55S95F,55 بوصة / 4K UHD OLED,,,,55S95F,,,mapped,2026-07-30T00:00:00,2026-07-30T00:00:00
VAR-327E41D90F2015,MOD-5BFC81E8032A97,"Samsung 55S95F 55""",التلفزيونات والصوتيات والتصوير,تلفزيونات,Samsung,55S95F,"55""",,,,55S95F,,,mapped,2026-07-30T00:00:00,2026-07-30T00:00:00
VAR-386A1D054E6AD9,MOD-22CFB2BE77099E,"Samsung 58 Inch Smart TV 58""",التلفزيونات والصوتيات والتصوير,تلفزيونات,Samsung,58 Inch Smart TV,"58""",,,,,,,mapped,2026-07-30T00:00:00,2026-07-30T00:00:00
VAR-90EB1A64B1DB20,MOD-47C2499CDDC93C,"Samsung 65 Inch Smart TV 65""",التلفزيونات والصوتيات والتصوير,تلفزيونات,Samsung,65 Inch Smart TV,"65""",,,,,,,mapped,2026-07-30T00:00:00,2026-07-30T00:00:00
VAR-CDA559FF6C1D8D,MOD-2B64F695D00CF3,Samsung 65Q6FA 65 بوصة / 4K UHD QLED,التلفزيونات والصوتيات والتصوير,تلفزيونات,Samsung,65Q6FA,65 بوصة / 4K UHD QLED,,,,65Q6FA,,,mapped,2026-07-30T00:00:00,2026-07-30T00:00:00
VAR-35B55F059F8516,MOD-855850FD44B4B1,"Samsung 65Q6FA 65""",التلفزيونات والصوتيات والتصوير,تلفزيونات,Samsung,65Q6FA,"65""",,,,65Q6FA,,,mapped,2026-07-30T00:00:00,2026-07-30T00:00:00
VAR-84A455B617B32F,MOD-5CC7404F905FA1,Samsung 65U8000H 65 بوصة / 4K LED,التلفزيونات والصوتيات والتصوير,تلفزيونات,Samsung,65U8000H,65 بوصة / 4K LED,,,,65U8000H,,,mapped,2026-07-30T00:00:00,2026-07-30T00:00:00
VAR-96ED2F1082F3C0,MOD-4596EF98FCC28E,"Samsung 65U8000H 65""",التلفزيونات والصوتيات والتصوير,تلفزيونات,Samsung,65U8000H,"65""",,,,65U8000H,,,mapped,2026-07-30T00:00:00,2026-07-30T00:00:00
VAR-8C7AB749C0C8F6,MOD-2B56923994F0EF,"Samsung 75 Inch Smart TV 75""",التلفزيونات والصوتيات والتصوير,تلفزيونات,Samsung,75 Inch Smart TV,"75""",,,,,,,mapped,2026-07-30T00:00:00,2026-07-30T00:00:00
VAR-9D301D187113E9,MOD-145502ACE984EE,Samsung 75Q6FA 75 بوصة / 4K UHD QLED,التلفزيونات والصوتيات والتصوير,تلفزيونات,Samsung,75Q6FA,75 بوصة / 4K UHD QLED,,,,75Q6FA,,,mapped,2026-07-30T00:00:00,2026-07-30T00:00:00
VAR-C335124617E528,MOD-CD0281A9A7034E,"Samsung 75Q6FA 75""",التلفزيونات والصوتيات والتصوير,تلفزيونات,Samsung,75Q6FA,"75""",,,,75Q6FA,,,mapped,2026-07-30T00:00:00,2026-07-30T00:00:00
VAR-3E850D58FF0CAD,MOD-B0E456D93DBC28,"Samsung 85 Inch Smart TV 85""",التلفزيونات والصوتيات والتصوير,تلفزيونات,Samsung,85 Inch Smart TV,"85""",,,,,,,mapped,2026-07-30T00:00:00,2026-07-30T00:00:00
VAR-566D2774957A9D,MOD-A4AA94C3B40A27,Samsung QA55Q6FA 55 بوصة / 4K UHD QLED,التلفزيونات والصوتيات والتصوير,تلفزيونات,Samsung,QA55Q6FA,55 بوصة / 4K UHD QLED,,,,QA55Q6FA,,,mapped,2026-07-30T00:00:00,2026-07-30T00:00:00
VAR-6ED90E490CC588,MOD-30A9810A5449C7,"Samsung QA55Q6FA 55""",التلفزيونات والصوتيات والتصوير,تلفزيونات,Samsung,QA55Q6FA,"55""",,,,QA55Q6FA,,,mapped,2026-07-30T00:00:00,2026-07-30T00:00:00
VAR-AF4F14F1948369,MOD-EAE8AF8118050D,Samsung QA55S90DAWXXY 55 بوصة / 4K UHD OLED,التلفزيونات والصوتيات والتصوير,تلفزيونات,Samsung,QA55S90DAWXXY,55 بوصة / 4K UHD OLED,,,,QA55S90DAWXXY,,,mapped,2026-07-30T00:00:00,2026-07-30T00:00:00
VAR-D94785BEFB11D2,MOD-41052D45844FD1,Samsung UA70DU7000 70 بوصة / 4K UHD LED,التلفزيونات والصوتيات والتصوير,تلفزيونات,Samsung,UA70DU7000,70 بوصة / 4K UHD LED,,,,UA70DU7000,,,mapped,2026-07-30T00:00:00,2026-07-30T00:00:00
VAR-863854FF34D7AB,MOD-00DC9E8E15E61D,"Samsung UA70DU7000 70""",التلفزيونات والصوتيات والتصوير,تلفزيونات,Samsung,UA70DU7000,"70""",,,,UA70DU7000,,,mapped,2026-07-30T00:00:00,2026-07-30T00:00:00
VAR-C27B2FBBB94EA1,MOD-56D215F7A221D4,Samsung UA98DU9000UXEG 98 بوصة / 4K UHD LED,التلفزيونات والصوتيات والتصوير,تلفزيونات,Samsung,UA98DU9000UXEG,98 بوصة / 4K UHD LED,,,,UA98DU9000UXEG,,,mapped,2026-07-30T00:00:00,2026-07-30T00:00:00
VAR-6912AABECF311B,MOD-E68F951C1A272B,"Samsung UA98DU9000UXEG 98""",التلفزيونات والصوتيات والتصوير,تلفزيونات,Samsung,UA98DU9000UXEG,"98""",,,,UA98DU9000UXEG,,,mapped,2026-07-30T00:00:00,2026-07-30T00:00:00
VAR-70A93AF9337317,MOD-16D01FC2EE9E28,"Skyline 3222A 32""",التلفزيونات والصوتيات والتصوير,تلفزيونات,Skyline,3222A,"32""",,,,3222A,,,mapped,2026-07-30T00:00:00,2026-07-30T00:00:00
VAR-8FFB4741392954,MOD-EA16904122F525,"Skyline 43SF01 43""",التلفزيونات والصوتيات والتصوير,تلفزيونات,Skyline,43SF01,"43""",,,,43SF01,,,mapped,2026-07-30T00:00:00,2026-07-30T00:00:00
VAR-DAA863BADAB4EA,MOD-206C703F374891,"Tornado 32 Inch Smart TV 32""",التلفزيونات والصوتيات والتصوير,تلفزيونات,Tornado,32 Inch Smart TV,"32""",,,,,,,mapped,2026-07-30T00:00:00,2026-07-30T00:00:00
VAR-FF55013BBF5BA1,MOD-9AFDA6AC8FC866,"Tornado 32EA6500E 32""",التلفزيونات والصوتيات والتصوير,تلفزيونات,Tornado,32EA6500E,"32""",,,,32EA6500E,,,mapped,2026-07-30T00:00:00,2026-07-30T00:00:00
VAR-D945CEC9798780,MOD-B485ED29B0C173,"Tornado 32EC3300E 32""",التلفزيونات والصوتيات والتصوير,تلفزيونات,Tornado,32EC3300E,"32""",,,,32EC3300E,,,mapped,2026-07-30T00:00:00,2026-07-30T00:00:00
VAR-86BFD58E6B250C,MOD-90D78714FD51E9,"Tornado 32ES1500E 32""",التلفزيونات والصوتيات والتصوير,تلفزيونات,Tornado,32ES1500E,"32""",,,,32ES1500E,,,mapped,2026-07-30T00:00:00,2026-07-30T00:00:00
VAR-9F611CCC3290EF,MOD-90530980A25CA5,"Tornado 43 Inch Smart TV 43""",التلفزيونات والصوتيات والتصوير,تلفزيونات,Tornado,43 Inch Smart TV,"43""",,,,,,,mapped,2026-07-30T00:00:00,2026-07-30T00:00:00
VAR-317F9B083ACA84,MOD-C0F824E3071008,"Tornado 43ES4601E 43 Inch Smart TV 43""",التلفزيونات والصوتيات والتصوير,تلفزيونات,Tornado,43ES4601E 43 Inch Smart TV,"43""",,,,,,,mapped,2026-07-30T00:00:00,2026-07-30T00:00:00
VAR-3BD3A2A5F9CD38,MOD-CB54EFDD5AF5E1,"Tornado 50 Inch Smart TV 50""",التلفزيونات والصوتيات والتصوير,تلفزيونات,Tornado,50 Inch Smart TV,"50""",,,,,,,mapped,2026-07-30T00:00:00,2026-07-30T00:00:00
VAR-48AAB77F7662C1,MOD-AF0737B21B5FAA,"Tornado 50QA3400E 50""",التلفزيونات والصوتيات والتصوير,تلفزيونات,Tornado,50QA3400E,"50""",,,,50QA3400E,,,mapped,2026-07-30T00:00:00,2026-07-30T00:00:00
VAR-673A4F0B851EAD,MOD-A388D34FD04127,"Tornado 50US4600E 50""",التلفزيونات والصوتيات والتصوير,تلفزيونات,Tornado,50US4600E,"50""",,,,50US4600E,,,mapped,2026-07-30T00:00:00,2026-07-30T00:00:00
VAR-64D94535B0AD9A,MOD-8E2C52CB8EE167,"Tornado 55UA5300E 55""",التلفزيونات والصوتيات والتصوير,تلفزيونات,Tornado,55UA5300E,"55""",,,,55UA5300E,,,mapped,2026-07-30T00:00:00,2026-07-30T00:00:00
VAR-C95905DCDA079D,MOD-EAB678F8F48A73,"Tornado 55US4600E 55""",التلفزيونات والصوتيات والتصوير,تلفزيونات,Tornado,55US4600E,"55""",,,,55US4600E,,,mapped,2026-07-30T00:00:00,2026-07-30T00:00:00
VAR-D0B3F3AD0BE588,MOD-9B8E18E3A28A45,"Tornado 58 Inch Smart TV 58""",التلفزيونات والصوتيات والتصوير,تلفزيونات,Tornado,58 Inch Smart TV,"58""",,,,,,,mapped,2026-07-30T00:00:00,2026-07-30T00:00:00
VAR-69B5F75C275EE6,MOD-FAF53E38B772E2,"Tornado 65UA3400E 65""",التلفزيونات والصوتيات والتصوير,تلفزيونات,Tornado,65UA3400E,"65""",,,,65UA3400E,,,mapped,2026-07-30T00:00:00,2026-07-30T00:00:00
VAR-FE9696470597AC,MOD-1856DA5F26BB50,"Tornado 65UA5300E 65""",التلفزيونات والصوتيات والتصوير,تلفزيونات,Tornado,65UA5300E,"65""",,,,65UA5300E,,,mapped,2026-07-30T00:00:00,2026-07-30T00:00:00
VAR-784DA0966EB9EC,MOD-DF33C544FEB11C,Toshiba 32S25LV 32 بوصة / HD LED,التلفزيونات والصوتيات والتصوير,تلفزيونات,Toshiba,32S25LV,32 بوصة / HD LED,,,,32S25LV,,,mapped,2026-07-30T00:00:00,2026-07-30T00:00:00
VAR-8A678764E6B327,MOD-3F7F6C0D6DFCA9,Toshiba 50C350RP 50 بوصة / 4K UHD LED,التلفزيونات والصوتيات والتصوير,تلفزيونات,Toshiba,50C350RP,50 بوصة / 4K UHD LED,,,,50C350RP,,,mapped,2026-07-30T00:00:00,2026-07-30T00:00:00
VAR-08E980CFA42212,MOD-29EDBF5C558BF0,Toshiba 55C350RP 55 بوصة / 4K UHD LED,التلفزيونات والصوتيات والتصوير,تلفزيونات,Toshiba,55C350RP,55 بوصة / 4K UHD LED,,,,55C350RP,,,mapped,2026-07-30T00:00:00,2026-07-30T00:00:00
VAR-22F2FAA7C4C861,MOD-23C53EB3F9E190,Toshiba 55M450RP 55 بوصة / 4K UHD QLED,التلفزيونات والصوتيات والتصوير,تلفزيونات,Toshiba,55M450RP,55 بوصة / 4K UHD QLED,,,,55M450RP,,,mapped,2026-07-30T00:00:00,2026-07-30T00:00:00
VAR-E50E397DCAF3BC,MOD-363B9366F30442,Toshiba 55U5965 55 بوصة / 4K UHD LED,التلفزيونات والصوتيات والتصوير,تلفزيونات,Toshiba,55U5965,55 بوصة / 4K UHD LED,,,,55U5965,,,mapped,2026-07-30T00:00:00,2026-07-30T00:00:00
VAR-241306EA39E10A,MOD-FA9C1D2CB89F3D,Toshiba 58M450RP 58 بوصة / 4K UHD QLED,التلفزيونات والصوتيات والتصوير,تلفزيونات,Toshiba,58M450RP,58 بوصة / 4K UHD QLED,,,,58M450RP,,,mapped,2026-07-30T00:00:00,2026-07-30T00:00:00
VAR-D6B65BB9F267B2,MOD-2AB5D59C3DB636,Toshiba 65C350RP 65 بوصة / 4K UHD LED,التلفزيونات والصوتيات والتصوير,تلفزيونات,Toshiba,65C350RP,65 بوصة / 4K UHD LED,,,,65C350RP,,,mapped,2026-07-30T00:00:00,2026-07-30T00:00:00
VAR-4468DDF82292E5,MOD-D3B57D1078321E,Toshiba 65U5965 65 بوصة / Smart LED,التلفزيونات والصوتيات والتصوير,تلفزيونات,Toshiba,65U5965,65 بوصة / Smart LED,,,,65U5965,,,mapped,2026-07-30T00:00:00,2026-07-30T00:00:00
VAR-44F543D7D0E5E3,MOD-C1F51E4C81F6BA,Ultra UT40SEL2 40 بوصة / HD LED / Android 14,التلفزيونات والصوتيات والتصوير,تلفزيونات,Ultra,UT40SEL2,40 بوصة / HD LED / Android 14,,,,UT40SEL2,,,mapped,2026-07-30T00:00:00,2026-07-30T00:00:00
VAR-AECE2EEBBEB056,MOD-B4EB121279BC46,"Xiaomi 43 Inch Smart TV 43""",التلفزيونات والصوتيات والتصوير,تلفزيونات,Xiaomi,43 Inch Smart TV,"43""",,,,,,,mapped,2026-07-30T00:00:00,2026-07-30T00:00:00
VAR-3088A126C5EB50,MOD-EE0024AC299F06,Xiaomi L32M8P2EG 32 بوصة / HD LED,التلفزيونات والصوتيات والتصوير,تلفزيونات,Xiaomi,L32M8P2EG,32 بوصة / HD LED,,,,L32M8P2EG,,,mapped,2026-07-30T00:00:00,2026-07-30T00:00:00
VAR-F48A4CC227C66D,MOD-6922670FA527D3,Xiaomi L43MAAFEG 43 بوصة / FHD LED,التلفزيونات والصوتيات والتصوير,تلفزيونات,Xiaomi,L43MAAFEG,43 بوصة / FHD LED,,,,L43MAAFEG,,,mapped,2026-07-30T00:00:00,2026-07-30T00:00:00
VAR-ACF87389EACC8D,MOD-33D44D36A2BCCD,Xiaomi L55MAAEG 55 بوصة / 4K UHD LED,التلفزيونات والصوتيات والتصوير,تلفزيونات,Xiaomi,L55MAAEG,55 بوصة / 4K UHD LED,,,,L55MAAEG,,,mapped,2026-07-30T00:00:00,2026-07-30T00:00:00
VAR-CD2435B6A4B6D5,MOD-03818BDE7510CD,Xiaomi L65MASEG 65 بوصة / 4K UHD QLED,التلفزيونات والصوتيات والتصوير,تلفزيونات,Xiaomi,L65MASEG,65 بوصة / 4K UHD QLED,,,,L65MASEG,,,mapped,2026-07-30T00:00:00,2026-07-30T00:00:00
VAR-FD1E894303C007,MOD-7A8568DEF1CD38,JBL Cinema SB550 3.1 channels / wireless subwoofer | Black,التلفزيونات والصوتيات والتصوير,ساوند بار وأنظمة صوت منزلي,JBL,Cinema SB550,3.1 channels / wireless subwoofer,,,Black,Cinema SB550,,,mapped,2026-07-30T00:00:00,2026-07-30T00:00:00
VAR-E52B3DBBEE0E53,MOD-A25F257BB27527,LG S65TR 5.1 channels / rear speakers | Black,التلفزيونات والصوتيات والتصوير,ساوند بار وأنظمة صوت منزلي,LG,S65TR,5.1 channels / rear speakers,,,Black,S65TR,,,mapped,2026-07-30T00:00:00,2026-07-30T00:00:00
VAR-10322C74CD8672,MOD-4213EC2BC621E3,LG SC9S 400W / 2 pieces | Black,التلفزيونات والصوتيات والتصوير,ساوند بار وأنظمة صوت منزلي,LG,SC9S,400W / 2 pieces,,,Black,SC9S,,,mapped,2026-07-30T00:00:00,2026-07-30T00:00:00
VAR-19DCD1FEDBCCEB,MOD-2EEC2F339E266E,MediaTech MT-B60 60W | Black,التلفزيونات والصوتيات والتصوير,ساوند بار وأنظمة صوت منزلي,MediaTech,MT-B60,60W,,,Black,MT-B60,,,mapped,2026-07-30T00:00:00,2026-07-30T00:00:00
VAR-00C37DC205158B,MOD-4165C1A9FEFA93,Samsung HW-Q600C 3 channels | Black,التلفزيونات والصوتيات والتصوير,ساوند بار وأنظمة صوت منزلي,Samsung,HW-Q600C,3 channels,,,Black,HW-Q600C,,,mapped,2026-07-30T00:00:00,2026-07-30T00:00:00
VAR-88209B2C460043,MOD-6168DE559595E2,Samsung HW-Q800D 5.1.2 channels | Black,التلفزيونات والصوتيات والتصوير,ساوند بار وأنظمة صوت منزلي,Samsung,HW-Q800D,5.1.2 channels,,,Black,HW-Q800D,,,mapped,2026-07-30T00:00:00,2026-07-30T00:00:00
VAR-4CA8666F66F70B,MOD-32833E1746F920,Anker A31A3012 Black / Blue,التلفزيونات والصوتيات والتصوير,سماعات بلوتوث محمولة,Anker,A31A3012,Black / Blue,,,Black / Blue,A31A3012,,,mapped,2026-07-30T00:00:00,2026-07-30T00:00:00
VAR-5ED6F2B099986B,MOD-CD40C3FD17D755,JBL Charge 5 Portable / power bank | Black,التلفزيونات والصوتيات والتصوير,سماعات بلوتوث محمولة,JBL,Charge 5,Portable / power bank,,,Black,Charge 5,,,mapped,2026-07-30T00:00:00,2026-07-30T00:00:00
VAR-E76EB2AF5BC6AF,MOD-618B13DA6E4439,JBL Charge 6 Portable / power bank | Black,التلفزيونات والصوتيات والتصوير,سماعات بلوتوث محمولة,JBL,Charge 6,Portable / power bank,,,Black,Charge 6,,,mapped,2026-07-30T00:00:00,2026-07-30T00:00:00
VAR-77F91AF4452F87,MOD-006AF94A43D5DC,JBL Clip 4 Portable mini | Red,التلفزيونات والصوتيات والتصوير,سماعات بلوتوث محمولة,JBL,Clip 4,Portable mini,,,Red,Clip 4,,,mapped,2026-07-30T00:00:00,2026-07-30T00:00:00
VAR-E301252EAA175C,MOD-0D8A36DD2DA707,JBL Flip 6 Portable | Blue,التلفزيونات والصوتيات والتصوير,سماعات بلوتوث محمولة,JBL,Flip 6,Portable,,,Blue,Flip 6,,,mapped,2026-07-30T00:00:00,2026-07-30T00:00:00
VAR-58AE502B43CC19,MOD-5727EF393AE134,JBL Flip 7 Portable | Black,التلفزيونات والصوتيات والتصوير,سماعات بلوتوث محمولة,JBL,Flip 7,Portable,,,Black,Flip 7,,,mapped,2026-07-30T00:00:00,2026-07-30T00:00:00
VAR-2CCB037A9D9A1B,MOD-A4D4ADC25D3773,JBL Flip Essential 2 Portable | Gun Metal,التلفزيونات والصوتيات والتصوير,سماعات بلوتوث محمولة,JBL,Flip Essential 2,Portable,,,Gun Metal,Flip Essential 2,,,mapped,2026-07-30T00:00:00,2026-07-30T00:00:00
VAR-AB9644B9621023,MOD-D735BEE6C09B1E,JBL Go 4 Blue,التلفزيونات والصوتيات والتصوير,سماعات بلوتوث محمولة,JBL,Go 4,Blue,,,Blue,,,,mapped,2026-07-30T00:00:00,2026-07-30T00:00:00
VAR-C7D2C843BDB8AB,MOD-D735BEE6C09B1E,JBL Go 4 Blue / Purple,التلفزيونات والصوتيات والتصوير,سماعات بلوتوث محمولة,JBL,Go 4,Blue / Purple,,,Blue / Purple,,,,mapped,2026-07-30T00:00:00,2026-07-30T00:00:00
VAR-DA0CB076E10546,MOD-71EB0BBF852FE4,JBL Go 4 Portable | Black,التلفزيونات والصوتيات والتصوير,سماعات بلوتوث محمولة,JBL,Go 4,Portable,,,Black,Go 4,,,mapped,2026-07-30T00:00:00,2026-07-30T00:00:00
VAR-00660F802CBA94,MOD-D735BEE6C09B1E,JBL Go 4 White / Blue,التلفزيونات والصوتيات والتصوير,سماعات بلوتوث محمولة,JBL,Go 4,White / Blue,,,White / Blue,,,,mapped,2026-07-30T00:00:00,2026-07-30T00:00:00
VAR-BA0E44C9AFF6E5,MOD-6CB9F47FA3F555,JBL JBLCHARGE6BLK Black / Blue,التلفزيونات والصوتيات والتصوير,سماعات بلوتوث محمولة,JBL,JBLCHARGE6BLK,Black / Blue,,,Black / Blue,JBLCHARGE6BLK,,,mapped,2026-07-30T00:00:00,2026-07-30T00:00:00
VAR-F507A344805795,MOD-6CB9F47FA3F555,JBL JBLCHARGE6BLK Blue,التلفزيونات والصوتيات والتصوير,سماعات بلوتوث محمولة,JBL,JBLCHARGE6BLK,Blue,,,Blue,JBLCHARGE6BLK,,,mapped,2026-07-30T00:00:00,2026-07-30T00:00:00
VAR-86AD74018924D6,MOD-1CC4E9E6D8A006,JBL JBLCLIP5 Blue,التلفزيونات والصوتيات والتصوير,سماعات بلوتوث محمولة,JBL,JBLCLIP5,Blue,,,Blue,JBLCLIP5,,,mapped,2026-07-30T00:00:00,2026-07-30T00:00:00
VAR-C8E19967D096AD,MOD-AB357D41C1C07B,JBL JBLGO4RED Black / Blue / Red,التلفزيونات والصوتيات والتصوير,سماعات بلوتوث محمولة,JBL,JBLGO4RED,Black / Blue / Red,,,Black / Blue / Red,JBLGO4RED,,,mapped,2026-07-30T00:00:00,2026-07-30T00:00:00
VAR-F3004429F9DE7E,MOD-E4BE172EEBC0A9,JBL JBLPBCLUB120 Black / Blue,التلفزيونات والصوتيات والتصوير,سماعات بلوتوث محمولة,JBL,JBLPBCLUB120,Black / Blue,,,Black / Blue,JBLPBCLUB120,,,mapped,2026-07-30T00:00:00,2026-07-30T00:00:00
VAR-E8173C39DB34AD,MOD-D3937E802BDF09,JBL PartyBox Stage 320 240W / wheeled | Black,التلفزيونات والصوتيات والتصوير,سماعات بلوتوث محمولة,JBL,PartyBox Stage 320,240W / wheeled,,,Black,PartyBox Stage 320,,,mapped,2026-07-30T00:00:00,2026-07-30T00:00:00
VAR-D57F06275DD3E0,MOD-B1AF9F1E912ED8,JBL Xtreme 4 Portable | Camouflage,التلفزيونات والصوتيات والتصوير,سماعات بلوتوث محمولة,JBL,Xtreme 4,Portable,,,Camouflage,Xtreme 4,,,mapped,2026-07-30T00:00:00,2026-07-30T00:00:00
VAR-E47A1CB3722127,MOD-741B766D2002C6,Kisonli KS-2002 Black / Blue,التلفزيونات والصوتيات والتصوير,سماعات بلوتوث محمولة,Kisonli,KS-2002,Black / Blue,,,Black / Blue,KS-2002,,,mapped,2026-07-30T00:00:00,2026-07-30T00:00:00
VAR-D5C0F6204C2060,MOD-061F762D315A98,Kisonli LED-918 Black / Blue,التلفزيونات والصوتيات والتصوير,سماعات بلوتوث محمولة,Kisonli,LED-918,Black / Blue,,,Black / Blue,LED-918,,,mapped,2026-07-30T00:00:00,2026-07-30T00:00:00
VAR-3FE36D29EBBF58,MOD-A587923DFC0F5B,Kisonli Q26 Black / Blue,التلفزيونات والصوتيات والتصوير,سماعات بلوتوث محمولة,Kisonli,Q26,Black / Blue,,,Black / Blue,,,,mapped,2026-07-30T00:00:00,2026-07-30T00:00:00
VAR-1903437BBDC57A,MOD-769C19C735FE94,Oraimo OBS-382 Black / Blue,التلفزيونات والصوتيات والتصوير,سماعات بلوتوث محمولة,Oraimo,OBS-382,Black / Blue,,,Black / Blue,OBS-382,,,mapped,2026-07-30T00:00:00,2026-07-30T00:00:00
VAR-26778C66A49AEF,MOD-769C19C735FE94,Oraimo OBS-382 Space Grey / Blue,التلفزيونات والصوتيات والتصوير,سماعات بلوتوث محمولة,Oraimo,OBS-382,Space Grey / Blue,,,Space Grey / Blue,OBS-382,,,mapped,2026-07-30T00:00:00,2026-07-30T00:00:00
VAR-853885185940C1,MOD-2DDEE49F810996,Oraimo OBS-682 Black / Blue,التلفزيونات والصوتيات والتصوير,سماعات بلوتوث محمولة,Oraimo,OBS-682,Black / Blue,,,Black / Blue,OBS-682,,,mapped,2026-07-30T00:00:00,2026-07-30T00:00:00
VAR-BC79381FB8E401,MOD-36158A7ED863F6,Platinum AH4006 Black / Blue,التلفزيونات والصوتيات والتصوير,سماعات بلوتوث محمولة,Platinum,AH4006,Black / Blue,,,Black / Blue,AH4006,,,mapped,2026-07-30T00:00:00,2026-07-30T00:00:00
VAR-136B34F46B5DAE,MOD-25473017069C96,Xiaomi MDZ-38-DB Black / Blue,التلفزيونات والصوتيات والتصوير,سماعات بلوتوث محمولة,Xiaomi,MDZ-38-DB,Black / Blue,,,Black / Blue,MDZ-38-DB,,,mapped,2026-07-30T00:00:00,2026-07-30T00:00:00
VAR-9349C84038E213,MOD-25473017069C96,Xiaomi MDZ-38-DB Blue,التلفزيونات والصوتيات والتصوير,سماعات بلوتوث محمولة,Xiaomi,MDZ-38-DB,Blue,,,Blue,MDZ-38-DB,,,mapped,2026-07-30T00:00:00,2026-07-30T00:00:00
VAR-8DC7480DB5C38F,MOD-25473017069C96,Xiaomi MDZ-38-DB Blue / Red,التلفزيونات والصوتيات والتصوير,سماعات بلوتوث محمولة,Xiaomi,MDZ-38-DB,Blue / Red,,,Blue / Red,MDZ-38-DB,,,mapped,2026-07-30T00:00:00,2026-07-30T00:00:00
VAR-F55C11D3D05490,MOD-8EDFAE39AAEFE4,Anker H30i On-ear | Red,التلفزيونات والصوتيات والتصوير,سماعات رأس,Anker,H30i,On-ear,,,Red,A3012H91,,,mapped,2026-07-30T00:00:00,2026-07-30T00:00:00
VAR-726A7E4E4F5F51,MOD-D7FD67C799AB00,Anker Liberty 4 Pro TWS earbuds / ANC | Black,التلفزيونات والصوتيات والتصوير,سماعات رأس,Anker,Liberty 4 Pro,TWS earbuds / ANC,,,Black,A3954H11,,,mapped,2026-07-30T00:00:00,2026-07-30T00:00:00
VAR-E0571A1556E310,MOD-0AAD71AD73EDBF,Anker P40i TWS earbuds / ANC | Black,التلفزيونات والصوتيات والتصوير,سماعات رأس,Anker,P40i,TWS earbuds / ANC,,,Black,A3955H11,,,mapped,2026-07-30T00:00:00,2026-07-30T00:00:00
VAR-4B179C3B5B2BE4,MOD-412D7544FEF83A,Anker Q11i Over-ear | Black,التلفزيونات والصوتيات والتصوير,سماعات رأس,Anker,Q11i,Over-ear,,,Black,A3005,,,mapped,2026-07-30T00:00:00,2026-07-30T00:00:00
VAR-1E3F9793593095,MOD-CA6228BFFA8825,Anker R100 TWS earbuds | Black,التلفزيونات والصوتيات والتصوير,سماعات رأس,Anker,R100,TWS earbuds,,,Black,R100,,,mapped,2026-07-30T00:00:00,2026-07-30T00:00:00
VAR-E6C0CF50D37363,MOD-07A8FFB80EC03C,Anker Space One Over-ear / ANC | Black,التلفزيونات والصوتيات والتصوير,سماعات رأس,Anker,Space One,Over-ear / ANC,,,Black,A3035011,,,mapped,2026-07-30T00:00:00,2026-07-30T00:00:00
VAR-CA915ED791EAE3,MOD-07A8FFB80EC03C,Anker Space One Over-ear / ANC | White,التلفزيونات والصوتيات والتصوير,سماعات رأس,Anker,Space One,Over-ear / ANC,,,White,A3035021,,,mapped,2026-07-30T00:00:00,2026-07-30T00:00:00
VAR-10F05A5496F1EB,MOD-E2751845C97F2B,Anker Space One Pro Over-ear / ANC | White Cream,التلفزيونات والصوتيات والتصوير,سماعات رأس,Anker,Space One Pro,Over-ear / ANC,,,White Cream,,,,mapped,2026-07-30T00:00:00,2026-07-30T00:00:00
VAR-62C653D703A3C3,MOD-AE0DA9B2390E7D,Apple AirPods 2nd Generation Charging Case | White,التلفزيونات والصوتيات والتصوير,سماعات رأس,Apple,AirPods 2nd Generation,Charging Case,,,White,MV7N2ZM/A,,,mapped,2026-07-30T00:00:00,2026-07-30T00:00:00
VAR-64D36AF040A4EF,MOD-FBC4C293EBD5C0,Apple AirPods 3rd Generation MagSafe Charging Case | White,التلفزيونات والصوتيات والتصوير,سماعات رأس,Apple,AirPods 3rd Generation,MagSafe Charging Case,,,White,,,,mapped,2026-07-30T00:00:00,2026-07-30T00:00:00
VAR-8062EF91CB31CA,MOD-445060D5BD07AF,Apple AirPods 4 Active Noise Cancellation | White,التلفزيونات والصوتيات والتصوير,سماعات رأس,Apple,AirPods 4,Active Noise Cancellation,,,White,,,,mapped,2026-07-30T00:00:00,2026-07-30T00:00:00
VAR-758E614E4F8145,MOD-445060D5BD07AF,Apple AirPods 4 Standard | White,التلفزيونات والصوتيات والتصوير,سماعات رأس,Apple,AirPods 4,Standard,,,White,,,,mapped,2026-07-30T00:00:00,2026-07-30T00:00:00
VAR-97E1081011EBDD,MOD-CB23393A1F3E5B,Apple AirPods Max Over-ear / ANC | Light Green,التلفزيونات والصوتيات والتصوير,سماعات رأس,Apple,AirPods Max,Over-ear / ANC,,,Light Green,,,,mapped,2026-07-30T00:00:00,2026-07-30T00:00:00
VAR-AD0DD6BD66B913,MOD-0E2045FAAA466D,Apple AirPods Pro 2nd Generation MagSafe USB-C Charging Case | White,التلفزيونات والصوتيات والتصوير,سماعات رأس,Apple,AirPods Pro 2nd Generation,MagSafe USB-C Charging Case,,,White,,,,mapped,2026-07-30T00:00:00,2026-07-30T00:00:00
VAR-A4F58D965D8197,MOD-AFB4525FE9F7C4,Apple AirPods Pro 3 Active Noise Cancellation | White,التلفزيونات والصوتيات والتصوير,سماعات رأس,Apple,AirPods Pro 3,Active Noise Cancellation,,,White,,,,mapped,2026-07-30T00:00:00,2026-07-30T00:00:00
VAR-D73C154FCE5A16,MOD-980E58AF8F6CD6,JBL Endurance Peak 3 Sport earbuds / ANC,التلفزيونات والصوتيات والتصوير,سماعات رأس,JBL,Endurance Peak 3,Sport earbuds / ANC,,,,JBLENDURPEAK3,,,mapped,2026-07-30T00:00:00,2026-07-30T00:00:00
VAR-52356E224D900C,MOD-1CFD9C5EE00F1C,JBL Tune 310C Wired earphones | Black,التلفزيونات والصوتيات والتصوير,سماعات رأس,JBL,Tune 310C,Wired earphones,,,Black,310C,,,mapped,2026-07-30T00:00:00,2026-07-30T00:00:00
VAR-9663EF511993AB,MOD-0FC3F05356F8B9,JBL Tune 520BT On-ear | Black,التلفزيونات والصوتيات والتصوير,سماعات رأس,JBL,Tune 520BT,On-ear,,,Black,520BT,,,mapped,2026-07-30T00:00:00,2026-07-30T00:00:00
VAR-A1C5E95A1F69C8,MOD-0FC3F05356F8B9,JBL Tune 520BT On-ear | Blue,التلفزيونات والصوتيات والتصوير,سماعات رأس,JBL,Tune 520BT,On-ear,,,Blue,520BT,,,mapped,2026-07-30T00:00:00,2026-07-30T00:00:00
VAR-4DE50FB361BD0C,MOD-0FC3F05356F8B9,JBL Tune 520BT On-ear | Purple,التلفزيونات والصوتيات والتصوير,سماعات رأس,JBL,Tune 520BT,On-ear,,,Purple,520BT,,,mapped,2026-07-30T00:00:00,2026-07-30T00:00:00
VAR-90BB1C55EEF4C8,MOD-5DF4A6578CB03D,JBL Tune 520BT Wireless On Ear Headphones Black,التلفزيونات والصوتيات والتصوير,سماعات رأس,JBL,Tune 520BT Wireless On Ear Headphones,Black,,,Black,,,,mapped,2026-07-30T00:00:00,2026-07-30T00:00:00
VAR-87153C44DA57E9,MOD-5DF4A6578CB03D,JBL Tune 520BT Wireless On Ear Headphones Purple,التلفزيونات والصوتيات والتصوير,سماعات رأس,JBL,Tune 520BT Wireless On Ear Headphones,Purple,,,Purple,,,,mapped,2026-07-30T00:00:00,2026-07-30T00:00:00
VAR-B5E4003C79D746,MOD-5711951D839480,JBL Tune 530BT On-ear | Blue,التلفزيونات والصوتيات والتصوير,سماعات رأس,JBL,Tune 530BT,On-ear,,,Blue,530BT,,,mapped,2026-07-30T00:00:00,2026-07-30T00:00:00
VAR-A78765CA82F689,MOD-8D51112DC0EBA5,JBL Tune 760NC Over-ear / ANC | Blue,التلفزيونات والصوتيات والتصوير,سماعات رأس,JBL,Tune 760NC,Over-ear / ANC,,,Blue,760NC,,,mapped,2026-07-30T00:00:00,2026-07-30T00:00:00
VAR-34F983FA46E5F3,MOD-8944C155AE7182,JBL Tune 780NC Over-ear / ANC | Black,التلفزيونات والصوتيات والتصوير,سماعات رأس,JBL,Tune 780NC,Over-ear / ANC,,,Black,780NC,,,mapped,2026-07-30T00:00:00,2026-07-30T00:00:00
VAR-A83C92DC6657C9,MOD-AA553737E670F4,JBL Tune Beam 2 TWS earbuds / ANC | Black,التلفزيونات والصوتيات والتصوير,سماعات رأس,JBL,Tune Beam 2,TWS earbuds / ANC,,,Black,,,,mapped,2026-07-30T00:00:00,2026-07-30T00:00:00
VAR-4F4E704972DD63,MOD-C654172F65049E,L'Avvento HP11B Black,التلفزيونات والصوتيات والتصوير,سماعات رأس,L'Avvento,HP11B,Black,,,Black,HP11B,,,mapped,2026-07-30T00:00:00,2026-07-30T00:00:00
VAR-CB4F37B69056A6,MOD-AF4DC7E6B40687,Lenovo Go Dark Grey,التلفزيونات والصوتيات والتصوير,سماعات رأس,Lenovo,Go,Dark Grey,,,Dark Grey,,,,mapped,2026-07-30T00:00:00,2026-07-30T00:00:00
VAR-21CBBC4AB608F3,MOD-FE41252A2A8AD3,Oraimo OHP-317 Speed Black / Red,التلفزيونات والصوتيات والتصوير,سماعات رأس,Oraimo,OHP-317,Speed Black / Red,,,Speed Black / Red,OHP-317,,,mapped,2026-07-30T00:00:00,2026-07-30T00:00:00
VAR-533328E2AA95B1,MOD-114AED02CF62EE,Oraimo OHP-917 Graphite Grey,التلفزيونات والصوتيات والتصوير,سماعات رأس,Oraimo,OHP-917,Graphite Grey,,,Graphite Grey,OHP-917,,,mapped,2026-07-30T00:00:00,2026-07-30T00:00:00
VAR-A08C13818076CD,MOD-B448ABFCF553BD,QCY BH24H3C Black,التلفزيونات والصوتيات والتصوير,سماعات رأس,QCY,BH24H3C,Black,,,Black,BH24H3C,,,mapped,2026-07-30T00:00:00,2026-07-30T00:00:00
VAR-57D78327ADC7FD,MOD-969643F0B6DCF4,Rapoo H120 Wired On Ear Headphones Black / Red,التلفزيونات والصوتيات والتصوير,سماعات رأس,Rapoo,H120 Wired On Ear Headphones,Black / Red,,,Black / Red,,,,mapped,2026-07-30T00:00:00,2026-07-30T00:00:00
VAR-AA32ABE0C64DA0,MOD-D82548B6D23E5A,Sony MDR-ZX110AP White,التلفزيونات والصوتيات والتصوير,سماعات رأس,Sony,MDR-ZX110AP,White,,,White,MDR-ZX110AP,,,mapped,2026-07-30T00:00:00,2026-07-30T00:00:00
VAR-44A21E8F899E7B,MOD-9ABC693DF10535,Sony MDR-ZX110AP/B Black,التلفزيونات والصوتيات والتصوير,سماعات رأس,Sony,MDR-ZX110AP/B,Black,,,Black,MDR-ZX110AP/B,,,mapped,2026-07-30T00:00:00,2026-07-30T00:00:00
VAR-1F0447C2B221AC,MOD-09C4CE3C663D66,Sony WH-1000XM5 Black,التلفزيونات والصوتيات والتصوير,سماعات رأس,Sony,WH-1000XM5,Black,,,Black,WH-1000XM5,,,mapped,2026-07-30T00:00:00,2026-07-30T00:00:00
VAR-902D5F122B1CFB,MOD-F89479E54BC655,Sony WH-1000XM5 Over-ear / ANC | Black,التلفزيونات والصوتيات والتصوير,سماعات رأس,Sony,WH-1000XM5,Over-ear / ANC,,,Black,WH-1000XM5,,,mapped,2026-07-30T00:00:00,2026-07-30T00:00:00
VAR-C64C4BC6A6F42A,MOD-F89479E54BC655,Sony WH-1000XM5 Over-ear / ANC | Blue,التلفزيونات والصوتيات والتصوير,سماعات رأس,Sony,WH-1000XM5,Over-ear / ANC,,,Blue,WH-1000XM5,,,mapped,2026-07-30T00:00:00,2026-07-30T00:00:00
VAR-5716CBBEE5D684,MOD-4E43B5985509BD,Sony WH-CH520 Black,التلفزيونات والصوتيات والتصوير,سماعات رأس,Sony,WH-CH520,Black,,,Black,WH-CH520,,,mapped,2026-07-30T00:00:00,2026-07-30T00:00:00
VAR-6C8695BEB55590,MOD-4E43B5985509BD,Sony WH-CH520 White,التلفزيونات والصوتيات والتصوير,سماعات رأس,Sony,WH-CH520,White,,,White,WH-CH520,,,mapped,2026-07-30T00:00:00,2026-07-30T00:00:00
VAR-7A62313426D7F5,MOD-D3A19BEA27FC96,Ausek Handheld Black,التلفزيونات والصوتيات والتصوير,كاميرات أكشن,Ausek,Handheld,Black,,,Black,,,,mapped,2026-07-30T00:00:00,2026-07-30T00:00:00
VAR-604A38F0442F57,MOD-1133467EF769C4,"DJI 24 mm, Black Black",التلفزيونات والصوتيات والتصوير,كاميرات أكشن,DJI,"24 mm, Black",Black,,,Black,"24 mm, Black",,,mapped,2026-07-30T00:00:00,2026-07-30T00:00:00
VAR-1A2597121D7C1B,MOD-1DF1C128B060A9,DJI DJI-ZA600-C2 Black,التلفزيونات والصوتيات والتصوير,كاميرات أكشن,DJI,DJI-ZA600-C2,Black,,,Black,DJI-ZA600-C2,,,mapped,2026-07-30T00:00:00,2026-07-30T00:00:00
VAR-45C8A9982F3D8C,MOD-B5F4628D915FD7,DJI Osmo Action 3 Creator Combo,التلفزيونات والصوتيات والتصوير,كاميرات أكشن,DJI,Osmo Action 3,Creator Combo,,,,,,,mapped,2026-07-30T00:00:00,2026-07-30T00:00:00
VAR-9F404F6E49F31E,MOD-956BA8B22CFC2E,DJI Osmo Action 4 Standard Combo Bundle,التلفزيونات والصوتيات والتصوير,كاميرات أكشن,DJI,Osmo Action 4,Standard Combo Bundle,,,,,,,mapped,2026-07-30T00:00:00,2026-07-30T00:00:00
VAR-BA0B7F3FA4456C,MOD-81AB611D372AAB,DJI Osmo Action 5 Pro Adventure Pack,التلفزيونات والصوتيات والتصوير,كاميرات أكشن,DJI,Osmo Action 5 Pro,Adventure Pack,,,,,,,mapped,2026-07-30T00:00:00,2026-07-30T00:00:00
VAR-23CE1A9FE2E7F6,MOD-434C5DDD15CE03,DJI Osmo Action 5 Pro Black,التلفزيونات والصوتيات والتصوير,كاميرات أكشن,DJI,Osmo Action 5 Pro,Black,,,Black,,,,mapped,2026-07-30T00:00:00,2026-07-30T00:00:00
VAR-F6DCE29E314A9F,MOD-F0FDC91FCCB3F7,DJI Osmo Action 6 Essential Combo,التلفزيونات والصوتيات والتصوير,كاميرات أكشن,DJI,Osmo Action 6,Essential Combo,,,,,,,mapped,2026-07-30T00:00:00,2026-07-30T00:00:00
VAR-104AA251BA9246,MOD-DEAB7308DCC3EE,GoPro HERO11 Black Mini Mini,التلفزيونات والصوتيات والتصوير,كاميرات أكشن,GoPro,HERO11 Black Mini,Mini,,,Black,CHDHF-111-RW,,,mapped,2026-07-30T00:00:00,2026-07-30T00:00:00
VAR-1F80F2B75D05F5,MOD-1DB9B5243B0530,GoPro HERO12 Black Black,التلفزيونات والصوتيات والتصوير,كاميرات أكشن,GoPro,HERO12 Black,Black,,,Black,,,,mapped,2026-07-30T00:00:00,2026-07-30T00:00:00
VAR-FD655AC13A525E,MOD-C0A6A2F389620F,GoPro HERO13 Black Black + 128GB card bundle,التلفزيونات والصوتيات والتصوير,كاميرات أكشن,GoPro,HERO13 Black,Black + 128GB card bundle,,,Black,,,,mapped,2026-07-30T00:00:00,2026-07-30T00:00:00
VAR-E6D26A1DB2A500,MOD-91322D89F32C0E,GoPro Max 360 Black,التلفزيونات والصوتيات والتصوير,كاميرات أكشن,GoPro,Max 360,Black,,,Black,,,,mapped,2026-07-30T00:00:00,2026-07-30T00:00:00
VAR-E56C4AA008F6BA,MOD-11D50CE0EA9FDD,Canon EOS 90D Body only | Black,التلفزيونات والصوتيات والتصوير,كاميرات رقمية,Canon,EOS 90D,Body only,,,Black,,,,mapped,2026-07-30T00:00:00,2026-07-30T00:00:00
VAR-5944D6BBFF2B53,MOD-6A6E75DE872E4D,Canon EOS R5 Body only | Black,التلفزيونات والصوتيات والتصوير,كاميرات رقمية,Canon,EOS R5,Body only,,,Black,,,,mapped,2026-07-30T00:00:00,2026-07-30T00:00:00
VAR-24445DF5B9F640,MOD-D9E2B496C064C0,Canon EOS R5 Mark II RF24-105mm F4 L IS USM Lens Kit | Black,التلفزيونات والصوتيات والتصوير,كاميرات رقمية,Canon,EOS R5 Mark II,RF24-105mm F4 L IS USM Lens Kit,,,Black,,,,mapped,2026-07-30T00:00:00,2026-07-30T00:00:00
VAR-BE38CE625985A4,MOD-ECE436E17D51AE,Canon EOS R6 Mark II Body only | Black,التلفزيونات والصوتيات والتصوير,كاميرات رقمية,Canon,EOS R6 Mark II,Body only,,,Black,,,,mapped,2026-07-30T00:00:00,2026-07-30T00:00:00
VAR-1A0986303AED5C,MOD-848AC89C4828FC,Fujifilm Instax Mini 12 Instant camera | Blossom Pink,التلفزيونات والصوتيات والتصوير,كاميرات رقمية,Fujifilm,Instax Mini 12,Instant camera,,,Blossom Pink,,,,mapped,2026-07-30T00:00:00,2026-07-30T00:00:00
VAR-BCABE51E79F53D,MOD-D35C199119B6CC,Sony Alpha 7 V Body only | Black,التلفزيونات والصوتيات والتصوير,كاميرات رقمية,Sony,Alpha 7 V,Body only,,,Black,,,,mapped,2026-07-30T00:00:00,2026-07-30T00:00:00
VAR-2D9B93A70B6C01,MOD-A30A4700B0C4B5,Sony Alpha a7 III 28-70mm lens kit | Black,التلفزيونات والصوتيات والتصوير,كاميرات رقمية,Sony,Alpha a7 III,28-70mm lens kit,,,Black,ILCE7M3K/B,,,mapped,2026-07-30T00:00:00,2026-07-30T00:00:00
VAR-1D95BE1D815EAD,MOD-A30A4700B0C4B5,Sony Alpha a7 III Body only | Black,التلفزيونات والصوتيات والتصوير,كاميرات رقمية,Sony,Alpha a7 III,Body only,,,Black,ILCE7M3,,,mapped,2026-07-30T00:00:00,2026-07-30T00:00:00
VAR-BE34A37A1AFF71,MOD-D85AA7408FA974,Sony Alpha a7 IV 28-70mm lens bundle / 128GB card | Black,التلفزيونات والصوتيات والتصوير,كاميرات رقمية,Sony,Alpha a7 IV,28-70mm lens bundle / 128GB card,,,Black,,,,mapped,2026-07-30T00:00:00,2026-07-30T00:00:00
VAR-BBD7FF7B93E9EB,MOD-D85AA7408FA974,Sony Alpha a7 IV Body only | Black,التلفزيونات والصوتيات والتصوير,كاميرات رقمية,Sony,Alpha a7 IV,Body only,,,Black,,,,mapped,2026-07-30T00:00:00,2026-07-30T00:00:00
VAR-853F1614EE496A,MOD-10A8AEBEE05067,ASUS Dual GeForce RTX 5060 8GB GDDR7 Dual GeForce RTX 5060 8GB GDDR7,الكمبيوتر والشبكات,بطاقات رسومية,ASUS,Dual GeForce RTX 5060 8GB GDDR7,Dual GeForce RTX 5060 8GB GDDR7,,,,,,,mapped,2026-07-30T00:00:00,2026-07-30T00:00:00
VAR-52F0BA0333C652,MOD-9560177FAA9756,ASUS Dual GeForce RTX 5060 Ti O16G OC Edition Dual GeForce RTX 5060 Ti O16G OC Edition,الكمبيوتر والشبكات,بطاقات رسومية,ASUS,Dual GeForce RTX 5060 Ti O16G OC Edition,Dual GeForce RTX 5060 Ti O16G OC Edition,,,,,,,mapped,2026-07-30T00:00:00,2026-07-30T00:00:00
VAR-D431EE1C32D80B,MOD-1F131D2BA27FEB,ASUS PRIME GeForce RTX 5060 8GB GDDR7 OC Edition PRIME GeForce RTX 5060 8GB GDDR7 OC Edition,الكمبيوتر والشبكات,بطاقات رسومية,ASUS,PRIME GeForce RTX 5060 8GB GDDR7 OC Edition,PRIME GeForce RTX 5060 8GB GDDR7 OC Edition,,,,,,,mapped,2026-07-30T00:00:00,2026-07-30T00:00:00
VAR-2F0C09D9734FCC,MOD-70547A1B28F8BF,ASUS PRIME GeForce RTX 5060 Ti 8GB GDDR7 OC Edition PRIME GeForce RTX 5060 Ti 8GB GDDR7 OC Edition,الكمبيوتر والشبكات,بطاقات رسومية,ASUS,PRIME GeForce RTX 5060 Ti 8GB GDDR7 OC Edition,PRIME GeForce RTX 5060 Ti 8GB GDDR7 OC Edition,,,,,,,mapped,2026-07-30T00:00:00,2026-07-30T00:00:00
VAR-BA600F5D091BC1,MOD-38152BCC48353B,Gigabyte GeForce RTX 5060 EAGLE OC ICE 8G GeForce RTX 5060 EAGLE OC ICE 8G / White,الكمبيوتر والشبكات,بطاقات رسومية,Gigabyte,GeForce RTX 5060 EAGLE OC ICE 8G,GeForce RTX 5060 EAGLE OC ICE 8G / White,,,White,,,,mapped,2026-07-30T00:00:00,2026-07-30T00:00:00
VAR-4A5E5F29209988,MOD-2002D74B1782C1,Gigabyte GeForce RTX 5060 Ti EAGLE OC 8G GeForce RTX 5060 Ti EAGLE OC 8G,الكمبيوتر والشبكات,بطاقات رسومية,Gigabyte,GeForce RTX 5060 Ti EAGLE OC 8G,GeForce RTX 5060 Ti EAGLE OC 8G,,,,,,,mapped,2026-07-30T00:00:00,2026-07-30T00:00:00
VAR-99268B5E054E46,MOD-1078F7862F51C6,Gigabyte GeForce RTX 5060 Ti EAGLE OC ICE 16G GeForce RTX 5060 Ti EAGLE OC ICE 16G / White,الكمبيوتر والشبكات,بطاقات رسومية,Gigabyte,GeForce RTX 5060 Ti EAGLE OC ICE 16G,GeForce RTX 5060 Ti EAGLE OC ICE 16G / White,,,White,,,,mapped,2026-07-30T00:00:00,2026-07-30T00:00:00
VAR-02F29B778289F0,MOD-9173CA57D9130D,Gigabyte GeForce RTX 5060 WINDFORCE MAX OC 8G GeForce RTX 5060 WINDFORCE MAX OC 8G,الكمبيوتر والشبكات,بطاقات رسومية,Gigabyte,GeForce RTX 5060 WINDFORCE MAX OC 8G,GeForce RTX 5060 WINDFORCE MAX OC 8G,,,,,,,mapped,2026-07-30T00:00:00,2026-07-30T00:00:00
VAR-2D83B19FFEFD26,MOD-2AF4EA12A9D1CB,Palit GeForce RTX 5060 Dual OC 8GB GeForce RTX 5060 Dual OC 8GB,الكمبيوتر والشبكات,بطاقات رسومية,Palit,GeForce RTX 5060 Dual OC 8GB,GeForce RTX 5060 Dual OC 8GB,,,,,,,mapped,2026-07-30T00:00:00,2026-07-30T00:00:00
VAR-CCADC19BDFFA32,MOD-C4C5612C5D73CA,ASUS ROG Strix XG27ACG 27-inch / ROG Strix XG27ACG,الكمبيوتر والشبكات,شاشات كمبيوتر,ASUS,ROG Strix XG27ACG,27-inch / ROG Strix XG27ACG,,,,XG27ACG,,,mapped,2026-07-30T00:00:00,2026-07-30T00:00:00
VAR-C283E182B6C7F4,MOD-0DF76CBD10F780,ASUS TUF Gaming VG279QM5A 27-inch / TUF Gaming VG279QM5A,الكمبيوتر والشبكات,شاشات كمبيوتر,ASUS,TUF Gaming VG279QM5A,27-inch / TUF Gaming VG279QM5A,,,,VG279QM5A,,,mapped,2026-07-30T00:00:00,2026-07-30T00:00:00
VAR-0F8A75CADEFDA0,MOD-9A30758901F0D0,LG UltraGear 27GN65R-B 27-inch / UltraGear 27GN65R-B / Black,الكمبيوتر والشبكات,شاشات كمبيوتر,LG,UltraGear 27GN65R-B,27-inch / UltraGear 27GN65R-B / Black,,,Black,27GN65R-B,,,mapped,2026-07-30T00:00:00,2026-07-30T00:00:00
VAR-53C748699913C3,MOD-0606C4170F8946,MSI MAG 275QF 27-inch / MAG 275QF,الكمبيوتر والشبكات,شاشات كمبيوتر,MSI,MAG 275QF,27-inch / MAG 275QF,,,,MAG 275QF,,,mapped,2026-07-30T00:00:00,2026-07-30T00:00:00
VAR-41EB10F68FB62A,MOD-AD6E0805C6D368,MSI Modern MD272UPHW 27-inch / Modern MD272UPHW,الكمبيوتر والشبكات,شاشات كمبيوتر,MSI,Modern MD272UPHW,27-inch / Modern MD272UPHW,,,,MD272UPHW,,,mapped,2026-07-30T00:00:00,2026-07-30T00:00:00
VAR-EE73FBD8CBFFB1,MOD-ED33C17A13DC7F,Samsung Essential S3 LS27D302GAUXEN 27-inch / Essential S3 LS27D302GAUXEN / Black,الكمبيوتر والشبكات,شاشات كمبيوتر,Samsung,Essential S3 LS27D302GAUXEN,27-inch / Essential S3 LS27D302GAUXEN / Black,,,Black,LS27D302GAUXEN,,,mapped,2026-07-30T00:00:00,2026-07-30T00:00:00
VAR-E5A4F5C30052E7,MOD-41EE44BF211129,Samsung Odyssey G5 G50D 27-inch / Odyssey G5 G50D / Black,الكمبيوتر والشبكات,شاشات كمبيوتر,Samsung,Odyssey G5 G50D,27-inch / Odyssey G5 G50D / Black,,,Black,LS27DG502EUXEN,,,mapped,2026-07-30T00:00:00,2026-07-30T00:00:00
VAR-B29D708B3AB840,MOD-E69E8BEBEC2C54,Samsung Odyssey G6 G61SD 27-inch / Odyssey G6 G61SD / Silver,الكمبيوتر والشبكات,شاشات كمبيوتر,Samsung,Odyssey G6 G61SD,27-inch / Odyssey G6 G61SD / Silver,,,Silver,LS27DG612SUXEN,,,mapped,2026-07-30T00:00:00,2026-07-30T00:00:00
VAR-8BD8FCADF45063,MOD-FCA32774160356,Acer Nitro Lite 16 16GB RAM / 512GB SSD | 512GB Storage,الكمبيوتر والشبكات,لابتوبات,Acer,Nitro Lite 16,16GB RAM / 512GB SSD,16,512,,,,,mapped,2026-07-30T00:00:00,2026-07-30T00:00:00
VAR-6F58E4E308750A,MOD-6183B16FBD471C,Acer Nitro V 15 ANV15-52-9340 16GB RAM / 512GB SSD / ANV15-52-9340 | 512GB Storage,الكمبيوتر والشبكات,لابتوبات,Acer,Nitro V 15 ANV15-52-9340,16GB RAM / 512GB SSD / ANV15-52-9340,16,512,,ANV15-52-9340,,,mapped,2026-07-30T00:00:00,2026-07-30T00:00:00
VAR-68D95EAC691613,MOD-5E506E9BDB006E,Acer Nitro V 16S 16GB RAM / 512GB SSD | 512GB Storage,الكمبيوتر والشبكات,لابتوبات,Acer,Nitro V 16S,16GB RAM / 512GB SSD,16,512,,,,,mapped,2026-07-30T00:00:00,2026-07-30T00:00:00
VAR-B779AF641256EF,MOD-D89EB395B917E1,Apple MacBook Air 16GB RAM / 256GB Storage / Midnight Black,الكمبيوتر والشبكات,لابتوبات,Apple,MacBook Air,16GB RAM | 256GB Storage | Midnight Black,16,256,Midnight Black,,,,mapped,2026-07-30T00:00:00,2026-07-30T00:00:00
VAR-B4CB89BCB433EC,MOD-D89EB395B917E1,Apple MacBook Air 16GB RAM / 512GB Storage / Midnight,الكمبيوتر والشبكات,لابتوبات,Apple,MacBook Air,16GB RAM | 512GB Storage | Midnight,16,512,Midnight,,,,mapped,2026-07-30T00:00:00,2026-07-30T00:00:00
VAR-E831B967F0B31A,MOD-D89EB395B917E1,Apple MacBook Air 16GB RAM / 512GB Storage / Midnight Black,الكمبيوتر والشبكات,لابتوبات,Apple,MacBook Air,16GB RAM | 512GB Storage | Midnight Black,16,512,Midnight Black,,,,mapped,2026-07-30T00:00:00,2026-07-30T00:00:00
VAR-9BC19F2C790C9B,MOD-D89EB395B917E1,Apple MacBook Air 16GB RAM / 512GB Storage / Sky Blue,الكمبيوتر والشبكات,لابتوبات,Apple,MacBook Air,16GB RAM | 512GB Storage | Sky Blue,16,512,Sky Blue,,,,mapped,2026-07-30T00:00:00,2026-07-30T00:00:00
VAR-9E6679B306610E,MOD-D89EB395B917E1,Apple MacBook Air 24GB RAM / 512GB Storage / Silver,الكمبيوتر والشبكات,لابتوبات,Apple,MacBook Air,24GB RAM | 512GB Storage | Silver,24,512,Silver,,,,mapped,2026-07-30T00:00:00,2026-07-30T00:00:00
VAR-0F51B049F27D7D,MOD-D89EB395B917E1,Apple MacBook Air 8GB RAM / 256GB Storage / Silver,الكمبيوتر والشبكات,لابتوبات,Apple,MacBook Air,8GB RAM | 256GB Storage | Silver,8,256,Silver,,,,mapped,2026-07-30T00:00:00,2026-07-30T00:00:00
VAR-7351CB624A62ED,MOD-21CA89ACCD937C,"Apple MacBook Air 13-inch (M5, 2026) 16GB unified memory / 512GB SSD / Midnight / MDHE4 | 16GB RAM | 512GB Storage",الكمبيوتر والشبكات,لابتوبات,Apple,"MacBook Air 13-inch (M5, 2026)",16GB unified memory / 512GB SSD / Midnight / MDHE4,16,512,Midnight,MDHE4,,,mapped,2026-07-30T00:00:00,2026-07-30T00:00:00
VAR-B8D4F8CCC9E6D1,MOD-21CA89ACCD937C,"Apple MacBook Air 13-inch (M5, 2026) 16GB unified memory / 512GB SSD / Silver / MDH74 | 16GB RAM | 512GB Storage",الكمبيوتر والشبكات,لابتوبات,Apple,"MacBook Air 13-inch (M5, 2026)",16GB unified memory / 512GB SSD / Silver / MDH74,16,512,Silver,MDH74,,,mapped,2026-07-30T00:00:00,2026-07-30T00:00:00
VAR-9A3A792A76D755,MOD-21CA89ACCD937C,"Apple MacBook Air 13-inch (M5, 2026) 16GB unified memory / 512GB SSD / Sky Blue / MDHH4 | 16GB RAM | 512GB Storage",الكمبيوتر والشبكات,لابتوبات,Apple,"MacBook Air 13-inch (M5, 2026)",16GB unified memory / 512GB SSD / Sky Blue / MDHH4,16,512,Sky Blue,MDHH4,,,mapped,2026-07-30T00:00:00,2026-07-30T00:00:00
VAR-361BCE57A92842,MOD-21CA89ACCD937C,"Apple MacBook Air 13-inch (M5, 2026) 16GB unified memory / 512GB SSD / Starlight / MDHA4 | 16GB RAM | 512GB Storage",الكمبيوتر والشبكات,لابتوبات,Apple,"MacBook Air 13-inch (M5, 2026)",16GB unified memory / 512GB SSD / Starlight / MDHA4,16,512,Starlight,MDHA4,,,mapped,2026-07-30T00:00:00,2026-07-30T00:00:00
VAR-EA83845B7901CA,MOD-98F318A994BEA5,Apple MacBook Air 2020 8GB RAM / 256GB Storage / Space Grey,الكمبيوتر والشبكات,لابتوبات,Apple,MacBook Air 2020,8GB RAM | 256GB Storage | Space Grey,8,256,Space Grey,,,,mapped,2026-07-30T00:00:00,2026-07-30T00:00:00
VAR-33A2F2986CC0BD,MOD-E747D259BD7D6F,Apple MacBook Air 2025 MW123 16GB RAM / 256GB Storage / Midnight,الكمبيوتر والشبكات,لابتوبات,Apple,MacBook Air 2025 MW123,16GB RAM | 256GB Storage | Midnight,16,256,Midnight,,,,mapped,2026-07-30T00:00:00,2026-07-30T00:00:00
VAR-48086F7400D75D,MOD-1A57392D5F8040,Apple MacBook Neo 8GB RAM / 256GB Storage / Blush,الكمبيوتر والشبكات,لابتوبات,Apple,MacBook Neo,8GB RAM | 256GB Storage | Blush,8,256,Blush,,,,mapped,2026-07-30T00:00:00,2026-07-30T00:00:00
VAR-01B286D1EF87F7,MOD-1A57392D5F8040,Apple MacBook Neo 8GB RAM / 256GB Storage / Citrus,الكمبيوتر والشبكات,لابتوبات,Apple,MacBook Neo,8GB RAM | 256GB Storage | Citrus,8,256,Citrus,,,,mapped,2026-07-30T00:00:00,2026-07-30T00:00:00
VAR-CB77639B7C737B,MOD-1A57392D5F8040,Apple MacBook Neo 8GB RAM / 256GB Storage / Indigo,الكمبيوتر والشبكات,لابتوبات,Apple,MacBook Neo,8GB RAM | 256GB Storage | Indigo,8,256,Indigo,,,,mapped,2026-07-30T00:00:00,2026-07-30T00:00:00
VAR-A150C79501D508,MOD-1A57392D5F8040,Apple MacBook Neo 8GB RAM / 256GB Storage / Silver,الكمبيوتر والشبكات,لابتوبات,Apple,MacBook Neo,8GB RAM | 256GB Storage | Silver,8,256,Silver,,,,mapped,2026-07-30T00:00:00,2026-07-30T00:00:00
VAR-72AB98BDD4678C,MOD-1A57392D5F8040,Apple MacBook Neo 8GB RAM / 512GB Storage / Citrus,الكمبيوتر والشبكات,لابتوبات,Apple,MacBook Neo,8GB RAM | 512GB Storage | Citrus,8,512,Citrus,,,,mapped,2026-07-30T00:00:00,2026-07-30T00:00:00
VAR-0A6E71713E10B3,MOD-1A57392D5F8040,Apple MacBook Neo 8GB RAM / 512GB Storage / Indigo,الكمبيوتر والشبكات,لابتوبات,Apple,MacBook Neo,8GB RAM | 512GB Storage | Indigo,8,512,Indigo,,,,mapped,2026-07-30T00:00:00,2026-07-30T00:00:00
VAR-E7ECA57ED575F4,MOD-1A57392D5F8040,Apple MacBook Neo 8GB RAM / 512GB Storage / Silver,الكمبيوتر والشبكات,لابتوبات,Apple,MacBook Neo,8GB RAM | 512GB Storage | Silver,8,512,Silver,,,,mapped,2026-07-30T00:00:00,2026-07-30T00:00:00
VAR-152460AB191A1F,MOD-5A21CEA68F216D,Apple MacBook Neo International Version MHFF4LLA 8GB RAM / 512GB Storage / Indigo,الكمبيوتر والشبكات,لابتوبات,Apple,MacBook Neo International Version MHFF4LLA,8GB RAM | 512GB Storage | Indigo,8,512,Indigo,,,,mapped,2026-07-30T00:00:00,2026-07-30T00:00:00
VAR-73635EF4ED4D29,MOD-675D228BAE8918,Apple MacBook Neo International Version MHFH4LLA 8GB RAM / 256GB Storage / Blush,الكمبيوتر والشبكات,لابتوبات,Apple,MacBook Neo International Version MHFH4LLA,8GB RAM | 256GB Storage | Blush,8,256,Blush,,,,mapped,2026-07-30T00:00:00,2026-07-30T00:00:00
VAR-1B16D3C38711BF,MOD-675D228BAE8918,Apple MacBook Neo International Version MHFH4LLA 8GB RAM / 512GB Storage / Blush,الكمبيوتر والشبكات,لابتوبات,Apple,MacBook Neo International Version MHFH4LLA,8GB RAM | 512GB Storage | Blush,8,512,Blush,,,,mapped,2026-07-30T00:00:00,2026-07-30T00:00:00
VAR-83305BF3E5E6E8,MOD-73E74A66B3310C,Apple MacBook Pro 1TB Storage / Space Black,الكمبيوتر والشبكات,لابتوبات,Apple,MacBook Pro,1TB Storage | Space Black,,1024,Space Black,,,,mapped,2026-07-30T00:00:00,2026-07-30T00:00:00
VAR-21777A6A8879A7,MOD-73E74A66B3310C,Apple MacBook Pro 48GB RAM / 512GB Storage / Silver,الكمبيوتر والشبكات,لابتوبات,Apple,MacBook Pro,48GB RAM | 512GB Storage | Silver,48,512,Silver,,,,mapped,2026-07-30T00:00:00,2026-07-30T00:00:00
VAR-2D3D93F9090F05,MOD-D8C031635AB17B,ASUS TUF Gaming A15 FA506NCQ-HN167W 16GB RAM / 512GB SSD / Graphite Black / FA506NCQ-HN167W | 512GB Storage,الكمبيوتر والشبكات,لابتوبات,ASUS,TUF Gaming A15 FA506NCQ-HN167W,16GB RAM / 512GB SSD / Graphite Black / FA506NCQ-HN167W,16,512,Graphite Black,FA506NCQ-HN167W,,,mapped,2026-07-30T00:00:00,2026-07-30T00:00:00
VAR-A1047B5C93EC3F,MOD-2192289293162F,ASUS TUF Gaming F16 FX607VJ-RL805W 8GB RAM / 512GB SSD / FX607VJ-RL805W | 512GB Storage,الكمبيوتر والشبكات,لابتوبات,ASUS,TUF Gaming F16 FX607VJ-RL805W,8GB RAM / 512GB SSD / FX607VJ-RL805W,8,512,,FX607VJ-RL805W,,,mapped,2026-07-30T00:00:00,2026-07-30T00:00:00
VAR-D19FDFDE73B24E,MOD-9540129D425FA5,ASUS TUF Gaming F16 FX608JHR-RV057W 16GB RAM / 512GB SSD / FX608JHR-RV057W | 512GB Storage,الكمبيوتر والشبكات,لابتوبات,ASUS,TUF Gaming F16 FX608JHR-RV057W,16GB RAM / 512GB SSD / FX608JHR-RV057W,16,512,,FX608JHR-RV057W,,,mapped,2026-07-30T00:00:00,2026-07-30T00:00:00
VAR-A6234A958054C5,MOD-52002E16B93AF4,ASUS VivoBook 16 X1605VA-ACH007W 16GB RAM / 512GB SSD / X1605VA-ACH007W | 512GB Storage,الكمبيوتر والشبكات,لابتوبات,ASUS,VivoBook 16 X1605VA-ACH007W,16GB RAM / 512GB SSD / X1605VA-ACH007W,16,512,,X1605VA-ACH007W,,,mapped,2026-07-30T00:00:00,2026-07-30T00:00:00
VAR-7D4D3CD7CA8864,MOD-4F738D216210EE,ASUS VivoBook 16 X1607CA-UL005W 16GB RAM / 512GB SSD / Silver / X1607CA-UL005W | 512GB Storage,الكمبيوتر والشبكات,لابتوبات,ASUS,VivoBook 16 X1607CA-UL005W,16GB RAM / 512GB SSD / Silver / X1607CA-UL005W,16,512,Silver,X1607CA-UL005W,,,mapped,2026-07-30T00:00:00,2026-07-30T00:00:00
VAR-5282733CE9D648,MOD-32637FAE504E42,Dell Dell G15 5530 16GB RAM / 512GB SSD / Dark Grey / G15 5530 | 512GB Storage,الكمبيوتر والشبكات,لابتوبات,Dell,Dell G15 5530,16GB RAM / 512GB SSD / Dark Grey / G15 5530,16,512,Dark Grey,G15 5530,,,mapped,2026-07-30T00:00:00,2026-07-30T00:00:00
VAR-76262E0DE38301,MOD-7D2C5784A580E7,Dell Vostro 3520 16GB RAM / 512GB SSD / Carbon Black | 512GB Storage,الكمبيوتر والشبكات,لابتوبات,Dell,Vostro 3520,16GB RAM / 512GB SSD / Carbon Black,16,512,Carbon Black,,,,mapped,2026-07-30T00:00:00,2026-07-30T00:00:00
VAR-2EE6AB165C5D99,MOD-7F4A7B0F25E386,HP 14-em0010ne 16GB RAM / 256GB Storage / Natural Silver,الكمبيوتر والشبكات,لابتوبات,HP,14-em0010ne,16GB RAM | 256GB Storage | Natural Silver,16,256,Natural Silver,,,,mapped,2026-07-30T00:00:00,2026-07-30T00:00:00
VAR-EED1E6A53BD091,MOD-D2D3ABF0BDE6CD,HP 15-fd0557nia 8GB RAM / 512GB Storage / Natural Silver,الكمبيوتر والشبكات,لابتوبات,HP,15-fd0557nia,8GB RAM | 512GB Storage | Natural Silver,8,512,Natural Silver,,,,mapped,2026-07-30T00:00:00,2026-07-30T00:00:00
VAR-ABD98265AD4E97,MOD-42236DC401A777,HP 15-fd2001ne C53H7EA 1TB Storage / Natural Silver,الكمبيوتر والشبكات,لابتوبات,HP,15-fd2001ne C53H7EA,1TB Storage | Natural Silver,,1024,Natural Silver,,,,mapped,2026-07-30T00:00:00,2026-07-30T00:00:00
VAR-7C883B147858D2,MOD-6DC8E5AEE91C6D,HP AI 15-fd2000ne C53H6EA 16GB RAM / 512GB Storage / Natural Silver,الكمبيوتر والشبكات,لابتوبات,HP,AI 15-fd2000ne C53H6EA,16GB RAM | 512GB Storage | Natural Silver,16,512,Natural Silver,,,,mapped,2026-07-30T00:00:00,2026-07-30T00:00:00
VAR-F9B19C89F2CEEB,MOD-B68BBE82D6D49F,HP AI 15-fd2036ne 8GB RAM / 512GB Storage / Natural Silver,الكمبيوتر والشبكات,لابتوبات,HP,AI 15-fd2036ne,8GB RAM | 512GB Storage | Natural Silver,8,512,Natural Silver,,,,mapped,2026-07-30T00:00:00,2026-07-30T00:00:00
VAR-BA79B3F3665DEA,MOD-B38AE51526B843,HP HP 14-em0026ne 16GB RAM / 512GB SSD / Natural Silver / C53HDEA | 512GB Storage,الكمبيوتر والشبكات,لابتوبات,HP,HP 14-em0026ne,16GB RAM / 512GB SSD / Natural Silver / C53HDEA,16,512,Natural Silver,C53HDEA,,,mapped,2026-07-30T00:00:00,2026-07-30T00:00:00
VAR-DB382F2C2AFA95,MOD-8097AE2826F9C6,HP OMEN 16-am0055ne Gaming 1TB Storage / Shadow Black,الكمبيوتر والشبكات,لابتوبات,HP,OMEN 16-am0055ne Gaming,1TB Storage | Shadow Black,,1024,Shadow Black,,,,mapped,2026-07-30T00:00:00,2026-07-30T00:00:00
VAR-2E758474356BE4,MOD-94FD026312B1DF,HP OMEN MAX 16-ak0007ne C65XYEA Gaming 16GB RAM / 512GB Storage / Shadow Black,الكمبيوتر والشبكات,لابتوبات,HP,OMEN MAX 16-ak0007ne C65XYEA Gaming,16GB RAM | 512GB Storage | Shadow Black,16,512,Shadow Black,,,,mapped,2026-07-30T00:00:00,2026-07-30T00:00:00
VAR-42C41B492EA3F8,MOD-FAEB6D52D28CFA,HP OmniBook 3 15-fn0001ne C65XSEA 16GB RAM / 512GB Storage / Glacier Silver,الكمبيوتر والشبكات,لابتوبات,HP,OmniBook 3 15-fn0001ne C65XSEA,16GB RAM | 512GB Storage | Glacier Silver,16,512,Glacier Silver,,,,mapped,2026-07-30T00:00:00,2026-07-30T00:00:00
VAR-6BD600519CBF2D,MOD-B0606BCEF7D005,HP OmniBook 3 15-fn0002ne C65XTEA 1TB Storage / Glacier Silver,الكمبيوتر والشبكات,لابتوبات,HP,OmniBook 3 15-fn0002ne C65XTEA,1TB Storage | Glacier Silver,,1024,Glacier Silver,,,,mapped,2026-07-30T00:00:00,2026-07-30T00:00:00
VAR-2DDDCF445F3F94,MOD-53462173150287,HP OmniBook 5 Flip 14-fp0027ne C53GX 16GB RAM / 512GB Storage / 3G / Glacier Silver,الكمبيوتر والشبكات,لابتوبات,HP,OmniBook 5 Flip 14-fp0027ne C53GX,16GB RAM | 512GB Storage | 3G | Glacier Silver,16,512,Glacier Silver,,,,mapped,2026-07-30T00:00:00,2026-07-30T00:00:00
VAR-4A3117EB859BFF,MOD-A6C8A8B10EA870,HP OmniBook 5 Flip 14-fp0050ne 2 in 1 8GB RAM / 512GB Storage / Glacier Silver,الكمبيوتر والشبكات,لابتوبات,HP,OmniBook 5 Flip 14-fp0050ne 2 in 1,8GB RAM | 512GB Storage | Glacier Silver,8,512,Glacier Silver,,,,mapped,2026-07-30T00:00:00,2026-07-30T00:00:00
VAR-4ED300BEB72B05,MOD-066A4D00F7CCE4,HP ProBook 4 G1i Notebook AI PC 16GB RAM / 512GB Storage / Pike Silver Aluminum,الكمبيوتر والشبكات,لابتوبات,HP,ProBook 4 G1i Notebook AI PC,16GB RAM | 512GB Storage | Pike Silver Aluminum,16,512,Pike Silver Aluminum,,,,mapped,2026-07-30T00:00:00,2026-07-30T00:00:00
VAR-9216F0BBE332A5,MOD-D0F809B0DBD19A,HP ProBook 460 G11 16GB RAM / 512GB SSD | 512GB Storage,الكمبيوتر والشبكات,لابتوبات,HP,ProBook 460 G11,16GB RAM / 512GB SSD,16,512,,,,,mapped,2026-07-30T00:00:00,2026-07-30T00:00:00
VAR-55D46094DD503B,MOD-092236B5802476,HP Victus 15-FA0033DX 8GB RAM / 512GB Storage / Blue,الكمبيوتر والشبكات,لابتوبات,HP,Victus 15-FA0033DX,8GB RAM | 512GB Storage | Blue,8,512,Blue,,,,mapped,2026-07-30T00:00:00,2026-07-30T00:00:00
VAR-CE9E60EC20AD34,MOD-CA04C6A56B9E1E,HP Victus 15-fa1020nia Gaming 8GB RAM / 512GB Storage / Performance Blue,الكمبيوتر والشبكات,لابتوبات,HP,Victus 15-fa1020nia Gaming,8GB RAM | 512GB Storage | Performance Blue,8,512,Performance Blue,,,,mapped,2026-07-30T00:00:00,2026-07-30T00:00:00
VAR-3579D57643AB72,MOD-01ADC243CAF45D,HP Victus 15-fa1109ne 16GB RAM / 512GB SSD / Performance Blue / 9S7R2EA | 512GB Storage,الكمبيوتر والشبكات,لابتوبات,HP,Victus 15-fa1109ne,16GB RAM / 512GB SSD / Performance Blue / 9S7R2EA,16,512,Performance Blue,9S7R2EA,,,mapped,2026-07-30T00:00:00,2026-07-30T00:00:00
VAR-70809523EAA20A,MOD-89F105D5FE823A,HP Victus 15-fa2033ne Gaming 1TB Storage / Mica Silver,الكمبيوتر والشبكات,لابتوبات,HP,Victus 15-fa2033ne Gaming,1TB Storage | Mica Silver,,1024,Mica Silver,,,,mapped,2026-07-30T00:00:00,2026-07-30T00:00:00
VAR-AE09356A37488F,MOD-EBF096C6902E71,HP Victus 15-fa2036ne C53H0EA 1TB Storage / Mica Silver,الكمبيوتر والشبكات,لابتوبات,HP,Victus 15-fa2036ne C53H0EA,1TB Storage | Mica Silver,,1024,Mica Silver,,,,mapped,2026-07-30T00:00:00,2026-07-30T00:00:00
VAR-5F583D47A8C9F4,MOD-B854A3552044A0,HP Victus 15-fa2092ne Gaming 16GB RAM / 512GB Storage / Mica Silver,الكمبيوتر والشبكات,لابتوبات,HP,Victus 15-fa2092ne Gaming,16GB RAM | 512GB Storage | Mica Silver,16,512,Mica Silver,,,,mapped,2026-07-30T00:00:00,2026-07-30T00:00:00
VAR-B0F7391AF2ACE4,MOD-9E919140D8999F,HP Victus 15-fb3014ne C53H1EA 16GB RAM / 512GB Storage / Mica Silver,الكمبيوتر والشبكات,لابتوبات,HP,Victus 15-fb3014ne C53H1EA,16GB RAM | 512GB Storage | Mica Silver,16,512,Mica Silver,,,,mapped,2026-07-30T00:00:00,2026-07-30T00:00:00
VAR-9C1E7687872B57,MOD-38BEC12BE87310,HP Victus 15-fb3015ne C53H2EA 16GB RAM / 512GB Storage / Mica Silver,الكمبيوتر والشبكات,لابتوبات,HP,Victus 15-fb3015ne C53H2EA,16GB RAM | 512GB Storage | Mica Silver,16,512,Mica Silver,,,,mapped,2026-07-30T00:00:00,2026-07-30T00:00:00
VAR-A2075EB09A005B,MOD-F9B91C42B0AA4B,HP Victus 15-fb3025ne Gaming 16GB RAM / 512GB Storage / Mica Silver,الكمبيوتر والشبكات,لابتوبات,HP,Victus 15-fb3025ne Gaming,16GB RAM | 512GB Storage | Mica Silver,16,512,Mica Silver,,,,mapped,2026-07-30T00:00:00,2026-07-30T00:00:00
VAR-C381056A8BB7DF,MOD-3BB83F25BB24CB,Lenovo IdeaPad 5 14IRH9 16GB RAM / 512GB SSD / Luna Grey / 83KX0044ED | 512GB Storage,الكمبيوتر والشبكات,لابتوبات,Lenovo,IdeaPad 5 14IRH9,16GB RAM / 512GB SSD / Luna Grey / 83KX0044ED,16,512,Luna Grey,83KX0044ED,,,mapped,2026-07-30T00:00:00,2026-07-30T00:00:00
VAR-79B1F17A2A8109,MOD-D432E31C05B987,Lenovo IdeaPad Slim 3 15AMN8 16GB RAM / 512GB Storage / Arctic Grey,الكمبيوتر والشبكات,لابتوبات,Lenovo,IdeaPad Slim 3 15AMN8,16GB RAM | 512GB Storage | Arctic Grey,16,512,Arctic Grey,,,,mapped,2026-07-30T00:00:00,2026-07-30T00:00:00
VAR-3463AE41C852B1,MOD-D432E31C05B987,Lenovo IdeaPad Slim 3 15AMN8 8GB RAM / 512GB Storage / Arctic Grey,الكمبيوتر والشبكات,لابتوبات,Lenovo,IdeaPad Slim 3 15AMN8,8GB RAM | 512GB Storage | Arctic Grey,8,512,Arctic Grey,,,,mapped,2026-07-30T00:00:00,2026-07-30T00:00:00
VAR-1D5E48CF1D3C43,MOD-1ECD97BE7C17EF,Lenovo IdeaPad Slim 3 15ARP10 16GB RAM / 512GB Storage / Luna Grey,الكمبيوتر والشبكات,لابتوبات,Lenovo,IdeaPad Slim 3 15ARP10,16GB RAM | 512GB Storage | Luna Grey,16,512,Luna Grey,,,,mapped,2026-07-30T00:00:00,2026-07-30T00:00:00
VAR-9D5D2C8F9642B9,MOD-7CBFD2AF78057C,Lenovo IdeaPad Slim 3 15IAH8 16GB RAM / 512GB SSD / Arctic Grey / 83ER00BEED | 512GB Storage,الكمبيوتر والشبكات,لابتوبات,Lenovo,IdeaPad Slim 3 15IAH8,16GB RAM / 512GB SSD / Arctic Grey / 83ER00BEED,16,512,Arctic Grey,83ER00BEED,,,mapped,2026-07-30T00:00:00,2026-07-30T00:00:00
VAR-DC24219174A0F6,MOD-81E6ECD6CB8CF8,Lenovo IdeaPad Slim 3 15IRH10 16GB RAM / 512GB SSD / Cosmic Blue / 83K100QRED | 512GB Storage,الكمبيوتر والشبكات,لابتوبات,Lenovo,IdeaPad Slim 3 15IRH10,16GB RAM / 512GB SSD / Cosmic Blue / 83K100QRED,16,512,Cosmic Blue,83K100QRED,,,mapped,2026-07-30T00:00:00,2026-07-30T00:00:00
VAR-05C72619DC7E73,MOD-81C3E25175D368,Lenovo IdeaPad Slim 3 15IRH10 16GB RAM / 512GB Storage / Luna Grey,الكمبيوتر والشبكات,لابتوبات,Lenovo,IdeaPad Slim 3 15IRH10,16GB RAM | 512GB Storage | Luna Grey,16,512,Luna Grey,,,,mapped,2026-07-30T00:00:00,2026-07-30T00:00:00
VAR-A19415751D9A6D,MOD-BAF6A19ABF032E,Lenovo IdeaPad Slim 3 15IRH10 - 83K100FMED 16GB RAM / 512GB Storage / Luna Grey,الكمبيوتر والشبكات,لابتوبات,Lenovo,IdeaPad Slim 3 15IRH10 - 83K100FMED,16GB RAM | 512GB Storage | Luna Grey,16,512,Luna Grey,,,,mapped,2026-07-30T00:00:00,2026-07-30T00:00:00
VAR-4192ADA7A72CFB,MOD-61727A7C30C8FF,Lenovo IdeaPad Slim 3 15IRH8 83EM007VED 16GB RAM / 512GB Storage / Arctic Grey,الكمبيوتر والشبكات,لابتوبات,Lenovo,IdeaPad Slim 3 15IRH8 83EM007VED,16GB RAM | 512GB Storage | Arctic Grey,16,512,Arctic Grey,,,,mapped,2026-07-30T00:00:00,2026-07-30T00:00:00
VAR-83BB0CC50DDE36,MOD-6C813814122C43,Lenovo LOQ 15AHP10 83JG0095ED 16GB RAM / 512GB Storage / Luna Grey,الكمبيوتر والشبكات,لابتوبات,Lenovo,LOQ 15AHP10 83JG0095ED,16GB RAM | 512GB Storage | Luna Grey,16,512,Luna Grey,,,,mapped,2026-07-30T00:00:00,2026-07-30T00:00:00
VAR-6B654A9743CC07,MOD-944E48857ED803,Lenovo LOQ 15ARP9 83JC00H2ED 12GB RAM / 512GB Storage / Luna Grey,الكمبيوتر والشبكات,لابتوبات,Lenovo,LOQ 15ARP9 83JC00H2ED,12GB RAM | 512GB Storage | Luna Grey,12,512,Luna Grey,,,,mapped,2026-07-30T00:00:00,2026-07-30T00:00:00
VAR-F00CD6D52ABA2F,MOD-3C394E89CE23BE,Lenovo LOQ 15ARP9 Gaming 16GB RAM / 512GB Storage / Luna Grey,الكمبيوتر والشبكات,لابتوبات,Lenovo,LOQ 15ARP9 Gaming,16GB RAM | 512GB Storage | Luna Grey,16,512,Luna Grey,,,,mapped,2026-07-30T00:00:00,2026-07-30T00:00:00
VAR-74989F051F84B2,MOD-7B7F9F24EA7991,Lenovo LOQ 15IAX9 83GS00SKED Gaming 12GB RAM / 512GB Storage / 3G / Luna Grey,الكمبيوتر والشبكات,لابتوبات,Lenovo,LOQ 15IAX9 83GS00SKED Gaming,12GB RAM | 512GB Storage | 3G | Luna Grey,12,512,Luna Grey,,,,mapped,2026-07-30T00:00:00,2026-07-30T00:00:00
VAR-B17EBB376E0573,MOD-83208FBA76FD47,Lenovo LOQ 15IAX9 83GS00TYED 16GB RAM / 512GB Storage / 3G / Luna Grey,الكمبيوتر والشبكات,لابتوبات,Lenovo,LOQ 15IAX9 83GS00TYED,16GB RAM | 512GB Storage | 3G | Luna Grey,16,512,Luna Grey,,,,mapped,2026-07-30T00:00:00,2026-07-30T00:00:00
VAR-439F11B885ACDA,MOD-666CE5D78C899B,Lenovo LOQ 15IAX9E 16GB RAM / 512GB SSD / Luna Grey / 83LK0060ED | 512GB Storage,الكمبيوتر والشبكات,لابتوبات,Lenovo,LOQ 15IAX9E,16GB RAM / 512GB SSD / Luna Grey / 83LK0060ED,16,512,Luna Grey,83LK0060ED,,,mapped,2026-07-30T00:00:00,2026-07-30T00:00:00
VAR-72914324AF1F48,MOD-9B650FBD42ECD1,Lenovo LOQ 15IAX9E - 83LK0071ED 16GB RAM / 512GB Storage / Luna Grey,الكمبيوتر والشبكات,لابتوبات,Lenovo,LOQ 15IAX9E - 83LK0071ED,16GB RAM | 512GB Storage | Luna Grey,16,512,Luna Grey,,,,mapped,2026-07-30T00:00:00,2026-07-30T00:00:00
VAR-189D2829E00E9D,MOD-858B1036ED3DCD,Lenovo LOQ 15IRX10 83JE00DAED 24GB RAM / 512GB Storage / Luna Grey,الكمبيوتر والشبكات,لابتوبات,Lenovo,LOQ 15IRX10 83JE00DAED,24GB RAM | 512GB Storage | Luna Grey,24,512,Luna Grey,,,,mapped,2026-07-30T00:00:00,2026-07-30T00:00:00
VAR-FEA0D59471A372,MOD-2BAE4290F0E570,Lenovo LOQ 15IRX9 83DV00AVED 16GB RAM / 512GB Storage / Luna Grey,الكمبيوتر والشبكات,لابتوبات,Lenovo,LOQ 15IRX9 83DV00AVED,16GB RAM | 512GB Storage | Luna Grey,16,512,Luna Grey,,,,mapped,2026-07-30T00:00:00,2026-07-30T00:00:00
VAR-2F532F1235CBAD,MOD-B0BC6446CE053D,Lenovo LOQ 15IRX9 83DV012AED 16GB RAM / 512GB Storage / Luna Grey,الكمبيوتر والشبكات,لابتوبات,Lenovo,LOQ 15IRX9 83DV012AED,16GB RAM | 512GB Storage | Luna Grey,16,512,Luna Grey,,,,mapped,2026-07-30T00:00:00,2026-07-30T00:00:00
VAR-4815EFB8643B88,MOD-197798C0B9F11B,Lenovo LOQ 15IRX9 Gaming 16GB RAM / 512GB Storage / Grey,الكمبيوتر والشبكات,لابتوبات,Lenovo,LOQ 15IRX9 Gaming,16GB RAM | 512GB Storage | Grey,16,512,Grey,,,,mapped,2026-07-30T00:00:00,2026-07-30T00:00:00
VAR-2D4B2FFF89D069,MOD-42A9752718F8BE,Lenovo LOQ Essential 15IRX11-83SC001NED 16GB RAM / 512GB Storage / Luna Grey,الكمبيوتر والشبكات,لابتوبات,Lenovo,LOQ Essential 15IRX11-83SC001NED,16GB RAM | 512GB Storage | Luna Grey,16,512,Luna Grey,,,,mapped,2026-07-30T00:00:00,2026-07-30T00:00:00
VAR-08EA22077372E7,MOD-F03020D0D49A44,Lenovo ThinkPad E16 Gen 2 16GB RAM / 512GB SSD / Black | 512GB Storage,الكمبيوتر والشبكات,لابتوبات,Lenovo,ThinkPad E16 Gen 2,16GB RAM / 512GB SSD / Black,16,512,Black,,,,mapped,2026-07-30T00:00:00,2026-07-30T00:00:00
VAR-BD2A82BB5A92B7,MOD-E446EE1480BEEA,Lenovo ThinkPad T480 1TB Storage / Black,الكمبيوتر والشبكات,لابتوبات,Lenovo,ThinkPad T480,1TB Storage | Black,,1024,Black,,,,mapped,2026-07-30T00:00:00,2026-07-30T00:00:00
VAR-94AB77395BCC84,MOD-5C36EAEDF8AC88,Lenovo Yoga 7 14IPH11 2 in 1 1TB Storage / Luna Grey,الكمبيوتر والشبكات,لابتوبات,Lenovo,Yoga 7 14IPH11 2 in 1,1TB Storage | Luna Grey,,1024,Luna Grey,,,,mapped,2026-07-30T00:00:00,2026-07-30T00:00:00
VAR-30844FDA1729F7,MOD-0C67AD77E6EFEB,MSI Crosshair 16 HX AI D2XWGKG Gaming 1TB Storage / Black,الكمبيوتر والشبكات,لابتوبات,MSI,Crosshair 16 HX AI D2XWGKG Gaming,1TB Storage | Black,,1024,Black,,,,mapped,2026-07-30T00:00:00,2026-07-30T00:00:00
VAR-486C67EADCECEC,MOD-430A38A0387098,MSI Cyborg 15 A13UDX 16GB RAM / 512GB Storage / Black,الكمبيوتر والشبكات,لابتوبات,MSI,Cyborg 15 A13UDX,16GB RAM | 512GB Storage | Black,16,512,Black,,,,mapped,2026-07-30T00:00:00,2026-07-30T00:00:00
VAR-8ACEE667B7D33E,MOD-CBC35E622EE3BA,MSI Cyborg 15 A13VF 16GB RAM / 512GB Storage / Translucent Black,الكمبيوتر والشبكات,لابتوبات,MSI,Cyborg 15 A13VF,16GB RAM | 512GB Storage | Translucent Black,16,512,Translucent Black,,,,mapped,2026-07-30T00:00:00,2026-07-30T00:00:00
VAR-960F55A9290F2A,MOD-C48186AE30AE02,MSI Katana 15 HX B14WFK 16GB RAM / 512GB SSD / Black / B14WFK | 512GB Storage,الكمبيوتر والشبكات,لابتوبات,MSI,Katana 15 HX B14WFK,16GB RAM / 512GB SSD / Black / B14WFK,16,512,Black,B14WFK,,,mapped,2026-07-30T00:00:00,2026-07-30T00:00:00
VAR-617E45CDA8A2C8,MOD-F52C4F91027B5C,MSI Katana 15 HX B14WFK Gaming 16GB RAM / 512GB Storage / Black,الكمبيوتر والشبكات,لابتوبات,MSI,Katana 15 HX B14WFK Gaming,16GB RAM | 512GB Storage | Black,16,512,Black,,,,mapped,2026-07-30T00:00:00,2026-07-30T00:00:00
VAR-12E63E5D517E62,MOD-ACD84DBC617929,MSI ​Katana 15 HX B14WGK​ Gaming 1TB Storage / Black,الكمبيوتر والشبكات,لابتوبات,MSI,​Katana 15 HX B14WGK​ Gaming,1TB Storage | Black,,1024,Black,,,,mapped,2026-07-30T00:00:00,2026-07-30T00:00:00
VAR-8EA7CE2AD7A6FE,MOD-DAB929B9BD9EDA,MSI Modern 14 C12MO 8GB RAM / 256GB Storage,الكمبيوتر والشبكات,لابتوبات,MSI,Modern 14 C12MO,8GB RAM | 256GB Storage,8,256,,,,,mapped,2026-07-30T00:00:00,2026-07-30T00:00:00
VAR-3F75A3D9E8B069,MOD-DAB929B9BD9EDA,MSI Modern 14 C12MO 8GB RAM / 512GB Storage,الكمبيوتر والشبكات,لابتوبات,MSI,Modern 14 C12MO,8GB RAM | 512GB Storage,8,512,,,,,mapped,2026-07-30T00:00:00,2026-07-30T00:00:00
VAR-D8C2B217240673,MOD-8219A0D2B5AD94,MSI Modern 15 F13MG 8GB RAM / 512GB Storage / Urban Silver,الكمبيوتر والشبكات,لابتوبات,MSI,Modern 15 F13MG,8GB RAM | 512GB Storage | Urban Silver,8,512,Urban Silver,,,,mapped,2026-07-30T00:00:00,2026-07-30T00:00:00
VAR-62DEB93A6C609D,MOD-D6D390CB7A2BD3,MSI Modern 15 F1MG 9S7-15S112-1069 8GB RAM / 512GB Storage / Urban Silver,الكمبيوتر والشبكات,لابتوبات,MSI,Modern 15 F1MG 9S7-15S112-1069,8GB RAM | 512GB Storage | Urban Silver,8,512,Urban Silver,,,,mapped,2026-07-30T00:00:00,2026-07-30T00:00:00
VAR-6CA231CEABE2E9,MOD-D547E0F6836017,MSI Summit 13 AI+ Evo A2VMTG 1TB Storage / Black,الكمبيوتر والشبكات,لابتوبات,MSI,Summit 13 AI+ Evo A2VMTG,1TB Storage | Black,,1024,Black,,,,mapped,2026-07-30T00:00:00,2026-07-30T00:00:00
VAR-385C5A7456CCEB,MOD-A43D6474BF97C8,MSI Summit 16 AI Evo A2HMTG - 9S7-159531-051 1TB Storage / Ink Black,الكمبيوتر والشبكات,لابتوبات,MSI,Summit 16 AI Evo A2HMTG - 9S7-159531-051,1TB Storage | Ink Black,,1024,Ink Black,,,,mapped,2026-07-30T00:00:00,2026-07-30T00:00:00
VAR-F4F36F36083CF7,MOD-653893FF66A8EC,MSI Thin 15 B13UC 16GB RAM / 512GB Storage / Grey,الكمبيوتر والشبكات,لابتوبات,MSI,Thin 15 B13UC,16GB RAM | 512GB Storage | Grey,16,512,Grey,,,,mapped,2026-07-30T00:00:00,2026-07-30T00:00:00
VAR-872946BBA4740B,MOD-590B6BCF89DAD5,MSI Thin 15 B13UCX 8GB RAM / 512GB Storage / Grey,الكمبيوتر والشبكات,لابتوبات,MSI,Thin 15 B13UCX,8GB RAM | 512GB Storage | Grey,8,512,Grey,,,,mapped,2026-07-30T00:00:00,2026-07-30T00:00:00
VAR-461E3B8AFA81C5,MOD-68ACCCE59A3AFF,MSI Thin 15B13UC 9S7-16R831-2615 16GB RAM / 512GB Storage / Cosmos Grey,الكمبيوتر والشبكات,لابتوبات,MSI,Thin 15B13UC 9S7-16R831-2615,16GB RAM | 512GB Storage | Cosmos Grey,16,512,Cosmos Grey,,,,mapped,2026-07-30T00:00:00,2026-07-30T00:00:00
VAR-EDBADEFF5EC100,MOD-B5E03E4C606CFC,MSI THIN 15B13VE-9S7-16R831-2614 9S7-16R831-2614 16GB RAM / 512GB Storage / Cosmos Grey,الكمبيوتر والشبكات,لابتوبات,MSI,THIN 15B13VE-9S7-16R831-2614 9S7-16R831-2614,16GB RAM | 512GB Storage | Cosmos Grey,16,512,Cosmos Grey,,,,mapped,2026-07-30T00:00:00,2026-07-30T00:00:00
VAR-BE747D20BBD927,MOD-A68BF8B8BADA65,MSI Titan 18 HX AI A2XWJG Gaming 4TB Storage / Core Black,الكمبيوتر والشبكات,لابتوبات,MSI,Titan 18 HX AI A2XWJG Gaming,4TB Storage | Core Black,,4096,Core Black,,,,mapped,2026-07-30T00:00:00,2026-07-30T00:00:00
VAR-99A389E11039A3,MOD-191FD6B33A259F,MSI Titan 18 HX Dragon Edition Norse Myth A2XWJG Gaming 6TB Storage / Core Black,الكمبيوتر والشبكات,لابتوبات,MSI,Titan 18 HX Dragon Edition Norse Myth A2XWJG Gaming,6TB Storage | Core Black,,6144,Core Black,,,,mapped,2026-07-30T00:00:00,2026-07-30T00:00:00
VAR-6E4A529DA902B7,MOD-CEF658C561F014,MSI Vector 16 HX AI A2XWIG Gaming 1TB Storage / Cosmos Grey,الكمبيوتر والشبكات,لابتوبات,MSI,Vector 16 HX AI A2XWIG Gaming,1TB Storage | Cosmos Grey,,1024,Cosmos Grey,,,,mapped,2026-07-30T00:00:00,2026-07-30T00:00:00
VAR-BD590B2AD53A83,MOD-12379B1471F5C8,MSI Vector 17 HX AI A2XWJG Gaming 1TB Storage / Cosmos Gray,الكمبيوتر والشبكات,لابتوبات,MSI,Vector 17 HX AI A2XWJG Gaming,1TB Storage | Cosmos Gray,,1024,Cosmos Gray,,,,mapped,2026-07-30T00:00:00,2026-07-30T00:00:00
VAR-E147E13ACF2E89,MOD-3C3EEE44CA598E,ASUS PRIME B850M-K PRIME B850M-K,الكمبيوتر والشبكات,لوحات أم,ASUS,PRIME B850M-K,PRIME B850M-K,,,,,,,mapped,2026-07-30T00:00:00,2026-07-30T00:00:00
VAR-248A89BE2649FC,MOD-3106FEE71C6A54,ASUS ROG STRIX B850-F GAMING WIFI7 NEO ROG STRIX B850-F GAMING WIFI7 NEO,الكمبيوتر والشبكات,لوحات أم,ASUS,ROG STRIX B850-F GAMING WIFI7 NEO,ROG STRIX B850-F GAMING WIFI7 NEO,,,,90MB1NX0-M0EAY0,,,mapped,2026-07-30T00:00:00,2026-07-30T00:00:00
VAR-AAEDA3DF0536CF,MOD-36C6D343481073,ASUS ROG STRIX B850-I GAMING WIFI ROG STRIX B850-I GAMING WIFI,الكمبيوتر والشبكات,لوحات أم,ASUS,ROG STRIX B850-I GAMING WIFI,ROG STRIX B850-I GAMING WIFI,,,,,,,mapped,2026-07-30T00:00:00,2026-07-30T00:00:00
VAR-E5D536180F89AC,MOD-839CE9423F6AE5,ASUS TUF GAMING B850-E WIFI TUF GAMING B850-E WIFI,الكمبيوتر والشبكات,لوحات أم,ASUS,TUF GAMING B850-E WIFI,TUF GAMING B850-E WIFI,,,,,,,mapped,2026-07-30T00:00:00,2026-07-30T00:00:00
VAR-8B96A80B6010EA,MOD-ED29D651AA6EE6,ASUS TUF GAMING B850-PLUS WIFI TUF GAMING B850-PLUS WIFI,الكمبيوتر والشبكات,لوحات أم,ASUS,TUF GAMING B850-PLUS WIFI,TUF GAMING B850-PLUS WIFI,,,,,,,mapped,2026-07-30T00:00:00,2026-07-30T00:00:00
VAR-019AD9C5568AF6,MOD-9435E157654AAE,MSI B850 GAMING PLUS WIFI B850 GAMING PLUS WIFI,الكمبيوتر والشبكات,لوحات أم,MSI,B850 GAMING PLUS WIFI,B850 GAMING PLUS WIFI,,,,,,,mapped,2026-07-30T00:00:00,2026-07-30T00:00:00
VAR-F99135845CEF74,MOD-B384C90899D01F,MSI B850M GAMING PLUS WIFI6E B850M GAMING PLUS WIFI6E,الكمبيوتر والشبكات,لوحات أم,MSI,B850M GAMING PLUS WIFI6E,B850M GAMING PLUS WIFI6E,,,,,,,mapped,2026-07-30T00:00:00,2026-07-30T00:00:00
VAR-0F75FA5CE30063,MOD-851D01E3B60CD3,MSI MAG B850 TOMAHAWK MAX WIFI MAG B850 TOMAHAWK MAX WIFI,الكمبيوتر والشبكات,لوحات أم,MSI,MAG B850 TOMAHAWK MAX WIFI,MAG B850 TOMAHAWK MAX WIFI,,,,,,,mapped,2026-07-30T00:00:00,2026-07-30T00:00:00
VAR-5F15DEB1049975,MOD-4C7C01232BE227,MSI PRO B850M-A WIFI PRO B850M-A WIFI,الكمبيوتر والشبكات,لوحات أم,MSI,PRO B850M-A WIFI,PRO B850M-A WIFI,,,,,,,mapped,2026-07-30T00:00:00,2026-07-30T00:00:00
VAR-AAA964C98F9425,MOD-1A4636A80E0EBF,MSI PRO B850M-G PRO B850M-G,الكمبيوتر والشبكات,لوحات أم,MSI,PRO B850M-G,PRO B850M-G,,,,,,,mapped,2026-07-30T00:00:00,2026-07-30T00:00:00
VAR-78FE4B9A280540,MOD-DE6E74121913E6,TP-Link TL-WN722N TL-WN722N / 150Mbps Wireless N; high-gain USB,الكمبيوتر والشبكات,محولات شبكة USB,TP-Link,TL-WN722N,TL-WN722N / 150Mbps Wireless N; high-gain USB,,,,TL-WN722N,,,mapped,2026-07-30T00:00:00,2026-07-30T00:00:00
VAR-D451AA5E3989FF,MOD-AE704CCA4FCDE2,TP-Link TL-WN725N TL-WN725N / 150Mbps Wireless N; nano USB,الكمبيوتر والشبكات,محولات شبكة USB,TP-Link,TL-WN725N,TL-WN725N / 150Mbps Wireless N; nano USB,,,,TL-WN725N,,,mapped,2026-07-30T00:00:00,2026-07-30T00:00:00
VAR-791D52C3E32BD9,MOD-DF99C81B5231FA,TP-Link TL-WN823N TL-WN823N / 300Mbps Wireless N; USB,الكمبيوتر والشبكات,محولات شبكة USB,TP-Link,TL-WN823N,TL-WN823N / 300Mbps Wireless N; USB,,,,TL-WN823N,,,mapped,2026-07-30T00:00:00,2026-07-30T00:00:00
VAR-A15790842CAE42,MOD-4944C3180A7631,TP-Link Archer C60 Archer C60 / AC1350 dual-band Wi-Fi; access point/router modes,الكمبيوتر والشبكات,نقاط وصول لاسلكية,TP-Link,Archer C60,Archer C60 / AC1350 dual-band Wi-Fi; access point/router modes,,,,Archer C60,,,mapped,2026-07-30T00:00:00,2026-07-30T00:00:00
VAR-7BCF0478D791F9,MOD-D13D39C8DA401F,TP-Link EAP245 EAP245 / AC1750 dual-band ceiling-mount Gigabit access point,الكمبيوتر والشبكات,نقاط وصول لاسلكية,TP-Link,EAP245,EAP245 / AC1750 dual-band ceiling-mount Gigabit access point,,,,EAP245,,,mapped,2026-07-30T00:00:00,2026-07-30T00:00:00
VAR-B1B10D9F4D94E3,MOD-3805BEFB430802,"IKEA IDEALISK Jug graduated/stainless steel, 1 l | 1L",المطبخ والأدوات المنزلية,أباريق,IKEA,IDEALISK Jug,"graduated/stainless steel, 1 l",,,,16968300,,,mapped,2026-07-30T00:00:00,2026-07-30T00:00:00
VAR-3D1254ECE647F9,MOD-70F80472EA1D35,Mintra Diamond Pitcher Blue | 2.7L,المطبخ والأدوات المنزلية,أباريق,Mintra,Diamond Pitcher,Blue,,,blue,14314,,,mapped,2026-07-30T00:00:00,2026-07-30T00:00:00
VAR-2338EF27D9155A,MOD-70F80472EA1D35,Mintra Diamond Pitcher Mint | 2.7L,المطبخ والأدوات المنزلية,أباريق,Mintra,Diamond Pitcher,Mint,,,mint,14313,,,mapped,2026-07-30T00:00:00,2026-07-30T00:00:00
VAR-8AAD0E58CED13E,MOD-70F80472EA1D35,Mintra Diamond Pitcher Pink | 2.7L,المطبخ والأدوات المنزلية,أباريق,Mintra,Diamond Pitcher,Pink,,,pink,14311,,,mapped,2026-07-30T00:00:00,2026-07-30T00:00:00
VAR-D85BA7BED3C84E,MOD-70F80472EA1D35,Mintra Diamond Pitcher Purple | 2.7L,المطبخ والأدوات المنزلية,أباريق,Mintra,Diamond Pitcher,Purple,,,purple,14315,,,mapped,2026-07-30T00:00:00,2026-07-30T00:00:00
VAR-0CEAD93BEEA315,MOD-70F80472EA1D35,Mintra Diamond Pitcher Watermelon | 2.7L,المطبخ والأدوات المنزلية,أباريق,Mintra,Diamond Pitcher,Watermelon,,,watermelon,14310,,,mapped,2026-07-30T00:00:00,2026-07-30T00:00:00
VAR-AC85ECFDA204AC,MOD-70F80472EA1D35,Mintra Diamond Pitcher Yellow | 2.7L,المطبخ والأدوات المنزلية,أباريق,Mintra,Diamond Pitcher,Yellow,,,yellow,14312,,,mapped,2026-07-30T00:00:00,2026-07-30T00:00:00
VAR-D09FC1D98CB6AB,MOD-639F1DC91420BF,Tefal K3033312 1 L | Black | 1L,المطبخ والأدوات المنزلية,أباريق,Tefal,K3033312,1 L | Black,,,Black,K3033312,,,mapped,2026-07-30T00:00:00,2026-07-30T00:00:00
VAR-5D60227ED020F1,MOD-68A9FFB65EAB7C,"IKEA RIKLIG Teapot glass, 1.5 l | 1.5L",المطبخ والأدوات المنزلية,أباريق شاي,IKEA,RIKLIG Teapot,"glass, 1.5 l",,,,90150071,,,mapped,2026-07-30T00:00:00,2026-07-30T00:00:00
VAR-CFBE28230819A9,MOD-9B9825186D88E1,"IKEA IKEA 365+ Coffee/tea maker clear glass/stainless steel, 1 l | 1L",المطبخ والأدوات المنزلية,أدوات تحضير قهوة وشاي,IKEA,IKEA 365+ Coffee/tea maker,"clear glass/stainless steel, 1 l",,,,20532724,,,mapped,2026-07-30T00:00:00,2026-07-30T00:00:00
VAR-3C52B85A6CE387,MOD-B99CC2BE0C6472,"IKEA APTITLIG Lazy Susan organizer bamboo, 28 cm",المطبخ والأدوات المنزلية,أدوات تقديم,IKEA,APTITLIG Lazy Susan,"organizer bamboo, 28 cm",,,,60562498,,,mapped,2026-07-30T00:00:00,2026-07-30T00:00:00
VAR-7213A86D9B0AD4,MOD-796C0F41910ECA,"IKEA KVITTERA Serving stand three tiers, clear glass/stainless steel",المطبخ والأدوات المنزلية,أدوات تقديم,IKEA,KVITTERA Serving stand,"three tiers, clear glass/stainless steel",,,,90279842,,,mapped,2026-07-30T00:00:00,2026-07-30T00:00:00
VAR-DBD3619C7967B4,MOD-B58A867A874EE3,IKEA OSTBIT Serving tong bamboo,المطبخ والأدوات المنزلية,أدوات تقديم,IKEA,OSTBIT Serving tong,bamboo,,,,00453464,,,mapped,2026-07-30T00:00:00,2026-07-30T00:00:00
VAR-C3AF257DA7AD18,MOD-AB8E3555D6E73B,IKEA SKALLKNEKT 2-piece salad servers set solid birch,المطبخ والأدوات المنزلية,أدوات تقديم,IKEA,SKALLKNEKT 2-piece salad servers set,solid birch,,,,90604500,,,mapped,2026-07-30T00:00:00,2026-07-30T00:00:00
VAR-69A6464E140AA4,MOD-8A03C2AC2B5853,IKEA BÄSTIS Lint roller grey,المطبخ والأدوات المنزلية,أدوات تنظيف,IKEA,BÄSTIS Lint roller,grey,,,grey,90425626,,,mapped,2026-07-30T00:00:00,2026-07-30T00:00:00
VAR-F935486A42A673,MOD-C2E2752305965F,IKEA BÄSTIS Lint roller with 4 refills Lint roller with 4 refills | SKU 30141126,المطبخ والأدوات المنزلية,أدوات تنظيف,IKEA,BÄSTIS Lint roller with 4 refills,Lint roller with 4 refills,,,,30141126,,,mapped,2026-07-30T00:00:00,2026-07-30T00:00:00
VAR-BC4FD3ABA0849F,MOD-C2E2752305965F,IKEA BÄSTIS Lint roller with 4 refills Lint roller with 4 refills | SKU S39642510,المطبخ والأدوات المنزلية,أدوات تنظيف,IKEA,BÄSTIS Lint roller with 4 refills,Lint roller with 4 refills,,,,S39642510,,,mapped,2026-07-30T00:00:00,2026-07-30T00:00:00
VAR-14187819C72C37,MOD-53E3C7DC25A7D1,"IKEA FRUKTPLOCKARE Lint brush black/light grey, 12x6x4 cm | 12×6×4 cm | black / grey",المطبخ والأدوات المنزلية,أدوات تنظيف,IKEA,FRUKTPLOCKARE Lint brush,"black/light grey, 12x6x4 cm",,,black / grey,20528388,,,mapped,2026-07-30T00:00:00,2026-07-30T00:00:00
VAR-B64DFD50EFC20B,MOD-A99D94FC522937,IKEA LILLNAGGEN Squeegee Squeegee,المطبخ والأدوات المنزلية,أدوات تنظيف,IKEA,LILLNAGGEN Squeegee,Squeegee,,,,40243596,,,mapped,2026-07-30T00:00:00,2026-07-30T00:00:00
VAR-4715FC9EEB18A0,MOD-CCD358D01CFB33,IKEA PEPPRIG Bristle refill for brush head green,المطبخ والأدوات المنزلية,أدوات تنظيف,IKEA,PEPPRIG Bristle refill for brush head,green,,,green,60567617,,,mapped,2026-07-30T00:00:00,2026-07-30T00:00:00
VAR-782A67BCC09204,MOD-6F6A033CC10ED7,IKEA PEPPRIG Cleaning set blue/yellow,المطبخ والأدوات المنزلية,أدوات تنظيف,IKEA,PEPPRIG Cleaning set,blue/yellow,,,blue / yellow,80567621,,,mapped,2026-07-30T00:00:00,2026-07-30T00:00:00
VAR-F63A0FDBE862ED,MOD-008028BA32BE64,IKEA PEPPRIG Dust pan and brush grey,المطبخ والأدوات المنزلية,أدوات تنظيف,IKEA,PEPPRIG Dust pan and brush,grey,,,grey,10527087,,,mapped,2026-07-30T00:00:00,2026-07-30T00:00:00
VAR-F29B84A841EF16,MOD-62FDD182790C83,"IKEA PEPPRIG Duster cover yellow, 45x7 cm | 45×7 cm",المطبخ والأدوات المنزلية,أدوات تنظيف,IKEA,PEPPRIG Duster cover,"yellow, 45x7 cm",,,yellow,50567627,,,mapped,2026-07-30T00:00:00,2026-07-30T00:00:00
VAR-759D2876552BCA,MOD-9BAB0EE5F0EB44,"IKEA PEPPRIG Gap cleaning cover green, 45x7 cm | 45×7 cm",المطبخ والأدوات المنزلية,أدوات تنظيف,IKEA,PEPPRIG Gap cleaning cover,"green, 45x7 cm",,,green,80567635,,,mapped,2026-07-30T00:00:00,2026-07-30T00:00:00
VAR-B7A2A69DA3522A,MOD-1F98DE365E933B,IKEA PEPPRIG Microfiber cloth 28x28 cm | 28×28 cm,المطبخ والأدوات المنزلية,أدوات تنظيف,IKEA,PEPPRIG Microfiber cloth,28x28 cm,,,,20575638,,,mapped,2026-07-30T00:00:00,2026-07-30T00:00:00
VAR-058249D89E07A7,MOD-1F98DE365E933B,"IKEA PEPPRIG Microfiber cloth green blue/yellow, 28x28 cm | 28×28 cm | blue / green / yellow",المطبخ والأدوات المنزلية,أدوات تنظيف,IKEA,PEPPRIG Microfiber cloth,"green blue/yellow, 28x28 cm",,,blue / green / yellow,40567637,,,mapped,2026-07-30T00:00:00,2026-07-30T00:00:00
VAR-DF13A609A9B2B6,MOD-A589CE57566C94,IKEA PEPPRIG Spray bottle 55 cl | 55cl,المطبخ والأدوات المنزلية,أدوات تنظيف,IKEA,PEPPRIG Spray bottle,55 cl,,,,30499535,,,mapped,2026-07-30T00:00:00,2026-07-30T00:00:00
VAR-66AB89B84C78EC,MOD-C54FF022B3F1CB,"IKEA SAMLA Insert for box 11/22 l transparent, 37x25x12 cm | 37×25×12 cm",المطبخ والأدوات المنزلية,أدوات تنظيف,IKEA,SAMLA Insert for box 11/22 l,"transparent, 37x25x12 cm",,,,50102973,,,mapped,2026-07-30T00:00:00,2026-07-30T00:00:00
VAR-979C0676D79D46,MOD-1116E9D424EA15,IKEA TRIXIG Cleaning cloth 18x20 cm | 18×20 cm,المطبخ والأدوات المنزلية,أدوات تنظيف,IKEA,TRIXIG Cleaning cloth,18x20 cm,,,,90581099,,,mapped,2026-07-30T00:00:00,2026-07-30T00:00:00
VAR-62F744602E9D4A,MOD-2804C29D7B7DB3,"IKEA BAKTRADITION Baking mat beige, 41x31 cm | 41×31 cm",المطبخ والأدوات المنزلية,أدوات خبز,IKEA,BAKTRADITION Baking mat,"beige, 41x31 cm",,,beige,90480175,,,mapped,2026-07-30T00:00:00,2026-07-30T00:00:00
VAR-B590E83993DCB1,MOD-2105E09CA75049,IKEA IDEALISK Flour sifter stainless steel,المطبخ والأدوات المنزلية,أدوات خبز,IKEA,IDEALISK Flour sifter,stainless steel,,,,40014340,,,mapped,2026-07-30T00:00:00,2026-07-30T00:00:00
VAR-6C2B35EC5A705B,MOD-97ED4EF151F063,IKEA KRISPIG Cake carrier 36 cm,المطبخ والأدوات المنزلية,أدوات خبز,IKEA,KRISPIG Cake carrier,36 cm,,,,20336407,,,mapped,2026-07-30T00:00:00,2026-07-30T00:00:00
VAR-672A08505C37AF,MOD-02FD9713814B37,IKEA LÄTTBAKAD Cooling rack 39x28 cm | 39×28 cm,المطبخ والأدوات المنزلية,أدوات خبز,IKEA,LÄTTBAKAD Cooling rack,39x28 cm,,,,20480145,,,mapped,2026-07-30T00:00:00,2026-07-30T00:00:00
VAR-BDE064821219D4,MOD-5A7EA0901FDE93,IKEA FÄRGKLAR 18-piece service matt dark grey,المطبخ والأدوات المنزلية,أدوات سفرة,IKEA,FÄRGKLAR 18-piece service,matt dark grey,,,grey,20564710,,,mapped,2026-07-30T00:00:00,2026-07-30T00:00:00
VAR-9E73AC451B2A2E,MOD-A3B73386CF6434,IKEA UPPLAGA 18-piece service white,المطبخ والأدوات المنزلية,أدوات سفرة,IKEA,UPPLAGA 18-piece service,white,,,white,30424724,,,mapped,2026-07-30T00:00:00,2026-07-30T00:00:00
VAR-6B04D806C6C6E2,MOD-DBB75F18E12420,IKEA LILLHAVET Multifunctional dish rack anthracite,المطبخ والأدوات المنزلية,أدوات غسيل أطباق,IKEA,LILLHAVET Multifunctional dish rack,anthracite,,,anthracite,80461276,,,mapped,2026-07-30T00:00:00,2026-07-30T00:00:00
VAR-9542CA038BB677,MOD-B3C528972422EB,"IKEA NÅLBLECKA Kitchen countertop organiser metal/bamboo, 23x13x15 cm | 23×13×15 cm",المطبخ والأدوات المنزلية,أدوات غسيل أطباق,IKEA,NÅLBLECKA Kitchen countertop organiser,"metal/bamboo, 23x13x15 cm",,,,00618573,,,mapped,2026-07-30T00:00:00,2026-07-30T00:00:00
VAR-11813ED4D6E697,MOD-0AEFB2E2122A09,"IKEA NYSKÖLJD Dish drying mat dark grey, 44x36 cm | 44×36 cm",المطبخ والأدوات المنزلية,أدوات غسيل أطباق,IKEA,NYSKÖLJD Dish drying mat,"dark grey, 44x36 cm",,,grey,00451059,,,mapped,2026-07-30T00:00:00,2026-07-30T00:00:00
VAR-41F719E7A0AF82,MOD-E7745F375ACC60,"IKEA ORDNING Cutlery stand stainless steel, 13.5 cm",المطبخ والأدوات المنزلية,أدوات غسيل أطباق,IKEA,ORDNING Cutlery stand,"stainless steel, 13.5 cm",,,,30011832,,,mapped,2026-07-30T00:00:00,2026-07-30T00:00:00
VAR-3CEABD94F5AC43,MOD-3DAB72375984D7,"IKEA RINNIG Dish drying mat beige, 51x42 cm | 51×42 cm",المطبخ والأدوات المنزلية,أدوات غسيل أطباق,IKEA,RINNIG Dish drying mat,"beige, 51x42 cm",,,beige,50595442,,,mapped,2026-07-30T00:00:00,2026-07-30T00:00:00
VAR-94DE811F5632F9,MOD-4E3E710B6AD739,IKEA RINNIG Dish-washing brush grey,المطبخ والأدوات المنزلية,أدوات غسيل أطباق,IKEA,RINNIG Dish-washing brush,grey,,,grey,30407814,,,mapped,2026-07-30T00:00:00,2026-07-30T00:00:00
VAR-49CA503268595D,MOD-AB6C0D3D789EA4,IKEA RINNIG Sink container black,المطبخ والأدوات المنزلية,أدوات غسيل أطباق,IKEA,RINNIG Sink container,black,,,black,80595445,,,mapped,2026-07-30T00:00:00,2026-07-30T00:00:00
VAR-22D812C800923D,MOD-9C49F05FBF8ED8,IKEA SKOLÄST Sink container extendable,المطبخ والأدوات المنزلية,أدوات غسيل أطباق,IKEA,SKOLÄST Sink container,extendable,,,,60556685,,,mapped,2026-07-30T00:00:00,2026-07-30T00:00:00
VAR-7FFC11296607EF,MOD-E03D39368C6B2A,IKEA TORKAD Kitchen roll holder silver-colour,المطبخ والأدوات المنزلية,أدوات غسيل أطباق,IKEA,TORKAD Kitchen roll holder,silver-colour,,,silver,00208670,,,mapped,2026-07-30T00:00:00,2026-07-30T00:00:00
VAR-322EA9F35E8ACE,MOD-C19ECFA1720B24,"IKEA VÄLVÅRDAD Cutlery stand dark grey-blue/galvanised, 13 cm | blue / grey",المطبخ والأدوات المنزلية,أدوات غسيل أطباق,IKEA,VÄLVÅRDAD Cutlery stand,"dark grey-blue/galvanised, 13 cm",,,blue / grey,10605320,,,mapped,2026-07-30T00:00:00,2026-07-30T00:00:00
VAR-56ED927614D5D0,MOD-4C30EDFD151182,IKEA VIDEVECKMAL Dish-washing brush with dispenser bright green,المطبخ والأدوات المنزلية,أدوات غسيل أطباق,IKEA,VIDEVECKMAL Dish-washing brush with dispenser,bright green,,,green,90556702,,,mapped,2026-07-30T00:00:00,2026-07-30T00:00:00
VAR-8B4A5CA546CC46,MOD-6E5BE53F9FD6BC,IKEA VIMPELFISK Cutlery holder bamboo/grey-turquoise,المطبخ والأدوات المنزلية,أدوات غسيل أطباق,IKEA,VIMPELFISK Cutlery holder,bamboo/grey-turquoise,,,grey / turquoise,30581648,,,mapped,2026-07-30T00:00:00,2026-07-30T00:00:00
VAR-2611EE3C693D60,MOD-3B62274B80FC72,"IKEA BLOMNING Tin with lid off-white/for coffee/tea, 10x10x20 cm | 10×10×20 cm | off-white / white",المطبخ والأدوات المنزلية,أدوات قهوة وشاي,IKEA,BLOMNING Tin with lid,"off-white/for coffee/tea, 10x10x20 cm",,,off-white / white,70609023,,,mapped,2026-07-30T00:00:00,2026-07-30T00:00:00
VAR-0963797658D115,MOD-AF771A651A257C,"IKEA GOTTFINNANDE Saucer clear glass, 12 cm",المطبخ والأدوات المنزلية,أدوات قهوة وشاي,IKEA,GOTTFINNANDE Saucer,"clear glass, 12 cm",,,,20463966,,,mapped,2026-07-30T00:00:00,2026-07-30T00:00:00
VAR-192EB2EF54EE24,MOD-97F1197A24EBB0,IKEA IDEALISK Tea infuser stainless steel,المطبخ والأدوات المنزلية,أدوات قهوة وشاي,IKEA,IDEALISK Tea infuser,stainless steel,,,,46956800,,,mapped,2026-07-30T00:00:00,2026-07-30T00:00:00
VAR-08A3FE207B7233,MOD-710BEE3FF8E5AA,IKEA ÄDELSTEN Pestle and mortar marble black,المطبخ والأدوات المنزلية,أدوات مطبخ,IKEA,ÄDELSTEN Pestle and mortar,marble black,,,black,60201251,,,mapped,2026-07-30T00:00:00,2026-07-30T00:00:00
VAR-1A32D855AB4A97,MOD-8D8453BF40E92F,IKEA IDEALISK Cooking tweezers stainless steel,المطبخ والأدوات المنزلية,أدوات مطبخ,IKEA,IDEALISK Cooking tweezers,stainless steel,,,,90573320,,,mapped,2026-07-30T00:00:00,2026-07-30T00:00:00
VAR-2AF81A880D0E65,MOD-BCB7C47DC05B40,IKEA IKEA 365+ Mandoline black,المطبخ والأدوات المنزلية,أدوات مطبخ,IKEA,IKEA 365+ Mandoline,black,,,black,00422321,,,mapped,2026-07-30T00:00:00,2026-07-30T00:00:00
VAR-EFA868F86712A2,MOD-41B794895BAB67,IKEA KONCIS Garlic press stainless steel,المطبخ والأدوات المنزلية,أدوات مطبخ,IKEA,KONCIS Garlic press,stainless steel,,,,00089163,,,mapped,2026-07-30T00:00:00,2026-07-30T00:00:00
VAR-0976AC149832C2,MOD-5873A68839A348,IKEA MÅNÖGA Scissors stainless steel/black,المطبخ والأدوات المنزلية,أدوات مطبخ,IKEA,MÅNÖGA Scissors,stainless steel/black,,,black,00563429,,,mapped,2026-07-30T00:00:00,2026-07-30T00:00:00
VAR-DA9A8719209BA9,MOD-893DAF0FAE9265,"IKEA SVÄRDFISK Scissors set of 2, stainless steel grey/grey-turquoise",المطبخ والأدوات المنزلية,أدوات مطبخ,IKEA,SVÄRDFISK Scissors,"set of 2, stainless steel grey/grey-turquoise",,,grey / turquoise,60563431,,,mapped,2026-07-30T00:00:00,2026-07-30T00:00:00
VAR-57AB738E0786FA,MOD-5F2EAC0EA34792,"IKEA UPPFYLLD Funnel bright yellow, 11 cm",المطبخ والأدوات المنزلية,أدوات مطبخ,IKEA,UPPFYLLD Funnel,"bright yellow, 11 cm",,,yellow,80521930,,,mapped,2026-07-30T00:00:00,2026-07-30T00:00:00
VAR-DAD5AAFE239AB5,MOD-1788EE44452431,IKEA UPPFYLLD Pizza cutter off-white | off-white / white,المطبخ والأدوات المنزلية,أدوات مطبخ,IKEA,UPPFYLLD Pizza cutter,off-white,,,off-white / white,30521937,,,mapped,2026-07-30T00:00:00,2026-07-30T00:00:00
VAR-9441459F7F8073,MOD-7F2350BB6AA9B1,IKEA UPPFYLLD Salad spinner white,المطبخ والأدوات المنزلية,أدوات مطبخ,IKEA,UPPFYLLD Salad spinner,white,,,white,00521948,,,mapped,2026-07-30T00:00:00,2026-07-30T00:00:00
VAR-8E7C37E64AACFE,MOD-AB426F25118FCF,"IKEA VARDAGEN Zester with handle stainless steel/beech, 33 cm",المطبخ والأدوات المنزلية,أدوات مطبخ,IKEA,VARDAGEN Zester with handle,"stainless steel/beech, 33 cm",,,,60581487,,,mapped,2026-07-30T00:00:00,2026-07-30T00:00:00
VAR-BD31E13F705F79,MOD-BE5E6565DC4E0C,"IKEA FÖLJSAM Oven dish clear glass, 24.5x24.5 cm | 24.5×24.5 cm",المطبخ والأدوات المنزلية,أطباق فرن,IKEA,FÖLJSAM Oven dish,"clear glass, 24.5x24.5 cm",,,,50311269,,,mapped,2026-07-30T00:00:00,2026-07-30T00:00:00
VAR-8F21A5FCDD0714,MOD-DED4DC5895998F,"IKEA GLADELIG Oven dish set of 2, dark grey",المطبخ والأدوات المنزلية,أطباق فرن,IKEA,GLADELIG Oven dish,"set of 2, dark grey",,,grey,50607949,,,mapped,2026-07-30T00:00:00,2026-07-30T00:00:00
VAR-422E6BAB0C3642,MOD-5258B5611C980B,"IKEA LÄTTVIKTIG Oven dish white, 30x19 cm | 30×19 cm",المطبخ والأدوات المنزلية,أطباق فرن,IKEA,LÄTTVIKTIG Oven dish,"white, 30x19 cm",,,white,80452106,,,mapped,2026-07-30T00:00:00,2026-07-30T00:00:00
VAR-938B30115F5B7A,MOD-9CDF74B98D4652,IKEA LYCKAD Oven/serving dish set of 2 light beige/red-brown | beige / brown / red,المطبخ والأدوات المنزلية,أطباق فرن,IKEA,LYCKAD Oven/serving dish set of 2,light beige/red-brown,,,beige / brown / red,10607951,,,mapped,2026-07-30T00:00:00,2026-07-30T00:00:00
VAR-67DB7033F3B219,MOD-3E2688F1A4EBF7,"IKEA MIXTUR Oven/serving dish clear glass, 27x18 cm | 27×18 cm",المطبخ والأدوات المنزلية,أطباق فرن,IKEA,MIXTUR Oven/serving dish,"clear glass, 27x18 cm",,,,60058762,,,mapped,2026-07-30T00:00:00,2026-07-30T00:00:00
VAR-77114A03739424,MOD-E3D509C45BCF29,"IKEA POETISK Oven dish off-white, 34x23 cm | 34×23 cm | off-white / white",المطبخ والأدوات المنزلية,أطباق فرن,IKEA,POETISK Oven dish,"off-white, 34x23 cm",,,off-white / white,10513863,,,mapped,2026-07-30T00:00:00,2026-07-30T00:00:00
VAR-47CAD36ED46D4D,MOD-7548D96E4D5ABA,"IKEA FÄRGKLAR Plate lilac, 26 cm",المطبخ والأدوات المنزلية,أطباق منفردة,IKEA,FÄRGKLAR Plate,"lilac, 26 cm",,,lilac,90600432,,,mapped,2026-07-30T00:00:00,2026-07-30T00:00:00
VAR-9710B1A85B1D16,MOD-4C160F1725A42A,"IKEA FLAMSIG Pizza plate white, 32 cm",المطبخ والأدوات المنزلية,أطباق منفردة,IKEA,FLAMSIG Pizza plate,"white, 32 cm",,,white,00505731,,,mapped,2026-07-30T00:00:00,2026-07-30T00:00:00
VAR-E91709E7A8DCDB,MOD-0017A25D5EB68C,"IKEA GLADELIG Deep plate dark grey, 21 cm",المطبخ والأدوات المنزلية,أطباق منفردة,IKEA,GLADELIG Deep plate,"dark grey, 21 cm",,,grey,40596989,,,mapped,2026-07-30T00:00:00,2026-07-30T00:00:00
VAR-B1B94196E0C4AE,MOD-748399327088C8,"IKEA GLADELIG Plate blue, 25 cm",المطبخ والأدوات المنزلية,أطباق منفردة,IKEA,GLADELIG Plate,"blue, 25 cm",,,blue,50600721,,,mapped,2026-07-30T00:00:00,2026-07-30T00:00:00
VAR-2DCD9F0F4718AC,MOD-748399327088C8,"IKEA GLADELIG Plate grey, 20x13 cm | 20×13 cm",المطبخ والأدوات المنزلية,أطباق منفردة,IKEA,GLADELIG Plate,"grey, 20x13 cm",,,grey,70600758,,,mapped,2026-07-30T00:00:00,2026-07-30T00:00:00
VAR-94A2451AFEABEC,MOD-E7D3FBAB66FDC0,"IKEA GLADELIG Side plate blue, 20 cm",المطبخ والأدوات المنزلية,أطباق منفردة,IKEA,GLADELIG Side plate,"blue, 20 cm",,,blue,70600720,,,mapped,2026-07-30T00:00:00,2026-07-30T00:00:00
VAR-40001631281011,MOD-27600BBE2415D4,"IKEA IKEA 365+ Serving plate white, 36x20 cm | 36×20 cm",المطبخ والأدوات المنزلية,أطباق منفردة,IKEA,IKEA 365+ Serving plate,"white, 36x20 cm",,,white,00607367,,,mapped,2026-07-30T00:00:00,2026-07-30T00:00:00
VAR-A65DB78537FAE9,MOD-DA84B2E99AE8E8,IKEA MOSSMAL Plate/bowl set of 3 dot pattern/light green | green / light green,المطبخ والأدوات المنزلية,أطباق منفردة,IKEA,MOSSMAL Plate/bowl set of 3,dot pattern/light green,,,green / light green,30582780,,,mapped,2026-07-30T00:00:00,2026-07-30T00:00:00
VAR-E61E042E70E541,MOD-45488EB0560B31,"IKEA NÄTBARB Deep plate black, 19 cm",المطبخ والأدوات المنزلية,أطباق منفردة,IKEA,NÄTBARB Deep plate,"black, 19 cm",,,black,90563694,,,mapped,2026-07-30T00:00:00,2026-07-30T00:00:00
VAR-9D7146A314D2F9,MOD-A665FEB18177A7,"IKEA NÄTBARB Plate black, 24 cm",المطبخ والأدوات المنزلية,أطباق منفردة,IKEA,NÄTBARB Plate,"black, 24 cm",,,black,90563689,,,mapped,2026-07-30T00:00:00,2026-07-30T00:00:00
VAR-EE13522522049E,MOD-C7DF91C78D4C9F,"IKEA NÄTBARB Side plate black, 19 cm",المطبخ والأدوات المنزلية,أطباق منفردة,IKEA,NÄTBARB Side plate,"black, 19 cm",,,black,40563696,,,mapped,2026-07-30T00:00:00,2026-07-30T00:00:00
VAR-EEABCE229666DA,MOD-B8AEFAF95BBA0E,"IKEA OFTAST Deep plate white, 20 cm",المطبخ والأدوات المنزلية,أطباق منفردة,IKEA,OFTAST Deep plate,"white, 20 cm",,,white,00318942,,,mapped,2026-07-30T00:00:00,2026-07-30T00:00:00
VAR-FB396653D0F800,MOD-ADA61229C56574,"IKEA OFTAST Plate white, 25 cm",المطبخ والأدوات المنزلية,أطباق منفردة,IKEA,OFTAST Plate,"white, 25 cm",,,white,30258913,,,mapped,2026-07-30T00:00:00,2026-07-30T00:00:00
VAR-026F86F475BA8D,MOD-7227F76EC570A0,"IKEA OFTAST Side plate white, 19 cm",المطبخ والأدوات المنزلية,أطباق منفردة,IKEA,OFTAST Side plate,"white, 19 cm",,,white,60318939,,,mapped,2026-07-30T00:00:00,2026-07-30T00:00:00
VAR-839986DF7B2D25,MOD-6711CEADAE4768,"IKEA SIMKRABBA Side plate plastic/green-grey, 21 cm",المطبخ والأدوات المنزلية,أطباق منفردة,IKEA,SIMKRABBA Side plate,"plastic/green-grey, 21 cm",,,green / grey,20609153,,,mapped,2026-07-30T00:00:00,2026-07-30T00:00:00
VAR-B3ECC5140367B9,MOD-59105FEBB21373,"IKEA STRIMMIG Deep plate stoneware pale grey-green, 23 cm | green / grey",المطبخ والأدوات المنزلية,أطباق منفردة,IKEA,STRIMMIG Deep plate,"stoneware pale grey-green, 23 cm",,,green / grey,10567667,,,mapped,2026-07-30T00:00:00,2026-07-30T00:00:00
VAR-9903A0398FFE41,MOD-A49F037C5B2107,"IKEA STRIMMIG Plate stoneware pale grey-green, 27 cm | green / grey",المطبخ والأدوات المنزلية,أطباق منفردة,IKEA,STRIMMIG Plate,"stoneware pale grey-green, 27 cm",,,green / grey,50567670,,,mapped,2026-07-30T00:00:00,2026-07-30T00:00:00
VAR-003F229C83C9DA,MOD-6A48BCFFF24B44,IKEA TOFSAND Plate stand white,المطبخ والأدوات المنزلية,أطباق منفردة,IKEA,TOFSAND Plate stand,white,,,white,00619600,,,mapped,2026-07-30T00:00:00,2026-07-30T00:00:00
VAR-715D5499D74E70,MOD-4AF1B8B440BEAD,"IKEA TUVHÄTTA Serving plate stainless steel, 32 cm",المطبخ والأدوات المنزلية,أطباق منفردة,IKEA,TUVHÄTTA Serving plate,"stainless steel, 32 cm",,,,10539556,,,mapped,2026-07-30T00:00:00,2026-07-30T00:00:00
VAR-4BD31CBF30AA45,MOD-B491AD4A595AD0,"IKEA VITBLECKA Plate white, 29 cm",المطبخ والأدوات المنزلية,أطباق منفردة,IKEA,VITBLECKA Plate,"white, 29 cm",,,white,70586451,,,mapped,2026-07-30T00:00:00,2026-07-30T00:00:00
VAR-AE234A1B7D313D,MOD-C91EDDEB352BB8,Mintra Curly Plastic Deep Plate ( 4 Pack ) Blue,المطبخ والأدوات المنزلية,أطباق منفردة,Mintra,Curly Plastic Deep Plate ( 4 Pack ),Blue,,,blue,5606,,,mapped,2026-07-30T00:00:00,2026-07-30T00:00:00
VAR-06071EA7632224,MOD-C91EDDEB352BB8,Mintra Curly Plastic Deep Plate ( 4 Pack ) Fuchsia,المطبخ والأدوات المنزلية,أطباق منفردة,Mintra,Curly Plastic Deep Plate ( 4 Pack ),Fuchsia,,,fuchsia,5610,,,mapped,2026-07-30T00:00:00,2026-07-30T00:00:00
VAR-92412BF66D067C,MOD-C91EDDEB352BB8,Mintra Curly Plastic Deep Plate ( 4 Pack ) Green,المطبخ والأدوات المنزلية,أطباق منفردة,Mintra,Curly Plastic Deep Plate ( 4 Pack ),Green,,,green,5605,,,mapped,2026-07-30T00:00:00,2026-07-30T00:00:00
VAR-7D48D9EFD71E29,MOD-C91EDDEB352BB8,Mintra Curly Plastic Deep Plate ( 4 Pack ) Orange,المطبخ والأدوات المنزلية,أطباق منفردة,Mintra,Curly Plastic Deep Plate ( 4 Pack ),Orange,,,orange,5609,,,mapped,2026-07-30T00:00:00,2026-07-30T00:00:00
VAR-AA79B00576F4A3,MOD-C91EDDEB352BB8,Mintra Curly Plastic Deep Plate ( 4 Pack ) Red,المطبخ والأدوات المنزلية,أطباق منفردة,Mintra,Curly Plastic Deep Plate ( 4 Pack ),Red,,,red,5604,,,mapped,2026-07-30T00:00:00,2026-07-30T00:00:00
VAR-1C57DB8C9855DA,MOD-C91EDDEB352BB8,Mintra Curly Plastic Deep Plate ( 4 Pack ) Turquoise,المطبخ والأدوات المنزلية,أطباق منفردة,Mintra,Curly Plastic Deep Plate ( 4 Pack ),Turquoise,,,turquoise,5607,,,mapped,2026-07-30T00:00:00,2026-07-30T00:00:00
VAR-B205BE58AA4B03,MOD-C91EDDEB352BB8,Mintra Curly Plastic Deep Plate ( 4 Pack ) White,المطبخ والأدوات المنزلية,أطباق منفردة,Mintra,Curly Plastic Deep Plate ( 4 Pack ),White,,,white,5603,,,mapped,2026-07-30T00:00:00,2026-07-30T00:00:00
VAR-F941CD51449C9F,MOD-C91EDDEB352BB8,Mintra Curly Plastic Deep Plate ( 4 Pack ) Yellow,المطبخ والأدوات المنزلية,أطباق منفردة,Mintra,Curly Plastic Deep Plate ( 4 Pack ),Yellow,,,yellow,5608,,,mapped,2026-07-30T00:00:00,2026-07-30T00:00:00
VAR-55197E870EB16A,MOD-5EAD3B4DB0F7FB,Mintra Long Rectangular Serving Plate Blue | 45×16.5 cm,المطبخ والأدوات المنزلية,أطباق منفردة,Mintra,Long Rectangular Serving Plate,Blue,,,blue,05641,,,mapped,2026-07-30T00:00:00,2026-07-30T00:00:00
VAR-C3B97F4A40E9DD,MOD-5EAD3B4DB0F7FB,Mintra Long Rectangular Serving Plate Fuschia | 45×16.5 cm,المطبخ والأدوات المنزلية,أطباق منفردة,Mintra,Long Rectangular Serving Plate,Fuschia,,,fuschia,05645,,,mapped,2026-07-30T00:00:00,2026-07-30T00:00:00
VAR-CC92ACAF5B9B9B,MOD-5EAD3B4DB0F7FB,Mintra Long Rectangular Serving Plate Green | 45×16.5 cm,المطبخ والأدوات المنزلية,أطباق منفردة,Mintra,Long Rectangular Serving Plate,Green,,,green,05640,,,mapped,2026-07-30T00:00:00,2026-07-30T00:00:00
VAR-D78C33BC828A94,MOD-5EAD3B4DB0F7FB,Mintra Long Rectangular Serving Plate Orange | 45×16.5 cm,المطبخ والأدوات المنزلية,أطباق منفردة,Mintra,Long Rectangular Serving Plate,Orange,,,orange,05644,,,mapped,2026-07-30T00:00:00,2026-07-30T00:00:00
VAR-C2C6328290A974,MOD-5EAD3B4DB0F7FB,Mintra Long Rectangular Serving Plate Red | 45×16.5 cm,المطبخ والأدوات المنزلية,أطباق منفردة,Mintra,Long Rectangular Serving Plate,Red,,,red,05639,,,mapped,2026-07-30T00:00:00,2026-07-30T00:00:00
VAR-AD7798F67F529F,MOD-5EAD3B4DB0F7FB,Mintra Long Rectangular Serving Plate Turquoise | 45×16.5 cm,المطبخ والأدوات المنزلية,أطباق منفردة,Mintra,Long Rectangular Serving Plate,Turquoise,,,turquoise,05642,,,mapped,2026-07-30T00:00:00,2026-07-30T00:00:00
VAR-56A498A469E83D,MOD-5EAD3B4DB0F7FB,Mintra Long Rectangular Serving Plate White | 45×16.5 cm,المطبخ والأدوات المنزلية,أطباق منفردة,Mintra,Long Rectangular Serving Plate,White,,,white,05638,,,mapped,2026-07-30T00:00:00,2026-07-30T00:00:00
VAR-7065FAC4FC830E,MOD-5EAD3B4DB0F7FB,Mintra Long Rectangular Serving Plate Yellow | 45×16.5 cm,المطبخ والأدوات المنزلية,أطباق منفردة,Mintra,Long Rectangular Serving Plate,Yellow,,,yellow,05643,,,mapped,2026-07-30T00:00:00,2026-07-30T00:00:00
VAR-9E82A99252F79A,MOD-9E7B21A5A4BCE5,Mintra Round Serving Plate Blue | 35.5 cm,المطبخ والأدوات المنزلية,أطباق منفردة,Mintra,Round Serving Plate,Blue,,,blue,03704,,,mapped,2026-07-30T00:00:00,2026-07-30T00:00:00
VAR-48BEA491B9B4F8,MOD-9E7B21A5A4BCE5,Mintra Round Serving Plate Fuchsia | 35.5 cm,المطبخ والأدوات المنزلية,أطباق منفردة,Mintra,Round Serving Plate,Fuchsia,,,fuchsia,03708,,,mapped,2026-07-30T00:00:00,2026-07-30T00:00:00
VAR-130EACE827D596,MOD-9E7B21A5A4BCE5,Mintra Round Serving Plate Green | 35.5 cm,المطبخ والأدوات المنزلية,أطباق منفردة,Mintra,Round Serving Plate,Green,,,green,03703,,,mapped,2026-07-30T00:00:00,2026-07-30T00:00:00
VAR-1FE38EB07616A2,MOD-9E7B21A5A4BCE5,Mintra Round Serving Plate Orange | 35.5 cm,المطبخ والأدوات المنزلية,أطباق منفردة,Mintra,Round Serving Plate,Orange,,,orange,03707,,,mapped,2026-07-30T00:00:00,2026-07-30T00:00:00
VAR-AF08519EF2AF7F,MOD-9E7B21A5A4BCE5,Mintra Round Serving Plate Red | 35.5 cm,المطبخ والأدوات المنزلية,أطباق منفردة,Mintra,Round Serving Plate,Red,,,red,03702,,,mapped,2026-07-30T00:00:00,2026-07-30T00:00:00
VAR-556CE3602C3797,MOD-9E7B21A5A4BCE5,Mintra Round Serving Plate White | 35.5 cm,المطبخ والأدوات المنزلية,أطباق منفردة,Mintra,Round Serving Plate,White,,,white,03701,,,mapped,2026-07-30T00:00:00,2026-07-30T00:00:00
VAR-3CB4349BD0BBEF,MOD-9E7B21A5A4BCE5,Mintra Round Serving Plate Yellow | 35.5 cm,المطبخ والأدوات المنزلية,أطباق منفردة,Mintra,Round Serving Plate,Yellow,,,yellow,03706,,,mapped,2026-07-30T00:00:00,2026-07-30T00:00:00
VAR-1C324DD4F1BA18,MOD-9C48F42D5BA358,Mintra Kitchen Tools 4-Pack Orange,المطبخ والأدوات المنزلية,أطقم أدوات مطبخ,Mintra,Kitchen Tools 4-Pack,Orange,,,orange,05881,,,mapped,2026-07-30T00:00:00,2026-07-30T00:00:00
VAR-F6DDB51450EDD4,MOD-9C48F42D5BA358,Mintra Kitchen Tools 4-Pack Red,المطبخ والأدوات المنزلية,أطقم أدوات مطبخ,Mintra,Kitchen Tools 4-Pack,Red,,,red,05876,,,mapped,2026-07-30T00:00:00,2026-07-30T00:00:00
VAR-B4D7E0C670278C,MOD-4BBC763E373073,Tefal 16202428,المطبخ والأدوات المنزلية,أطقم أواني طهي,Tefal,16202428,,,,,16202428,,,mapped,2026-07-30T00:00:00,2026-07-30T00:00:00
VAR-E2A2C0009D3F01,MOD-C1067E78E995AD,Tefal 1704883074,المطبخ والأدوات المنزلية,أطقم أواني طهي,Tefal,1704883074,,,,,1704883074,,,mapped,2026-07-30T00:00:00,2026-07-30T00:00:00
VAR-F8FECB8ADA7BC4,MOD-E6E94E3F423F2B,Tefal 18202226,المطبخ والأدوات المنزلية,أطقم أواني طهي,Tefal,18202226,,,,,18202226,,,mapped,2026-07-30T00:00:00,2026-07-30T00:00:00
VAR-12DDC02C477F9C,MOD-300DDCD3620FDC,Tefal 18202426,المطبخ والأدوات المنزلية,أطقم أواني طهي,Tefal,18202426,,,,,18202426,,,mapped,2026-07-30T00:00:00,2026-07-30T00:00:00
VAR-5D20E4758C436B,MOD-CDF0D557E63B6A,Tefal 18202428,المطبخ والأدوات المنزلية,أطقم أواني طهي,Tefal,18202428,,,,,18202428,,,mapped,2026-07-30T00:00:00,2026-07-30T00:00:00
VAR-3C3C8D9C5A23C8,MOD-7D0D8CB8779ACC,Tefal 18222630,المطبخ والأدوات المنزلية,أطقم أواني طهي,Tefal,18222630,,,,,18222630,,,mapped,2026-07-30T00:00:00,2026-07-30T00:00:00
VAR-7E20F676164DD4,MOD-F4195F6643E044,Tefal 20242628,المطبخ والأدوات المنزلية,أطقم أواني طهي,Tefal,20242628,,,,,20242628,,,mapped,2026-07-30T00:00:00,2026-07-30T00:00:00
VAR-FE7DD6613C52DA,MOD-644140CA1D2DD6,Tefal 220089958,المطبخ والأدوات المنزلية,أطقم أواني طهي,Tefal,220089958,,,,,220089958,,,mapped,2026-07-30T00:00:00,2026-07-30T00:00:00
VAR-D964B6F36D8772,MOD-77CA179F4108D4,Tefal 220089976,المطبخ والأدوات المنزلية,أطقم أواني طهي,Tefal,220089976,,,,,220089976,,,mapped,2026-07-30T00:00:00,2026-07-30T00:00:00
VAR-0D9CEC346CB7BF,MOD-9E79B4BB0BD014,Tefal 220091010,المطبخ والأدوات المنزلية,أطقم أواني طهي,Tefal,220091010,,,,,220091010,,,mapped,2026-07-30T00:00:00,2026-07-30T00:00:00
VAR-281A28D2FB5B34,MOD-83A0D571165FDC,Tefal 220091074,المطبخ والأدوات المنزلية,أطقم أواني طهي,Tefal,220091074,,,,,220091074,,,mapped,2026-07-30T00:00:00,2026-07-30T00:00:00
VAR-77A94383079D51,MOD-335CCDDBED8BBD,Tefal 220099992,المطبخ والأدوات المنزلية,أطقم أواني طهي,Tefal,220099992,,,,,220099992,,,mapped,2026-07-30T00:00:00,2026-07-30T00:00:00
VAR-247DC2382B95E9,MOD-9CBD2C816F72BD,Tefal 220101072,المطبخ والأدوات المنزلية,أطقم أواني طهي,Tefal,220101072,,,,,220101072,,,mapped,2026-07-30T00:00:00,2026-07-30T00:00:00
VAR-1F2B221A6BE044,MOD-9B9DE23CFBC638,Tefal 220708122,المطبخ والأدوات المنزلية,أطقم أواني طهي,Tefal,220708122,,,,,220708122,,,mapped,2026-07-30T00:00:00,2026-07-30T00:00:00
VAR-CE068114BBBA2C,MOD-91EAC415644521,Tefal 220920112 Sizes encoded by listing: 18/20/24,المطبخ والأدوات المنزلية,أطقم أواني طهي,Tefal,220920112,Sizes encoded by listing: 18/20/24,,,,220920112,,,mapped,2026-07-30T00:00:00,2026-07-30T00:00:00
VAR-E0A5609CD2F841,MOD-CBA8A2F1F996E5,Tefal 403841101,المطبخ والأدوات المنزلية,أطقم أواني طهي,Tefal,403841101,,,,,403841101,,,mapped,2026-07-30T00:00:00,2026-07-30T00:00:00
VAR-49B88871F49771,MOD-BD9FD811230FD9,Tefal C2891201,المطبخ والأدوات المنزلية,أطقم أواني طهي,Tefal,C2891201,,,,,C2891201,,,mapped,2026-07-30T00:00:00,2026-07-30T00:00:00
VAR-6F483BC4E08935,MOD-7F489EF8654F57,Tefal C2891202,المطبخ والأدوات المنزلية,أطقم أواني طهي,Tefal,C2891202,,,,,C2891202,,,mapped,2026-07-30T00:00:00,2026-07-30T00:00:00
VAR-CBC3691DB5C750,MOD-466341B7F08C92,Tefal C2891204,المطبخ والأدوات المنزلية,أطقم أواني طهي,Tefal,C2891204,,,,,C2891204,,,mapped,2026-07-30T00:00:00,2026-07-30T00:00:00
VAR-C60C77B2AD84D1,MOD-8F273B4560853A,Tefal L1589011 Black,المطبخ والأدوات المنزلية,أطقم أواني طهي,Tefal,L1589011,Black,,,Black,L1589011,,,mapped,2026-07-30T00:00:00,2026-07-30T00:00:00
VAR-FAD89256875F55,MOD-D146A31C9BA04C,Tefal L1589012 Black,المطبخ والأدوات المنزلية,أطقم أواني طهي,Tefal,L1589012,Black,,,Black,L1589012,,,mapped,2026-07-30T00:00:00,2026-07-30T00:00:00
VAR-AF2E72952679F9,MOD-859F3F7444FDDA,Tefal L1589013 Black,المطبخ والأدوات المنزلية,أطقم أواني طهي,Tefal,L1589013,Black,,,Black,L1589013,,,mapped,2026-07-30T00:00:00,2026-07-30T00:00:00
VAR-CBF29864D300A0,MOD-DDF744BED05530,Zahran 1618202430 Stainless Steel,المطبخ والأدوات المنزلية,أطقم أواني طهي,Zahran,1618202430,Stainless Steel,,,Stainless Steel,1618202430,,,mapped,2026-07-30T00:00:00,2026-07-30T00:00:00
VAR-F2E5E8A1B414DD,MOD-E1BBB932054490,Zahran 1618222428 Stainless Steel,المطبخ والأدوات المنزلية,أطقم أواني طهي,Zahran,1618222428,Stainless Steel,,,Stainless Steel,1618222428,,,mapped,2026-07-30T00:00:00,2026-07-30T00:00:00
VAR-27AE93BD3D50E8,MOD-A867E48948B32C,Zahran 16182428 Stainless Steel,المطبخ والأدوات المنزلية,أطقم أواني طهي,Zahran,16182428,Stainless Steel,,,Stainless Steel,16182428,,,mapped,2026-07-30T00:00:00,2026-07-30T00:00:00
VAR-04982368266CE7,MOD-0A8F7DDD0E3D05,Zahran 1620222632 Stainless Steel,المطبخ والأدوات المنزلية,أطقم أواني طهي,Zahran,1620222632,Stainless Steel,,,Stainless Steel,1620222632,,,mapped,2026-07-30T00:00:00,2026-07-30T00:00:00
VAR-0263F8A6E61B70,MOD-07EC9DF5ABC1E5,Zahran 16202428 Stainless Steel,المطبخ والأدوات المنزلية,أطقم أواني طهي,Zahran,16202428,Stainless Steel,,,Stainless Steel,16202428,,,mapped,2026-07-30T00:00:00,2026-07-30T00:00:00
VAR-5F5F135E6E95AD,MOD-C108C453F6B25C,Zahran 1820222628,المطبخ والأدوات المنزلية,أطقم أواني طهي,Zahran,1820222628,,,,,1820222628,,,mapped,2026-07-30T00:00:00,2026-07-30T00:00:00
VAR-090DC0F3663F60,MOD-2F470D8FA963FD,Zahran 18202428,المطبخ والأدوات المنزلية,أطقم أواني طهي,Zahran,18202428,,,,,18202428,,,mapped,2026-07-30T00:00:00,2026-07-30T00:00:00
VAR-9B843CAC63D3A7,MOD-C216491EB71A04,Zahran 18202630 Stainless Steel,المطبخ والأدوات المنزلية,أطقم أواني طهي,Zahran,18202630,Stainless Steel,,,Stainless Steel,18202630,,,mapped,2026-07-30T00:00:00,2026-07-30T00:00:00
VAR-F74B9F18CFE6B7,MOD-41C899CD1D5312,Zahran 18222632 Stainless Steel,المطبخ والأدوات المنزلية,أطقم أواني طهي,Zahran,18222632,Stainless Steel,,,Stainless Steel,18222632,,,mapped,2026-07-30T00:00:00,2026-07-30T00:00:00
VAR-87FF3788AD0705,MOD-BBA9FE264CB2FC,Zahran 330019990 Stainless Steel,المطبخ والأدوات المنزلية,أطقم أواني طهي,Zahran,330019990,Stainless Steel,,,Stainless Steel,330019990,,,mapped,2026-07-30T00:00:00,2026-07-30T00:00:00
VAR-EC8DC0617A72D7,MOD-7D28CDD416E429,IKEA FÖRDUBBLA 2-piece knife set grey,المطبخ والأدوات المنزلية,أطقم سكاكين مطبخ,IKEA,FÖRDUBBLA 2-piece knife set,grey,,,grey,00436790,,,mapped,2026-07-30T00:00:00,2026-07-30T00:00:00
VAR-3D2F224D4E77A4,MOD-D0F3BBCC191E1F,IKEA HACKIG 3-piece knife set ceramic white/beige | beige / white,المطبخ والأدوات المنزلية,أطقم سكاكين مطبخ,IKEA,HACKIG 3-piece knife set,ceramic white/beige,,,beige / white,10598485,,,mapped,2026-07-30T00:00:00,2026-07-30T00:00:00
VAR-A2F444C69A4D5D,MOD-19DFB67C8EAA54,"IKEA PRICKIG Microwave lid grey, 26 cm",المطبخ والأدوات المنزلية,أغطية أواني ميكروويف,IKEA,PRICKIG Microwave lid,"grey, 26 cm",,,grey,70186090,,,mapped,2026-07-30T00:00:00,2026-07-30T00:00:00
VAR-4224566B4E3D11,MOD-A75BF1A27B6436,"IKEA BEPRÖVAD Glass clear glass, 29 cl | 29cl",المطبخ والأدوات المنزلية,أكواب مياه,IKEA,BEPRÖVAD Glass,"clear glass, 29 cl",,,,00284386,,,mapped,2026-07-30T00:00:00,2026-07-30T00:00:00
VAR-273D71A2259AA9,MOD-8A0CF99E4BFD56,"IKEA DYRGRIP Glass clear glass, 36 cl | 36cl",المطبخ والأدوات المنزلية,أكواب مياه,IKEA,DYRGRIP Glass,"clear glass, 36 cl",,,,40309304,,,mapped,2026-07-30T00:00:00,2026-07-30T00:00:00
VAR-C487014FD7EB8F,MOD-3CDA04061477C9,"IKEA DYRGRIP Juice glass clear glass, 42 cl | 42cl",المطبخ والأدوات المنزلية,أكواب مياه,IKEA,DYRGRIP Juice glass,"clear glass, 42 cl",,,,80309302,,,mapped,2026-07-30T00:00:00,2026-07-30T00:00:00
VAR-E84892F2330E43,MOD-0B7F2C697D7858,"IKEA GODIS Glass clear glass, 40 cl | 40cl",المطبخ والأدوات المنزلية,أكواب مياه,IKEA,GODIS Glass,"clear glass, 40 cl",,,,20092107,,,mapped,2026-07-30T00:00:00,2026-07-30T00:00:00
VAR-EC46E58E6BA179,MOD-B59FDD93F0D4DC,"IKEA IVRIG Glass clear glass, 45 cl | 45cl",المطبخ والأدوات المنزلية,أكواب مياه,IKEA,IVRIG Glass,"clear glass, 45 cl",,,,50258323,,,mapped,2026-07-30T00:00:00,2026-07-30T00:00:00
VAR-CE13619DEDF65A,MOD-E9FA228064CD58,"IKEA POKAL Glass clear glass, 27 cl | 27cl",المطبخ والأدوات المنزلية,أكواب مياه,IKEA,POKAL Glass,"clear glass, 27 cl",,,,80621816,,,mapped,2026-07-30T00:00:00,2026-07-30T00:00:00
VAR-6D3F084245F6AA,MOD-E9FA228064CD58,"IKEA POKAL Glass clear glass, 35 cl | 35cl",المطبخ والأدوات المنزلية,أكواب مياه,IKEA,POKAL Glass,"clear glass, 35 cl",,,,10270478,,,mapped,2026-07-30T00:00:00,2026-07-30T00:00:00
VAR-CFDBCEE7098C8E,MOD-E9FA228064CD58,"IKEA POKAL Glass pink, 35 cl | 35cl",المطبخ والأدوات المنزلية,أكواب مياه,IKEA,POKAL Glass,"pink, 35 cl",,,pink,10417710,,,mapped,2026-07-30T00:00:00,2026-07-30T00:00:00
VAR-5F932C081B3E60,MOD-F143F85DEAC811,"IKEA POKAL Snaps glass clear glass, 5 cl | 5cl",المطبخ والأدوات المنزلية,أكواب مياه,IKEA,POKAL Snaps glass,"clear glass, 5 cl",,,,90091996,,,mapped,2026-07-30T00:00:00,2026-07-30T00:00:00
VAR-E92CE828C0821B,MOD-54C0E13367736D,"IKEA REKO Glass clear glass, 17 cl | 17cl",المطبخ والأدوات المنزلية,أكواب مياه,IKEA,REKO Glass,"clear glass, 17 cl",,,,80094014,,,mapped,2026-07-30T00:00:00,2026-07-30T00:00:00
VAR-6E322A41A7C6E0,MOD-E0DA20E78B28CC,"IKEA VARDAGEN Glass clear glass, 20 cl | 20cl",المطبخ والأدوات المنزلية,أكواب مياه,IKEA,VARDAGEN Glass,"clear glass, 20 cl",,,,20286916,,,mapped,2026-07-30T00:00:00,2026-07-30T00:00:00
VAR-845A49C18A3992,MOD-E0DA20E78B28CC,"IKEA VARDAGEN Glass clear glass, 43 cl | 43cl",المطبخ والأدوات المنزلية,أكواب مياه,IKEA,VARDAGEN Glass,"clear glass, 43 cl",,,,70313106,,,mapped,2026-07-30T00:00:00,2026-07-30T00:00:00
VAR-0140B9BE38F2E0,MOD-E0DA20E78B28CC,"IKEA VARDAGEN Glass light turquoise, 31 cl | 31cl",المطبخ والأدوات المنزلية,أكواب مياه,IKEA,VARDAGEN Glass,"light turquoise, 31 cl",,,turquoise,30567591,,,mapped,2026-07-30T00:00:00,2026-07-30T00:00:00
VAR-89463DD5B43372,MOD-B5C6C20E61038E,"IKEA VITABBORRE Glass plastic/blue, 700 ml | 700ml",المطبخ والأدوات المنزلية,أكواب مياه,IKEA,VITABBORRE Glass,"plastic/blue, 700 ml",,,blue,50625793,,,mapped,2026-07-30T00:00:00,2026-07-30T00:00:00
VAR-171B66EB521184,MOD-6AE5BB77DE79FF,"IKEA FINFÖRDELA Bendable chopping board dark green/grey-turquoise, 28x36 cm | 28×36 cm | dark green / green / grey / turquoise",المطبخ والأدوات المنزلية,ألواح تقطيع,IKEA,FINFÖRDELA Bendable chopping board,"dark green/grey-turquoise, 28x36 cm",,,dark green / green / grey / turquoise,50613016,,,mapped,2026-07-30T00:00:00,2026-07-30T00:00:00
VAR-0BBBE4DAEA8073,MOD-8FF285317AF938,IKEA GUMMIHAJ Holder with 3 chopping boards mixed colours,المطبخ والأدوات المنزلية,ألواح تقطيع,IKEA,GUMMIHAJ Holder with 3 chopping boards,mixed colours,,,,30573318,,,mapped,2026-07-30T00:00:00,2026-07-30T00:00:00
VAR-772354FB577D97,MOD-5042D66E11FB77,"IKEA IKEA 365+ Chopping board black-blue grey-blue/light blue, 22x16 cm | 22×16 cm | black / blue / grey / light blue",المطبخ والأدوات المنزلية,ألواح تقطيع,IKEA,IKEA 365+ Chopping board,"black-blue grey-blue/light blue, 22x16 cm",,,black / blue / grey / light blue,40613026,,,mapped,2026-07-30T00:00:00,2026-07-30T00:00:00
VAR-BA5226BFD0A61E,MOD-E550758C32CF83,"IKEA LÄMPLIG Chopping board bamboo, 53x46 cm | 53×46 cm",المطبخ والأدوات المنزلية,ألواح تقطيع,IKEA,LÄMPLIG Chopping board,"bamboo, 53x46 cm",,,,00309829,,,mapped,2026-07-30T00:00:00,2026-07-30T00:00:00
VAR-BDCFA24321ED3B,MOD-61A9F62D4CB8B8,"IKEA LEGITIM Chopping board set of 2, white",المطبخ والأدوات المنزلية,ألواح تقطيع,IKEA,LEGITIM Chopping board,"set of 2, white",,,white,70556703,,,mapped,2026-07-30T00:00:00,2026-07-30T00:00:00
VAR-E52760A5CBC283,MOD-ABA8FF18DED5E7,"IKEA SÅPÖRTMAL Chopping board beech, 35x35 cm | 35×35 cm",المطبخ والأدوات المنزلية,ألواح تقطيع,IKEA,SÅPÖRTMAL Chopping board,"beech, 35x35 cm",,,,90570661,,,mapped,2026-07-30T00:00:00,2026-07-30T00:00:00
VAR-477ECD2CC2E2C8,MOD-0703C473DF6591,"IKEA STOLTHET Chopping board bamboo, 35x22 cm | 35×22 cm",المطبخ والأدوات المنزلية,ألواح تقطيع,IKEA,STOLTHET Chopping board,"bamboo, 35x22 cm",,,,30512810,,,mapped,2026-07-30T00:00:00,2026-07-30T00:00:00
VAR-46D7031CF09A6E,MOD-BDCF978B7A72F6,"IKEA KLOCKREN Universal lid set of 3, silicone",المطبخ والأدوات المنزلية,أواني طهي,IKEA,KLOCKREN Universal lid,"set of 3, silicone",,,,40449192,,,mapped,2026-07-30T00:00:00,2026-07-30T00:00:00
VAR-1896F62BB28052,MOD-FEB1D4F5CE6956,"IKEA VARDAGEN Casserole with lid enamelled cast iron light beige/dark grey-blue, 5 l | 5L | beige / blue / grey",المطبخ والأدوات المنزلية,أواني طهي,IKEA,VARDAGEN Casserole with lid,"enamelled cast iron light beige/dark grey-blue, 5 l",,,beige / blue / grey,50605709,,,mapped,2026-07-30T00:00:00,2026-07-30T00:00:00
VAR-80094341116974,MOD-FEB1D4F5CE6956,"IKEA VARDAGEN Casserole with lid enamelled cast iron matt/black, 6.5 l | 6.5L",المطبخ والأدوات المنزلية,أواني طهي,IKEA,VARDAGEN Casserole with lid,"enamelled cast iron matt/black, 6.5 l",,,black,00560671,,,mapped,2026-07-30T00:00:00,2026-07-30T00:00:00
VAR-DF4F8BDB3B96BE,MOD-5B23E047C64828,"IKEA VARDAGEN Pie dish off-white, 32 cm | off-white / white",المطبخ والأدوات المنزلية,أواني طهي,IKEA,VARDAGEN Pie dish,"off-white, 32 cm",,,off-white / white,10289307,,,mapped,2026-07-30T00:00:00,2026-07-30T00:00:00
VAR-34767288EA5B78,MOD-06276591B0F563,"IKEA ÅKERHALLON Serving bowl set of 2, bamboo",المطبخ والأدوات المنزلية,أوعية تقديم,IKEA,ÅKERHALLON Serving bowl,"set of 2, bamboo",,,,30602306,,,mapped,2026-07-30T00:00:00,2026-07-30T00:00:00
VAR-84D862621DE01C,MOD-D787505CDECCAD,"IKEA BLANDA MATT Serving bowl bamboo, 28 cm",المطبخ والأدوات المنزلية,أوعية تقديم,IKEA,BLANDA MATT Serving bowl,"bamboo, 28 cm",,,,60214343,,,mapped,2026-07-30T00:00:00,2026-07-30T00:00:00
VAR-061BB2BC9F730E,MOD-63E78E2DEF7034,"IKEA BLANDA Serving bowl clear glass, 20 cm",المطبخ والأدوات المنزلية,أوعية تقديم,IKEA,BLANDA Serving bowl,"clear glass, 20 cm",,,,90057252,,,mapped,2026-07-30T00:00:00,2026-07-30T00:00:00
VAR-217A704418C2BA,MOD-1789494772BA29,"IKEA FÄRGKLAR Bowl lilac, 16 cm",المطبخ والأدوات المنزلية,أوعية تقديم,IKEA,FÄRGKLAR Bowl,"lilac, 16 cm",,,lilac,30600425,,,mapped,2026-07-30T00:00:00,2026-07-30T00:00:00
VAR-4884CCDC322260,MOD-BC4A195BF69799,"IKEA FIKADAGS Mixing bowl white, 2.2 l | 2.2L",المطبخ والأدوات المنزلية,أوعية تقديم,IKEA,FIKADAGS Mixing bowl,"white, 2.2 l",,,white,40510839,,,mapped,2026-07-30T00:00:00,2026-07-30T00:00:00
VAR-86F0345335069E,MOD-806537231C429F,"IKEA GLADELIG Bowl blue, 14 cm",المطبخ والأدوات المنزلية,أوعية تقديم,IKEA,GLADELIG Bowl,"blue, 14 cm",,,blue,40600712,,,mapped,2026-07-30T00:00:00,2026-07-30T00:00:00
VAR-E4281E76571834,MOD-58C2D6F9D55D54,"IKEA KEJSERLIG Bowl mixed colours, 10 cm",المطبخ والأدوات المنزلية,أوعية تقديم,IKEA,KEJSERLIG Bowl,"mixed colours, 10 cm",,,,00511497,,,mapped,2026-07-30T00:00:00,2026-07-30T00:00:00
VAR-F3F8E986B4BC5F,MOD-305995613ACEFE,IKEA LILLHAVET Washing-up bowl anthracite,المطبخ والأدوات المنزلية,أوعية تقديم,IKEA,LILLHAVET Washing-up bowl,anthracite,,,anthracite,10503430,,,mapped,2026-07-30T00:00:00,2026-07-30T00:00:00
VAR-6C8DF503C01A7A,MOD-E11B3DC16C6884,"IKEA NÄTBARB Bowl black, 14 cm",المطبخ والأدوات المنزلية,أوعية تقديم,IKEA,NÄTBARB Bowl,"black, 14 cm",,,black,10563693,,,mapped,2026-07-30T00:00:00,2026-07-30T00:00:00
VAR-373BD25FB8F5E2,MOD-F90206432E24B5,"IKEA OFTAST Bowl white black/dot pattern, 15 cm | black / white",المطبخ والأدوات المنزلية,أوعية تقديم,IKEA,OFTAST Bowl,"white black/dot pattern, 15 cm",,,black / white,50608265,,,mapped,2026-07-30T00:00:00,2026-07-30T00:00:00
VAR-DCDC66F25C19B9,MOD-F90206432E24B5,"IKEA OFTAST Bowl white, 15 cm",المطبخ والأدوات المنزلية,أوعية تقديم,IKEA,OFTAST Bowl,"white, 15 cm",,,white,80258915,,,mapped,2026-07-30T00:00:00,2026-07-30T00:00:00
VAR-9137FEEF54DEBD,MOD-817FB3B2879EF7,"IKEA OFTAST Serving bowl white, 23 cm",المطبخ والأدوات المنزلية,أوعية تقديم,IKEA,OFTAST Serving bowl,"white, 23 cm",,,white,20439392,,,mapped,2026-07-30T00:00:00,2026-07-30T00:00:00
VAR-610AD80E7F82E7,MOD-757896D774B1AE,"IKEA PONNYFISK Mixing bowl light grey-blue, 1 l | 1L | blue / grey",المطبخ والأدوات المنزلية,أوعية تقديم,IKEA,PONNYFISK Mixing bowl,"light grey-blue, 1 l",,,blue / grey,90598491,,,mapped,2026-07-30T00:00:00,2026-07-30T00:00:00
VAR-FC88974E9051F2,MOD-7FABEAD3BFE6DA,"IKEA SILVERSIDA Serving bowl patterned/blue, 28 cm",المطبخ والأدوات المنزلية,أوعية تقديم,IKEA,SILVERSIDA Serving bowl,"patterned/blue, 28 cm",,,blue,20565696,,,mapped,2026-07-30T00:00:00,2026-07-30T00:00:00
VAR-6F6D5EB175DBF0,MOD-6A99AC4EBF4281,"IKEA UPPLAGA Serving bowl white, 26 cm",المطبخ والأدوات المنزلية,أوعية تقديم,IKEA,UPPLAGA Serving bowl,"white, 26 cm",,,white,10424715,,,mapped,2026-07-30T00:00:00,2026-07-30T00:00:00
VAR-9E3D4387983E06,MOD-DE9CA6BD7EC126,"IKEA VARDAGEN Bowl clear glass, 26 cm",المطبخ والأدوات المنزلية,أوعية تقديم,IKEA,VARDAGEN Bowl,"clear glass, 26 cm",,,,70289248,,,mapped,2026-07-30T00:00:00,2026-07-30T00:00:00
VAR-9BA7836B4E2BF5,MOD-7F24E49002D61D,"IKEA VITBLECKA Serving bowl white, 18 cm",المطبخ والأدوات المنزلية,أوعية تقديم,IKEA,VITBLECKA Serving bowl,"white, 18 cm",,,white,10586449,,,mapped,2026-07-30T00:00:00,2026-07-30T00:00:00
VAR-402E94945A0741,MOD-384AB2AEB50323,Mintra Curly Plastic Large Bowl Blue,المطبخ والأدوات المنزلية,أوعية تقديم,Mintra,Curly Plastic Large Bowl,Blue,,,blue,5622,,,mapped,2026-07-30T00:00:00,2026-07-30T00:00:00
VAR-B1C20FBAF9D3E3,MOD-384AB2AEB50323,Mintra Curly Plastic Large Bowl Fuschia,المطبخ والأدوات المنزلية,أوعية تقديم,Mintra,Curly Plastic Large Bowl,Fuschia,,,fuschia,5626,,,mapped,2026-07-30T00:00:00,2026-07-30T00:00:00
VAR-F6FCF0FC3EEA79,MOD-384AB2AEB50323,Mintra Curly Plastic Large Bowl Green,المطبخ والأدوات المنزلية,أوعية تقديم,Mintra,Curly Plastic Large Bowl,Green,,,green,5621,,,mapped,2026-07-30T00:00:00,2026-07-30T00:00:00
VAR-56DC01829832F7,MOD-384AB2AEB50323,Mintra Curly Plastic Large Bowl Orange,المطبخ والأدوات المنزلية,أوعية تقديم,Mintra,Curly Plastic Large Bowl,Orange,,,orange,5625,,,mapped,2026-07-30T00:00:00,2026-07-30T00:00:00
VAR-4B1E2CC5E80AA6,MOD-384AB2AEB50323,Mintra Curly Plastic Large Bowl Red,المطبخ والأدوات المنزلية,أوعية تقديم,Mintra,Curly Plastic Large Bowl,Red,,,red,5620,,,mapped,2026-07-30T00:00:00,2026-07-30T00:00:00
VAR-B28EED72C2F2C9,MOD-384AB2AEB50323,Mintra Curly Plastic Large Bowl Turquoise,المطبخ والأدوات المنزلية,أوعية تقديم,Mintra,Curly Plastic Large Bowl,Turquoise,,,turquoise,5623,,,mapped,2026-07-30T00:00:00,2026-07-30T00:00:00
VAR-4E54DF4D6B82A6,MOD-384AB2AEB50323,Mintra Curly Plastic Large Bowl White,المطبخ والأدوات المنزلية,أوعية تقديم,Mintra,Curly Plastic Large Bowl,White,,,white,5619,,,mapped,2026-07-30T00:00:00,2026-07-30T00:00:00
VAR-17E3EA11A3F2B9,MOD-384AB2AEB50323,Mintra Curly Plastic Large Bowl Yellow,المطبخ والأدوات المنزلية,أوعية تقديم,Mintra,Curly Plastic Large Bowl,Yellow,,,yellow,5624,,,mapped,2026-07-30T00:00:00,2026-07-30T00:00:00
VAR-E664BA35BE7F46,MOD-ED29CE97BBAB72,Mintra Large Unbreakable Plastic Bowl 1.8 L Beige | 1.8L,المطبخ والأدوات المنزلية,أوعية تقديم,Mintra,Large Unbreakable Plastic Bowl 1.8 L,Beige,,,beige,03587,,,mapped,2026-07-30T00:00:00,2026-07-30T00:00:00
VAR-F7DA95D7DE5E7B,MOD-ED29CE97BBAB72,Mintra Large Unbreakable Plastic Bowl 1.8 L Burgundy | 1.8L,المطبخ والأدوات المنزلية,أوعية تقديم,Mintra,Large Unbreakable Plastic Bowl 1.8 L,Burgundy,,,burgundy,08448,,,mapped,2026-07-30T00:00:00,2026-07-30T00:00:00
VAR-FAFB00898B0613,MOD-ED29CE97BBAB72,Mintra Large Unbreakable Plastic Bowl 1.8 L Green | 1.8L,المطبخ والأدوات المنزلية,أوعية تقديم,Mintra,Large Unbreakable Plastic Bowl 1.8 L,Green,,,green,03585,,,mapped,2026-07-30T00:00:00,2026-07-30T00:00:00
VAR-4CF7B29669D5F2,MOD-ED29CE97BBAB72,Mintra Large Unbreakable Plastic Bowl 1.8 L Lavender | 1.8L,المطبخ والأدوات المنزلية,أوعية تقديم,Mintra,Large Unbreakable Plastic Bowl 1.8 L,Lavender,,,lavender,08447,,,mapped,2026-07-30T00:00:00,2026-07-30T00:00:00
VAR-F13BC83AA1C109,MOD-ED29CE97BBAB72,Mintra Large Unbreakable Plastic Bowl 1.8 L Light Blue | 1.8L | blue / light blue,المطبخ والأدوات المنزلية,أوعية تقديم,Mintra,Large Unbreakable Plastic Bowl 1.8 L,Light Blue,,,blue / light blue,03584,,,mapped,2026-07-30T00:00:00,2026-07-30T00:00:00
VAR-8A035502F1BB15,MOD-ED29CE97BBAB72,Mintra Large Unbreakable Plastic Bowl 1.8 L Mustard | 1.8L,المطبخ والأدوات المنزلية,أوعية تقديم,Mintra,Large Unbreakable Plastic Bowl 1.8 L,Mustard,,,mustard,08450,,,mapped,2026-07-30T00:00:00,2026-07-30T00:00:00
VAR-39806893189D47,MOD-ED29CE97BBAB72,Mintra Large Unbreakable Plastic Bowl 1.8 L Orange | 1.8L,المطبخ والأدوات المنزلية,أوعية تقديم,Mintra,Large Unbreakable Plastic Bowl 1.8 L,Orange,,,orange,08449,,,mapped,2026-07-30T00:00:00,2026-07-30T00:00:00
VAR-270D8FC1835101,MOD-ED29CE97BBAB72,Mintra Large Unbreakable Plastic Bowl 1.8 L Red | 1.8L,المطبخ والأدوات المنزلية,أوعية تقديم,Mintra,Large Unbreakable Plastic Bowl 1.8 L,Red,,,red,08451,,,mapped,2026-07-30T00:00:00,2026-07-30T00:00:00
VAR-918B16EBC72208,MOD-ED29CE97BBAB72,Mintra Large Unbreakable Plastic Bowl 1.8 L Royal blue | 1.8L,المطبخ والأدوات المنزلية,أوعية تقديم,Mintra,Large Unbreakable Plastic Bowl 1.8 L,Royal blue,,,blue,08444,,,mapped,2026-07-30T00:00:00,2026-07-30T00:00:00
VAR-C041AD586D0194,MOD-ED29CE97BBAB72,Mintra Large Unbreakable Plastic Bowl 1.8 L teal | 1.8L,المطبخ والأدوات المنزلية,أوعية تقديم,Mintra,Large Unbreakable Plastic Bowl 1.8 L,teal,,,teal,08446,,,mapped,2026-07-30T00:00:00,2026-07-30T00:00:00
VAR-068AF7971286E9,MOD-ED29CE97BBAB72,Mintra Large Unbreakable Plastic Bowl 1.8 L Turquoise | 1.8L,المطبخ والأدوات المنزلية,أوعية تقديم,Mintra,Large Unbreakable Plastic Bowl 1.8 L,Turquoise,,,turquoise,08445,,,mapped,2026-07-30T00:00:00,2026-07-30T00:00:00
VAR-B586F95E3D42F4,MOD-ED29CE97BBAB72,Mintra Large Unbreakable Plastic Bowl 1.8 L Watermelon | 1.8L,المطبخ والأدوات المنزلية,أوعية تقديم,Mintra,Large Unbreakable Plastic Bowl 1.8 L,Watermelon,,,watermelon,03582,,,mapped,2026-07-30T00:00:00,2026-07-30T00:00:00
VAR-95CC243FCB58A6,MOD-ED29CE97BBAB72,Mintra Large Unbreakable Plastic Bowl 1.8 L Yellow | 1.8L,المطبخ والأدوات المنزلية,أوعية تقديم,Mintra,Large Unbreakable Plastic Bowl 1.8 L,Yellow,,,yellow,03586,,,mapped,2026-07-30T00:00:00,2026-07-30T00:00:00
VAR-9B62135598243C,MOD-759988F85E852E,Mintra Lotus Bowl Blue | 670ml,المطبخ والأدوات المنزلية,أوعية تقديم,Mintra,Lotus Bowl,Blue,,,blue,20140,,,mapped,2026-07-30T00:00:00,2026-07-30T00:00:00
VAR-ABCA1DD8A6B749,MOD-759988F85E852E,Mintra Lotus Bowl Fuschia | 670ml,المطبخ والأدوات المنزلية,أوعية تقديم,Mintra,Lotus Bowl,Fuschia,,,fuschia,20144,,,mapped,2026-07-30T00:00:00,2026-07-30T00:00:00
VAR-FCAF89C02326FA,MOD-759988F85E852E,Mintra Lotus Bowl Green | 670ml,المطبخ والأدوات المنزلية,أوعية تقديم,Mintra,Lotus Bowl,Green,,,green,20139,,,mapped,2026-07-30T00:00:00,2026-07-30T00:00:00
VAR-C8019B7007100F,MOD-759988F85E852E,Mintra Lotus Bowl Lilac | 670ml,المطبخ والأدوات المنزلية,أوعية تقديم,Mintra,Lotus Bowl,Lilac,,,lilac,08329,,,mapped,2026-07-30T00:00:00,2026-07-30T00:00:00
VAR-87E0FA39C20F58,MOD-759988F85E852E,Mintra Lotus Bowl Red | 670ml,المطبخ والأدوات المنزلية,أوعية تقديم,Mintra,Lotus Bowl,Red,,,red,20138,,,mapped,2026-07-30T00:00:00,2026-07-30T00:00:00
VAR-EA2AAD060A2CFB,MOD-759988F85E852E,Mintra Lotus Bowl Turquoise | 670ml,المطبخ والأدوات المنزلية,أوعية تقديم,Mintra,Lotus Bowl,Turquoise,,,turquoise,20141,,,mapped,2026-07-30T00:00:00,2026-07-30T00:00:00
VAR-869DF78C1C375D,MOD-759988F85E852E,Mintra Lotus Bowl Yellow | 670ml,المطبخ والأدوات المنزلية,أوعية تقديم,Mintra,Lotus Bowl,Yellow,,,yellow,20142,,,mapped,2026-07-30T00:00:00,2026-07-30T00:00:00
VAR-10DF9E9A48AC75,MOD-91C73905A15972,Mintra Medium Unbreakable Plastic Bowl 750 ml Beige | 750ml,المطبخ والأدوات المنزلية,أوعية تقديم,Mintra,Medium Unbreakable Plastic Bowl 750 ml,Beige,,,beige,03402,,,mapped,2026-07-30T00:00:00,2026-07-30T00:00:00
VAR-D41D28ADA6058E,MOD-91C73905A15972,Mintra Medium Unbreakable Plastic Bowl 750 ml Burgundy | 750ml,المطبخ والأدوات المنزلية,أوعية تقديم,Mintra,Medium Unbreakable Plastic Bowl 750 ml,Burgundy,,,burgundy,08458,,,mapped,2026-07-30T00:00:00,2026-07-30T00:00:00
VAR-80BB7A3E6A9BC7,MOD-91C73905A15972,Mintra Medium Unbreakable Plastic Bowl 750 ml Green | 750ml,المطبخ والأدوات المنزلية,أوعية تقديم,Mintra,Medium Unbreakable Plastic Bowl 750 ml,Green,,,green,03400,,,mapped,2026-07-30T00:00:00,2026-07-30T00:00:00
VAR-A171113F7878F7,MOD-91C73905A15972,Mintra Medium Unbreakable Plastic Bowl 750 ml Lavender | 750ml,المطبخ والأدوات المنزلية,أوعية تقديم,Mintra,Medium Unbreakable Plastic Bowl 750 ml,Lavender,,,lavender,08457,,,mapped,2026-07-30T00:00:00,2026-07-30T00:00:00
VAR-E89EBD7B11DDE1,MOD-91C73905A15972,Mintra Medium Unbreakable Plastic Bowl 750 ml Light Blue | 750ml | blue / light blue,المطبخ والأدوات المنزلية,أوعية تقديم,Mintra,Medium Unbreakable Plastic Bowl 750 ml,Light Blue,,,blue / light blue,03399,,,mapped,2026-07-30T00:00:00,2026-07-30T00:00:00
VAR-C5C0CC9E86E3B1,MOD-91C73905A15972,Mintra Medium Unbreakable Plastic Bowl 750 ml Mustard | 750ml,المطبخ والأدوات المنزلية,أوعية تقديم,Mintra,Medium Unbreakable Plastic Bowl 750 ml,Mustard,,,mustard,08460,,,mapped,2026-07-30T00:00:00,2026-07-30T00:00:00
VAR-420E5F69C69F9B,MOD-91C73905A15972,Mintra Medium Unbreakable Plastic Bowl 750 ml Orange | 750ml,المطبخ والأدوات المنزلية,أوعية تقديم,Mintra,Medium Unbreakable Plastic Bowl 750 ml,Orange,,,orange,08459,,,mapped,2026-07-30T00:00:00,2026-07-30T00:00:00
VAR-E241500C3602C4,MOD-91C73905A15972,Mintra Medium Unbreakable Plastic Bowl 750 ml Royal blue | 750ml,المطبخ والأدوات المنزلية,أوعية تقديم,Mintra,Medium Unbreakable Plastic Bowl 750 ml,Royal blue,,,blue,08454,,,mapped,2026-07-30T00:00:00,2026-07-30T00:00:00
VAR-7598C7E76B714B,MOD-91C73905A15972,Mintra Medium Unbreakable Plastic Bowl 750 ml Teal | 750ml,المطبخ والأدوات المنزلية,أوعية تقديم,Mintra,Medium Unbreakable Plastic Bowl 750 ml,Teal,,,teal,08456,,,mapped,2026-07-30T00:00:00,2026-07-30T00:00:00
VAR-0288094D01B284,MOD-91C73905A15972,Mintra Medium Unbreakable Plastic Bowl 750 ml Turquoise | 750ml,المطبخ والأدوات المنزلية,أوعية تقديم,Mintra,Medium Unbreakable Plastic Bowl 750 ml,Turquoise,,,turquoise,08455,,,mapped,2026-07-30T00:00:00,2026-07-30T00:00:00
VAR-1D308B2AAF211D,MOD-91C73905A15972,Mintra Medium Unbreakable Plastic Bowl 750 ml Watermelon | 750ml,المطبخ والأدوات المنزلية,أوعية تقديم,Mintra,Medium Unbreakable Plastic Bowl 750 ml,Watermelon,,,watermelon,03397,,,mapped,2026-07-30T00:00:00,2026-07-30T00:00:00
VAR-CE61630C4A3B4B,MOD-91C73905A15972,Mintra Medium Unbreakable Plastic Bowl 750 ml Yellow | 750ml,المطبخ والأدوات المنزلية,أوعية تقديم,Mintra,Medium Unbreakable Plastic Bowl 750 ml,Yellow,,,yellow,03401,,,mapped,2026-07-30T00:00:00,2026-07-30T00:00:00
VAR-6346FCBFF6C4A4,MOD-4705262D2C3311,Mintra Mixing Bowl Blue | 4.5L,المطبخ والأدوات المنزلية,أوعية تقديم,Mintra,Mixing Bowl,Blue,,,blue,03618,,,mapped,2026-07-30T00:00:00,2026-07-30T00:00:00
VAR-506B26F2D15B9D,MOD-4705262D2C3311,Mintra Mixing Bowl Fuschia | 4.5L,المطبخ والأدوات المنزلية,أوعية تقديم,Mintra,Mixing Bowl,Fuschia,,,fuschia,03622,,,mapped,2026-07-30T00:00:00,2026-07-30T00:00:00
VAR-5512DFE642C991,MOD-4705262D2C3311,Mintra Mixing Bowl Green | 4.5L,المطبخ والأدوات المنزلية,أوعية تقديم,Mintra,Mixing Bowl,Green,,,green,03617,,,mapped,2026-07-30T00:00:00,2026-07-30T00:00:00
VAR-8E2F3029FD37FB,MOD-4705262D2C3311,Mintra Mixing Bowl Orange | 4.5L,المطبخ والأدوات المنزلية,أوعية تقديم,Mintra,Mixing Bowl,Orange,,,orange,03621,,,mapped,2026-07-30T00:00:00,2026-07-30T00:00:00
VAR-F3173EDB0119C5,MOD-4705262D2C3311,Mintra Mixing Bowl Red | 4.5L,المطبخ والأدوات المنزلية,أوعية تقديم,Mintra,Mixing Bowl,Red,,,red,03616,,,mapped,2026-07-30T00:00:00,2026-07-30T00:00:00
VAR-D8B6ABCDDC1E06,MOD-4705262D2C3311,Mintra Mixing Bowl White | 4.5L,المطبخ والأدوات المنزلية,أوعية تقديم,Mintra,Mixing Bowl,White,,,white,03615,,,mapped,2026-07-30T00:00:00,2026-07-30T00:00:00
VAR-62007E1671E61A,MOD-4705262D2C3311,Mintra Mixing Bowl Yellow | 4.5L,المطبخ والأدوات المنزلية,أوعية تقديم,Mintra,Mixing Bowl,Yellow,,,yellow,03620,,,mapped,2026-07-30T00:00:00,2026-07-30T00:00:00
VAR-DB0B0FD2398BF2,MOD-4BC1F9E8752811,IKEA SUMPCYPRESS Bowl with lid set of 2,المطبخ والأدوات المنزلية,أوعية حفظ,IKEA,SUMPCYPRESS Bowl with lid,set of 2,,,,80559273,,,mapped,2026-07-30T00:00:00,2026-07-30T00:00:00
VAR-74229A0289092D,MOD-9C24A14DC8500A,Mintra Round Preservation Bowl With Lid (pack of 4) Blue,المطبخ والأدوات المنزلية,أوعية حفظ,Mintra,Round Preservation Bowl With Lid (pack of 4),Blue,,,blue,99866,,,mapped,2026-07-30T00:00:00,2026-07-30T00:00:00
VAR-FBBBC0D83C724A,MOD-9C24A14DC8500A,Mintra Round Preservation Bowl With Lid (pack of 4) Fushia,المطبخ والأدوات المنزلية,أوعية حفظ,Mintra,Round Preservation Bowl With Lid (pack of 4),Fushia,,,fushia,99870,,,mapped,2026-07-30T00:00:00,2026-07-30T00:00:00
VAR-EABA2DD19F7DAC,MOD-9C24A14DC8500A,Mintra Round Preservation Bowl With Lid (pack of 4) Green,المطبخ والأدوات المنزلية,أوعية حفظ,Mintra,Round Preservation Bowl With Lid (pack of 4),Green,,,green,99865,,,mapped,2026-07-30T00:00:00,2026-07-30T00:00:00
VAR-FC3414DF5EE569,MOD-9C24A14DC8500A,Mintra Round Preservation Bowl With Lid (pack of 4) Orange,المطبخ والأدوات المنزلية,أوعية حفظ,Mintra,Round Preservation Bowl With Lid (pack of 4),Orange,,,orange,99869,,,mapped,2026-07-30T00:00:00,2026-07-30T00:00:00
VAR-A27BBF0F50AC9A,MOD-9C24A14DC8500A,Mintra Round Preservation Bowl With Lid (pack of 4) Red,المطبخ والأدوات المنزلية,أوعية حفظ,Mintra,Round Preservation Bowl With Lid (pack of 4),Red,,,red,99864,,,mapped,2026-07-30T00:00:00,2026-07-30T00:00:00
VAR-40152CE4DDA153,MOD-9C24A14DC8500A,Mintra Round Preservation Bowl With Lid (pack of 4) Turquoise,المطبخ والأدوات المنزلية,أوعية حفظ,Mintra,Round Preservation Bowl With Lid (pack of 4),Turquoise,,,turquoise,99867,,,mapped,2026-07-30T00:00:00,2026-07-30T00:00:00
VAR-AD30E05A26D9AD,MOD-9C24A14DC8500A,Mintra Round Preservation Bowl With Lid (pack of 4) White,المطبخ والأدوات المنزلية,أوعية حفظ,Mintra,Round Preservation Bowl With Lid (pack of 4),White,,,white,99863,,,mapped,2026-07-30T00:00:00,2026-07-30T00:00:00
VAR-F276B2C9A20533,MOD-9C24A14DC8500A,Mintra Round Preservation Bowl With Lid (pack of 4) Yellow,المطبخ والأدوات المنزلية,أوعية حفظ,Mintra,Round Preservation Bowl With Lid (pack of 4),Yellow,,,yellow,99868,,,mapped,2026-07-30T00:00:00,2026-07-30T00:00:00
VAR-62714D951F5018,MOD-FE47528AAEC7FC,IKEA BLOMNING Coffee/tea tin 11x7x20 cm | 11×7×20 cm,المطبخ والأدوات المنزلية,برطمانات حفظ,IKEA,BLOMNING Coffee/tea tin,11x7x20 cm,,,,00373207,,,mapped,2026-07-30T00:00:00,2026-07-30T00:00:00
VAR-96FE0448C17059,MOD-72B27E4F0A00A1,"IKEA IKEA 365+ Dry food jar with lid transparent/white, 1.3 l | 1.3L",المطبخ والأدوات المنزلية,برطمانات حفظ,IKEA,IKEA 365+ Dry food jar with lid,"transparent/white, 1.3 l",,,white,80066723,,,mapped,2026-07-30T00:00:00,2026-07-30T00:00:00
VAR-CC02BE5D90DB5E,MOD-BC3A2234580A88,"IKEA RAJTAN Spice jar glass/aluminium-colour, 15 cl | 15cl",المطبخ والأدوات المنزلية,برطمانات حفظ,IKEA,RAJTAN Spice jar,"glass/aluminium-colour, 15 cl",,,,40064702,,,mapped,2026-07-30T00:00:00,2026-07-30T00:00:00
VAR-F38DE8C6836A13,MOD-408090417E295F,"IKEA VARDAGEN Jar with lid clear glass, 1.9 l | 1.9L",المطبخ والأدوات المنزلية,برطمانات حفظ,IKEA,VARDAGEN Jar with lid,"clear glass, 1.9 l",,,,00291928,,,mapped,2026-07-30T00:00:00,2026-07-30T00:00:00
VAR-16D665E6348DDA,MOD-3CC2B77D5CEED0,IKEA VARDAGEN Jar with tap 5.0 l | 5L,المطبخ والأدوات المنزلية,برطمانات حفظ,IKEA,VARDAGEN Jar with tap,5.0 l,,,,80452639,,,mapped,2026-07-30T00:00:00,2026-07-30T00:00:00
VAR-1B0DD151BF08AC,MOD-3D17846DB0D2FC,IKEA PEPPRIG 3-piece bucket set with lid grey/blue | blue / grey,المطبخ والأدوات المنزلية,جرادل وأدوات تنظيف,IKEA,PEPPRIG 3-piece bucket set with lid,grey/blue,,,blue / grey,50567613,,,mapped,2026-07-30T00:00:00,2026-07-30T00:00:00
VAR-74BEA340E5A727,MOD-9EB5CE66943132,IKEA PEPPRIG Cleaning bucket and caddy green,المطبخ والأدوات المنزلية,جرادل وأدوات تنظيف,IKEA,PEPPRIG Cleaning bucket and caddy,green,,,green,20567619,,,mapped,2026-07-30T00:00:00,2026-07-30T00:00:00
VAR-AD41471697109A,MOD-EC728FA002A6BD,IKEA BEVARA Sealing clip anthracite/dark yellow | anthracite / yellow,المطبخ والأدوات المنزلية,حفظ وتنظيم الطعام,IKEA,BEVARA Sealing clip,anthracite/dark yellow,,,anthracite / yellow,90524179,,,mapped,2026-07-30T00:00:00,2026-07-30T00:00:00
VAR-A8D436E227A147,MOD-EBEF0DB392149F,"IKEA BRUGDHAJ Utensil holder beige, 15 cm",المطبخ والأدوات المنزلية,حفظ وتنظيم الطعام,IKEA,BRUGDHAJ Utensil holder,"beige, 15 cm",,,beige,90596171,,,mapped,2026-07-30T00:00:00,2026-07-30T00:00:00
VAR-15C819FE0A57A3,MOD-443780E304EED3,"IKEA ISTAD Resealable bag patterned red/pink, 2.5/1.2 l | pink / red",المطبخ والأدوات المنزلية,حفظ وتنظيم الطعام,IKEA,ISTAD Resealable bag,"patterned red/pink, 2.5/1.2 l",,,pink / red,80525674,,,mapped,2026-07-30T00:00:00,2026-07-30T00:00:00
VAR-850D545A96C400,MOD-443780E304EED3,"IKEA ISTAD Resealable bag patterned/black yellow, 1/0.4 l",المطبخ والأدوات المنزلية,حفظ وتنظيم الطعام,IKEA,ISTAD Resealable bag,"patterned/black yellow, 1/0.4 l",,,black / yellow,50525642,,,mapped,2026-07-30T00:00:00,2026-07-30T00:00:00
VAR-F6D13985044C45,MOD-7112365CCD3538,"IKEA KANELMOTT Vegetable/fruit basket set of 2, bamboo",المطبخ والأدوات المنزلية,حفظ وتنظيم الطعام,IKEA,KANELMOTT Vegetable/fruit basket,"set of 2, bamboo",,,,00581800,,,mapped,2026-07-30T00:00:00,2026-07-30T00:00:00
VAR-DB124A63691242,MOD-DFEBD8FAFD4BDF,IKEA KLIPPKAKTUS Drink holder for fridge transparent,المطبخ والأدوات المنزلية,حفظ وتنظيم الطعام,IKEA,KLIPPKAKTUS Drink holder for fridge,transparent,,,,00610992,,,mapped,2026-07-30T00:00:00,2026-07-30T00:00:00
VAR-9EC43B8F463578,MOD-181D8DBA0B3B1C,"IKEA KLIPPKAKTUS Storage basket for fridge transparent, 30x19x14 cm | 30×19×14 cm",المطبخ والأدوات المنزلية,حفظ وتنظيم الطعام,IKEA,KLIPPKAKTUS Storage basket for fridge,"transparent, 30x19x14 cm",,,,80610993,,,mapped,2026-07-30T00:00:00,2026-07-30T00:00:00
VAR-823FFC53019436,MOD-991F6353A3CBFD,"IKEA KLIPPKAKTUS Storage box for fridge transparent, 32x10x14 cm | 32×10×14 cm",المطبخ والأدوات المنزلية,حفظ وتنظيم الطعام,IKEA,KLIPPKAKTUS Storage box for fridge,"transparent, 32x10x14 cm",,,,80568885,,,mapped,2026-07-30T00:00:00,2026-07-30T00:00:00
VAR-B190731AE2FCB3,MOD-0E1C15E342CBB2,IKEA PÅLYCKE Clip-on towel rack Clip-on towel rack,المطبخ والأدوات المنزلية,حفظ وتنظيم الطعام,IKEA,PÅLYCKE Clip-on towel rack,Clip-on towel rack,,,,50534439,,,mapped,2026-07-30T00:00:00,2026-07-30T00:00:00
VAR-2A5A4F8C747A71,MOD-F173BB1F28BA0C,"IKEA PRUTA Sandwich container with lid lilac/green, 22x14x5 cm | 22×14×5 cm | green / lilac",المطبخ والأدوات المنزلية,حفظ وتنظيم الطعام,IKEA,PRUTA Sandwich container with lid,"lilac/green, 22x14x5 cm",,,green / lilac,60596709,,,mapped,2026-07-30T00:00:00,2026-07-30T00:00:00
VAR-206981DC7D5B36,MOD-B16F00602722FC,"IKEA PRUTA Snack container with lid lilac/green, 0.3 l | 0.3L | green / lilac",المطبخ والأدوات المنزلية,حفظ وتنظيم الطعام,IKEA,PRUTA Snack container with lid,"lilac/green, 0.3 l",,,green / lilac,80596708,,,mapped,2026-07-30T00:00:00,2026-07-30T00:00:00
VAR-8A0C0EB351D5BF,MOD-A6D133988B8F2E,"IKEA VARIERA Shelf insert white, 32x13x16 cm | 32×13×16 cm",المطبخ والأدوات المنزلية,حفظ وتنظيم الطعام,IKEA,VARIERA Shelf insert,"white, 32x13x16 cm",,,white,80136622,,,mapped,2026-07-30T00:00:00,2026-07-30T00:00:00
VAR-558B85852F7D1D,MOD-9A29CDA08BDA80,Mintra Fridge 1.3L Storage Container (pack of 3) Blue,المطبخ والأدوات المنزلية,حفظ وتنظيم الطعام,Mintra,Fridge 1.3L Storage Container (pack of 3),Blue,,,blue,08338,,,mapped,2026-07-30T00:00:00,2026-07-30T00:00:00
VAR-E15AF92D9A1F33,MOD-9A29CDA08BDA80,Mintra Fridge 1.3L Storage Container (pack of 3) Fuschia,المطبخ والأدوات المنزلية,حفظ وتنظيم الطعام,Mintra,Fridge 1.3L Storage Container (pack of 3),Fuschia,,,fuschia,08342,,,mapped,2026-07-30T00:00:00,2026-07-30T00:00:00
VAR-E7C984E58BB767,MOD-9A29CDA08BDA80,Mintra Fridge 1.3L Storage Container (pack of 3) Green,المطبخ والأدوات المنزلية,حفظ وتنظيم الطعام,Mintra,Fridge 1.3L Storage Container (pack of 3),Green,,,green,08337,,,mapped,2026-07-30T00:00:00,2026-07-30T00:00:00
VAR-90231E8C5CF4CC,MOD-9A29CDA08BDA80,Mintra Fridge 1.3L Storage Container (pack of 3) Orange,المطبخ والأدوات المنزلية,حفظ وتنظيم الطعام,Mintra,Fridge 1.3L Storage Container (pack of 3),Orange,,,orange,08341,,,mapped,2026-07-30T00:00:00,2026-07-30T00:00:00
VAR-CB82FA74902363,MOD-9A29CDA08BDA80,Mintra Fridge 1.3L Storage Container (pack of 3) Red,المطبخ والأدوات المنزلية,حفظ وتنظيم الطعام,Mintra,Fridge 1.3L Storage Container (pack of 3),Red,,,red,08336,,,mapped,2026-07-30T00:00:00,2026-07-30T00:00:00
VAR-1CB2ED6707B479,MOD-9A29CDA08BDA80,Mintra Fridge 1.3L Storage Container (pack of 3) Turquoise,المطبخ والأدوات المنزلية,حفظ وتنظيم الطعام,Mintra,Fridge 1.3L Storage Container (pack of 3),Turquoise,,,turquoise,08339,,,mapped,2026-07-30T00:00:00,2026-07-30T00:00:00
VAR-E5D129A8DCE7DA,MOD-9A29CDA08BDA80,Mintra Fridge 1.3L Storage Container (pack of 3) White,المطبخ والأدوات المنزلية,حفظ وتنظيم الطعام,Mintra,Fridge 1.3L Storage Container (pack of 3),White,,,white,08335,,,mapped,2026-07-30T00:00:00,2026-07-30T00:00:00
VAR-077B87A0C573E2,MOD-9A29CDA08BDA80,Mintra Fridge 1.3L Storage Container (pack of 3) Yellow,المطبخ والأدوات المنزلية,حفظ وتنظيم الطعام,Mintra,Fridge 1.3L Storage Container (pack of 3),Yellow,,,yellow,08340,,,mapped,2026-07-30T00:00:00,2026-07-30T00:00:00
VAR-FDAD5EE5AC8358,MOD-644B9CDF6B970B,Mintra Fridge Storage Container 2.3 L -3 L -4 L (pack of 3) Blue | 2.3L,المطبخ والأدوات المنزلية,حفظ وتنظيم الطعام,Mintra,Fridge Storage Container 2.3 L -3 L -4 L (pack of 3),Blue,,,blue,5558,,,mapped,2026-07-30T00:00:00,2026-07-30T00:00:00
VAR-7D10A316E9F8E9,MOD-644B9CDF6B970B,Mintra Fridge Storage Container 2.3 L -3 L -4 L (pack of 3) Orange | 2.3L,المطبخ والأدوات المنزلية,حفظ وتنظيم الطعام,Mintra,Fridge Storage Container 2.3 L -3 L -4 L (pack of 3),Orange,,,orange,5561,,,mapped,2026-07-30T00:00:00,2026-07-30T00:00:00
VAR-2F76876C1CECCE,MOD-644B9CDF6B970B,Mintra Fridge Storage Container 2.3 L -3 L -4 L (pack of 3) Red | 2.3L,المطبخ والأدوات المنزلية,حفظ وتنظيم الطعام,Mintra,Fridge Storage Container 2.3 L -3 L -4 L (pack of 3),Red,,,red,5556,,,mapped,2026-07-30T00:00:00,2026-07-30T00:00:00
VAR-AB4B713DE4E967,MOD-644B9CDF6B970B,Mintra Fridge Storage Container 2.3 L -3 L -4 L (pack of 3) Turquoise | 2.3L,المطبخ والأدوات المنزلية,حفظ وتنظيم الطعام,Mintra,Fridge Storage Container 2.3 L -3 L -4 L (pack of 3),Turquoise,,,turquoise,5559,,,mapped,2026-07-30T00:00:00,2026-07-30T00:00:00
VAR-C50AB92348E64D,MOD-644B9CDF6B970B,Mintra Fridge Storage Container 2.3 L -3 L -4 L (pack of 3) White | 2.3L,المطبخ والأدوات المنزلية,حفظ وتنظيم الطعام,Mintra,Fridge Storage Container 2.3 L -3 L -4 L (pack of 3),White,,,white,5555,,,mapped,2026-07-30T00:00:00,2026-07-30T00:00:00
VAR-26338A67958A47,MOD-644B9CDF6B970B,Mintra Fridge Storage Container 2.3 L -3 L -4 L (pack of 3) Yellow | 2.3L,المطبخ والأدوات المنزلية,حفظ وتنظيم الطعام,Mintra,Fridge Storage Container 2.3 L -3 L -4 L (pack of 3),Yellow,,,yellow,5560,,,mapped,2026-07-30T00:00:00,2026-07-30T00:00:00
VAR-E8790474DFF16D,MOD-59E5449D98B275,Mintra Fridge Storage Container 2.3 L (pack of 3) Blue | 2.3L,المطبخ والأدوات المنزلية,حفظ وتنظيم الطعام,Mintra,Fridge Storage Container 2.3 L (pack of 3),Blue,,,blue,5566,,,mapped,2026-07-30T00:00:00,2026-07-30T00:00:00
VAR-600880F8EC4AF8,MOD-59E5449D98B275,Mintra Fridge Storage Container 2.3 L (pack of 3) Fuschia | 2.3L,المطبخ والأدوات المنزلية,حفظ وتنظيم الطعام,Mintra,Fridge Storage Container 2.3 L (pack of 3),Fuschia,,,fuschia,5570,,,mapped,2026-07-30T00:00:00,2026-07-30T00:00:00
VAR-E8F3A197F4363B,MOD-59E5449D98B275,Mintra Fridge Storage Container 2.3 L (pack of 3) Green | 2.3L,المطبخ والأدوات المنزلية,حفظ وتنظيم الطعام,Mintra,Fridge Storage Container 2.3 L (pack of 3),Green,,,green,5565,,,mapped,2026-07-30T00:00:00,2026-07-30T00:00:00
VAR-FA9FFABF0BEE72,MOD-59E5449D98B275,Mintra Fridge Storage Container 2.3 L (pack of 3) Orange | 2.3L,المطبخ والأدوات المنزلية,حفظ وتنظيم الطعام,Mintra,Fridge Storage Container 2.3 L (pack of 3),Orange,,,orange,5569,,,mapped,2026-07-30T00:00:00,2026-07-30T00:00:00
VAR-8676DAE76ACD86,MOD-59E5449D98B275,Mintra Fridge Storage Container 2.3 L (pack of 3) Red | 2.3L,المطبخ والأدوات المنزلية,حفظ وتنظيم الطعام,Mintra,Fridge Storage Container 2.3 L (pack of 3),Red,,,red,5564,,,mapped,2026-07-30T00:00:00,2026-07-30T00:00:00
VAR-6EFBAFE21DBF8A,MOD-59E5449D98B275,Mintra Fridge Storage Container 2.3 L (pack of 3) Teal | 2.3L,المطبخ والأدوات المنزلية,حفظ وتنظيم الطعام,Mintra,Fridge Storage Container 2.3 L (pack of 3),Teal,,,teal,5567,,,mapped,2026-07-30T00:00:00,2026-07-30T00:00:00
VAR-DEA2E9539B16F1,MOD-59E5449D98B275,Mintra Fridge Storage Container 2.3 L (pack of 3) White | 2.3L,المطبخ والأدوات المنزلية,حفظ وتنظيم الطعام,Mintra,Fridge Storage Container 2.3 L (pack of 3),White,,,white,5563,,,mapped,2026-07-30T00:00:00,2026-07-30T00:00:00
VAR-793778E995B66C,MOD-59E5449D98B275,Mintra Fridge Storage Container 2.3 L (pack of 3) Yellow | 2.3L,المطبخ والأدوات المنزلية,حفظ وتنظيم الطعام,Mintra,Fridge Storage Container 2.3 L (pack of 3),Yellow,,,yellow,5568,,,mapped,2026-07-30T00:00:00,2026-07-30T00:00:00
VAR-E5071280F30918,MOD-4CCC5933046D89,Mintra Fridge Storage Container 3 L (pack of 3) Blue | 3L,المطبخ والأدوات المنزلية,حفظ وتنظيم الطعام,Mintra,Fridge Storage Container 3 L (pack of 3),Blue,,,blue,5574,,,mapped,2026-07-30T00:00:00,2026-07-30T00:00:00
VAR-3EBE8A47908E9B,MOD-4CCC5933046D89,Mintra Fridge Storage Container 3 L (pack of 3) Fuschia | 3L,المطبخ والأدوات المنزلية,حفظ وتنظيم الطعام,Mintra,Fridge Storage Container 3 L (pack of 3),Fuschia,,,fuschia,5578,,,mapped,2026-07-30T00:00:00,2026-07-30T00:00:00
VAR-D5E7628BE3394B,MOD-4CCC5933046D89,Mintra Fridge Storage Container 3 L (pack of 3) Orange | 3L,المطبخ والأدوات المنزلية,حفظ وتنظيم الطعام,Mintra,Fridge Storage Container 3 L (pack of 3),Orange,,,orange,5577,,,mapped,2026-07-30T00:00:00,2026-07-30T00:00:00
VAR-245F81C45E070F,MOD-4CCC5933046D89,Mintra Fridge Storage Container 3 L (pack of 3) Red | 3L,المطبخ والأدوات المنزلية,حفظ وتنظيم الطعام,Mintra,Fridge Storage Container 3 L (pack of 3),Red,,,red,5572,,,mapped,2026-07-30T00:00:00,2026-07-30T00:00:00
VAR-FF10E365F940EF,MOD-4CCC5933046D89,Mintra Fridge Storage Container 3 L (pack of 3) Turquoise | 3L,المطبخ والأدوات المنزلية,حفظ وتنظيم الطعام,Mintra,Fridge Storage Container 3 L (pack of 3),Turquoise,,,turquoise,5575,,,mapped,2026-07-30T00:00:00,2026-07-30T00:00:00
VAR-A69C9FCC6B3757,MOD-4CCC5933046D89,Mintra Fridge Storage Container 3 L (pack of 3) White | 3L,المطبخ والأدوات المنزلية,حفظ وتنظيم الطعام,Mintra,Fridge Storage Container 3 L (pack of 3),White,,,white,5571,,,mapped,2026-07-30T00:00:00,2026-07-30T00:00:00
VAR-367D2C3DBAC1FC,MOD-4CCC5933046D89,Mintra Fridge Storage Container 3 L (pack of 3) Yellow | 3L,المطبخ والأدوات المنزلية,حفظ وتنظيم الطعام,Mintra,Fridge Storage Container 3 L (pack of 3),Yellow,,,yellow,5576,,,mapped,2026-07-30T00:00:00,2026-07-30T00:00:00
VAR-239EBAA1806ED2,MOD-8C442973A24E37,Mintra Fridge Storage Container 4 L (pack of 3) Blue | 4L,المطبخ والأدوات المنزلية,حفظ وتنظيم الطعام,Mintra,Fridge Storage Container 4 L (pack of 3),Blue,,,blue,5582,,,mapped,2026-07-30T00:00:00,2026-07-30T00:00:00
VAR-5DD5EA72771B3C,MOD-8C442973A24E37,Mintra Fridge Storage Container 4 L (pack of 3) Fuchsia | 4L,المطبخ والأدوات المنزلية,حفظ وتنظيم الطعام,Mintra,Fridge Storage Container 4 L (pack of 3),Fuchsia,,,fuchsia,5586,,,mapped,2026-07-30T00:00:00,2026-07-30T00:00:00
VAR-B98104746DB3EE,MOD-8C442973A24E37,Mintra Fridge Storage Container 4 L (pack of 3) Green | 4L,المطبخ والأدوات المنزلية,حفظ وتنظيم الطعام,Mintra,Fridge Storage Container 4 L (pack of 3),Green,,,green,5581,,,mapped,2026-07-30T00:00:00,2026-07-30T00:00:00
VAR-A8EA779ABBAE85,MOD-8C442973A24E37,Mintra Fridge Storage Container 4 L (pack of 3) Orange | 4L,المطبخ والأدوات المنزلية,حفظ وتنظيم الطعام,Mintra,Fridge Storage Container 4 L (pack of 3),Orange,,,orange,5585,,,mapped,2026-07-30T00:00:00,2026-07-30T00:00:00
VAR-F89D55145AA54F,MOD-8C442973A24E37,Mintra Fridge Storage Container 4 L (pack of 3) Red | 4L,المطبخ والأدوات المنزلية,حفظ وتنظيم الطعام,Mintra,Fridge Storage Container 4 L (pack of 3),Red,,,red,5580,,,mapped,2026-07-30T00:00:00,2026-07-30T00:00:00
VAR-E30D4DBB937E88,MOD-8C442973A24E37,Mintra Fridge Storage Container 4 L (pack of 3) Turquoise | 4L,المطبخ والأدوات المنزلية,حفظ وتنظيم الطعام,Mintra,Fridge Storage Container 4 L (pack of 3),Turquoise,,,turquoise,5583,,,mapped,2026-07-30T00:00:00,2026-07-30T00:00:00
VAR-E86333DA1864A1,MOD-8C442973A24E37,Mintra Fridge Storage Container 4 L (pack of 3) White | 4L,المطبخ والأدوات المنزلية,حفظ وتنظيم الطعام,Mintra,Fridge Storage Container 4 L (pack of 3),White,,,white,05579,,,mapped,2026-07-30T00:00:00,2026-07-30T00:00:00
VAR-D2FF8DD6A79A32,MOD-8C442973A24E37,Mintra Fridge Storage Container 4 L (pack of 3) Yellow | 4L,المطبخ والأدوات المنزلية,حفظ وتنظيم الطعام,Mintra,Fridge Storage Container 4 L (pack of 3),Yellow,,,yellow,5584,,,mapped,2026-07-30T00:00:00,2026-07-30T00:00:00
VAR-9BA158692784AB,MOD-93B4C23C8F843B,"IKEA HEMLAGAD Saucepan non-stick coating black, 1 l | 1L",المطبخ والأدوات المنزلية,حلل صوص,IKEA,HEMLAGAD Saucepan,"non-stick coating black, 1 l",,,black,60580911,,,mapped,2026-07-30T00:00:00,2026-07-30T00:00:00
VAR-BCF17741DD6B67,MOD-50C86DA6D15994,Tefal P4624966 9 L | 9L,المطبخ والأدوات المنزلية,حلل ضغط,Tefal,P4624966,9 L,,,,P4624966,,,mapped,2026-07-30T00:00:00,2026-07-30T00:00:00
VAR-D06A74FFB70FE8,MOD-F95E75E892510E,"IKEA VARDAGEN Pot with lid enamelled cast iron matt/black, 5 l | 5L",المطبخ والأدوات المنزلية,حلل طهي,IKEA,VARDAGEN Pot with lid,"enamelled cast iron matt/black, 5 l",,,black,80560667,,,mapped,2026-07-30T00:00:00,2026-07-30T00:00:00
VAR-C542D3C0EA5D2E,MOD-122ED7538A1850,Tefal 220091016,المطبخ والأدوات المنزلية,حلل طهي,Tefal,220091016,,,,,220091016,,,mapped,2026-07-30T00:00:00,2026-07-30T00:00:00
VAR-EAFC615AE158A2,MOD-29FB5DCB10DCD8,Tefal 220091018,المطبخ والأدوات المنزلية,حلل طهي,Tefal,220091018,,,,,220091018,,,mapped,2026-07-30T00:00:00,2026-07-30T00:00:00
VAR-8EB116021FBF05,MOD-48B35B4D7F1205,Tefal 220091020,المطبخ والأدوات المنزلية,حلل طهي,Tefal,220091020,,,,,220091020,,,mapped,2026-07-30T00:00:00,2026-07-30T00:00:00
VAR-AE5CFB6CE1340B,MOD-8A87A8E6002FA4,Tefal 220091022,المطبخ والأدوات المنزلية,حلل طهي,Tefal,220091022,,,,,220091022,,,mapped,2026-07-30T00:00:00,2026-07-30T00:00:00
VAR-E9730B31358F3B,MOD-3DFE93D27CE591,Tefal 220091024,المطبخ والأدوات المنزلية,حلل طهي,Tefal,220091024,,,,,220091024,,,mapped,2026-07-30T00:00:00,2026-07-30T00:00:00
VAR-83CB179F5EBD73,MOD-2F2739917D94D2,Tefal 220091026,المطبخ والأدوات المنزلية,حلل طهي,Tefal,220091026,,,,,220091026,,,mapped,2026-07-30T00:00:00,2026-07-30T00:00:00
VAR-B4BD0A1FD8B6AA,MOD-429B9A2DB28FB3,Tefal 220091028,المطبخ والأدوات المنزلية,حلل طهي,Tefal,220091028,,,,,220091028,,,mapped,2026-07-30T00:00:00,2026-07-30T00:00:00
VAR-C9808FCD0F5D7D,MOD-B4BC509FBE8F0C,Tefal 220091030,المطبخ والأدوات المنزلية,حلل طهي,Tefal,220091030,,,,,220091030,,,mapped,2026-07-30T00:00:00,2026-07-30T00:00:00
VAR-71BEADF500E131,MOD-00F0E43B873063,Tefal 220092518,المطبخ والأدوات المنزلية,حلل طهي,Tefal,220092518,,,,,220092518,,,mapped,2026-07-30T00:00:00,2026-07-30T00:00:00
VAR-A979E8621633C3,MOD-9706F1AD82D5B3,Tefal 220093514,المطبخ والأدوات المنزلية,حلل طهي,Tefal,220093514,,,,,220093514,,,mapped,2026-07-30T00:00:00,2026-07-30T00:00:00
VAR-47655CC0BB805B,MOD-6C08C76C9F9797,Tefal 220711016,المطبخ والأدوات المنزلية,حلل طهي,Tefal,220711016,,,,,220711016,,,mapped,2026-07-30T00:00:00,2026-07-30T00:00:00
VAR-81B20BF4F36922,MOD-56FA4D7853849E,Tefal 220711018,المطبخ والأدوات المنزلية,حلل طهي,Tefal,220711018,,,,,220711018,,,mapped,2026-07-30T00:00:00,2026-07-30T00:00:00
VAR-AF5C668FDE29BD,MOD-D9F25175E083B1,Tefal 220711020,المطبخ والأدوات المنزلية,حلل طهي,Tefal,220711020,,,,,220711020,,,mapped,2026-07-30T00:00:00,2026-07-30T00:00:00
VAR-378AF9AED28EF6,MOD-A00EBADAE598C7,Tefal 220711022,المطبخ والأدوات المنزلية,حلل طهي,Tefal,220711022,,,,,220711022,,,mapped,2026-07-30T00:00:00,2026-07-30T00:00:00
VAR-7776781FF6D52B,MOD-C0E6E372916D09,Tefal 220711024,المطبخ والأدوات المنزلية,حلل طهي,Tefal,220711024,,,,,220711024,,,mapped,2026-07-30T00:00:00,2026-07-30T00:00:00
VAR-28C939B6E44C62,MOD-7F15052F8CED78,Tefal 220711026,المطبخ والأدوات المنزلية,حلل طهي,Tefal,220711026,,,,,220711026,,,mapped,2026-07-30T00:00:00,2026-07-30T00:00:00
VAR-63FC4F117C284B,MOD-1E65E1C15CFCF8,Tefal 220711028,المطبخ والأدوات المنزلية,حلل طهي,Tefal,220711028,,,,,220711028,,,mapped,2026-07-30T00:00:00,2026-07-30T00:00:00
VAR-7DFA6E389DB205,MOD-2D72B62BD18A17,Tefal 220711030,المطبخ والأدوات المنزلية,حلل طهي,Tefal,220711030,,,,,220711030,,,mapped,2026-07-30T00:00:00,2026-07-30T00:00:00
VAR-BA192336C14034,MOD-41FA88F9A94CB4,Tefal 220712516,المطبخ والأدوات المنزلية,حلل طهي,Tefal,220712516,,,,,220712516,,,mapped,2026-07-30T00:00:00,2026-07-30T00:00:00
VAR-7E8BC5240903A2,MOD-F1CCD91802B648,Tefal 220712518,المطبخ والأدوات المنزلية,حلل طهي,Tefal,220712518,,,,,220712518,,,mapped,2026-07-30T00:00:00,2026-07-30T00:00:00
VAR-12907C8314BC52,MOD-C6649FB5222E74,Tefal 220713514,المطبخ والأدوات المنزلية,حلل طهي,Tefal,220713514,,,,,220713514,,,mapped,2026-07-30T00:00:00,2026-07-30T00:00:00
VAR-AF1E6EE4FADB94,MOD-A2647D87040289,Tefal 220713516,المطبخ والأدوات المنزلية,حلل طهي,Tefal,220713516,,,,,220713516,,,mapped,2026-07-30T00:00:00,2026-07-30T00:00:00
VAR-2EEBD5992459D5,MOD-BC274954C626DE,Tefal 220800001,المطبخ والأدوات المنزلية,حلل طهي,Tefal,220800001,,,,,220800001,,,mapped,2026-07-30T00:00:00,2026-07-30T00:00:00
VAR-5EA0E5A29C9D79,MOD-43F5C964114326,Tefal 220800002,المطبخ والأدوات المنزلية,حلل طهي,Tefal,220800002,,,,,220800002,,,mapped,2026-07-30T00:00:00,2026-07-30T00:00:00
VAR-72EDE0CBAF5F17,MOD-993E7B61BD361C,Tefal 220800003,المطبخ والأدوات المنزلية,حلل طهي,Tefal,220800003,,,,,220800003,,,mapped,2026-07-30T00:00:00,2026-07-30T00:00:00
VAR-11AE701B5C2DBF,MOD-2C49BEAC9B0F88,Tefal 220800004,المطبخ والأدوات المنزلية,حلل طهي,Tefal,220800004,,,,,220800004,,,mapped,2026-07-30T00:00:00,2026-07-30T00:00:00
VAR-8C28D51854DA15,MOD-13F649057B76F8,Tefal 220800005,المطبخ والأدوات المنزلية,حلل طهي,Tefal,220800005,,,,,220800005,,,mapped,2026-07-30T00:00:00,2026-07-30T00:00:00
VAR-3699B0715366C3,MOD-88A4C854F69F23,Tefal 220800016,المطبخ والأدوات المنزلية,حلل طهي,Tefal,220800016,,,,,220800016,,,mapped,2026-07-30T00:00:00,2026-07-30T00:00:00
VAR-67E3997893DF78,MOD-FA885EB34B0B66,Tefal 220800022,المطبخ والأدوات المنزلية,حلل طهي,Tefal,220800022,,,,,220800022,,,mapped,2026-07-30T00:00:00,2026-07-30T00:00:00
VAR-66987BC2D8409D,MOD-E6DD66DD11A75A,Tefal 220900001,المطبخ والأدوات المنزلية,حلل طهي,Tefal,220900001,,,,,220900001,,,mapped,2026-07-30T00:00:00,2026-07-30T00:00:00
VAR-C3E19B561E6B12,MOD-72C63A4C3462C6,Tefal 220900002,المطبخ والأدوات المنزلية,حلل طهي,Tefal,220900002,,,,,220900002,,,mapped,2026-07-30T00:00:00,2026-07-30T00:00:00
VAR-97156B3A68183D,MOD-D89EBDCF9CC797,Tefal 220900003,المطبخ والأدوات المنزلية,حلل طهي,Tefal,220900003,,,,,220900003,,,mapped,2026-07-30T00:00:00,2026-07-30T00:00:00
VAR-36157887D15C58,MOD-704A8F7106E3C0,Tefal 220900004,المطبخ والأدوات المنزلية,حلل طهي,Tefal,220900004,,,,,220900004,,,mapped,2026-07-30T00:00:00,2026-07-30T00:00:00
VAR-601CA3759B94F1,MOD-6C8753712EA298,Tefal 220900005,المطبخ والأدوات المنزلية,حلل طهي,Tefal,220900005,,,,,220900005,,,mapped,2026-07-30T00:00:00,2026-07-30T00:00:00
VAR-862F90DA0953C1,MOD-BECDE1BA885FDE,Tefal 220900006,المطبخ والأدوات المنزلية,حلل طهي,Tefal,220900006,,,,,220900006,,,mapped,2026-07-30T00:00:00,2026-07-30T00:00:00
VAR-729FA586B5A8AD,MOD-08AEF4F4E4CBAE,Tefal 220900007,المطبخ والأدوات المنزلية,حلل طهي,Tefal,220900007,,,,,220900007,,,mapped,2026-07-30T00:00:00,2026-07-30T00:00:00
VAR-ABD06C4BC03AAF,MOD-905B00A5FFC7CD,Tefal 403841001,المطبخ والأدوات المنزلية,حلل طهي,Tefal,403841001,,,,,403841001,,,mapped,2026-07-30T00:00:00,2026-07-30T00:00:00
VAR-ACDA0E593BA64F,MOD-58835FFC84C80A,Tefal 403841002,المطبخ والأدوات المنزلية,حلل طهي,Tefal,403841002,,,,,403841002,,,mapped,2026-07-30T00:00:00,2026-07-30T00:00:00
VAR-E7C86CA68FD288,MOD-BA98286809ADDE,Tefal 403841003,المطبخ والأدوات المنزلية,حلل طهي,Tefal,403841003,,,,,403841003,,,mapped,2026-07-30T00:00:00,2026-07-30T00:00:00
VAR-0FEB534D1D96CE,MOD-A38CFD94951CB1,Tefal 403841004,المطبخ والأدوات المنزلية,حلل طهي,Tefal,403841004,,,,,403841004,,,mapped,2026-07-30T00:00:00,2026-07-30T00:00:00
VAR-7256A70C1ECAEA,MOD-33F27D87E56805,Tefal 403841005,المطبخ والأدوات المنزلية,حلل طهي,Tefal,403841005,,,,,403841005,,,mapped,2026-07-30T00:00:00,2026-07-30T00:00:00
VAR-719DEF153DC0F9,MOD-CA2708727CAD81,Tefal 403841006,المطبخ والأدوات المنزلية,حلل طهي,Tefal,403841006,,,,,403841006,,,mapped,2026-07-30T00:00:00,2026-07-30T00:00:00
VAR-877F5569F58FF0,MOD-85E5832CE7839B,Tefal 403841007,المطبخ والأدوات المنزلية,حلل طهي,Tefal,403841007,,,,,403841007,,,mapped,2026-07-30T00:00:00,2026-07-30T00:00:00
VAR-4BBED56BA05B10,MOD-1B56E3B70C3249,Tefal 403841021,المطبخ والأدوات المنزلية,حلل طهي,Tefal,403841021,,,,,403841021,,,mapped,2026-07-30T00:00:00,2026-07-30T00:00:00
VAR-F880CAC833E535,MOD-1D1BAA29709F37,Tefal C2891001,المطبخ والأدوات المنزلية,حلل طهي,Tefal,C2891001,,,,,C2891001,,,mapped,2026-07-30T00:00:00,2026-07-30T00:00:00
VAR-B441C833A325E2,MOD-0F8B79718B1D9B,Tefal C2891002,المطبخ والأدوات المنزلية,حلل طهي,Tefal,C2891002,,,,,C2891002,,,mapped,2026-07-30T00:00:00,2026-07-30T00:00:00
VAR-16E503053DF1F5,MOD-25A8087C4DE272,Tefal C2891003,المطبخ والأدوات المنزلية,حلل طهي,Tefal,C2891003,,,,,C2891003,,,mapped,2026-07-30T00:00:00,2026-07-30T00:00:00
VAR-76FC77FF496B98,MOD-99B2C70B9D1056,Tefal C2891004,المطبخ والأدوات المنزلية,حلل طهي,Tefal,C2891004,,,,,C2891004,,,mapped,2026-07-30T00:00:00,2026-07-30T00:00:00
VAR-6F273BE06FE92D,MOD-0477792C121E03,Tefal C2891005,المطبخ والأدوات المنزلية,حلل طهي,Tefal,C2891005,,,,,C2891005,,,mapped,2026-07-30T00:00:00,2026-07-30T00:00:00
VAR-A2CDCC945BFA3C,MOD-3F46CB7F2507D7,Tefal D7A570F3,المطبخ والأدوات المنزلية,حلل طهي,Tefal,D7A570F3,,,,,D7A570F3,,,mapped,2026-07-30T00:00:00,2026-07-30T00:00:00
VAR-F0D42C83DC63EC,MOD-21C7FC4FBA0DB5,Tefal G2554602 Black,المطبخ والأدوات المنزلية,حلل طهي,Tefal,G2554602,Black,,,Black,G2554602,,,mapped,2026-07-30T00:00:00,2026-07-30T00:00:00
VAR-32E89F74D8365D,MOD-7B4AEF07F267AA,Tefal G2664603,المطبخ والأدوات المنزلية,حلل طهي,Tefal,G2664603,,,,,G2664603,,,mapped,2026-07-30T00:00:00,2026-07-30T00:00:00
VAR-6328516AA9F886,MOD-28D813AD310AE9,Tefal G2665305,المطبخ والأدوات المنزلية,حلل طهي,Tefal,G2665305,,,,,G2665305,,,mapped,2026-07-30T00:00:00,2026-07-30T00:00:00
VAR-AE815134F0A257,MOD-A75CFE6797E694,Zahran 330010016 Stainless Steel,المطبخ والأدوات المنزلية,حلل طهي,Zahran,330010016,Stainless Steel,,,Stainless Steel,330010016,,,mapped,2026-07-30T00:00:00,2026-07-30T00:00:00
VAR-60260FB16A7CF4,MOD-9569FED89B39BB,Zahran 330010020 Stainless Steel,المطبخ والأدوات المنزلية,حلل طهي,Zahran,330010020,Stainless Steel,,,Stainless Steel,330010020,,,mapped,2026-07-30T00:00:00,2026-07-30T00:00:00
VAR-B2F0AE028A3EAF,MOD-DD7075E43B7318,Zahran 330010022 Stainless Steel,المطبخ والأدوات المنزلية,حلل طهي,Zahran,330010022,Stainless Steel,,,Stainless Steel,330010022,,,mapped,2026-07-30T00:00:00,2026-07-30T00:00:00
VAR-5A469157AF80F5,MOD-9E3771616E3349,Zahran 330010024 Stainless Steel,المطبخ والأدوات المنزلية,حلل طهي,Zahran,330010024,Stainless Steel,,,Stainless Steel,330010024,,,mapped,2026-07-30T00:00:00,2026-07-30T00:00:00
VAR-D9CC6126452712,MOD-E36AAA2B20583C,Zahran 330010026 Stainless Steel,المطبخ والأدوات المنزلية,حلل طهي,Zahran,330010026,Stainless Steel,,,Stainless Steel,330010026,,,mapped,2026-07-30T00:00:00,2026-07-30T00:00:00
VAR-0FE60163137916,MOD-680C98DDC8A515,Zahran 330010028 Stainless Steel,المطبخ والأدوات المنزلية,حلل طهي,Zahran,330010028,Stainless Steel,,,Stainless Steel,330010028,,,mapped,2026-07-30T00:00:00,2026-07-30T00:00:00
VAR-C9116E01F91CFC,MOD-8813B79ABC5B29,Zahran 330010030 Stainless Steel,المطبخ والأدوات المنزلية,حلل طهي,Zahran,330010030,Stainless Steel,,,Stainless Steel,330010030,,,mapped,2026-07-30T00:00:00,2026-07-30T00:00:00
VAR-1F811392437A78,MOD-CAE431C2B5A0AE,Zahran 330010032 Stainless Steel,المطبخ والأدوات المنزلية,حلل طهي,Zahran,330010032,Stainless Steel,,,Stainless Steel,330010032,,,mapped,2026-07-30T00:00:00,2026-07-30T00:00:00
VAR-334B071F5E7AFB,MOD-2129E8A4EDE7C3,Zahran 330011614 Stainless Steel,المطبخ والأدوات المنزلية,حلل طهي,Zahran,330011614,Stainless Steel,,,Stainless Steel,330011614,,,mapped,2026-07-30T00:00:00,2026-07-30T00:00:00
VAR-52DAEB53DD27EE,MOD-8A3EDDC03D9673,Zahran 330030016 Stainless Steel,المطبخ والأدوات المنزلية,حلل طهي,Zahran,330030016,Stainless Steel,,,Stainless Steel,330030016,,,mapped,2026-07-30T00:00:00,2026-07-30T00:00:00
VAR-92B86FA84A8628,MOD-3C7FBF193304EE,Zahran 330030018 Stainless Steel,المطبخ والأدوات المنزلية,حلل طهي,Zahran,330030018,Stainless Steel,,,Stainless Steel,330030018,,,mapped,2026-07-30T00:00:00,2026-07-30T00:00:00
VAR-0E3D79FCC3F36A,MOD-2E58E545720991,Zahran 330030020 Stainless Steel,المطبخ والأدوات المنزلية,حلل طهي,Zahran,330030020,Stainless Steel,,,Stainless Steel,330030020,,,mapped,2026-07-30T00:00:00,2026-07-30T00:00:00
VAR-8D1CE353E85B81,MOD-F000427C44E251,Zahran 330030022 Stainless Steel,المطبخ والأدوات المنزلية,حلل طهي,Zahran,330030022,Stainless Steel,,,Stainless Steel,330030022,,,mapped,2026-07-30T00:00:00,2026-07-30T00:00:00
VAR-88F13AA8DA822A,MOD-F7D2D283DF973F,Zahran 330030024 Stainless Steel,المطبخ والأدوات المنزلية,حلل طهي,Zahran,330030024,Stainless Steel,,,Stainless Steel,330030024,,,mapped,2026-07-30T00:00:00,2026-07-30T00:00:00
VAR-F7D778D419F849,MOD-D7E13848FA2E6C,Zahran 330030026 Stainless Steel,المطبخ والأدوات المنزلية,حلل طهي,Zahran,330030026,Stainless Steel,,,Stainless Steel,330030026,,,mapped,2026-07-30T00:00:00,2026-07-30T00:00:00
VAR-853E650A3E576C,MOD-E3D5CF3A611A87,Zahran 330030028 Stainless Steel,المطبخ والأدوات المنزلية,حلل طهي,Zahran,330030028,Stainless Steel,,,Stainless Steel,330030028,,,mapped,2026-07-30T00:00:00,2026-07-30T00:00:00
VAR-2A6ADD00A21C86,MOD-6EC885D9083A53,Zahran 330030030 Stainless Steel,المطبخ والأدوات المنزلية,حلل طهي,Zahran,330030030,Stainless Steel,,,Stainless Steel,330030030,,,mapped,2026-07-30T00:00:00,2026-07-30T00:00:00
VAR-59729F81184951,MOD-0F5165494DBD41,Zahran 330030032 Stainless Steel,المطبخ والأدوات المنزلية,حلل طهي,Zahran,330030032,Stainless Steel,,,Stainless Steel,330030032,,,mapped,2026-07-30T00:00:00,2026-07-30T00:00:00
VAR-D10AC6E52A3D54,MOD-940DE79F0BB5B5,Zahran 330040016 Stainless Steel,المطبخ والأدوات المنزلية,حلل طهي,Zahran,330040016,Stainless Steel,,,Stainless Steel,330040016,,,mapped,2026-07-30T00:00:00,2026-07-30T00:00:00
VAR-42F9EBB0639BF8,MOD-BE6458DE0A9876,Zahran 330040018 Stainless Steel,المطبخ والأدوات المنزلية,حلل طهي,Zahran,330040018,Stainless Steel,,,Stainless Steel,330040018,,,mapped,2026-07-30T00:00:00,2026-07-30T00:00:00
VAR-1A33D9F4E7EE63,MOD-36EEB266EB51EE,Zahran 330040020 Stainless Steel,المطبخ والأدوات المنزلية,حلل طهي,Zahran,330040020,Stainless Steel,,,Stainless Steel,330040020,,,mapped,2026-07-30T00:00:00,2026-07-30T00:00:00
VAR-3F22A374B5825D,MOD-8EB5F261980727,Zahran 330040022 Stainless Steel,المطبخ والأدوات المنزلية,حلل طهي,Zahran,330040022,Stainless Steel,,,Stainless Steel,330040022,,,mapped,2026-07-30T00:00:00,2026-07-30T00:00:00
VAR-389BDD7470C4DF,MOD-01271F671B9A11,Zahran 330040024 Stainless Steel,المطبخ والأدوات المنزلية,حلل طهي,Zahran,330040024,Stainless Steel,,,Stainless Steel,330040024,,,mapped,2026-07-30T00:00:00,2026-07-30T00:00:00
VAR-9D1EF62B5DC61D,MOD-8554A7CFB94235,Zahran 330040026 Stainless Steel,المطبخ والأدوات المنزلية,حلل طهي,Zahran,330040026,Stainless Steel,,,Stainless Steel,330040026,,,mapped,2026-07-30T00:00:00,2026-07-30T00:00:00
VAR-481759D604E60E,MOD-E91FC75561FF0C,Zahran 330040028 Stainless Steel,المطبخ والأدوات المنزلية,حلل طهي,Zahran,330040028,Stainless Steel,,,Stainless Steel,330040028,,,mapped,2026-07-30T00:00:00,2026-07-30T00:00:00
VAR-97BB2F4D54E88B,MOD-4D8D519592714D,Zahran 330040030 Stainless Steel,المطبخ والأدوات المنزلية,حلل طهي,Zahran,330040030,Stainless Steel,,,Stainless Steel,330040030,,,mapped,2026-07-30T00:00:00,2026-07-30T00:00:00
VAR-079495C9F23CE2,MOD-41F6FEE369FA8F,Zahran 330090001 Stainless Steel,المطبخ والأدوات المنزلية,حلل طهي,Zahran,330090001,Stainless Steel,,,Stainless Steel,330090001,,,mapped,2026-07-30T00:00:00,2026-07-30T00:00:00
VAR-90A93136E57ECA,MOD-02A20DD06320C9,Zahran 330090002 Stainless Steel,المطبخ والأدوات المنزلية,حلل طهي,Zahran,330090002,Stainless Steel,,,Stainless Steel,330090002,,,mapped,2026-07-30T00:00:00,2026-07-30T00:00:00
VAR-7036843DD11125,MOD-42971305113E64,Zahran 330090003 Stainless Steel,المطبخ والأدوات المنزلية,حلل طهي,Zahran,330090003,Stainless Steel,,,Stainless Steel,330090003,,,mapped,2026-07-30T00:00:00,2026-07-30T00:00:00
VAR-A41759CAE65D33,MOD-771437DDB4DC11,Zahran 330090005 Stainless Steel,المطبخ والأدوات المنزلية,حلل طهي,Zahran,330090005,Stainless Steel,,,Stainless Steel,330090005,,,mapped,2026-07-30T00:00:00,2026-07-30T00:00:00
VAR-382D961EA8784E,MOD-8630C70626935A,Zahran 330090006 Stainless Steel,المطبخ والأدوات المنزلية,حلل طهي,Zahran,330090006,Stainless Steel,,,Stainless Steel,330090006,,,mapped,2026-07-30T00:00:00,2026-07-30T00:00:00
VAR-ACE0DFF95D6FD6,MOD-DF4691A913A716,Zahran 330090007 Stainless Steel,المطبخ والأدوات المنزلية,حلل طهي,Zahran,330090007,Stainless Steel,,,Stainless Steel,330090007,,,mapped,2026-07-30T00:00:00,2026-07-30T00:00:00
VAR-C0AE5316E7C717,MOD-E6772823BA1E64,Zahran 330013022 Stainless Steel,المطبخ والأدوات المنزلية,حلل مكرونة وحلل متعددة الاستخدام,Zahran,330013022,Stainless Steel,,,Stainless Steel,330013022,,,mapped,2026-07-30T00:00:00,2026-07-30T00:00:00
VAR-F6E5AB4FF759CF,MOD-864ECB4D21A936,"IKEA HUNDHAJ Spice rack green, 20 cm",المطبخ والأدوات المنزلية,حوامل وعلب توابل,IKEA,HUNDHAJ Spice rack,"green, 20 cm",,,green,70601692,,,mapped,2026-07-30T00:00:00,2026-07-30T00:00:00
VAR-48616C0C61C10C,MOD-AECF09955C51BB,Tefal N3110610 5 L | Green | 5L,المطبخ والأدوات المنزلية,زجاجات مياه,Tefal,N3110610,5 L | Green,,,Green,N3110610,,,mapped,2026-07-30T00:00:00,2026-07-30T00:00:00
VAR-6E49FA0F943B5B,MOD-B778314DC9A40A,Tefal N3110910 7 L | Black | 7L,المطبخ والأدوات المنزلية,زجاجات مياه,Tefal,N3110910,7 L | Black,,,Black,N3110910,,,mapped,2026-07-30T00:00:00,2026-07-30T00:00:00
VAR-CE6017D73A6244,MOD-2308C1E6D33262,"IKEA BEHÖVD Vacuum flask light green/beige, 1 l | 1L | beige / green / light green",المطبخ والأدوات المنزلية,زجاجات مياه ومشروبات,IKEA,BEHÖVD Vacuum flask,"light green/beige, 1 l",,,beige / green / light green,70353890,,,mapped,2026-07-30T00:00:00,2026-07-30T00:00:00
VAR-8675F4A36CC083,MOD-46892A7391B30A,"IKEA ENVÄLDIG Insulated travel mug stainless steel/black, 35 cl | 35cl",المطبخ والأدوات المنزلية,زجاجات مياه ومشروبات,IKEA,ENVÄLDIG Insulated travel mug,"stainless steel/black, 35 cl",,,black,80511525,,,mapped,2026-07-30T00:00:00,2026-07-30T00:00:00
VAR-F51619EB8843F3,MOD-4D3686B527E7D8,"IKEA KORKEN Bottle with stopper clear glass, 1 l | 1L",المطبخ والأدوات المنزلية,زجاجات مياه ومشروبات,IKEA,KORKEN Bottle with stopper,"clear glass, 1 l",,,,30213552,,,mapped,2026-07-30T00:00:00,2026-07-30T00:00:00
VAR-D39405E5C28B84,MOD-4D3686B527E7D8,"IKEA KORKEN Bottle with stopper clear glass, 15 cl | 15cl",المطبخ والأدوات المنزلية,زجاجات مياه ومشروبات,IKEA,KORKEN Bottle with stopper,"clear glass, 15 cl",,,,80476334,,,mapped,2026-07-30T00:00:00,2026-07-30T00:00:00
VAR-F175E5F6A28374,MOD-A82D6531E412B4,"IKEA UNDERSÖKA Insulated travel mug black, 0.4 l | 0.4L",المطبخ والأدوات المنزلية,زجاجات مياه ومشروبات,IKEA,UNDERSÖKA Insulated travel mug,"black, 0.4 l",,,black,30497268,,,mapped,2026-07-30T00:00:00,2026-07-30T00:00:00
VAR-AB5833A772A163,MOD-589943807AC784,Mintra 1 L Colored Water Bottle Dark blue | 1L | blue / dark blue,المطبخ والأدوات المنزلية,زجاجات مياه ومشروبات,Mintra,1 L Colored Water Bottle,Dark blue,,,blue / dark blue,18157,,,mapped,2026-07-30T00:00:00,2026-07-30T00:00:00
VAR-892E18420E1C25,MOD-589943807AC784,Mintra 1 L Colored Water Bottle Grey | 1L,المطبخ والأدوات المنزلية,زجاجات مياه ومشروبات,Mintra,1 L Colored Water Bottle,Grey,,,grey,18154,,,mapped,2026-07-30T00:00:00,2026-07-30T00:00:00
VAR-F0001CBCFF7335,MOD-589943807AC784,Mintra 1 L Colored Water Bottle Light blue | 1L | blue / light blue,المطبخ والأدوات المنزلية,زجاجات مياه ومشروبات,Mintra,1 L Colored Water Bottle,Light blue,,,blue / light blue,18158,,,mapped,2026-07-30T00:00:00,2026-07-30T00:00:00
VAR-DA56CDB87D7F1A,MOD-589943807AC784,Mintra 1 L Colored Water Bottle Pink | 1L,المطبخ والأدوات المنزلية,زجاجات مياه ومشروبات,Mintra,1 L Colored Water Bottle,Pink,,,pink,18156,,,mapped,2026-07-30T00:00:00,2026-07-30T00:00:00
VAR-0E16EAE1BFA2A6,MOD-589943807AC784,Mintra 1 L Colored Water Bottle Purple | 1L,المطبخ والأدوات المنزلية,زجاجات مياه ومشروبات,Mintra,1 L Colored Water Bottle,Purple,,,purple,18155,,,mapped,2026-07-30T00:00:00,2026-07-30T00:00:00
VAR-1369AA0066AB82,MOD-79714C5368AE18,Mintra 1 L Colored Water Bottle - with Straw Black | 1L,المطبخ والأدوات المنزلية,زجاجات مياه ومشروبات,Mintra,1 L Colored Water Bottle - with Straw,Black,,,black,18148,,,mapped,2026-07-30T00:00:00,2026-07-30T00:00:00
VAR-D91E47AAEBF0FC,MOD-79714C5368AE18,Mintra 1 L Colored Water Bottle - with Straw Dark Blue | 1L | blue / dark blue,المطبخ والأدوات المنزلية,زجاجات مياه ومشروبات,Mintra,1 L Colored Water Bottle - with Straw,Dark Blue,,,blue / dark blue,18151,,,mapped,2026-07-30T00:00:00,2026-07-30T00:00:00
VAR-5F91A97FF97303,MOD-79714C5368AE18,Mintra 1 L Colored Water Bottle - with Straw Light Blue | 1L | blue / light blue,المطبخ والأدوات المنزلية,زجاجات مياه ومشروبات,Mintra,1 L Colored Water Bottle - with Straw,Light Blue,,,blue / light blue,18152,,,mapped,2026-07-30T00:00:00,2026-07-30T00:00:00
VAR-D21F2A7AC19D1E,MOD-79714C5368AE18,Mintra 1 L Colored Water Bottle - with Straw Pink | 1L,المطبخ والأدوات المنزلية,زجاجات مياه ومشروبات,Mintra,1 L Colored Water Bottle - with Straw,Pink,,,pink,18150,,,mapped,2026-07-30T00:00:00,2026-07-30T00:00:00
VAR-BEEBF9E3DD2792,MOD-79714C5368AE18,Mintra 1 L Colored Water Bottle - with Straw Purple | 1L,المطبخ والأدوات المنزلية,زجاجات مياه ومشروبات,Mintra,1 L Colored Water Bottle - with Straw,Purple,,,purple,18149,,,mapped,2026-07-30T00:00:00,2026-07-30T00:00:00
VAR-0EC005DEC93CC3,MOD-1D43F3504A9CB3,Mintra 1 L Transparent Water Bottle Blue | 1L,المطبخ والأدوات المنزلية,زجاجات مياه ومشروبات,Mintra,1 L Transparent Water Bottle,Blue,,,blue,07388,,,mapped,2026-07-30T00:00:00,2026-07-30T00:00:00
VAR-EA425914D84A19,MOD-1D43F3504A9CB3,Mintra 1 L Transparent Water Bottle Green | 1L,المطبخ والأدوات المنزلية,زجاجات مياه ومشروبات,Mintra,1 L Transparent Water Bottle,Green,,,green,07389,,,mapped,2026-07-30T00:00:00,2026-07-30T00:00:00
VAR-9083E3ADC5729F,MOD-1D43F3504A9CB3,Mintra 1 L Transparent Water Bottle Grey | 1L,المطبخ والأدوات المنزلية,زجاجات مياه ومشروبات,Mintra,1 L Transparent Water Bottle,Grey,,,grey,07381,,,mapped,2026-07-30T00:00:00,2026-07-30T00:00:00
VAR-563B4465306A10,MOD-1D43F3504A9CB3,Mintra 1 L Transparent Water Bottle Neon Green | 1L | green / neon green,المطبخ والأدوات المنزلية,زجاجات مياه ومشروبات,Mintra,1 L Transparent Water Bottle,Neon Green,,,green / neon green,07387,,,mapped,2026-07-30T00:00:00,2026-07-30T00:00:00
VAR-CE98EA3AEC0F6B,MOD-1D43F3504A9CB3,Mintra 1 L Transparent Water Bottle Neon Orange | 1L | neon orange / orange,المطبخ والأدوات المنزلية,زجاجات مياه ومشروبات,Mintra,1 L Transparent Water Bottle,Neon Orange,,,neon orange / orange,07386,,,mapped,2026-07-30T00:00:00,2026-07-30T00:00:00
VAR-B547C2B85D375F,MOD-1D43F3504A9CB3,Mintra 1 L Transparent Water Bottle Neon Pink | 1L | neon pink / pink,المطبخ والأدوات المنزلية,زجاجات مياه ومشروبات,Mintra,1 L Transparent Water Bottle,Neon Pink,,,neon pink / pink,07385,,,mapped,2026-07-30T00:00:00,2026-07-30T00:00:00
VAR-5996330959BC1A,MOD-1D43F3504A9CB3,Mintra 1 L Transparent Water Bottle Neon Yellow | 1L | neon yellow / yellow,المطبخ والأدوات المنزلية,زجاجات مياه ومشروبات,Mintra,1 L Transparent Water Bottle,Neon Yellow,,,neon yellow / yellow,07391,,,mapped,2026-07-30T00:00:00,2026-07-30T00:00:00
VAR-A0E28F7E35542D,MOD-1D43F3504A9CB3,Mintra 1 L Transparent Water Bottle Orange | 1L,المطبخ والأدوات المنزلية,زجاجات مياه ومشروبات,Mintra,1 L Transparent Water Bottle,Orange,,,orange,07390,,,mapped,2026-07-30T00:00:00,2026-07-30T00:00:00
VAR-867BBFCA638343,MOD-1D43F3504A9CB3,Mintra 1 L Transparent Water Bottle Pink | 1L,المطبخ والأدوات المنزلية,زجاجات مياه ومشروبات,Mintra,1 L Transparent Water Bottle,Pink,,,pink,07384,,,mapped,2026-07-30T00:00:00,2026-07-30T00:00:00
VAR-4B72A1F6E18E02,MOD-1D43F3504A9CB3,Mintra 1 L Transparent Water Bottle Purple | 1L,المطبخ والأدوات المنزلية,زجاجات مياه ومشروبات,Mintra,1 L Transparent Water Bottle,Purple,,,purple,07383,,,mapped,2026-07-30T00:00:00,2026-07-30T00:00:00
VAR-91E82E5FFD3E22,MOD-1D43F3504A9CB3,Mintra 1 L Transparent Water Bottle Red | 1L,المطبخ والأدوات المنزلية,زجاجات مياه ومشروبات,Mintra,1 L Transparent Water Bottle,Red,,,red,07382,,,mapped,2026-07-30T00:00:00,2026-07-30T00:00:00
VAR-93E82FF59FDC15,MOD-AAB696AE9F4853,Mintra 500 ml Colored Water Bottle - with Straw (Kids Size) Dark blue | 500ml | blue / dark blue,المطبخ والأدوات المنزلية,زجاجات مياه ومشروبات,Mintra,500 ml Colored Water Bottle - with Straw (Kids Size),Dark blue,,,blue / dark blue,18178,,,mapped,2026-07-30T00:00:00,2026-07-30T00:00:00
VAR-38072546763FB0,MOD-AAB696AE9F4853,Mintra 500 ml Colored Water Bottle - with Straw (Kids Size) Green | 500ml,المطبخ والأدوات المنزلية,زجاجات مياه ومشروبات,Mintra,500 ml Colored Water Bottle - with Straw (Kids Size),Green,,,green,18181,,,mapped,2026-07-30T00:00:00,2026-07-30T00:00:00
VAR-BE97704B9E2E21,MOD-AAB696AE9F4853,Mintra 500 ml Colored Water Bottle - with Straw (Kids Size) Light blue | 500ml | blue / light blue,المطبخ والأدوات المنزلية,زجاجات مياه ومشروبات,Mintra,500 ml Colored Water Bottle - with Straw (Kids Size),Light blue,,,blue / light blue,18179,,,mapped,2026-07-30T00:00:00,2026-07-30T00:00:00
VAR-407E6DD91ECCF9,MOD-AAB696AE9F4853,Mintra 500 ml Colored Water Bottle - with Straw (Kids Size) Pink | 500ml,المطبخ والأدوات المنزلية,زجاجات مياه ومشروبات,Mintra,500 ml Colored Water Bottle - with Straw (Kids Size),Pink,,,pink,18177,,,mapped,2026-07-30T00:00:00,2026-07-30T00:00:00
VAR-A6CECB38E49CB2,MOD-AAB696AE9F4853,Mintra 500 ml Colored Water Bottle - with Straw (Kids Size) Purple | 500ml,المطبخ والأدوات المنزلية,زجاجات مياه ومشروبات,Mintra,500 ml Colored Water Bottle - with Straw (Kids Size),Purple,,,purple,18176,,,mapped,2026-07-30T00:00:00,2026-07-30T00:00:00
VAR-6C6A184AFCDAB3,MOD-AAB696AE9F4853,Mintra 500 ml Colored Water Bottle - with Straw (Kids Size) Red | 500ml,المطبخ والأدوات المنزلية,زجاجات مياه ومشروبات,Mintra,500 ml Colored Water Bottle - with Straw (Kids Size),Red,,,red,18180,,,mapped,2026-07-30T00:00:00,2026-07-30T00:00:00
VAR-C9D24890028ABB,MOD-C0D78ABD6560A7,Mintra 500 ml Transparent Water Bottle - (Kids size) Blue | 500ml,المطبخ والأدوات المنزلية,زجاجات مياه ومشروبات,Mintra,500 ml Transparent Water Bottle - (Kids size),Blue,,,blue,07377,,,mapped,2026-07-30T00:00:00,2026-07-30T00:00:00
VAR-6AD46AFADC281B,MOD-C0D78ABD6560A7,Mintra 500 ml Transparent Water Bottle - (Kids size) fuchsia | 500ml,المطبخ والأدوات المنزلية,زجاجات مياه ومشروبات,Mintra,500 ml Transparent Water Bottle - (Kids size),fuchsia,,,fuchsia,07373,,,mapped,2026-07-30T00:00:00,2026-07-30T00:00:00
VAR-1D0428CFE3710B,MOD-C0D78ABD6560A7,Mintra 500 ml Transparent Water Bottle - (Kids size) Green | 500ml,المطبخ والأدوات المنزلية,زجاجات مياه ومشروبات,Mintra,500 ml Transparent Water Bottle - (Kids size),Green,,,green,07378,,,mapped,2026-07-30T00:00:00,2026-07-30T00:00:00
VAR-F4B47504474A28,MOD-C0D78ABD6560A7,Mintra 500 ml Transparent Water Bottle - (Kids size) Grey | 500ml,المطبخ والأدوات المنزلية,زجاجات مياه ومشروبات,Mintra,500 ml Transparent Water Bottle - (Kids size),Grey,,,grey,07370,,,mapped,2026-07-30T00:00:00,2026-07-30T00:00:00
VAR-4975F5F1CBC3AE,MOD-C0D78ABD6560A7,Mintra 500 ml Transparent Water Bottle - (Kids size) Neon Green | 500ml | green / neon green,المطبخ والأدوات المنزلية,زجاجات مياه ومشروبات,Mintra,500 ml Transparent Water Bottle - (Kids size),Neon Green,,,green / neon green,07376,,,mapped,2026-07-30T00:00:00,2026-07-30T00:00:00
VAR-9D28C9627418E3,MOD-C0D78ABD6560A7,Mintra 500 ml Transparent Water Bottle - (Kids size) Neon Orange | 500ml | neon orange / orange,المطبخ والأدوات المنزلية,زجاجات مياه ومشروبات,Mintra,500 ml Transparent Water Bottle - (Kids size),Neon Orange,,,neon orange / orange,07375,,,mapped,2026-07-30T00:00:00,2026-07-30T00:00:00
VAR-89ED1EC4D11797,MOD-C0D78ABD6560A7,Mintra 500 ml Transparent Water Bottle - (Kids size) Neon Pink | 500ml | neon pink / pink,المطبخ والأدوات المنزلية,زجاجات مياه ومشروبات,Mintra,500 ml Transparent Water Bottle - (Kids size),Neon Pink,,,neon pink / pink,07374,,,mapped,2026-07-30T00:00:00,2026-07-30T00:00:00
VAR-60D890EADDAF27,MOD-C0D78ABD6560A7,Mintra 500 ml Transparent Water Bottle - (Kids size) Neon Yellow | 500ml | neon yellow / yellow,المطبخ والأدوات المنزلية,زجاجات مياه ومشروبات,Mintra,500 ml Transparent Water Bottle - (Kids size),Neon Yellow,,,neon yellow / yellow,07380,,,mapped,2026-07-30T00:00:00,2026-07-30T00:00:00
VAR-730E08002EF095,MOD-C0D78ABD6560A7,Mintra 500 ml Transparent Water Bottle - (Kids size) Orange | 500ml,المطبخ والأدوات المنزلية,زجاجات مياه ومشروبات,Mintra,500 ml Transparent Water Bottle - (Kids size),Orange,,,orange,07379,,,mapped,2026-07-30T00:00:00,2026-07-30T00:00:00
VAR-058E6E6753C4B4,MOD-C0D78ABD6560A7,Mintra 500 ml Transparent Water Bottle - (Kids size) Purple | 500ml,المطبخ والأدوات المنزلية,زجاجات مياه ومشروبات,Mintra,500 ml Transparent Water Bottle - (Kids size),Purple,,,purple,07372,,,mapped,2026-07-30T00:00:00,2026-07-30T00:00:00
VAR-FB0D0A2EB5D8DA,MOD-C0D78ABD6560A7,Mintra 500 ml Transparent Water Bottle - (Kids size) Red | 500ml,المطبخ والأدوات المنزلية,زجاجات مياه ومشروبات,Mintra,500 ml Transparent Water Bottle - (Kids size),Red,,,red,07371,,,mapped,2026-07-30T00:00:00,2026-07-30T00:00:00
VAR-B478A58536EA6A,MOD-8652D1233BE61F,Mintra 650 ml Colored Water Bottle Dark blue | 650ml | blue / dark blue,المطبخ والأدوات المنزلية,زجاجات مياه ومشروبات,Mintra,650 ml Colored Water Bottle,Dark blue,,,blue / dark blue,18172,,,mapped,2026-07-30T00:00:00,2026-07-30T00:00:00
VAR-BD1D46DB6FFC60,MOD-8652D1233BE61F,Mintra 650 ml Colored Water Bottle Green | 650ml,المطبخ والأدوات المنزلية,زجاجات مياه ومشروبات,Mintra,650 ml Colored Water Bottle,Green,,,green,18174,,,mapped,2026-07-30T00:00:00,2026-07-30T00:00:00
VAR-3A3418A2058AF9,MOD-8652D1233BE61F,Mintra 650 ml Colored Water Bottle Grey | 650ml,المطبخ والأدوات المنزلية,زجاجات مياه ومشروبات,Mintra,650 ml Colored Water Bottle,Grey,,,grey,18168,,,mapped,2026-07-30T00:00:00,2026-07-30T00:00:00
VAR-917A35D19F8CB6,MOD-8652D1233BE61F,Mintra 650 ml Colored Water Bottle Light blue | 650ml | blue / light blue,المطبخ والأدوات المنزلية,زجاجات مياه ومشروبات,Mintra,650 ml Colored Water Bottle,Light blue,,,blue / light blue,18171,,,mapped,2026-07-30T00:00:00,2026-07-30T00:00:00
VAR-121D3DF23AC93A,MOD-8652D1233BE61F,Mintra 650 ml Colored Water Bottle Pink | 650ml,المطبخ والأدوات المنزلية,زجاجات مياه ومشروبات,Mintra,650 ml Colored Water Bottle,Pink,,,pink,18170,,,mapped,2026-07-30T00:00:00,2026-07-30T00:00:00
VAR-FCB60DFE44E4D7,MOD-8652D1233BE61F,Mintra 650 ml Colored Water Bottle Purple | 650ml,المطبخ والأدوات المنزلية,زجاجات مياه ومشروبات,Mintra,650 ml Colored Water Bottle,Purple,,,purple,18169,,,mapped,2026-07-30T00:00:00,2026-07-30T00:00:00
VAR-2C3B33A22346FC,MOD-8652D1233BE61F,Mintra 650 ml Colored Water Bottle Red | 650ml,المطبخ والأدوات المنزلية,زجاجات مياه ومشروبات,Mintra,650 ml Colored Water Bottle,Red,,,red,18173,,,mapped,2026-07-30T00:00:00,2026-07-30T00:00:00
VAR-3F10C1E094CDE6,MOD-57884B17A77489,Mintra 650 ml Colored Water Bottle - with Straw Dark Blue | 650ml | blue / dark blue,المطبخ والأدوات المنزلية,زجاجات مياه ومشروبات,Mintra,650 ml Colored Water Bottle - with Straw,Dark Blue,,,blue / dark blue,18163,,,mapped,2026-07-30T00:00:00,2026-07-30T00:00:00
VAR-5DAF3D386DDF1A,MOD-57884B17A77489,Mintra 650 ml Colored Water Bottle - with Straw Green | 650ml,المطبخ والأدوات المنزلية,زجاجات مياه ومشروبات,Mintra,650 ml Colored Water Bottle - with Straw,Green,,,green,18166,,,mapped,2026-07-30T00:00:00,2026-07-30T00:00:00
VAR-C395694FBEAED3,MOD-57884B17A77489,Mintra 650 ml Colored Water Bottle - with Straw Grey | 650ml,المطبخ والأدوات المنزلية,زجاجات مياه ومشروبات,Mintra,650 ml Colored Water Bottle - with Straw,Grey,,,grey,18160,,,mapped,2026-07-30T00:00:00,2026-07-30T00:00:00
VAR-A941F30B21AB05,MOD-57884B17A77489,Mintra 650 ml Colored Water Bottle - with Straw Light Blue | 650ml | blue / light blue,المطبخ والأدوات المنزلية,زجاجات مياه ومشروبات,Mintra,650 ml Colored Water Bottle - with Straw,Light Blue,,,blue / light blue,18164,,,mapped,2026-07-30T00:00:00,2026-07-30T00:00:00
VAR-95B22A6A89FD64,MOD-57884B17A77489,Mintra 650 ml Colored Water Bottle - with Straw Pink | 650ml,المطبخ والأدوات المنزلية,زجاجات مياه ومشروبات,Mintra,650 ml Colored Water Bottle - with Straw,Pink,,,pink,18162,,,mapped,2026-07-30T00:00:00,2026-07-30T00:00:00
VAR-B22A382E9CA7B5,MOD-57884B17A77489,Mintra 650 ml Colored Water Bottle - with Straw Purple | 650ml,المطبخ والأدوات المنزلية,زجاجات مياه ومشروبات,Mintra,650 ml Colored Water Bottle - with Straw,Purple,,,purple,18161,,,mapped,2026-07-30T00:00:00,2026-07-30T00:00:00
VAR-378EFC3BF70AA2,MOD-57884B17A77489,Mintra 650 ml Colored Water Bottle - with Straw Red | 650ml,المطبخ والأدوات المنزلية,زجاجات مياه ومشروبات,Mintra,650 ml Colored Water Bottle - with Straw,Red,,,red,18165,,,mapped,2026-07-30T00:00:00,2026-07-30T00:00:00
VAR-B17667993E435E,MOD-B5C42B0CF2D1F9,Mintra 650 ml Transparent Water Bottle Blue | 650ml,المطبخ والأدوات المنزلية,زجاجات مياه ومشروبات,Mintra,650 ml Transparent Water Bottle,Blue,,,blue,07830,,,mapped,2026-07-30T00:00:00,2026-07-30T00:00:00
VAR-5FA07A2BB60BE7,MOD-B5C42B0CF2D1F9,Mintra 650 ml Transparent Water Bottle Grey | 650ml,المطبخ والأدوات المنزلية,زجاجات مياه ومشروبات,Mintra,650 ml Transparent Water Bottle,Grey,,,grey,07823,,,mapped,2026-07-30T00:00:00,2026-07-30T00:00:00
VAR-D979D820AFA9FD,MOD-B5C42B0CF2D1F9,Mintra 650 ml Transparent Water Bottle Light Green | 650ml | green / light green,المطبخ والأدوات المنزلية,زجاجات مياه ومشروبات,Mintra,650 ml Transparent Water Bottle,Light Green,,,green / light green,07831,,,mapped,2026-07-30T00:00:00,2026-07-30T00:00:00
VAR-D963E6EFA647F8,MOD-B5C42B0CF2D1F9,Mintra 650 ml Transparent Water Bottle Neon Green | 650ml | green / neon green,المطبخ والأدوات المنزلية,زجاجات مياه ومشروبات,Mintra,650 ml Transparent Water Bottle,Neon Green,,,green / neon green,07829,,,mapped,2026-07-30T00:00:00,2026-07-30T00:00:00
VAR-4C151DE7D742D3,MOD-B5C42B0CF2D1F9,Mintra 650 ml Transparent Water Bottle Neon Orange | 650ml | neon orange / orange,المطبخ والأدوات المنزلية,زجاجات مياه ومشروبات,Mintra,650 ml Transparent Water Bottle,Neon Orange,,,neon orange / orange,07828,,,mapped,2026-07-30T00:00:00,2026-07-30T00:00:00
VAR-C69FFA54BD2D7E,MOD-B5C42B0CF2D1F9,Mintra 650 ml Transparent Water Bottle Neon Pink | 650ml | neon pink / pink,المطبخ والأدوات المنزلية,زجاجات مياه ومشروبات,Mintra,650 ml Transparent Water Bottle,Neon Pink,,,neon pink / pink,07827,,,mapped,2026-07-30T00:00:00,2026-07-30T00:00:00
VAR-F812D2916D0FD0,MOD-B5C42B0CF2D1F9,Mintra 650 ml Transparent Water Bottle Neon Yellow | 650ml | neon yellow / yellow,المطبخ والأدوات المنزلية,زجاجات مياه ومشروبات,Mintra,650 ml Transparent Water Bottle,Neon Yellow,,,neon yellow / yellow,07833,,,mapped,2026-07-30T00:00:00,2026-07-30T00:00:00
VAR-35297203886092,MOD-B5C42B0CF2D1F9,Mintra 650 ml Transparent Water Bottle Orange | 650ml,المطبخ والأدوات المنزلية,زجاجات مياه ومشروبات,Mintra,650 ml Transparent Water Bottle,Orange,,,orange,07832,,,mapped,2026-07-30T00:00:00,2026-07-30T00:00:00
VAR-C51B8A5DEDED54,MOD-B5C42B0CF2D1F9,Mintra 650 ml Transparent Water Bottle Pink | 650ml,المطبخ والأدوات المنزلية,زجاجات مياه ومشروبات,Mintra,650 ml Transparent Water Bottle,Pink,,,pink,07826,,,mapped,2026-07-30T00:00:00,2026-07-30T00:00:00
VAR-1AF319EB7B4302,MOD-B5C42B0CF2D1F9,Mintra 650 ml Transparent Water Bottle Purple | 650ml,المطبخ والأدوات المنزلية,زجاجات مياه ومشروبات,Mintra,650 ml Transparent Water Bottle,Purple,,,purple,07825,,,mapped,2026-07-30T00:00:00,2026-07-30T00:00:00
VAR-49188FEF0F126D,MOD-B5C42B0CF2D1F9,Mintra 650 ml Transparent Water Bottle Red | 650ml,المطبخ والأدوات المنزلية,زجاجات مياه ومشروبات,Mintra,650 ml Transparent Water Bottle,Red,,,red,07824,,,mapped,2026-07-30T00:00:00,2026-07-30T00:00:00
VAR-4F46CE244FEB14,MOD-8CB65BAB3595C1,Mintra 800 ml Colored Water Bottle - with Straw Black | 800ml,المطبخ والأدوات المنزلية,زجاجات مياه ومشروبات,Mintra,800 ml Colored Water Bottle - with Straw,Black,,,black,18183,,,mapped,2026-07-30T00:00:00,2026-07-30T00:00:00
VAR-2D208E1DC68A00,MOD-8CB65BAB3595C1,Mintra 800 ml Colored Water Bottle - with Straw Dark Blue | 800ml | blue / dark blue,المطبخ والأدوات المنزلية,زجاجات مياه ومشروبات,Mintra,800 ml Colored Water Bottle - with Straw,Dark Blue,,,blue / dark blue,18186,,,mapped,2026-07-30T00:00:00,2026-07-30T00:00:00
VAR-A6E1AB8B0C0B7F,MOD-8CB65BAB3595C1,Mintra 800 ml Colored Water Bottle - with Straw Green | 800ml,المطبخ والأدوات المنزلية,زجاجات مياه ومشروبات,Mintra,800 ml Colored Water Bottle - with Straw,Green,,,green,18189,,,mapped,2026-07-30T00:00:00,2026-07-30T00:00:00
VAR-77FAAA4D87FA71,MOD-8CB65BAB3595C1,Mintra 800 ml Colored Water Bottle - with Straw Light Blue | 800ml | blue / light blue,المطبخ والأدوات المنزلية,زجاجات مياه ومشروبات,Mintra,800 ml Colored Water Bottle - with Straw,Light Blue,,,blue / light blue,18187,,,mapped,2026-07-30T00:00:00,2026-07-30T00:00:00
VAR-EF8236E0E53050,MOD-8CB65BAB3595C1,Mintra 800 ml Colored Water Bottle - with Straw Pink | 800ml,المطبخ والأدوات المنزلية,زجاجات مياه ومشروبات,Mintra,800 ml Colored Water Bottle - with Straw,Pink,,,pink,18185,,,mapped,2026-07-30T00:00:00,2026-07-30T00:00:00
VAR-D12FB3E306435A,MOD-8CB65BAB3595C1,Mintra 800 ml Colored Water Bottle - with Straw Purple | 800ml,المطبخ والأدوات المنزلية,زجاجات مياه ومشروبات,Mintra,800 ml Colored Water Bottle - with Straw,Purple,,,purple,18184,,,mapped,2026-07-30T00:00:00,2026-07-30T00:00:00
VAR-9FF951DC9B95AD,MOD-8CB65BAB3595C1,Mintra 800 ml Colored Water Bottle - with Straw Red | 800ml,المطبخ والأدوات المنزلية,زجاجات مياه ومشروبات,Mintra,800 ml Colored Water Bottle - with Straw,Red,,,red,18188,,,mapped,2026-07-30T00:00:00,2026-07-30T00:00:00
VAR-B7A5FB115400E4,MOD-C9799A01BF3028,Mintra 800 ml Transparent Water Bottle - with Straw Black | 800ml,المطبخ والأدوات المنزلية,زجاجات مياه ومشروبات,Mintra,800 ml Transparent Water Bottle - with Straw,Black,,,black,07940,,,mapped,2026-07-30T00:00:00,2026-07-30T00:00:00
VAR-76B9096FAF2904,MOD-C9799A01BF3028,Mintra 800 ml Transparent Water Bottle - with Straw Blue | 800ml,المطبخ والأدوات المنزلية,زجاجات مياه ومشروبات,Mintra,800 ml Transparent Water Bottle - with Straw,Blue,,,blue,07941,,,mapped,2026-07-30T00:00:00,2026-07-30T00:00:00
VAR-60FA40D95DFA23,MOD-C9799A01BF3028,Mintra 800 ml Transparent Water Bottle - with Straw Dark Green | 800ml | dark green / green,المطبخ والأدوات المنزلية,زجاجات مياه ومشروبات,Mintra,800 ml Transparent Water Bottle - with Straw,Dark Green,,,dark green / green,07937,,,mapped,2026-07-30T00:00:00,2026-07-30T00:00:00
VAR-25B3D9F9DC7737,MOD-C9799A01BF3028,Mintra 800 ml Transparent Water Bottle - with Straw Green | 800ml,المطبخ والأدوات المنزلية,زجاجات مياه ومشروبات,Mintra,800 ml Transparent Water Bottle - with Straw,Green,,,green,07938,,,mapped,2026-07-30T00:00:00,2026-07-30T00:00:00
VAR-193D1F69827F32,MOD-C9799A01BF3028,Mintra 800 ml Transparent Water Bottle - with Straw Grey x Blue | 800ml | blue / grey,المطبخ والأدوات المنزلية,زجاجات مياه ومشروبات,Mintra,800 ml Transparent Water Bottle - with Straw,Grey x Blue,,,blue / grey,07989,,,mapped,2026-07-30T00:00:00,2026-07-30T00:00:00
VAR-1AAEF0A445F20E,MOD-C9799A01BF3028,Mintra 800 ml Transparent Water Bottle - with Straw Neon Yellow | 800ml | neon yellow / yellow,المطبخ والأدوات المنزلية,زجاجات مياه ومشروبات,Mintra,800 ml Transparent Water Bottle - with Straw,Neon Yellow,,,neon yellow / yellow,07942,,,mapped,2026-07-30T00:00:00,2026-07-30T00:00:00
VAR-06248AB12E9D21,MOD-C9799A01BF3028,Mintra 800 ml Transparent Water Bottle - with Straw Orange | 800ml,المطبخ والأدوات المنزلية,زجاجات مياه ومشروبات,Mintra,800 ml Transparent Water Bottle - with Straw,Orange,,,orange,07990,,,mapped,2026-07-30T00:00:00,2026-07-30T00:00:00
VAR-2E8CF8817750B2,MOD-C9799A01BF3028,Mintra 800 ml Transparent Water Bottle - with Straw Pink | 800ml,المطبخ والأدوات المنزلية,زجاجات مياه ومشروبات,Mintra,800 ml Transparent Water Bottle - with Straw,Pink,,,pink,07939,,,mapped,2026-07-30T00:00:00,2026-07-30T00:00:00
VAR-0C8F7773B2E338,MOD-C9799A01BF3028,Mintra 800 ml Transparent Water Bottle - with Straw Purple | 800ml,المطبخ والأدوات المنزلية,زجاجات مياه ومشروبات,Mintra,800 ml Transparent Water Bottle - with Straw,Purple,,,purple,07933,,,mapped,2026-07-30T00:00:00,2026-07-30T00:00:00
VAR-285C91D4098C4C,MOD-C9799A01BF3028,Mintra 800 ml Transparent Water Bottle - with Straw Turquoise | 800ml,المطبخ والأدوات المنزلية,زجاجات مياه ومشروبات,Mintra,800 ml Transparent Water Bottle - with Straw,Turquoise,,,turquoise,07935,,,mapped,2026-07-30T00:00:00,2026-07-30T00:00:00
VAR-25919F3CA746A4,MOD-C9799A01BF3028,Mintra 800 ml Transparent Water Bottle - with Straw Watermelon | 800ml,المطبخ والأدوات المنزلية,زجاجات مياه ومشروبات,Mintra,800 ml Transparent Water Bottle - with Straw,Watermelon,,,watermelon,07934,,,mapped,2026-07-30T00:00:00,2026-07-30T00:00:00
VAR-A7FF77AC0E5B5C,MOD-C9799A01BF3028,Mintra 800 ml Transparent Water Bottle - with Straw Yellow | 800ml,المطبخ والأدوات المنزلية,زجاجات مياه ومشروبات,Mintra,800 ml Transparent Water Bottle - with Straw,Yellow,,,yellow,07936,,,mapped,2026-07-30T00:00:00,2026-07-30T00:00:00
VAR-629B63776141D5,MOD-3C6CE8F62AB627,IKEA ASPEKT Knife sharpener black,المطبخ والأدوات المنزلية,سكاكين مطبخ,IKEA,ASPEKT Knife sharpener,black,,,black,57145296,,,mapped,2026-07-30T00:00:00,2026-07-30T00:00:00
VAR-979D8447458D61,MOD-B315066C5398C8,"IKEA HACKIG Cook's knife ceramic white/beige, 15 cm | beige / white",المطبخ والأدوات المنزلية,سكاكين مطبخ,IKEA,HACKIG Cook's knife,"ceramic white/beige, 15 cm",,,beige / white,40598484,,,mapped,2026-07-30T00:00:00,2026-07-30T00:00:00
VAR-F55F49DA7613D7,MOD-687B0B787D8151,"IKEA HULTARP Magnetic knife rack black, 38 cm",المطبخ والأدوات المنزلية,سكاكين مطبخ,IKEA,HULTARP Magnetic knife rack,"black, 38 cm",,,black,80444442,,,mapped,2026-07-30T00:00:00,2026-07-30T00:00:00
VAR-3B586D30E0534B,MOD-D80CA1346E0CEF,IKEA IKEA 365+ Knife block 13x24 cm | 13×24 cm,المطبخ والأدوات المنزلية,سكاكين مطبخ,IKEA,IKEA 365+ Knife block,13x24 cm,,,,10286399,,,mapped,2026-07-30T00:00:00,2026-07-30T00:00:00
VAR-A68F086077D7F0,MOD-486A3255CD51E1,IKEA JÄMFÖRA Knife block with 3 knives black,المطبخ والأدوات المنزلية,سكاكين مطبخ,IKEA,JÄMFÖRA Knife block with 3 knives,black,,,black,10346831,,,mapped,2026-07-30T00:00:00,2026-07-30T00:00:00
VAR-9531E1C44BF245,MOD-B2DD9E7EBC6026,IKEA KUNGSFORS Magnetic knife rack stainless steel,المطبخ والأدوات المنزلية,سكاكين مطبخ,IKEA,KUNGSFORS Magnetic knife rack,stainless steel,,,,40334921,,,mapped,2026-07-30T00:00:00,2026-07-30T00:00:00
VAR-3C16DD931898D8,MOD-8E3E0B0DC3B90E,IKEA SKÄRANDE Knife sharpener black,المطبخ والأدوات المنزلية,سكاكين مطبخ,IKEA,SKÄRANDE Knife sharpener,black,,,black,50289169,,,mapped,2026-07-30T00:00:00,2026-07-30T00:00:00
VAR-453CF9A2048D19,MOD-36D183F8B0BCA1,"IKEA VARDAGEN Cook's knife stainless steel/walnut, 16 cm",المطبخ والأدوات المنزلية,سكاكين مطبخ,IKEA,VARDAGEN Cook's knife,"stainless steel/walnut, 16 cm",,,,40602476,,,mapped,2026-07-30T00:00:00,2026-07-30T00:00:00
VAR-57A54568653298,MOD-1E4633170A2A1E,IKEA VIMPELFISK Knife block bamboo/grey-turquoise,المطبخ والأدوات المنزلية,سكاكين مطبخ,IKEA,VIMPELFISK Knife block,bamboo/grey-turquoise,,,grey / turquoise,50582699,,,mapped,2026-07-30T00:00:00,2026-07-30T00:00:00
VAR-19E892D6D947B1,MOD-6E1B3FDD2D9DC9,"IKEA VÖRDA Cook's knife black, 20 cm",المطبخ والأدوات المنزلية,سكاكين مطبخ,IKEA,VÖRDA Cook's knife,"black, 20 cm",,,black,20289236,,,mapped,2026-07-30T00:00:00,2026-07-30T00:00:00
VAR-70DF4EC4623E69,MOD-C7042031D74F83,"IKEA VÖRDA Filleting knife black, 17 cm",المطبخ والأدوات المنزلية,سكاكين مطبخ,IKEA,VÖRDA Filleting knife,"black, 17 cm",,,black,70289168,,,mapped,2026-07-30T00:00:00,2026-07-30T00:00:00
VAR-3A51EEB137EFE1,MOD-A18082BF88403A,"IKEA VÖRDA Paring knife black, 9 cm",المطبخ والأدوات المنزلية,سكاكين مطبخ,IKEA,VÖRDA Paring knife,"black, 9 cm",,,black,10289265,,,mapped,2026-07-30T00:00:00,2026-07-30T00:00:00
VAR-611AB5BB3E6276,MOD-6F0D8EDA47F771,"IKEA VÖRDA Utility knife black, 14 cm",المطبخ والأدوات المنزلية,سكاكين مطبخ,IKEA,VÖRDA Utility knife,"black, 14 cm",,,black,10289246,,,mapped,2026-07-30T00:00:00,2026-07-30T00:00:00
VAR-BD25642F17B9C6,MOD-DBDA6C4CBD3537,"IKEA VÖRDA Vegetable knife black, 16 cm",المطبخ والأدوات المنزلية,سكاكين مطبخ,IKEA,VÖRDA Vegetable knife,"black, 16 cm",,,black,60289244,,,mapped,2026-07-30T00:00:00,2026-07-30T00:00:00
VAR-62FC1062C47682,MOD-641734580ACEE7,Tefal K1220104,المطبخ والأدوات المنزلية,سكاكين مطبخ,Tefal,K1220104,,,,,K1220104,,,mapped,2026-07-30T00:00:00,2026-07-30T00:00:00
VAR-B2B69CE70BD270,MOD-0D2B8AC05D652B,Tefal K1220205,المطبخ والأدوات المنزلية,سكاكين مطبخ,Tefal,K1220205,,,,,K1220205,,,mapped,2026-07-30T00:00:00,2026-07-30T00:00:00
VAR-3A8016D578BCA7,MOD-0CA04CD9A5C242,Tefal K1220604,المطبخ والأدوات المنزلية,سكاكين مطبخ,Tefal,K1220604,,,,,K1220604,,,mapped,2026-07-30T00:00:00,2026-07-30T00:00:00
VAR-65D711BD7FB54E,MOD-FBBD000CB010D7,Tefal K2213104 Black,المطبخ والأدوات المنزلية,سكاكين مطبخ,Tefal,K2213104,Black,,,Black,K2213104,,,mapped,2026-07-30T00:00:00,2026-07-30T00:00:00
VAR-403F49384DA838,MOD-134D937CB387D7,Tefal K2213204 Black,المطبخ والأدوات المنزلية,سكاكين مطبخ,Tefal,K2213204,Black,,,Black,K2213204,,,mapped,2026-07-30T00:00:00,2026-07-30T00:00:00
VAR-F0B64A5F172FF1,MOD-448366C6F03C0F,Tefal K2213504 Black,المطبخ والأدوات المنزلية,سكاكين مطبخ,Tefal,K2213504,Black,,,Black,K2213504,,,mapped,2026-07-30T00:00:00,2026-07-30T00:00:00
VAR-AD515400E3CE4D,MOD-4638D7FA522068,Tefal K2213604 Black,المطبخ والأدوات المنزلية,سكاكين مطبخ,Tefal,K2213604,Black,,,Black,K2213604,,,mapped,2026-07-30T00:00:00,2026-07-30T00:00:00
VAR-080B97DFFE2977,MOD-8F7708950204FD,Tefal K221S375 Black,المطبخ والأدوات المنزلية,سكاكين مطبخ,Tefal,K221S375,Black,,,Black,K221S375,,,mapped,2026-07-30T00:00:00,2026-07-30T00:00:00
VAR-8C866AF3D3B071,MOD-C23E52FAA66AA4,Tefal K2320214,المطبخ والأدوات المنزلية,سكاكين مطبخ,Tefal,K2320214,,,,,K2320214,,,mapped,2026-07-30T00:00:00,2026-07-30T00:00:00
VAR-1D74E31205456D,MOD-58EC0D8843C1F9,Tefal K2320614,المطبخ والأدوات المنزلية,سكاكين مطبخ,Tefal,K2320614,,,,,K2320614,,,mapped,2026-07-30T00:00:00,2026-07-30T00:00:00
VAR-4552923D2141B0,MOD-DF38943B6C4C82,Tefal K2320914,المطبخ والأدوات المنزلية,سكاكين مطبخ,Tefal,K2320914,,,,,K2320914,,,mapped,2026-07-30T00:00:00,2026-07-30T00:00:00
VAR-F56334DFFDA720,MOD-674EB9EA0B4C15,Tefal K2569004 Stainless Steel,المطبخ والأدوات المنزلية,سكاكين مطبخ,Tefal,K2569004,Stainless Steel,,,Stainless Steel,K2569004,,,mapped,2026-07-30T00:00:00,2026-07-30T00:00:00
VAR-A720C65F195CA8,MOD-8F3D5AC59D5F92,"IKEA APTITLIG Butcher's block bamboo, 45x36 cm | 45×36 cm",المطبخ والأدوات المنزلية,سكاكين وألواح تقطيع,IKEA,APTITLIG Butcher's block,"bamboo, 45x36 cm",,,,00233429,,,mapped,2026-07-30T00:00:00,2026-07-30T00:00:00
VAR-CFBE68267B16F6,MOD-DA478C07A16638,"IKEA BROGRUND Touch top bin stainless steel, 4 l | 4L",المطبخ والأدوات المنزلية,سلال قمامة وفرز,IKEA,BROGRUND Touch top bin,"stainless steel, 4 l",,,,70433364,,,mapped,2026-07-30T00:00:00,2026-07-30T00:00:00
VAR-4CC25731FFDE52,MOD-6ABB5041777227,"IKEA DAMMÄNG Bin with lid dark grey, 8 l | 8L",المطبخ والأدوات المنزلية,سلال قمامة وفرز,IKEA,DAMMÄNG Bin with lid,"dark grey, 8 l",,,grey,00559984,,,mapped,2026-07-30T00:00:00,2026-07-30T00:00:00
VAR-4E54A93400F4E0,MOD-6ABB5041777227,"IKEA DAMMÄNG Bin with lid grey-green, 48 l | 48L | green / grey",المطبخ والأدوات المنزلية,سلال قمامة وفرز,IKEA,DAMMÄNG Bin with lid,"grey-green, 48 l",,,green / grey,00559979,,,mapped,2026-07-30T00:00:00,2026-07-30T00:00:00
VAR-010659BE58343B,MOD-C2D5345AA6674D,"IKEA EKOLN Waste bin beige, 3 l | 3L",المطبخ والأدوات المنزلية,سلال قمامة وفرز,IKEA,EKOLN Waste bin,"beige, 3 l",,,beige,10623475,,,mapped,2026-07-30T00:00:00,2026-07-30T00:00:00
VAR-A452AD3207C741,MOD-ADB5B52C4353D6,"IKEA FILUR Bin with lid white, 42 l | 42L",المطبخ والأدوات المنزلية,سلال قمامة وفرز,IKEA,FILUR Bin with lid,"white, 42 l",,,white,20193899,,,mapped,2026-07-30T00:00:00,2026-07-30T00:00:00
VAR-91AB0CBD7657D9,MOD-035F341DE26151,"IKEA FLORSJÖN Waste bin beige, 3 l | 3L",المطبخ والأدوات المنزلية,سلال قمامة وفرز,IKEA,FLORSJÖN Waste bin,"beige, 3 l",,,beige,60604865,,,mapped,2026-07-30T00:00:00,2026-07-30T00:00:00
VAR-5C173828FE7D61,MOD-5B188EB3ED6D7F,"IKEA FNISS Waste bin black, 10 l | 10L",المطبخ والأدوات المنزلية,سلال قمامة وفرز,IKEA,FNISS Waste bin,"black, 10 l",,,black,60295438,,,mapped,2026-07-30T00:00:00,2026-07-30T00:00:00
VAR-FFD7296750FF2A,MOD-5B188EB3ED6D7F,"IKEA FNISS Waste bin white, 10 l | 10L",المطبخ والأدوات المنزلية,سلال قمامة وفرز,IKEA,FNISS Waste bin,"white, 10 l",,,white,40295439,,,mapped,2026-07-30T00:00:00,2026-07-30T00:00:00
VAR-DB87FE7ADBE0F0,MOD-49389A0371D2BB,"IKEA GANSJÖN Waste bin black, 3 l | 3L",المطبخ والأدوات المنزلية,سلال قمامة وفرز,IKEA,GANSJÖN Waste bin,"black, 3 l",,,black,20605471,,,mapped,2026-07-30T00:00:00,2026-07-30T00:00:00
VAR-24131A3B8E1F2D,MOD-686EB38D839471,"IKEA GÅRDSBUTIK Bin with lid grey-beige, 21 l | 21L | beige / grey",المطبخ والأدوات المنزلية,سلال قمامة وفرز,IKEA,GÅRDSBUTIK Bin with lid,"grey-beige, 21 l",,,beige / grey,70565199,,,mapped,2026-07-30T00:00:00,2026-07-30T00:00:00
VAR-79E3258196314C,MOD-A462CD19E27F35,"IKEA HÅLLBAR Bin with lid light grey, 35 l | 35L",المطبخ والأدوات المنزلية,سلال قمامة وفرز,IKEA,HÅLLBAR Bin with lid,"light grey, 35 l",,,grey,50420206,,,mapped,2026-07-30T00:00:00,2026-07-30T00:00:00
VAR-75C5C83C78FDD8,MOD-63CE1F634FCE16,"IKEA HÖLASS Bin with lid black, 8 l | 8L",المطبخ والأدوات المنزلية,سلال قمامة وفرز,IKEA,HÖLASS Bin with lid,"black, 8 l",,,black,00520500,,,mapped,2026-07-30T00:00:00,2026-07-30T00:00:00
VAR-7EA433C310AD80,MOD-14D9BFBCCBB168,"IKEA KINNASJÖ Waste bin with lid self-adhesive/green, 4 l | 4L",المطبخ والأدوات المنزلية,سلال قمامة وفرز,IKEA,KINNASJÖ Waste bin,"with lid self-adhesive/green, 4 l",,,green,00591856,,,mapped,2026-07-30T00:00:00,2026-07-30T00:00:00
VAR-DCBACEAF044EDB,MOD-CF8DC79026E5EC,"IKEA KNÖCKLA Pedal bin dark grey, 50 l | 50L",المطبخ والأدوات المنزلية,سلال قمامة وفرز,IKEA,KNÖCKLA Pedal bin,"dark grey, 50 l",,,grey,70514100,,,mapped,2026-07-30T00:00:00,2026-07-30T00:00:00
VAR-60A0948B1503CD,MOD-2F8403DD709749,"IKEA KNODD Bin with lid grey, 40 l | 40L",المطبخ والأدوات المنزلية,سلال قمامة وفرز,IKEA,KNODD Bin with lid,"grey, 40 l",,,grey,90315312,,,mapped,2026-07-30T00:00:00,2026-07-30T00:00:00
VAR-2295DD0E2CF47D,MOD-5D1BF43FCD1AEF,"IKEA SKOLÄST Waste bin for cabinet with door light grey, 3.3 l | 3.3L",المطبخ والأدوات المنزلية,سلال قمامة وفرز,IKEA,SKOLÄST Waste bin for cabinet with door,"light grey, 3.3 l",,,grey,40561013,,,mapped,2026-07-30T00:00:00,2026-07-30T00:00:00
VAR-C22AC52F93C050,MOD-81C84C67C1BAB3,"IKEA SNÖRPA Pedal bin stainless steel, 12 l | 12L",المطبخ والأدوات المنزلية,سلال قمامة وفرز,IKEA,SNÖRPA Pedal bin,"stainless steel, 12 l",,,,50511211,,,mapped,2026-07-30T00:00:00,2026-07-30T00:00:00
VAR-16587AEA42F346,MOD-7202E23390A454,"IKEA STENTRAPPA Pedal bin light grey-beige, 18 l | 18L | beige / grey",المطبخ والأدوات المنزلية,سلال قمامة وفرز,IKEA,STENTRAPPA Pedal bin,"light grey-beige, 18 l",,,beige / grey,20595387,,,mapped,2026-07-30T00:00:00,2026-07-30T00:00:00
VAR-2AA92D20E87ADE,MOD-FC413857B82211,"IKEA SULTEN Pedal bin stainless steel, 50 l | 50L",المطبخ والأدوات المنزلية,سلال قمامة وفرز,IKEA,SULTEN Pedal bin,"stainless steel, 50 l",,,,60511220,,,mapped,2026-07-30T00:00:00,2026-07-30T00:00:00
VAR-394B2A3612BCCA,MOD-5D081863C7EA48,"IKEA TRÖSKNING Bin with lid light grey-blue, 25 l | 25L | blue / grey",المطبخ والأدوات المنزلية,سلال قمامة وفرز,IKEA,TRÖSKNING Bin with lid,"light grey-blue, 25 l",,,blue / grey,00592257,,,mapped,2026-07-30T00:00:00,2026-07-30T00:00:00
VAR-0DB0540F617992,MOD-BF0BBA0D4E7575,"IKEA BRATTBY Bag blue, 27x27 cm | 27×27 cm",المطبخ والأدوات المنزلية,سلال وأكياس قمامة,IKEA,BRATTBY Bag,"blue, 27x27 cm",,,blue,20103648,,,mapped,2026-07-30T00:00:00,2026-07-30T00:00:00
VAR-0D44CEED9A8FFF,MOD-D335664391BB74,"IKEA DIMPA Sorting bag with lid light grey-beige, 50 l | 50L | beige / grey",المطبخ والأدوات المنزلية,سلال وأكياس قمامة,IKEA,DIMPA Sorting bag with lid,"light grey-beige, 50 l",,,beige / grey,40601434,,,mapped,2026-07-30T00:00:00,2026-07-30T00:00:00
VAR-A53599AB5B758F,MOD-70BCCA3005DA46,"IKEA FRAKTA Carrier bag medium, blue, 45x18x45 cm/36 l | 45×18×45 cm",المطبخ والأدوات المنزلية,سلال وأكياس قمامة,IKEA,FRAKTA Carrier bag,"medium, blue, 45x18x45 cm/36 l",,,blue,60611111,,,mapped,2026-07-30T00:00:00,2026-07-30T00:00:00
VAR-919231B84E685D,MOD-435B5A0CBE096B,"IKEA GÖRSNYGG Storage case white/transparent, 55x49x19 cm | 55×49×19 cm",المطبخ والأدوات المنزلية,سلال وأكياس قمامة,IKEA,GÖRSNYGG Storage case,"white/transparent, 55x49x19 cm",,,white,40504193,,,mapped,2026-07-30T00:00:00,2026-07-30T00:00:00
VAR-D7D70D2AFF674E,MOD-23258F63D472FB,"IKEA BANDSLÄTTING Proofing/bread basket rattan, 22 cm",المطبخ والأدوات المنزلية,صواني وسلال تقديم,IKEA,BANDSLÄTTING Proofing/bread basket,"rattan, 22 cm",,,,60603489,,,mapped,2026-07-30T00:00:00,2026-07-30T00:00:00
VAR-37381A50CF31EE,MOD-02801BD285C27D,"IKEA GRILLTIDER Serving tray stainless steel, 40x30 cm | 40×30 cm",المطبخ والأدوات المنزلية,صواني وسلال تقديم,IKEA,GRILLTIDER Serving tray,"stainless steel, 40x30 cm",,,,40615153,,,mapped,2026-07-30T00:00:00,2026-07-30T00:00:00
VAR-BFB86F10CA2324,MOD-476B2320FB2AEF,"IKEA OMBONAD Tray walnut, 42 cm",المطبخ والأدوات المنزلية,صواني وسلال تقديم,IKEA,OMBONAD Tray,"walnut, 42 cm",,,,50504734,,,mapped,2026-07-30T00:00:00,2026-07-30T00:00:00
VAR-66FC2733BE055A,MOD-DC3424A8A2516C,"IKEA OMMJÄNGE Tray set of 2, orange/birch veneer",المطبخ والأدوات المنزلية,صواني وسلال تقديم,IKEA,OMMJÄNGE Tray,"set of 2, orange/birch veneer",,,orange,30593910,,,mapped,2026-07-30T00:00:00,2026-07-30T00:00:00
VAR-4F739B8F04FF33,MOD-042E5C03F63677,"IKEA OSTBIT Tray bamboo, 25x33 cm | 25×33 cm",المطبخ والأدوات المنزلية,صواني وسلال تقديم,IKEA,OSTBIT Tray,"bamboo, 25x33 cm",,,,30452991,,,mapped,2026-07-30T00:00:00,2026-07-30T00:00:00
VAR-5B5F51A87E8411,MOD-5CCC78D6440301,"IKEA SKALA Tray birch, 44 cm",المطبخ والأدوات المنزلية,صواني وسلال تقديم,IKEA,SKALA Tray,"birch, 44 cm",,,,20056642,,,mapped,2026-07-30T00:00:00,2026-07-30T00:00:00
VAR-3BEE434626F294,MOD-F4F05E458DB3CA,"IKEA SMÖRLING Serving tray set of 2, beech",المطبخ والأدوات المنزلية,صواني وسلال تقديم,IKEA,SMÖRLING Serving tray,"set of 2, beech",,,,10570660,,,mapped,2026-07-30T00:00:00,2026-07-30T00:00:00
VAR-CFCD762BBEE53F,MOD-A3219542FB7FD5,"IKEA SMULA Tray transparent, 52x35 cm | 52×35 cm",المطبخ والأدوات المنزلية,صواني وسلال تقديم,IKEA,SMULA Tray,"transparent, 52x35 cm",,,,40041131,,,mapped,2026-07-30T00:00:00,2026-07-30T00:00:00
VAR-FC7AC19892615E,MOD-8A3C5497726A0A,IKEA SURSÖT Ice cube tray bright yellow,المطبخ والأدوات المنزلية,صواني وسلال تقديم,IKEA,SURSÖT Ice cube tray,bright yellow,,,yellow,60512936,,,mapped,2026-07-30T00:00:00,2026-07-30T00:00:00
VAR-08AA0ACCDD095B,MOD-7C529DCA7ABF1A,"IKEA TILLGÅNG Tray pale green, 37x29 cm | 37×29 cm",المطبخ والأدوات المنزلية,صواني وسلال تقديم,IKEA,TILLGÅNG Tray,"pale green, 37x29 cm",,,green,60562295,,,mapped,2026-07-30T00:00:00,2026-07-30T00:00:00
VAR-68084E42448998,MOD-BB319CCBDA6953,Mintra Bread Basket Blue | 4.5L,المطبخ والأدوات المنزلية,صواني وسلال تقديم,Mintra,Bread Basket,Blue,,,blue,03610,,,mapped,2026-07-30T00:00:00,2026-07-30T00:00:00
VAR-280FE7DBCF919D,MOD-BB319CCBDA6953,Mintra Bread Basket Fuchsia | 4.5L,المطبخ والأدوات المنزلية,صواني وسلال تقديم,Mintra,Bread Basket,Fuchsia,,,fuchsia,03614,,,mapped,2026-07-30T00:00:00,2026-07-30T00:00:00
VAR-974FE9DD11E5EC,MOD-BB319CCBDA6953,Mintra Bread Basket Green | 4.5L,المطبخ والأدوات المنزلية,صواني وسلال تقديم,Mintra,Bread Basket,Green,,,green,03609,,,mapped,2026-07-30T00:00:00,2026-07-30T00:00:00
VAR-01FA90910FED04,MOD-BB319CCBDA6953,Mintra Bread Basket Orange | 4.5L,المطبخ والأدوات المنزلية,صواني وسلال تقديم,Mintra,Bread Basket,Orange,,,orange,03613,,,mapped,2026-07-30T00:00:00,2026-07-30T00:00:00
VAR-0692F5A625E06B,MOD-BB319CCBDA6953,Mintra Bread Basket Red | 4.5L,المطبخ والأدوات المنزلية,صواني وسلال تقديم,Mintra,Bread Basket,Red,,,red,03608,,,mapped,2026-07-30T00:00:00,2026-07-30T00:00:00
VAR-1C5E95A8862184,MOD-BB319CCBDA6953,Mintra Bread Basket Turqouise | 4.5L,المطبخ والأدوات المنزلية,صواني وسلال تقديم,Mintra,Bread Basket,Turqouise,,,,03611,,,mapped,2026-07-30T00:00:00,2026-07-30T00:00:00
VAR-FF227EF8D51062,MOD-BB319CCBDA6953,Mintra Bread Basket White | 4.5L,المطبخ والأدوات المنزلية,صواني وسلال تقديم,Mintra,Bread Basket,White,,,white,03607,,,mapped,2026-07-30T00:00:00,2026-07-30T00:00:00
VAR-9DD5715C0509DE,MOD-BB319CCBDA6953,Mintra Bread Basket Yellow | 4.5L,المطبخ والأدوات المنزلية,صواني وسلال تقديم,Mintra,Bread Basket,Yellow,,,yellow,03612,,,mapped,2026-07-30T00:00:00,2026-07-30T00:00:00
VAR-9AC28941992043,MOD-93AB405442D1CA,Mintra Fruit Tray blue | 25 cm,المطبخ والأدوات المنزلية,صواني وسلال تقديم,Mintra,Fruit Tray,blue,,,blue,05689,,,mapped,2026-07-30T00:00:00,2026-07-30T00:00:00
VAR-71C7A2C075C58B,MOD-93AB405442D1CA,Mintra Fruit Tray fuchsia | 25 cm,المطبخ والأدوات المنزلية,صواني وسلال تقديم,Mintra,Fruit Tray,fuchsia,,,fuchsia,05693,,,mapped,2026-07-30T00:00:00,2026-07-30T00:00:00
VAR-C7169CCBC24A08,MOD-93AB405442D1CA,Mintra Fruit Tray green | 25 cm,المطبخ والأدوات المنزلية,صواني وسلال تقديم,Mintra,Fruit Tray,green,,,green,05688,,,mapped,2026-07-30T00:00:00,2026-07-30T00:00:00
VAR-AD812A47CA49D0,MOD-93AB405442D1CA,Mintra Fruit Tray orange | 25 cm,المطبخ والأدوات المنزلية,صواني وسلال تقديم,Mintra,Fruit Tray,orange,,,orange,05692,,,mapped,2026-07-30T00:00:00,2026-07-30T00:00:00
VAR-7A7589AA2F0CDD,MOD-93AB405442D1CA,Mintra Fruit Tray red | 25 cm,المطبخ والأدوات المنزلية,صواني وسلال تقديم,Mintra,Fruit Tray,red,,,red,05687,,,mapped,2026-07-30T00:00:00,2026-07-30T00:00:00
VAR-081D80B8452BD5,MOD-93AB405442D1CA,Mintra Fruit Tray white | 25 cm,المطبخ والأدوات المنزلية,صواني وسلال تقديم,Mintra,Fruit Tray,white,,,white,05686,,,mapped,2026-07-30T00:00:00,2026-07-30T00:00:00
VAR-76106E9F3D53E5,MOD-93AB405442D1CA,Mintra Fruit Tray yellow | 25 cm,المطبخ والأدوات المنزلية,صواني وسلال تقديم,Mintra,Fruit Tray,yellow,,,yellow,05691,,,mapped,2026-07-30T00:00:00,2026-07-30T00:00:00
VAR-232228A92E3580,MOD-61A86A1BE8779B,Mintra Oval serving tray Blue | 40 cm,المطبخ والأدوات المنزلية,صواني وسلال تقديم,Mintra,Oval serving tray,Blue,,,blue,97671,,,mapped,2026-07-30T00:00:00,2026-07-30T00:00:00
VAR-3FE52B5E0DB427,MOD-61A86A1BE8779B,Mintra Oval serving tray Fuschia | 40 cm,المطبخ والأدوات المنزلية,صواني وسلال تقديم,Mintra,Oval serving tray,Fuschia,,,fuschia,97672,,,mapped,2026-07-30T00:00:00,2026-07-30T00:00:00
VAR-2F9781139FD420,MOD-61A86A1BE8779B,Mintra Oval serving tray Orange | 40 cm,المطبخ والأدوات المنزلية,صواني وسلال تقديم,Mintra,Oval serving tray,Orange,,,orange,97669,,,mapped,2026-07-30T00:00:00,2026-07-30T00:00:00
VAR-258A3B585DF26F,MOD-61A86A1BE8779B,Mintra Oval serving tray Red | 40 cm,المطبخ والأدوات المنزلية,صواني وسلال تقديم,Mintra,Oval serving tray,Red,,,red,97673,,,mapped,2026-07-30T00:00:00,2026-07-30T00:00:00
VAR-D08DFAB6BEE90E,MOD-61A86A1BE8779B,Mintra Oval serving tray White | 40 cm,المطبخ والأدوات المنزلية,صواني وسلال تقديم,Mintra,Oval serving tray,White,,,white,97675,,,mapped,2026-07-30T00:00:00,2026-07-30T00:00:00
VAR-4AB00BA0F1E3E5,MOD-61A86A1BE8779B,Mintra Oval serving tray Yellow | 40 cm,المطبخ والأدوات المنزلية,صواني وسلال تقديم,Mintra,Oval serving tray,Yellow,,,yellow,97670,,,mapped,2026-07-30T00:00:00,2026-07-30T00:00:00
VAR-5C80E9E96ABB63,MOD-7318153F09BA1B,Mintra Rectangular Unbreakable tray Beige,المطبخ والأدوات المنزلية,صواني وسلال تقديم,Mintra,Rectangular Unbreakable tray,Beige,,,beige,05699,,,mapped,2026-07-30T00:00:00,2026-07-30T00:00:00
VAR-E4911D84455979,MOD-7318153F09BA1B,Mintra Rectangular Unbreakable tray Black,المطبخ والأدوات المنزلية,صواني وسلال تقديم,Mintra,Rectangular Unbreakable tray,Black,,,black,14236,,,mapped,2026-07-30T00:00:00,2026-07-30T00:00:00
VAR-B0F3E71975EE9B,MOD-7318153F09BA1B,Mintra Rectangular Unbreakable tray Blue,المطبخ والأدوات المنزلية,صواني وسلال تقديم,Mintra,Rectangular Unbreakable tray,Blue,,,blue,05698,,,mapped,2026-07-30T00:00:00,2026-07-30T00:00:00
VAR-217370424A3EFD,MOD-7318153F09BA1B,Mintra Rectangular Unbreakable tray Dark Blue | blue / dark blue,المطبخ والأدوات المنزلية,صواني وسلال تقديم,Mintra,Rectangular Unbreakable tray,Dark Blue,,,blue / dark blue,09858,,,mapped,2026-07-30T00:00:00,2026-07-30T00:00:00
VAR-D832BC14AF35D2,MOD-7318153F09BA1B,Mintra Rectangular Unbreakable tray Lavender,المطبخ والأدوات المنزلية,صواني وسلال تقديم,Mintra,Rectangular Unbreakable tray,Lavender,,,lavender,09856,,,mapped,2026-07-30T00:00:00,2026-07-30T00:00:00
VAR-EA5231B1878FA5,MOD-7318153F09BA1B,Mintra Rectangular Unbreakable tray Light green | green / light green,المطبخ والأدوات المنزلية,صواني وسلال تقديم,Mintra,Rectangular Unbreakable tray,Light green,,,green / light green,05695,,,mapped,2026-07-30T00:00:00,2026-07-30T00:00:00
VAR-6F09FBBD1C28F0,MOD-7318153F09BA1B,Mintra Rectangular Unbreakable tray Mustard,المطبخ والأدوات المنزلية,صواني وسلال تقديم,Mintra,Rectangular Unbreakable tray,Mustard,,,mustard,09857,,,mapped,2026-07-30T00:00:00,2026-07-30T00:00:00
VAR-A66F64A5E4FC9E,MOD-7318153F09BA1B,Mintra Rectangular Unbreakable tray Orange,المطبخ والأدوات المنزلية,صواني وسلال تقديم,Mintra,Rectangular Unbreakable tray,Orange,,,orange,09344,,,mapped,2026-07-30T00:00:00,2026-07-30T00:00:00
VAR-19D6F358F1F9A4,MOD-7318153F09BA1B,Mintra Rectangular Unbreakable tray Purple,المطبخ والأدوات المنزلية,صواني وسلال تقديم,Mintra,Rectangular Unbreakable tray,Purple,,,purple,05696,,,mapped,2026-07-30T00:00:00,2026-07-30T00:00:00
VAR-F22C2636F493AD,MOD-7318153F09BA1B,Mintra Rectangular Unbreakable tray Red,المطبخ والأدوات المنزلية,صواني وسلال تقديم,Mintra,Rectangular Unbreakable tray,Red,,,red,09347,,,mapped,2026-07-30T00:00:00,2026-07-30T00:00:00
VAR-20C79C09486AA0,MOD-7318153F09BA1B,Mintra Rectangular Unbreakable tray Teal,المطبخ والأدوات المنزلية,صواني وسلال تقديم,Mintra,Rectangular Unbreakable tray,Teal,,,teal,09345,,,mapped,2026-07-30T00:00:00,2026-07-30T00:00:00
VAR-AE0F021B3C2C6F,MOD-7318153F09BA1B,Mintra Rectangular Unbreakable tray Turquoise,المطبخ والأدوات المنزلية,صواني وسلال تقديم,Mintra,Rectangular Unbreakable tray,Turquoise,,,turquoise,09346,,,mapped,2026-07-30T00:00:00,2026-07-30T00:00:00
VAR-57C70BBA4C22B0,MOD-7318153F09BA1B,Mintra Rectangular Unbreakable tray Water Melon,المطبخ والأدوات المنزلية,صواني وسلال تقديم,Mintra,Rectangular Unbreakable tray,Water Melon,,,,05694,,,mapped,2026-07-30T00:00:00,2026-07-30T00:00:00
VAR-F918B8C22E3F74,MOD-7318153F09BA1B,Mintra Rectangular Unbreakable tray White,المطبخ والأدوات المنزلية,صواني وسلال تقديم,Mintra,Rectangular Unbreakable tray,White,,,white,14230,,,mapped,2026-07-30T00:00:00,2026-07-30T00:00:00
VAR-6DED47A9F88771,MOD-7318153F09BA1B,Mintra Rectangular Unbreakable tray Yellow,المطبخ والأدوات المنزلية,صواني وسلال تقديم,Mintra,Rectangular Unbreakable tray,Yellow,,,yellow,05697,,,mapped,2026-07-30T00:00:00,2026-07-30T00:00:00
VAR-988053759FB296,MOD-94D6D26146DE02,"IKEA HEMLAGAD Frying pan non-stick coating black, 28 cm",المطبخ والأدوات المنزلية,طاسات,IKEA,HEMLAGAD Frying pan,"non-stick coating black, 28 cm",,,black,90580896,,,mapped,2026-07-30T00:00:00,2026-07-30T00:00:00
VAR-9213E5A94775C9,MOD-94D6D26146DE02,"IKEA HEMLAGAD Frying pan non-stick coating yellow, 24 cm",المطبخ والأدوات المنزلية,طاسات,IKEA,HEMLAGAD Frying pan,"non-stick coating yellow, 24 cm",,,yellow,90623631,,,mapped,2026-07-30T00:00:00,2026-07-30T00:00:00
VAR-A4E7A06FAD228B,MOD-B27AA4C348AF29,"IKEA KLIPPFISK Frying pan non-stick coating/wood dark grey-blue, 28 cm | blue / grey",المطبخ والأدوات المنزلية,طاسات,IKEA,KLIPPFISK Frying pan,"non-stick coating/wood dark grey-blue, 28 cm",,,blue / grey,80602511,,,mapped,2026-07-30T00:00:00,2026-07-30T00:00:00
VAR-1CBBC73E0D822A,MOD-B22D7F83202150,"IKEA TAGGHAJ Frying pan non-stick coating black, 24 cm",المطبخ والأدوات المنزلية,طاسات,IKEA,TAGGHAJ Frying pan,"non-stick coating black, 24 cm",,,black,40581153,,,mapped,2026-07-30T00:00:00,2026-07-30T00:00:00
VAR-D2204C18D68D4C,MOD-DB80426BE6D35C,"IKEA VARDAGEN Frying pan cast iron, 32 cm",المطبخ والأدوات المنزلية,طاسات,IKEA,VARDAGEN Frying pan,"cast iron, 32 cm",,,,40560674,,,mapped,2026-07-30T00:00:00,2026-07-30T00:00:00
VAR-C1EFB772A8C122,MOD-1590CDDD36EF0E,Tefal 220091517,المطبخ والأدوات المنزلية,طاسات,Tefal,220091517,,,,,220091517,,,mapped,2026-07-30T00:00:00,2026-07-30T00:00:00
VAR-F93C1B05435C48,MOD-39470267A977A1,Tefal 220091518,المطبخ والأدوات المنزلية,طاسات,Tefal,220091518,,,,,220091518,,,mapped,2026-07-30T00:00:00,2026-07-30T00:00:00
VAR-E38F590713BB8F,MOD-E98627709CD837,Tefal 220091520,المطبخ والأدوات المنزلية,طاسات,Tefal,220091520,,,,,220091520,,,mapped,2026-07-30T00:00:00,2026-07-30T00:00:00
VAR-BCC951D18284EF,MOD-E321E1B2EB9579,Tefal 220091522,المطبخ والأدوات المنزلية,طاسات,Tefal,220091522,,,,,220091522,,,mapped,2026-07-30T00:00:00,2026-07-30T00:00:00
VAR-0845AEEC81486C,MOD-CAAA49D0A954DB,Tefal 220091524,المطبخ والأدوات المنزلية,طاسات,Tefal,220091524,,,,,220091524,,,mapped,2026-07-30T00:00:00,2026-07-30T00:00:00
VAR-76CAC55B865488,MOD-30D439110E9A1C,Tefal 220091526,المطبخ والأدوات المنزلية,طاسات,Tefal,220091526,,,,,220091526,,,mapped,2026-07-30T00:00:00,2026-07-30T00:00:00
VAR-69D3A1F9434A9C,MOD-5750251542C57D,Tefal 220091528,المطبخ والأدوات المنزلية,طاسات,Tefal,220091528,,,,,220091528,,,mapped,2026-07-30T00:00:00,2026-07-30T00:00:00
VAR-6638ECAA8716F0,MOD-F34EE61E9B39D4,Tefal 220096228,المطبخ والأدوات المنزلية,طاسات,Tefal,220096228,,,,,220096228,,,mapped,2026-07-30T00:00:00,2026-07-30T00:00:00
VAR-2BDF593B8EF3FD,MOD-72296F43FD87FD,Tefal 220711519,المطبخ والأدوات المنزلية,طاسات,Tefal,220711519,,,,,220711519,,,mapped,2026-07-30T00:00:00,2026-07-30T00:00:00
VAR-E77FCFA12D0B40,MOD-027087F0D0F220,Tefal 220711520,المطبخ والأدوات المنزلية,طاسات,Tefal,220711520,,,,,220711520,,,mapped,2026-07-30T00:00:00,2026-07-30T00:00:00
VAR-4D551184289BB5,MOD-09E7FE733BC3A5,Tefal 220711522,المطبخ والأدوات المنزلية,طاسات,Tefal,220711522,,,,,220711522,,,mapped,2026-07-30T00:00:00,2026-07-30T00:00:00
VAR-11FBBEDFE21AEB,MOD-72D82A617CC272,Tefal 220711524,المطبخ والأدوات المنزلية,طاسات,Tefal,220711524,,,,,220711524,,,mapped,2026-07-30T00:00:00,2026-07-30T00:00:00
VAR-CD5BAF6D0FB9FF,MOD-49C5FD89EDC575,Tefal 220711526,المطبخ والأدوات المنزلية,طاسات,Tefal,220711526,,,,,220711526,,,mapped,2026-07-30T00:00:00,2026-07-30T00:00:00
VAR-CD6CEDA545675B,MOD-814A3E261F60B2,Tefal 220711528,المطبخ والأدوات المنزلية,طاسات,Tefal,220711528,,,,,220711528,,,mapped,2026-07-30T00:00:00,2026-07-30T00:00:00
VAR-3DEF65AE705323,MOD-882E0DE06AFBE4,Tefal 220713024,المطبخ والأدوات المنزلية,طاسات,Tefal,220713024,,,,,220713024,,,mapped,2026-07-30T00:00:00,2026-07-30T00:00:00
VAR-A8D4BD0D0DDACC,MOD-75278669916FA1,Tefal 220716228,المطبخ والأدوات المنزلية,طاسات,Tefal,220716228,,,,,220716228,,,mapped,2026-07-30T00:00:00,2026-07-30T00:00:00
VAR-931E414FADEA59,MOD-F8D66BE08E1A1E,Tefal 220718026,المطبخ والأدوات المنزلية,طاسات,Tefal,220718026,,,,,220718026,,,mapped,2026-07-30T00:00:00,2026-07-30T00:00:00
VAR-33618061B64A29,MOD-0A4FC6EEB7FF6F,Tefal 220900099,المطبخ والأدوات المنزلية,طاسات,Tefal,220900099,,,,,220900099,,,mapped,2026-07-30T00:00:00,2026-07-30T00:00:00
VAR-C7794107C1CCFB,MOD-48A14C0FBBC787,Tefal 220900101,المطبخ والأدوات المنزلية,طاسات,Tefal,220900101,,,,,220900101,,,mapped,2026-07-30T00:00:00,2026-07-30T00:00:00
VAR-D192F1CBCCCA0A,MOD-64403D8EE664A6,Tefal 220900102,المطبخ والأدوات المنزلية,طاسات,Tefal,220900102,,,,,220900102,,,mapped,2026-07-30T00:00:00,2026-07-30T00:00:00
VAR-CD459B0060E275,MOD-EFF8D6397B69BC,Tefal 220900103,المطبخ والأدوات المنزلية,طاسات,Tefal,220900103,,,,,220900103,,,mapped,2026-07-30T00:00:00,2026-07-30T00:00:00
VAR-961DDB6CE5AEDC,MOD-3FD20003B6BADE,Tefal 220900301,المطبخ والأدوات المنزلية,طاسات,Tefal,220900301,,,,,220900301,,,mapped,2026-07-30T00:00:00,2026-07-30T00:00:00
VAR-1C61FE3653750F,MOD-C0D760C09152F3,Tefal 403841011,المطبخ والأدوات المنزلية,طاسات,Tefal,403841011,,,,,403841011,,,mapped,2026-07-30T00:00:00,2026-07-30T00:00:00
VAR-56DE83E39454EA,MOD-B57E2E86EDEFAB,Tefal 403841012,المطبخ والأدوات المنزلية,طاسات,Tefal,403841012,,,,,403841012,,,mapped,2026-07-30T00:00:00,2026-07-30T00:00:00
VAR-C8323570B7E8B0,MOD-DAC7FA3E321D5B,Tefal 403841013,المطبخ والأدوات المنزلية,طاسات,Tefal,403841013,,,,,403841013,,,mapped,2026-07-30T00:00:00,2026-07-30T00:00:00
VAR-B963B9A859E066,MOD-E6BE2CDEB3DE42,Tefal 403841014,المطبخ والأدوات المنزلية,طاسات,Tefal,403841014,,,,,403841014,,,mapped,2026-07-30T00:00:00,2026-07-30T00:00:00
VAR-37C0B79C95B24E,MOD-6EB223E02A34E3,Tefal 403841015,المطبخ والأدوات المنزلية,طاسات,Tefal,403841015,,,,,403841015,,,mapped,2026-07-30T00:00:00,2026-07-30T00:00:00
VAR-8937003E9D564A,MOD-70278EE2D754A5,Tefal C2891101,المطبخ والأدوات المنزلية,طاسات,Tefal,C2891101,,,,,C2891101,,,mapped,2026-07-30T00:00:00,2026-07-30T00:00:00
VAR-C48DBB3E791693,MOD-9E2B1A24B9AA52,Tefal C2891102,المطبخ والأدوات المنزلية,طاسات,Tefal,C2891102,,,,,C2891102,,,mapped,2026-07-30T00:00:00,2026-07-30T00:00:00
VAR-D0E21483D8FBE8,MOD-A191ECBDC58236,Tefal C2891103,المطبخ والأدوات المنزلية,طاسات,Tefal,C2891103,,,,,C2891103,,,mapped,2026-07-30T00:00:00,2026-07-30T00:00:00
VAR-E4614581ADA8A1,MOD-1B4E96675E90FC,Tefal C2891104,المطبخ والأدوات المنزلية,طاسات,Tefal,C2891104,,,,,C2891104,,,mapped,2026-07-30T00:00:00,2026-07-30T00:00:00
VAR-89B49660A97EDC,MOD-4D855C8B1E7354,Tefal C2891105,المطبخ والأدوات المنزلية,طاسات,Tefal,C2891105,,,,,C2891105,,,mapped,2026-07-30T00:00:00,2026-07-30T00:00:00
VAR-58E02452D671D5,MOD-46082439D1C7A2,Tefal G2660383,المطبخ والأدوات المنزلية,طاسات,Tefal,G2660383,,,,,G2660383,,,mapped,2026-07-30T00:00:00,2026-07-30T00:00:00
VAR-416667204A468D,MOD-AAEF44B966807B,Tefal G2660483,المطبخ والأدوات المنزلية,طاسات,Tefal,G2660483,,,,,G2660483,,,mapped,2026-07-30T00:00:00,2026-07-30T00:00:00
VAR-BD433896E9BEB3,MOD-B288A61DB328BD,Zahran 330010822 Stainless Steel,المطبخ والأدوات المنزلية,طاسات,Zahran,330010822,Stainless Steel,,,Stainless Steel,330010822,,,mapped,2026-07-30T00:00:00,2026-07-30T00:00:00
VAR-616942BDFD6009,MOD-F7451C47D35118,Zahran 330010824 Stainless Steel,المطبخ والأدوات المنزلية,طاسات,Zahran,330010824,Stainless Steel,,,Stainless Steel,330010824,,,mapped,2026-07-30T00:00:00,2026-07-30T00:00:00
VAR-6326F0C3D6AFC7,MOD-9368DC23126544,Zahran 330010826 Stainless Steel,المطبخ والأدوات المنزلية,طاسات,Zahran,330010826,Stainless Steel,,,Stainless Steel,330010826,,,mapped,2026-07-30T00:00:00,2026-07-30T00:00:00
VAR-D1FDED3BC0127E,MOD-CBA60A714C8FDB,Zahran 330013528 Stainless Steel,المطبخ والأدوات المنزلية,طاسات,Zahran,330013528,Stainless Steel,,,Stainless Steel,330013528,,,mapped,2026-07-30T00:00:00,2026-07-30T00:00:00
VAR-7AA9083F4B76D0,MOD-BCEF85F3E884CC,"IKEA KLIPPFISK Sauté pan with lid non-stick coating glass/wood grey-turquoise, 28 cm",المطبخ والأدوات المنزلية,طاسات سوتيه,IKEA,KLIPPFISK Sauté pan with lid,"non-stick coating glass/wood grey-turquoise, 28 cm",,,grey / turquoise,70602516,,,mapped,2026-07-30T00:00:00,2026-07-30T00:00:00
VAR-899CD6173C19B7,MOD-69F653DBFEA005,IKEA 09269065 Food container with lid | rectangular glass/bamboo | 1.0 l | 1L | beige / white,المطبخ والأدوات المنزلية,علب حفظ طعام,IKEA,09269065,Food container with lid | rectangular glass/bamboo | 1.0 l,,,beige / white,09269065,,,mapped,2026-07-30T00:00:00,2026-07-30T00:00:00
VAR-4C0BF216C5D578,MOD-B3A2309CE579C3,"IKEA 10495760 Food container with lid, set of 3 | glass | white",المطبخ والأدوات المنزلية,علب حفظ طعام,IKEA,10495760,"Food container with lid, set of 3 | glass",,,white,10495760,,,mapped,2026-07-30T00:00:00,2026-07-30T00:00:00
VAR-CBCB93DDCC2419,MOD-3FE83FDD3788F7,IKEA 10497801 Food container | rectangular/stainless steel | 1.0 l | 1L,المطبخ والأدوات المنزلية,علب حفظ طعام,IKEA,10497801,Food container | rectangular/stainless steel | 1.0 l,,,Stainless Steel,10497801,,,mapped,2026-07-30T00:00:00,2026-07-30T00:00:00
VAR-8CF436BFBADC54,MOD-3A2FC45F3E75F4,"IKEA 10597099 Food container with lid, set of 17 | green",المطبخ والأدوات المنزلية,علب حفظ طعام,IKEA,10597099,"Food container with lid, set of 17 | green",,,Green,10597099,,,mapped,2026-07-30T00:00:00,2026-07-30T00:00:00
VAR-DED67851A921F4,MOD-B2966EA84BAC54,IKEA 10597103 Food container with lid | blue | 0.6 l | 0.6L,المطبخ والأدوات المنزلية,علب حفظ طعام,IKEA,10597103,Food container with lid | blue | 0.6 l,,,Blue,10597103,,,mapped,2026-07-30T00:00:00,2026-07-30T00:00:00
VAR-D7B384F00C9833,MOD-95D37A2A7C3944,IKEA 29269074 Food container with lid | rectangular glass/plastic | 1.8 l | 1.8L | blue / white,المطبخ والأدوات المنزلية,علب حفظ طعام,IKEA,29269074,Food container with lid | rectangular glass/plastic | 1.8 l,,,blue / white,29269074,,,mapped,2026-07-30T00:00:00,2026-07-30T00:00:00
VAR-F4C06DE344F2CA,MOD-326D8659FF2981,IKEA 39269120 Food container with lid | square glass/plastic | 600 ml | 600mL | blue / white,المطبخ والأدوات المنزلية,علب حفظ طعام,IKEA,39269120,Food container with lid | square glass/plastic | 600 ml,,,blue / white,39269120,,,mapped,2026-07-30T00:00:00,2026-07-30T00:00:00
VAR-7002ABE4DB1260,MOD-FABDBBEB27A52F,"IKEA 40526449 Food container with lid, set of 4 | plastic | blue / white",المطبخ والأدوات المنزلية,علب حفظ طعام,IKEA,40526449,"Food container with lid, set of 4 | plastic",,,blue / white,40526449,,,mapped,2026-07-30T00:00:00,2026-07-30T00:00:00
VAR-D675A439E00AFB,MOD-BA104EE2AE6356,IKEA 49269068 Food container with lid | rectangular glass/bamboo | 1.8 l | 1.8L | beige / white,المطبخ والأدوات المنزلية,علب حفظ طعام,IKEA,49269068,Food container with lid | rectangular glass/bamboo | 1.8 l,,,beige / white,49269068,,,mapped,2026-07-30T00:00:00,2026-07-30T00:00:00
VAR-7AC24364849212,MOD-08EEE4051F1FBA,IKEA 50507959 Food container with lid | round/plastic | 750 ml | 750mL | blue / white,المطبخ والأدوات المنزلية,علب حفظ طعام,IKEA,50507959,Food container with lid | round/plastic | 750 ml,,,blue / white,50507959,,,mapped,2026-07-30T00:00:00,2026-07-30T00:00:00
VAR-7E865C3708245E,MOD-3728152255AD03,IKEA 50597101 Food container with lid | lilac | 70 ml | 70mL,المطبخ والأدوات المنزلية,علب حفظ طعام,IKEA,50597101,Food container with lid | lilac | 70 ml,,,lilac,50597101,,,mapped,2026-07-30T00:00:00,2026-07-30T00:00:00
VAR-1781A99DC793A1,MOD-B62F894B4DE384,IKEA 60596709 Sandwich container with lid | lilac/green | 22x14x5 cm,المطبخ والأدوات المنزلية,علب حفظ طعام,IKEA,60596709,Sandwich container with lid | lilac/green | 22x14x5 cm,,,Green,60596709,,,mapped,2026-07-30T00:00:00,2026-07-30T00:00:00
VAR-A916C7463A8BCC,MOD-5EB938A87FF07A,IKEA 70359199 Food container | rectangular/glass | 1.0 l | 1L | white,المطبخ والأدوات المنزلية,علب حفظ طعام,IKEA,70359199,Food container | rectangular/glass | 1.0 l,,,white,70359199,,,mapped,2026-07-30T00:00:00,2026-07-30T00:00:00
VAR-03121DD9EF847F,MOD-74D5A0D1008C63,IKEA 70507963 Food container with lid | rectangular/plastic | 1.0 l | 1L | blue / white,المطبخ والأدوات المنزلية,علب حفظ طعام,IKEA,70507963,Food container with lid | rectangular/plastic | 1.0 l,,,blue / white,70507963,,,mapped,2026-07-30T00:00:00,2026-07-30T00:00:00
VAR-449E429CB5EBA5,MOD-F3F8EA7FB69A3B,IKEA 80444946 Food container with lid | square/glass | 180 ml | 180mL | blue / white,المطبخ والأدوات المنزلية,علب حفظ طعام,IKEA,80444946,Food container with lid | square/glass | 180 ml,,,blue / white,80444946,,,mapped,2026-07-30T00:00:00,2026-07-30T00:00:00
VAR-0F9E8169E60DC8,MOD-7D6FC9B0A5BA3E,IKEA 80596708 Snack container with lid | lilac/green | 0.3 l | 0.3L,المطبخ والأدوات المنزلية,علب حفظ طعام,IKEA,80596708,Snack container with lid | lilac/green | 0.3 l,,,Green,80596708,,,mapped,2026-07-30T00:00:00,2026-07-30T00:00:00
VAR-D5137ADD5A40D3,MOD-BA2230AE496F15,IKEA 89269108 Food container with lid | square/plastic | 1.4 l | 1.4L | blue / white,المطبخ والأدوات المنزلية,علب حفظ طعام,IKEA,89269108,Food container with lid | square/plastic | 1.4 l,,,blue / white,89269108,,,mapped,2026-07-30T00:00:00,2026-07-30T00:00:00
VAR-417553D7C4FC1E,MOD-0356521B429B66,IKEA 90623829 Food container with lid | rectangular/glass | 1.0 l | 1L | blue / white,المطبخ والأدوات المنزلية,علب حفظ طعام,IKEA,90623829,Food container with lid | rectangular/glass | 1.0 l,,,blue / white,90623829,,,mapped,2026-07-30T00:00:00,2026-07-30T00:00:00
VAR-1FA42B83A93D2F,MOD-7505231D58C910,IKEA 99269080 Food container with lid | rectangular/plastic | 2.0 l | 2L | blue / white,المطبخ والأدوات المنزلية,علب حفظ طعام,IKEA,99269080,Food container with lid | rectangular/plastic | 2.0 l,,,blue / white,99269080,,,mapped,2026-07-30T00:00:00,2026-07-30T00:00:00
VAR-515A5EA699E3DA,MOD-7987C16C62A853,"IKEA IKEA 365+ Food container with lid rectangular glass/bamboo, 1.0 l | 1L",المطبخ والأدوات المنزلية,علب حفظ طعام,IKEA,IKEA 365+ Food container with lid,"rectangular glass/bamboo, 1.0 l",,,,S09269065,,,mapped,2026-07-30T00:00:00,2026-07-30T00:00:00
VAR-240C39B7F772E5,MOD-7987C16C62A853,"IKEA IKEA 365+ Food container with lid rectangular glass/plastic, 1.0 l | 1L",المطبخ والأدوات المنزلية,علب حفظ طعام,IKEA,IKEA 365+ Food container with lid,"rectangular glass/plastic, 1.0 l",,,,S89269071,,,mapped,2026-07-30T00:00:00,2026-07-30T00:00:00
VAR-8E887AEC768734,MOD-7987C16C62A853,"IKEA IKEA 365+ Food container with lid rectangular/glass, 1.0 l | 1L",المطبخ والأدوات المنزلية,علب حفظ طعام,IKEA,IKEA 365+ Food container with lid,"rectangular/glass, 1.0 l",,,,90623829,,,mapped,2026-07-30T00:00:00,2026-07-30T00:00:00
VAR-CF5624CB4D4388,MOD-7987C16C62A853,"IKEA IKEA 365+ Food container with lid set of 4, plastic",المطبخ والأدوات المنزلية,علب حفظ طعام,IKEA,IKEA 365+ Food container with lid,"set of 4, plastic",,,,40526449,,,mapped,2026-07-30T00:00:00,2026-07-30T00:00:00
VAR-69AC332BE4BF5E,MOD-696EDB4A61DE07,"IKEA PRUTA Food container with lid blue, 0.6 l | 0.6L",المطبخ والأدوات المنزلية,علب حفظ طعام,IKEA,PRUTA Food container with lid,"blue, 0.6 l",,,blue,10597103,,,mapped,2026-07-30T00:00:00,2026-07-30T00:00:00
VAR-445EFB8C8A8B45,MOD-696EDB4A61DE07,"IKEA PRUTA Food container with lid lilac, 70 ml | 70ml",المطبخ والأدوات المنزلية,علب حفظ طعام,IKEA,PRUTA Food container with lid,"lilac, 70 ml",,,lilac,50597101,,,mapped,2026-07-30T00:00:00,2026-07-30T00:00:00
VAR-C0742399D99F41,MOD-696EDB4A61DE07,"IKEA PRUTA Food container with lid set of 17, green",المطبخ والأدوات المنزلية,علب حفظ طعام,IKEA,PRUTA Food container with lid,"set of 17, green",,,green,10597099,,,mapped,2026-07-30T00:00:00,2026-07-30T00:00:00
VAR-41BA1729F99A11,MOD-6560C9A6DEA96E,Mintra 1.6 L Food Container with Lock Coral | 1.6L | 16 cm,المطبخ والأدوات المنزلية,علب حفظ طعام,Mintra,1.6 L Food Container with Lock,Coral,,,coral,19120,,,mapped,2026-07-30T00:00:00,2026-07-30T00:00:00
VAR-50301AB1024483,MOD-6560C9A6DEA96E,Mintra 1.6 L Food Container with Lock Green | 1.6L | 16 cm,المطبخ والأدوات المنزلية,علب حفظ طعام,Mintra,1.6 L Food Container with Lock,Green,,,green,19118,,,mapped,2026-07-30T00:00:00,2026-07-30T00:00:00
VAR-88AAF0ADDDF0E6,MOD-6560C9A6DEA96E,Mintra 1.6 L Food Container with Lock Lavender | 1.6L | 16 cm,المطبخ والأدوات المنزلية,علب حفظ طعام,Mintra,1.6 L Food Container with Lock,Lavender,,,lavender,19116,,,mapped,2026-07-30T00:00:00,2026-07-30T00:00:00
VAR-FBB990E57742B3,MOD-6560C9A6DEA96E,Mintra 1.6 L Food Container with Lock Light Blue | 1.6L | 16 cm | blue / light blue,المطبخ والأدوات المنزلية,علب حفظ طعام,Mintra,1.6 L Food Container with Lock,Light Blue,,,blue / light blue,19115,,,mapped,2026-07-30T00:00:00,2026-07-30T00:00:00
VAR-66A86FEFB9814A,MOD-6560C9A6DEA96E,Mintra 1.6 L Food Container with Lock Pink | 1.6L | 16 cm,المطبخ والأدوات المنزلية,علب حفظ طعام,Mintra,1.6 L Food Container with Lock,Pink,,,pink,19117,,,mapped,2026-07-30T00:00:00,2026-07-30T00:00:00
VAR-82BCBB230F5170,MOD-6560C9A6DEA96E,Mintra 1.6 L Food Container with Lock Yellow | 1.6L | 16 cm,المطبخ والأدوات المنزلية,علب حفظ طعام,Mintra,1.6 L Food Container with Lock,Yellow,,,yellow,19119,,,mapped,2026-07-30T00:00:00,2026-07-30T00:00:00
VAR-57A377DF8FD8CB,MOD-2DB127FA8F320C,Mintra 1.6 L Lunch Box with Lock (with Fork & Spoon) Blue | 1.6L | 17.60 cm,المطبخ والأدوات المنزلية,علب حفظ طعام,Mintra,1.6 L Lunch Box with Lock (with Fork & Spoon),Blue,,,blue,19168,,,mapped,2026-07-30T00:00:00,2026-07-30T00:00:00
VAR-7B3444599057CE,MOD-2DB127FA8F320C,Mintra 1.6 L Lunch Box with Lock (with Fork & Spoon) Fuchsia | 1.6L | 17.60 cm,المطبخ والأدوات المنزلية,علب حفظ طعام,Mintra,1.6 L Lunch Box with Lock (with Fork & Spoon),Fuchsia,,,fuchsia,19164,,,mapped,2026-07-30T00:00:00,2026-07-30T00:00:00
VAR-8716CA1A919EF6,MOD-2DB127FA8F320C,Mintra 1.6 L Lunch Box with Lock (with Fork & Spoon) Green | 1.6L | 17.60 cm,المطبخ والأدوات المنزلية,علب حفظ طعام,Mintra,1.6 L Lunch Box with Lock (with Fork & Spoon),Green,,,green,19167,,,mapped,2026-07-30T00:00:00,2026-07-30T00:00:00
VAR-B501813A7CC5DF,MOD-2DB127FA8F320C,Mintra 1.6 L Lunch Box with Lock (with Fork & Spoon) Grey | 1.6L | 17.60 cm,المطبخ والأدوات المنزلية,علب حفظ طعام,Mintra,1.6 L Lunch Box with Lock (with Fork & Spoon),Grey,,,grey,19165,,,mapped,2026-07-30T00:00:00,2026-07-30T00:00:00
VAR-61FB9211BE1B0C,MOD-2DB127FA8F320C,Mintra 1.6 L Lunch Box with Lock (with Fork & Spoon) Purple | 1.6L | 17.60 cm,المطبخ والأدوات المنزلية,علب حفظ طعام,Mintra,1.6 L Lunch Box with Lock (with Fork & Spoon),Purple,,,purple,19166,,,mapped,2026-07-30T00:00:00,2026-07-30T00:00:00
VAR-9F1E3145C5533D,MOD-2DB127FA8F320C,Mintra 1.6 L Lunch Box with Lock (with Fork & Spoon) Red | 1.6L | 17.60 cm,المطبخ والأدوات المنزلية,علب حفظ طعام,Mintra,1.6 L Lunch Box with Lock (with Fork & Spoon),Red,,,red,19163,,,mapped,2026-07-30T00:00:00,2026-07-30T00:00:00
VAR-CF565BF373CFC5,MOD-53A394C00F53DE,Mintra 1.7 L Lunch Box with Lock (with Fork & Spoon) Blue | 1.7L | 14 cm,المطبخ والأدوات المنزلية,علب حفظ طعام,Mintra,1.7 L Lunch Box with Lock (with Fork & Spoon),Blue,,,blue,19174,,,mapped,2026-07-30T00:00:00,2026-07-30T00:00:00
VAR-CADD5620EB48E3,MOD-53A394C00F53DE,Mintra 1.7 L Lunch Box with Lock (with Fork & Spoon) Fuchsia | 1.7L | 14 cm,المطبخ والأدوات المنزلية,علب حفظ طعام,Mintra,1.7 L Lunch Box with Lock (with Fork & Spoon),Fuchsia,,,fuchsia,19170,,,mapped,2026-07-30T00:00:00,2026-07-30T00:00:00
VAR-994344B32E3ECC,MOD-53A394C00F53DE,Mintra 1.7 L Lunch Box with Lock (with Fork & Spoon) Green | 1.7L | 14 cm,المطبخ والأدوات المنزلية,علب حفظ طعام,Mintra,1.7 L Lunch Box with Lock (with Fork & Spoon),Green,,,green,19173,,,mapped,2026-07-30T00:00:00,2026-07-30T00:00:00
VAR-73186ACA3D60D7,MOD-53A394C00F53DE,Mintra 1.7 L Lunch Box with Lock (with Fork & Spoon) Grey | 1.7L | 14 cm,المطبخ والأدوات المنزلية,علب حفظ طعام,Mintra,1.7 L Lunch Box with Lock (with Fork & Spoon),Grey,,,grey,19171,,,mapped,2026-07-30T00:00:00,2026-07-30T00:00:00
VAR-1EEF46BE750CED,MOD-53A394C00F53DE,Mintra 1.7 L Lunch Box with Lock (with Fork & Spoon) Purple | 1.7L | 14 cm,المطبخ والأدوات المنزلية,علب حفظ طعام,Mintra,1.7 L Lunch Box with Lock (with Fork & Spoon),Purple,,,purple,19172,,,mapped,2026-07-30T00:00:00,2026-07-30T00:00:00
VAR-2C2E2BABA3B23D,MOD-53A394C00F53DE,Mintra 1.7 L Lunch Box with Lock (with Fork & Spoon) Red | 1.7L | 14 cm,المطبخ والأدوات المنزلية,علب حفظ طعام,Mintra,1.7 L Lunch Box with Lock (with Fork & Spoon),Red,,,red,19169,,,mapped,2026-07-30T00:00:00,2026-07-30T00:00:00
VAR-E49CF37C6FE8E1,MOD-3E2CE90F512AC0,Mintra Frosted Lunch Box 1.4L (with Fork & Spoon) Blue,المطبخ والأدوات المنزلية,علب حفظ طعام,Mintra,Frosted Lunch Box 1.4L (with Fork & Spoon),Blue,,,blue,19175,,,mapped,2026-07-30T00:00:00,2026-07-30T00:00:00
VAR-2788E89114130C,MOD-3E2CE90F512AC0,Mintra Frosted Lunch Box 1.4L (with Fork & Spoon) Fuchsia,المطبخ والأدوات المنزلية,علب حفظ طعام,Mintra,Frosted Lunch Box 1.4L (with Fork & Spoon),Fuchsia,,,fuchsia,19180,,,mapped,2026-07-30T00:00:00,2026-07-30T00:00:00
VAR-CCAF5049A31AFB,MOD-3E2CE90F512AC0,Mintra Frosted Lunch Box 1.4L (with Fork & Spoon) Green,المطبخ والأدوات المنزلية,علب حفظ طعام,Mintra,Frosted Lunch Box 1.4L (with Fork & Spoon),Green,,,green,19177,,,mapped,2026-07-30T00:00:00,2026-07-30T00:00:00
VAR-08EC8EE510590A,MOD-3E2CE90F512AC0,Mintra Frosted Lunch Box 1.4L (with Fork & Spoon) Orange,المطبخ والأدوات المنزلية,علب حفظ طعام,Mintra,Frosted Lunch Box 1.4L (with Fork & Spoon),Orange,,,orange,19179,,,mapped,2026-07-30T00:00:00,2026-07-30T00:00:00
VAR-98158F19D957E9,MOD-3E2CE90F512AC0,Mintra Frosted Lunch Box 1.4L (with Fork & Spoon) Purple,المطبخ والأدوات المنزلية,علب حفظ طعام,Mintra,Frosted Lunch Box 1.4L (with Fork & Spoon),Purple,,,purple,19178,,,mapped,2026-07-30T00:00:00,2026-07-30T00:00:00
VAR-DAD46982923A22,MOD-3E2CE90F512AC0,Mintra Frosted Lunch Box 1.4L (with Fork & Spoon) Red,المطبخ والأدوات المنزلية,علب حفظ طعام,Mintra,Frosted Lunch Box 1.4L (with Fork & Spoon),Red,,,red,19176,,,mapped,2026-07-30T00:00:00,2026-07-30T00:00:00
VAR-86167DA0418EAF,MOD-61F2A0A7CAD0C3,Mintra Frosted Lunch Box 2L (with Fork & Spoon) Blue | 19.5×15.5×7.5 cm,المطبخ والأدوات المنزلية,علب حفظ طعام,Mintra,Frosted Lunch Box 2L (with Fork & Spoon),Blue,,,blue,19181,,,mapped,2026-07-30T00:00:00,2026-07-30T00:00:00
VAR-65F3E37870AD9C,MOD-61F2A0A7CAD0C3,Mintra Frosted Lunch Box 2L (with Fork & Spoon) Green | 19.5×15.5×7.5 cm,المطبخ والأدوات المنزلية,علب حفظ طعام,Mintra,Frosted Lunch Box 2L (with Fork & Spoon),Green,,,green,19183,,,mapped,2026-07-30T00:00:00,2026-07-30T00:00:00
VAR-8907486F3DC5E4,MOD-61F2A0A7CAD0C3,Mintra Frosted Lunch Box 2L (with Fork & Spoon) Orange | 19.5×15.5×7.5 cm,المطبخ والأدوات المنزلية,علب حفظ طعام,Mintra,Frosted Lunch Box 2L (with Fork & Spoon),Orange,,,orange,19185,,,mapped,2026-07-30T00:00:00,2026-07-30T00:00:00
VAR-8BBB838B9E889D,MOD-61F2A0A7CAD0C3,Mintra Frosted Lunch Box 2L (with Fork & Spoon) Purple | 19.5×15.5×7.5 cm,المطبخ والأدوات المنزلية,علب حفظ طعام,Mintra,Frosted Lunch Box 2L (with Fork & Spoon),Purple,,,purple,19184,,,mapped,2026-07-30T00:00:00,2026-07-30T00:00:00
VAR-6C921AA045D13D,MOD-61F2A0A7CAD0C3,Mintra Frosted Lunch Box 2L (with Fork & Spoon) Red | 19.5×15.5×7.5 cm,المطبخ والأدوات المنزلية,علب حفظ طعام,Mintra,Frosted Lunch Box 2L (with Fork & Spoon),Red,,,red,19182,,,mapped,2026-07-30T00:00:00,2026-07-30T00:00:00
VAR-E9EADB14F861C6,MOD-6AAA657EDF09CF,Mintra Lunch Box 1.4L Apple Green | 18×13×7 cm,المطبخ والأدوات المنزلية,علب حفظ طعام,Mintra,Lunch Box 1.4L,Apple Green,,,green,00096,,,mapped,2026-07-30T00:00:00,2026-07-30T00:00:00
VAR-B50B8EC5124F89,MOD-6AAA657EDF09CF,Mintra Lunch Box 1.4L Blue | 18×13×7 cm,المطبخ والأدوات المنزلية,علب حفظ طعام,Mintra,Lunch Box 1.4L,Blue,,,blue,00094,,,mapped,2026-07-30T00:00:00,2026-07-30T00:00:00
VAR-462571502908E9,MOD-6AAA657EDF09CF,Mintra Lunch Box 1.4L Fuchsia | 18×13×7 cm,المطبخ والأدوات المنزلية,علب حفظ طعام,Mintra,Lunch Box 1.4L,Fuchsia,,,fuchsia,00097,,,mapped,2026-07-30T00:00:00,2026-07-30T00:00:00
VAR-610AB0AF593B5D,MOD-6AAA657EDF09CF,Mintra Lunch Box 1.4L Neon Green | 18×13×7 cm | green / neon green,المطبخ والأدوات المنزلية,علب حفظ طعام,Mintra,Lunch Box 1.4L,Neon Green,,,green / neon green,00099,,,mapped,2026-07-30T00:00:00,2026-07-30T00:00:00
VAR-C4B4132EF3FDB2,MOD-6AAA657EDF09CF,Mintra Lunch Box 1.4L Neon Orange | 18×13×7 cm | neon orange / orange,المطبخ والأدوات المنزلية,علب حفظ طعام,Mintra,Lunch Box 1.4L,Neon Orange,,,neon orange / orange,00128,,,mapped,2026-07-30T00:00:00,2026-07-30T00:00:00
VAR-0EFA5257C11413,MOD-6AAA657EDF09CF,Mintra Lunch Box 1.4L Neon Pink | 18×13×7 cm | neon pink / pink,المطبخ والأدوات المنزلية,علب حفظ طعام,Mintra,Lunch Box 1.4L,Neon Pink,,,neon pink / pink,00127,,,mapped,2026-07-30T00:00:00,2026-07-30T00:00:00
VAR-93ED0DAC237DAC,MOD-6AAA657EDF09CF,Mintra Lunch Box 1.4L Neon Yellow | 18×13×7 cm | neon yellow / yellow,المطبخ والأدوات المنزلية,علب حفظ طعام,Mintra,Lunch Box 1.4L,Neon Yellow,,,neon yellow / yellow,00129,,,mapped,2026-07-30T00:00:00,2026-07-30T00:00:00
VAR-CCCA5A85F59869,MOD-6AAA657EDF09CF,Mintra Lunch Box 1.4L Orange | 18×13×7 cm,المطبخ والأدوات المنزلية,علب حفظ طعام,Mintra,Lunch Box 1.4L,Orange,,,orange,00098,,,mapped,2026-07-30T00:00:00,2026-07-30T00:00:00
VAR-E905AC9C8220A3,MOD-6AAA657EDF09CF,Mintra Lunch Box 1.4L Purple | 18×13×7 cm,المطبخ والأدوات المنزلية,علب حفظ طعام,Mintra,Lunch Box 1.4L,Purple,,,purple,03357,,,mapped,2026-07-30T00:00:00,2026-07-30T00:00:00
VAR-BEA4142EE8444F,MOD-6AAA657EDF09CF,Mintra Lunch Box 1.4L Red | 18×13×7 cm,المطبخ والأدوات المنزلية,علب حفظ طعام,Mintra,Lunch Box 1.4L,Red,,,red,00095,,,mapped,2026-07-30T00:00:00,2026-07-30T00:00:00
VAR-E7E7B9729C7218,MOD-8308F87F102F9A,Mintra Lunch Box 2L Apple green | 19.5×15.5×7.5 cm,المطبخ والأدوات المنزلية,علب حفظ طعام,Mintra,Lunch Box 2L,Apple green,,,green,87,,,mapped,2026-07-30T00:00:00,2026-07-30T00:00:00
VAR-74DAE6B1DE5DD9,MOD-8308F87F102F9A,Mintra Lunch Box 2L Blue | 19.5×15.5×7.5 cm,المطبخ والأدوات المنزلية,علب حفظ طعام,Mintra,Lunch Box 2L,Blue,,,blue,85,,,mapped,2026-07-30T00:00:00,2026-07-30T00:00:00
VAR-1D02ED0DC9AEB0,MOD-8308F87F102F9A,Mintra Lunch Box 2L CLassic Orange | 19.5×15.5×7.5 cm,المطبخ والأدوات المنزلية,علب حفظ طعام,Mintra,Lunch Box 2L,CLassic Orange,,,orange,89,,,mapped,2026-07-30T00:00:00,2026-07-30T00:00:00
VAR-0F7B4A90F8EFD7,MOD-8308F87F102F9A,Mintra Lunch Box 2L Fushia | 19.5×15.5×7.5 cm,المطبخ والأدوات المنزلية,علب حفظ طعام,Mintra,Lunch Box 2L,Fushia,,,fushia,91,,,mapped,2026-07-30T00:00:00,2026-07-30T00:00:00
VAR-F5FEB8A92153E0,MOD-8308F87F102F9A,Mintra Lunch Box 2L Neon Green | 19.5×15.5×7.5 cm | green / neon green,المطبخ والأدوات المنزلية,علب حفظ طعام,Mintra,Lunch Box 2L,Neon Green,,,green / neon green,90,,,mapped,2026-07-30T00:00:00,2026-07-30T00:00:00
VAR-BD713F49AE9550,MOD-8308F87F102F9A,Mintra Lunch Box 2L Neon Orange | 19.5×15.5×7.5 cm | neon orange / orange,المطبخ والأدوات المنزلية,علب حفظ طعام,Mintra,Lunch Box 2L,Neon Orange,,,neon orange / orange,92,,,mapped,2026-07-30T00:00:00,2026-07-30T00:00:00
VAR-C4417807966A70,MOD-8308F87F102F9A,Mintra Lunch Box 2L Neon Pink | 19.5×15.5×7.5 cm | neon pink / pink,المطبخ والأدوات المنزلية,علب حفظ طعام,Mintra,Lunch Box 2L,Neon Pink,,,neon pink / pink,88,,,mapped,2026-07-30T00:00:00,2026-07-30T00:00:00
VAR-991D54C715F146,MOD-8308F87F102F9A,Mintra Lunch Box 2L Neon Yellow | 19.5×15.5×7.5 cm | neon yellow / yellow,المطبخ والأدوات المنزلية,علب حفظ طعام,Mintra,Lunch Box 2L,Neon Yellow,,,neon yellow / yellow,93,,,mapped,2026-07-30T00:00:00,2026-07-30T00:00:00
VAR-6AD81DB3A6A9AD,MOD-8308F87F102F9A,Mintra Lunch Box 2L Purple | 19.5×15.5×7.5 cm,المطبخ والأدوات المنزلية,علب حفظ طعام,Mintra,Lunch Box 2L,Purple,,,purple,3356,,,mapped,2026-07-30T00:00:00,2026-07-30T00:00:00
VAR-B8323AB63E4F4B,MOD-8308F87F102F9A,Mintra Lunch Box 2L Red | 19.5×15.5×7.5 cm,المطبخ والأدوات المنزلية,علب حفظ طعام,Mintra,Lunch Box 2L,Red,,,red,86,,,mapped,2026-07-30T00:00:00,2026-07-30T00:00:00
VAR-ED5B0F7451BF3D,MOD-D48F07F874BC90,Tefal N1141010 100 L | Clear | 100L,المطبخ والأدوات المنزلية,علب حفظ طعام,Tefal,N1141010,100 L | Clear,,,Clear,N1141010,,,mapped,2026-07-30T00:00:00,2026-07-30T00:00:00
VAR-277C473174526B,MOD-9B3CB5F1B1AFE2,Tefal N1141110 160 L | Clear | 160L,المطبخ والأدوات المنزلية,علب حفظ طعام,Tefal,N1141110,160 L | Clear,,,Clear,N1141110,,,mapped,2026-07-30T00:00:00,2026-07-30T00:00:00
VAR-62FA98E8EF300B,MOD-9885E88E0B5B2C,Tefal N1141310 280 L | Clear | 280L,المطبخ والأدوات المنزلية,علب حفظ طعام,Tefal,N1141310,280 L | Clear,,,Clear,N1141310,,,mapped,2026-07-30T00:00:00,2026-07-30T00:00:00
VAR-4C04C55530406B,MOD-E8CA9B87173013,IKEA BAKGLAD Pastry brush beige/blue,المطبخ والأدوات المنزلية,فرش معجنات,IKEA,BAKGLAD Pastry brush,beige/blue,,,beige / blue,60485551,,,mapped,2026-07-30T00:00:00,2026-07-30T00:00:00
VAR-345F43DD244DF5,MOD-BC90F23BB1E858,IKEA LÄTTBAKAD Pastry brush beige,المطبخ والأدوات المنزلية,فرش معجنات,IKEA,LÄTTBAKAD Pastry brush,beige,,,beige,70485268,,,mapped,2026-07-30T00:00:00,2026-07-30T00:00:00
VAR-58B657987253A3,MOD-AED67325EB4BA9,IKEA PEPPRIG Scrubbing pad green blue/yellow | blue / green / yellow,المطبخ والأدوات المنزلية,فرش وإسفنج تنظيف,IKEA,PEPPRIG Scrubbing pad,green blue/yellow,,,blue / green / yellow,70567650,,,mapped,2026-07-30T00:00:00,2026-07-30T00:00:00
VAR-F5101EC99A0681,MOD-D3FDC836C44B4D,IKEA SVAMPIG Sponge grey-green | green / grey,المطبخ والأدوات المنزلية,فرش وإسفنج تنظيف,IKEA,SVAMPIG Sponge,grey-green,,,green / grey,10595439,,,mapped,2026-07-30T00:00:00,2026-07-30T00:00:00
VAR-246FA07F7A9992,MOD-3C91B2980A8776,Mintra Absorbing Floor Cloth Default,المطبخ والأدوات المنزلية,فوط تنظيف,Mintra,Absorbing Floor Cloth,Default,,,,99365,,,mapped,2026-07-30T00:00:00,2026-07-30T00:00:00
VAR-015692F721B472,MOD-F4E56F8F0A7537,Mintra Multi Purpose Microfiber Cleaning Towel (Assorted) 12 | 32 cm,المطبخ والأدوات المنزلية,فوط تنظيف,Mintra,Multi Purpose Microfiber Cleaning Towel (Assorted),12,,,,09789,,,mapped,2026-07-30T00:00:00,2026-07-30T00:00:00
VAR-5284F2F43795B6,MOD-F4E56F8F0A7537,Mintra Multi Purpose Microfiber Cleaning Towel (Assorted) 24 | 32 cm,المطبخ والأدوات المنزلية,فوط تنظيف,Mintra,Multi Purpose Microfiber Cleaning Towel (Assorted),24,,,,09788,,,mapped,2026-07-30T00:00:00,2026-07-30T00:00:00
VAR-86F9BDCC7C09E9,MOD-F4E56F8F0A7537,Mintra Multi Purpose Microfiber Cleaning Towel (Assorted) 6 | 32 cm,المطبخ والأدوات المنزلية,فوط تنظيف,Mintra,Multi Purpose Microfiber Cleaning Towel (Assorted),6,,,,09790,,,mapped,2026-07-30T00:00:00,2026-07-30T00:00:00
VAR-ECAAF54E3DBBD2,MOD-AC0978EC1B6F11,Mintra Multi Purpose Microfiber Cleaning Towel (Blue) Pack of 12 | 32 cm,المطبخ والأدوات المنزلية,فوط تنظيف,Mintra,Multi Purpose Microfiber Cleaning Towel (Blue),Pack of 12,,,,09420,,,mapped,2026-07-30T00:00:00,2026-07-30T00:00:00
VAR-336485B951DF59,MOD-AC0978EC1B6F11,Mintra Multi Purpose Microfiber Cleaning Towel (Blue) Pack of 24 | 32 cm,المطبخ والأدوات المنزلية,فوط تنظيف,Mintra,Multi Purpose Microfiber Cleaning Towel (Blue),Pack of 24,,,,09421,,,mapped,2026-07-30T00:00:00,2026-07-30T00:00:00
VAR-954BD914EED616,MOD-AC0978EC1B6F11,Mintra Multi Purpose Microfiber Cleaning Towel (Blue) Pack of 6 | 32 cm,المطبخ والأدوات المنزلية,فوط تنظيف,Mintra,Multi Purpose Microfiber Cleaning Towel (Blue),Pack of 6,,,,08679,,,mapped,2026-07-30T00:00:00,2026-07-30T00:00:00
VAR-889A0C1CF45D9F,MOD-43172212B6DFDF,Mintra Multi Purpose Microfiber Cleaning Towel (Green) Pack of 12 | 32 cm,المطبخ والأدوات المنزلية,فوط تنظيف,Mintra,Multi Purpose Microfiber Cleaning Towel (Green),Pack of 12,,,,09426,,,mapped,2026-07-30T00:00:00,2026-07-30T00:00:00
VAR-DF71B402095DDF,MOD-43172212B6DFDF,Mintra Multi Purpose Microfiber Cleaning Towel (Green) Pack of 24 | 32 cm,المطبخ والأدوات المنزلية,فوط تنظيف,Mintra,Multi Purpose Microfiber Cleaning Towel (Green),Pack of 24,,,,09427,,,mapped,2026-07-30T00:00:00,2026-07-30T00:00:00
VAR-F629ADA0E5AECC,MOD-43172212B6DFDF,Mintra Multi Purpose Microfiber Cleaning Towel (Green) Pack of 6 | 32 cm,المطبخ والأدوات المنزلية,فوط تنظيف,Mintra,Multi Purpose Microfiber Cleaning Towel (Green),Pack of 6,,,,09417,,,mapped,2026-07-30T00:00:00,2026-07-30T00:00:00
VAR-F2E17C9659B73A,MOD-A4012B1505E5A5,Mintra Multi Purpose Microfiber Cleaning Towel (Orange) 12 Pack | 32 cm,المطبخ والأدوات المنزلية,فوط تنظيف,Mintra,Multi Purpose Microfiber Cleaning Towel (Orange),12 Pack,,,,09424,,,mapped,2026-07-30T00:00:00,2026-07-30T00:00:00
VAR-23A70981CF951E,MOD-A4012B1505E5A5,Mintra Multi Purpose Microfiber Cleaning Towel (Orange) 24 Pack | 32 cm,المطبخ والأدوات المنزلية,فوط تنظيف,Mintra,Multi Purpose Microfiber Cleaning Towel (Orange),24 Pack,,,,09425,,,mapped,2026-07-30T00:00:00,2026-07-30T00:00:00
VAR-DBD501904F0640,MOD-A4012B1505E5A5,Mintra Multi Purpose Microfiber Cleaning Towel (Orange) 6 Pack | 32 cm,المطبخ والأدوات المنزلية,فوط تنظيف,Mintra,Multi Purpose Microfiber Cleaning Towel (Orange),6 Pack,,,,09416,,,mapped,2026-07-30T00:00:00,2026-07-30T00:00:00
VAR-8D811ABD772907,MOD-4184CB543158C4,Mintra Multi Purpose Microfiber Cleaning Towel (Pink) Pack of 12 | 32 cm,المطبخ والأدوات المنزلية,فوط تنظيف,Mintra,Multi Purpose Microfiber Cleaning Towel (Pink),Pack of 12,,,,09422,,,mapped,2026-07-30T00:00:00,2026-07-30T00:00:00
VAR-2E33E9179A1D5C,MOD-4184CB543158C4,Mintra Multi Purpose Microfiber Cleaning Towel (Pink) Pack of 24 | 32 cm,المطبخ والأدوات المنزلية,فوط تنظيف,Mintra,Multi Purpose Microfiber Cleaning Towel (Pink),Pack of 24,,,,09423,,,mapped,2026-07-30T00:00:00,2026-07-30T00:00:00
VAR-440DF2B3F34A04,MOD-4184CB543158C4,Mintra Multi Purpose Microfiber Cleaning Towel (Pink) Pack of 6 | 32 cm,المطبخ والأدوات المنزلية,فوط تنظيف,Mintra,Multi Purpose Microfiber Cleaning Towel (Pink),Pack of 6,,,,09415,,,mapped,2026-07-30T00:00:00,2026-07-30T00:00:00
VAR-557CAC5D728E71,MOD-97D5F50C3BDE75,Mintra Multi Purpose Microfiber Cleaning Towel (Yellow) Pack of 12 | 32 cm,المطبخ والأدوات المنزلية,فوط تنظيف,Mintra,Multi Purpose Microfiber Cleaning Towel (Yellow),Pack of 12,,,,09418,,,mapped,2026-07-30T00:00:00,2026-07-30T00:00:00
VAR-C88C89BAE1E5B4,MOD-97D5F50C3BDE75,Mintra Multi Purpose Microfiber Cleaning Towel (Yellow) Pack of 24 | 32 cm,المطبخ والأدوات المنزلية,فوط تنظيف,Mintra,Multi Purpose Microfiber Cleaning Towel (Yellow),Pack of 24,,,,09419,,,mapped,2026-07-30T00:00:00,2026-07-30T00:00:00
VAR-06147D7C4A0449,MOD-97D5F50C3BDE75,Mintra Multi Purpose Microfiber Cleaning Towel (Yellow) Pack of 6 | 32 cm,المطبخ والأدوات المنزلية,فوط تنظيف,Mintra,Multi Purpose Microfiber Cleaning Towel (Yellow),Pack of 6,,,,08496,,,mapped,2026-07-30T00:00:00,2026-07-30T00:00:00
VAR-5E59D9B9ECCD5E,MOD-B9FE4213681239,Mintra Pack of 2 Multipurpose Towel (Car Cleaning) Default,المطبخ والأدوات المنزلية,فوط تنظيف,Mintra,Pack of 2 Multipurpose Towel (Car Cleaning),Default,,,,99368,,,mapped,2026-07-30T00:00:00,2026-07-30T00:00:00
VAR-27AE6352326EDD,MOD-45B47FBD8A6DA1,Mintra Pack of 2 Multipurpose Towel (Household Cleaning) Default | 40 cm,المطبخ والأدوات المنزلية,فوط تنظيف,Mintra,Pack of 2 Multipurpose Towel (Household Cleaning),Default,,,,99367,,,mapped,2026-07-30T00:00:00,2026-07-30T00:00:00
VAR-2042420C02D743,MOD-58467842C1702C,Mintra Pack of 3 Terry Microfiber Towel Blue - Yellow - Grey | 40 cm | blue / grey / yellow,المطبخ والأدوات المنزلية,فوط تنظيف,Mintra,Pack of 3 Terry Microfiber Towel,Blue - Yellow - Grey,,,blue / grey / yellow,23548,,,mapped,2026-07-30T00:00:00,2026-07-30T00:00:00
VAR-77B681F066EC5C,MOD-58467842C1702C,Mintra Pack of 3 Terry Microfiber Towel Blue-Purple-Green | 40 cm | blue / green / purple,المطبخ والأدوات المنزلية,فوط تنظيف,Mintra,Pack of 3 Terry Microfiber Towel,Blue-Purple-Green,,,blue / green / purple,14273,,,mapped,2026-07-30T00:00:00,2026-07-30T00:00:00
VAR-1D0300AD5DE29F,MOD-58467842C1702C,Mintra Pack of 3 Terry Microfiber Towel Blue-Purple-Grey | 40 cm | blue / grey / purple,المطبخ والأدوات المنزلية,فوط تنظيف,Mintra,Pack of 3 Terry Microfiber Towel,Blue-Purple-Grey,,,blue / grey / purple,23547,,,mapped,2026-07-30T00:00:00,2026-07-30T00:00:00
VAR-3AA6A12576CA6F,MOD-58467842C1702C,Mintra Pack of 3 Terry Microfiber Towel Brown - Purple - Blue | 40 cm | blue / brown / purple,المطبخ والأدوات المنزلية,فوط تنظيف,Mintra,Pack of 3 Terry Microfiber Towel,Brown - Purple - Blue,,,blue / brown / purple,14274,,,mapped,2026-07-30T00:00:00,2026-07-30T00:00:00
VAR-947A5EA31240D7,MOD-58467842C1702C,Mintra Pack of 3 Terry Microfiber Towel Brown-Purple-Green | 40 cm | brown / green / purple,المطبخ والأدوات المنزلية,فوط تنظيف,Mintra,Pack of 3 Terry Microfiber Towel,Brown-Purple-Green,,,brown / green / purple,14262,,,mapped,2026-07-30T00:00:00,2026-07-30T00:00:00
VAR-F86AE91EE6C259,MOD-27340CEBC13723,"IKEA HILDEGUN Tea towel red, 45x60 cm | 45×60 cm",المطبخ والأدوات المنزلية,فوط مطبخ,IKEA,HILDEGUN Tea towel,"red, 45x60 cm",,,red,00484007,,,mapped,2026-07-30T00:00:00,2026-07-30T00:00:00
VAR-0AF8BA660B1810,MOD-180F3FA1D48D86,"IKEA RINNIG Tea towel green/blue striped, 45x60 cm | 45×60 cm | blue / green",المطبخ والأدوات المنزلية,فوط مطبخ,IKEA,RINNIG Tea towel,"green/blue striped, 45x60 cm",,,blue / green,50609905,,,mapped,2026-07-30T00:00:00,2026-07-30T00:00:00
VAR-69AA67D52FFF45,MOD-180F3FA1D48D86,"IKEA RINNIG Tea towel multicolour patterned, 45x60 cm | 45×60 cm",المطبخ والأدوات المنزلية,فوط مطبخ,IKEA,RINNIG Tea towel,"multicolour patterned, 45x60 cm",,,,10609907,,,mapped,2026-07-30T00:00:00,2026-07-30T00:00:00
VAR-E161263882D03F,MOD-180F3FA1D48D86,"IKEA RINNIG Tea towel red/beige striped, 45x60 cm | 45×60 cm | beige / red",المطبخ والأدوات المنزلية,فوط مطبخ,IKEA,RINNIG Tea towel,"red/beige striped, 45x60 cm",,,beige / red,30609906,,,mapped,2026-07-30T00:00:00,2026-07-30T00:00:00
VAR-AF73964079B238,MOD-180F3FA1D48D86,"IKEA RINNIG Tea towel white/dark grey/patterned, 45x60 cm | 45×60 cm | grey / white",المطبخ والأدوات المنزلية,فوط مطبخ,IKEA,RINNIG Tea towel,"white/dark grey/patterned, 45x60 cm",,,grey / white,20476346,,,mapped,2026-07-30T00:00:00,2026-07-30T00:00:00
VAR-0E3F6C5D7BD5A1,MOD-15C22FC59ED909,"IKEA RÖDSPÄTTA Tea towel white, 45x60 cm | 45×60 cm",المطبخ والأدوات المنزلية,فوط مطبخ,IKEA,RÖDSPÄTTA Tea towel,"white, 45x60 cm",,,white,90618564,,,mapped,2026-07-30T00:00:00,2026-07-30T00:00:00
VAR-EC3B928F6398D1,MOD-0539705C27FF95,"IKEA SANDABBORRE Tea towel white/dark yellow, 50x50 cm | 50×50 cm | white / yellow",المطبخ والأدوات المنزلية,فوط مطبخ,IKEA,SANDABBORRE Tea towel,"white/dark yellow, 50x50 cm",,,white / yellow,80618550,,,mapped,2026-07-30T00:00:00,2026-07-30T00:00:00
VAR-75991340BA5094,MOD-E268510D6A1563,"IKEA SANDVIVA Tea towel green/white, 45x60 cm | 45×60 cm",المطبخ والأدوات المنزلية,فوط مطبخ,IKEA,SANDVIVA Tea towel,"green/white, 45x60 cm",,,green / white,50587885,,,mapped,2026-07-30T00:00:00,2026-07-30T00:00:00
VAR-2F8D39DB05E8D1,MOD-1D3A33E6E9BF60,"IKEA SPJUTLILJA Tea towel multicolour/patterned, 35x50 cm | 35×50 cm",المطبخ والأدوات المنزلية,فوط مطبخ,IKEA,SPJUTLILJA Tea towel,"multicolour/patterned, 35x50 cm",,,,40620927,,,mapped,2026-07-30T00:00:00,2026-07-30T00:00:00
VAR-56BFD703265D8F,MOD-CE8831604D515E,"IKEA VÄLVÅRDAD Tea towel blue/white, 45x60 cm | 45×60 cm",المطبخ والأدوات المنزلية,فوط مطبخ,IKEA,VÄLVÅRDAD Tea towel,"blue/white, 45x60 cm",,,blue / white,80618003,,,mapped,2026-07-30T00:00:00,2026-07-30T00:00:00
VAR-4CE5B9EA7ADC37,MOD-CE8831604D515E,"IKEA VÄLVÅRDAD Tea towel white/blue patterned, 45x60 cm | 45×60 cm | blue / white",المطبخ والأدوات المنزلية,فوط مطبخ,IKEA,VÄLVÅRDAD Tea towel,"white/blue patterned, 45x60 cm",,,blue / white,10618006,,,mapped,2026-07-30T00:00:00,2026-07-30T00:00:00
VAR-F32BA724059CC2,MOD-0F82567C471F2F,Mintra Christmas Kitchen Towel Christmas Eve | 40×60 cm,المطبخ والأدوات المنزلية,فوط مطبخ,Mintra,Christmas Kitchen Towel,Christmas Eve,,,,18747,,,mapped,2026-07-30T00:00:00,2026-07-30T00:00:00
VAR-F7428E2DDBFF8D,MOD-0F82567C471F2F,Mintra Christmas Kitchen Towel Christmas Express | 40×60 cm,المطبخ والأدوات المنزلية,فوط مطبخ,Mintra,Christmas Kitchen Towel,Christmas Express,,,,18736,,,mapped,2026-07-30T00:00:00,2026-07-30T00:00:00
VAR-E3F08025B98A67,MOD-0F82567C471F2F,Mintra Christmas Kitchen Towel Christmas Leaves | 40×60 cm,المطبخ والأدوات المنزلية,فوط مطبخ,Mintra,Christmas Kitchen Towel,Christmas Leaves,,,,18745,,,mapped,2026-07-30T00:00:00,2026-07-30T00:00:00
VAR-4F7104733DDA1A,MOD-0F82567C471F2F,Mintra Christmas Kitchen Towel Cozy Mugs | 40×60 cm,المطبخ والأدوات المنزلية,فوط مطبخ,Mintra,Christmas Kitchen Towel,Cozy Mugs,,,,18741,,,mapped,2026-07-30T00:00:00,2026-07-30T00:00:00
VAR-390A36736078B2,MOD-0F82567C471F2F,Mintra Christmas Kitchen Towel Festive Candy Canes | 40×60 cm,المطبخ والأدوات المنزلية,فوط مطبخ,Mintra,Christmas Kitchen Towel,Festive Candy Canes,,,,18738,,,mapped,2026-07-30T00:00:00,2026-07-30T00:00:00
VAR-5B8BFFA9381B79,MOD-0F82567C471F2F,Mintra Christmas Kitchen Towel Gingerbread Cookies | 40×60 cm,المطبخ والأدوات المنزلية,فوط مطبخ,Mintra,Christmas Kitchen Towel,Gingerbread Cookies,,,,18739,,,mapped,2026-07-30T00:00:00,2026-07-30T00:00:00
VAR-9D4460B15185A2,MOD-0F82567C471F2F,Mintra Christmas Kitchen Towel Holiday Cheer | 40×60 cm,المطبخ والأدوات المنزلية,فوط مطبخ,Mintra,Christmas Kitchen Towel,Holiday Cheer,,,,18742,,,mapped,2026-07-30T00:00:00,2026-07-30T00:00:00
VAR-406A953C3D9A2B,MOD-0F82567C471F2F,Mintra Christmas Kitchen Towel Jolly Leaves | 40×60 cm,المطبخ والأدوات المنزلية,فوط مطبخ,Mintra,Christmas Kitchen Towel,Jolly Leaves,,,,18737,,,mapped,2026-07-30T00:00:00,2026-07-30T00:00:00
VAR-A8E0D994C7AA5A,MOD-0F82567C471F2F,Mintra Christmas Kitchen Towel Shiny Snowflakes | 40×60 cm,المطبخ والأدوات المنزلية,فوط مطبخ,Mintra,Christmas Kitchen Towel,Shiny Snowflakes,,,,18744,,,mapped,2026-07-30T00:00:00,2026-07-30T00:00:00
VAR-2A3A3A4CBFFAEB,MOD-0F82567C471F2F,Mintra Christmas Kitchen Towel Snowy Cookies | 40×60 cm,المطبخ والأدوات المنزلية,فوط مطبخ,Mintra,Christmas Kitchen Towel,Snowy Cookies,,,,18743,,,mapped,2026-07-30T00:00:00,2026-07-30T00:00:00
VAR-300413D03A1CE3,MOD-0F82567C471F2F,Mintra Christmas Kitchen Towel Stockings & Canes | 40×60 cm,المطبخ والأدوات المنزلية,فوط مطبخ,Mintra,Christmas Kitchen Towel,Stockings & Canes,,,,18740,,,mapped,2026-07-30T00:00:00,2026-07-30T00:00:00
VAR-BF3892247FD78A,MOD-0F82567C471F2F,Mintra Christmas Kitchen Towel Warm Candles | 40×60 cm,المطبخ والأدوات المنزلية,فوط مطبخ,Mintra,Christmas Kitchen Towel,Warm Candles,,,,18746,,,mapped,2026-07-30T00:00:00,2026-07-30T00:00:00
VAR-6D5FC6558DB979,MOD-FD7B3EA008D995,Mintra Microfiber Kitchen Towel - Squares Design Blue/Beige | beige / blue,المطبخ والأدوات المنزلية,فوط مطبخ,Mintra,Microfiber Kitchen Towel - Squares Design,Blue/Beige,,,beige / blue,05635,,,mapped,2026-07-30T00:00:00,2026-07-30T00:00:00
VAR-FED2D3DACB4014,MOD-FD7B3EA008D995,Mintra Microfiber Kitchen Towel - Squares Design Red/Beige | beige / red,المطبخ والأدوات المنزلية,فوط مطبخ,Mintra,Microfiber Kitchen Towel - Squares Design,Red/Beige,,,beige / red,05636,,,mapped,2026-07-30T00:00:00,2026-07-30T00:00:00
VAR-261EF386D13F9A,MOD-7E97C2189A1D4A,Mintra Microfiber Kitchen Towel - Stripes Design Blue | 60 cm,المطبخ والأدوات المنزلية,فوط مطبخ,Mintra,Microfiber Kitchen Towel - Stripes Design,Blue,,,blue,05628,,,mapped,2026-07-30T00:00:00,2026-07-30T00:00:00
VAR-82A838B749995B,MOD-7E97C2189A1D4A,Mintra Microfiber Kitchen Towel - Stripes Design Green | 60 cm,المطبخ والأدوات المنزلية,فوط مطبخ,Mintra,Microfiber Kitchen Towel - Stripes Design,Green,,,green,05629,,,mapped,2026-07-30T00:00:00,2026-07-30T00:00:00
VAR-DFD52961807A1B,MOD-7E97C2189A1D4A,Mintra Microfiber Kitchen Towel - Stripes Design Orange | 60 cm,المطبخ والأدوات المنزلية,فوط مطبخ,Mintra,Microfiber Kitchen Towel - Stripes Design,Orange,,,orange,05630,,,mapped,2026-07-30T00:00:00,2026-07-30T00:00:00
VAR-E223B166E7481C,MOD-85A70AB1B38640,Mintra Ramadan Kitchen Towel (35 cm x 50 cm) Golden Arabesque | 35×50 cm,المطبخ والأدوات المنزلية,فوط مطبخ,Mintra,Ramadan Kitchen Towel (35 cm x 50 cm),Golden Arabesque,,,,19150,,,mapped,2026-07-30T00:00:00,2026-07-30T00:00:00
VAR-EB89B4015EA1B8,MOD-85A70AB1B38640,Mintra Ramadan Kitchen Towel (35 cm x 50 cm) Golden Star | 35×50 cm,المطبخ والأدوات المنزلية,فوط مطبخ,Mintra,Ramadan Kitchen Towel (35 cm x 50 cm),Golden Star,,,,25063,,,mapped,2026-07-30T00:00:00,2026-07-30T00:00:00
VAR-2E7CE01401BB55,MOD-85A70AB1B38640,Mintra Ramadan Kitchen Towel (35 cm x 50 cm) Golden Sun | 35×50 cm,المطبخ والأدوات المنزلية,فوط مطبخ,Mintra,Ramadan Kitchen Towel (35 cm x 50 cm),Golden Sun,,,,25064,,,mapped,2026-07-30T00:00:00,2026-07-30T00:00:00
VAR-6171040B862993,MOD-85A70AB1B38640,Mintra Ramadan Kitchen Towel (35 cm x 50 cm) Modish Khayamiya | 35×50 cm,المطبخ والأدوات المنزلية,فوط مطبخ,Mintra,Ramadan Kitchen Towel (35 cm x 50 cm),Modish Khayamiya,,,,19152,,,mapped,2026-07-30T00:00:00,2026-07-30T00:00:00
VAR-53C7BAB7834D3B,MOD-85A70AB1B38640,Mintra Ramadan Kitchen Towel (35 cm x 50 cm) Mosaique | 35×50 cm,المطبخ والأدوات المنزلية,فوط مطبخ,Mintra,Ramadan Kitchen Towel (35 cm x 50 cm),Mosaique,,,,19153,,,mapped,2026-07-30T00:00:00,2026-07-30T00:00:00
VAR-D23B5576ED42C9,MOD-85A70AB1B38640,Mintra Ramadan Kitchen Towel (35 cm x 50 cm) Oriental | 35×50 cm,المطبخ والأدوات المنزلية,فوط مطبخ,Mintra,Ramadan Kitchen Towel (35 cm x 50 cm),Oriental,,,,19151,,,mapped,2026-07-30T00:00:00,2026-07-30T00:00:00
VAR-72FC2C7CCC7285,MOD-7A9CC5CD260559,"IKEA RINNIG Cleaning gloves bright yellow/off-white, S | off-white / white / yellow",المطبخ والأدوات المنزلية,قفازات تنظيف,IKEA,RINNIG Cleaning gloves,"bright yellow/off-white, S",,,off-white / white / yellow,70565854,,,mapped,2026-07-30T00:00:00,2026-07-30T00:00:00
VAR-FCCE7F84DA1B70,MOD-16A813843F10A7,IKEA HILDEGUN Oven glove Oven glove,المطبخ والأدوات المنزلية,قفازات وحوامل أواني ساخنة,IKEA,HILDEGUN Oven glove,Oven glove,,,,00484050,,,mapped,2026-07-30T00:00:00,2026-07-30T00:00:00
VAR-BEF1CA12FA7046,MOD-393B1AD83C3894,IKEA RINNIG Oven glove grey,المطبخ والأدوات المنزلية,قفازات وحوامل أواني ساخنة,IKEA,RINNIG Oven glove,grey,,,grey,70476363,,,mapped,2026-07-30T00:00:00,2026-07-30T00:00:00
VAR-55D1540D3EA6B1,MOD-DF6470CB824E81,"IKEA RINNIG Pot holder grey, 21x21 cm | 21×21 cm",المطبخ والأدوات المنزلية,قفازات وحوامل أواني ساخنة,IKEA,RINNIG Pot holder,"grey, 21x21 cm",,,grey,00476366,,,mapped,2026-07-30T00:00:00,2026-07-30T00:00:00
VAR-D454E3B2203AE1,MOD-7BAF109DAD51E5,IKEA SANDVIVA Oven glove silicone/dark grey,المطبخ والأدوات المنزلية,قفازات وحوامل أواني ساخنة,IKEA,SANDVIVA Oven glove,silicone/dark grey,,,grey,20587882,,,mapped,2026-07-30T00:00:00,2026-07-30T00:00:00
VAR-B53BB2578854F3,MOD-1D07053D4A4DF4,"IKEA SANDVIVA Pot holder silicone/dark grey, 18x18 cm | 18×18 cm",المطبخ والأدوات المنزلية,قفازات وحوامل أواني ساخنة,IKEA,SANDVIVA Pot holder,"silicone/dark grey, 18x18 cm",,,grey,60587875,,,mapped,2026-07-30T00:00:00,2026-07-30T00:00:00
VAR-98EF6916CB7729,MOD-B1E5277825F5BF,IKEA VÄLVÅRDAD Oven glove beige,المطبخ والأدوات المنزلية,قفازات وحوامل أواني ساخنة,IKEA,VÄLVÅRDAD Oven glove,beige,,,beige,20617997,,,mapped,2026-07-30T00:00:00,2026-07-30T00:00:00
VAR-794241E09E15EC,MOD-2ED45005EEAAC2,"IKEA VÄLVÅRDAD Pot holder beige, 19x19 cm | 19×19 cm",المطبخ والأدوات المنزلية,قفازات وحوامل أواني ساخنة,IKEA,VÄLVÅRDAD Pot holder,"beige, 19x19 cm",,,beige,40618000,,,mapped,2026-07-30T00:00:00,2026-07-30T00:00:00
VAR-5B298A535577AE,MOD-FD77E0B2F0991C,"IKEA AFTONHAJ Carafe stainless steel, 1.0 l | 1L",المطبخ والأدوات المنزلية,قوارير تقديم,IKEA,AFTONHAJ Carafe,"stainless steel, 1.0 l",,,,90620213,,,mapped,2026-07-30T00:00:00,2026-07-30T00:00:00
VAR-ADA6D5CC376113,MOD-FEA03AC904CC7E,"IKEA IKEA 365+ Carafe with stopper clear glass/cork, 1 l | 1L",المطبخ والأدوات المنزلية,قوارير تقديم,IKEA,IKEA 365+ Carafe with stopper,"clear glass/cork, 1 l",,,,90279719,,,mapped,2026-07-30T00:00:00,2026-07-30T00:00:00
VAR-5D5111EF3958DA,MOD-D91EAFC6A3F6BE,"IKEA KARAFF Carafe clear glass, 1.0 l | 1L",المطبخ والأدوات المنزلية,قوارير تقديم,IKEA,KARAFF Carafe,"clear glass, 1.0 l",,,,00342975,,,mapped,2026-07-30T00:00:00,2026-07-30T00:00:00
VAR-B982D9B78DB7A2,MOD-4662F67F94F868,"IKEA SMÖRFISK Carafe light turquoise, 1.0 l | 1L",المطبخ والأدوات المنزلية,قوارير تقديم,IKEA,SMÖRFISK Carafe,"light turquoise, 1.0 l",,,turquoise,70611912,,,mapped,2026-07-30T00:00:00,2026-07-30T00:00:00
VAR-421C3EEC2AA577,MOD-F5161F5B9C1546,"IKEA LÄTTBAKAD Cookie cutter set of 4, stainless steel",المطبخ والأدوات المنزلية,قواطع عجين,IKEA,LÄTTBAKAD Cookie cutter,"set of 4, stainless steel",,,,30590431,,,mapped,2026-07-30T00:00:00,2026-07-30T00:00:00
VAR-ABB402DE7EFF9F,MOD-F5161F5B9C1546,"IKEA LÄTTBAKAD Cookie cutter set of 5, silver-colour",المطبخ والأدوات المنزلية,قواطع عجين,IKEA,LÄTTBAKAD Cookie cutter,"set of 5, silver-colour",,,silver,90480161,,,mapped,2026-07-30T00:00:00,2026-07-30T00:00:00
VAR-7A9C29DD319E3C,MOD-24EFCD680B88B2,IKEA LÄTTBAKAD Dough cutter Dough cutter,المطبخ والأدوات المنزلية,قواطع عجين,IKEA,LÄTTBAKAD Dough cutter,Dough cutter,,,,10485271,,,mapped,2026-07-30T00:00:00,2026-07-30T00:00:00
VAR-CD35AA8207DC58,MOD-56004D7F98D788,"IKEA GLATTIS Coasters with holder brass-colour, 8.5 cm",المطبخ والأدوات المنزلية,قواعد أكواب,IKEA,GLATTIS Coasters with holder,"brass-colour, 8.5 cm",,,,50343005,,,mapped,2026-07-30T00:00:00,2026-07-30T00:00:00
VAR-01D56357DB0DB5,MOD-4A7A80B577A7D2,"IKEA ELDSTJÄRT Pot stand set of 2, oval/light brown red, 26x16 cm | 26×16 cm",المطبخ والأدوات المنزلية,قواعد وحوامل أواني,IKEA,ELDSTJÄRT Pot stand,"set of 2, oval/light brown red, 26x16 cm",,,brown / red,90611058,,,mapped,2026-07-30T00:00:00,2026-07-30T00:00:00
VAR-8DE0FCBA274053,MOD-DEB9F3D5F1D1D1,"IKEA HALVNÄBB Pot stand extendable bright red/pine, 16-32x20 cm | 32×20 cm",المطبخ والأدوات المنزلية,قواعد وحوامل أواني,IKEA,HALVNÄBB Pot stand,"extendable bright red/pine, 16-32x20 cm",,,red,70602173,,,mapped,2026-07-30T00:00:00,2026-07-30T00:00:00
VAR-275B8138D30B7E,MOD-4FF543182AA7AA,"IKEA HEAT Pot stand cork patterned/bright red, 19 cm",المطبخ والأدوات المنزلية,قواعد وحوامل أواني,IKEA,HEAT Pot stand,"cork patterned/bright red, 19 cm",,,red,90619040,,,mapped,2026-07-30T00:00:00,2026-07-30T00:00:00
VAR-C9F3DF90425EA8,MOD-4FF543182AA7AA,"IKEA HEAT Pot stand cork, 19 cm",المطبخ والأدوات المنزلية,قواعد وحوامل أواني,IKEA,HEAT Pot stand,"cork, 19 cm",,,,87077700,,,mapped,2026-07-30T00:00:00,2026-07-30T00:00:00
VAR-F52D053EC14853,MOD-BC8DDD27BAF992,"IKEA IKEA 365+ GUNSTIG Pot stand magnetic, red/dark grey | grey / red",المطبخ والأدوات المنزلية,قواعد وحوامل أواني,IKEA,IKEA 365+ GUNSTIG Pot stand,"magnetic, red/dark grey",,,grey / red,50175276,,,mapped,2026-07-30T00:00:00,2026-07-30T00:00:00
VAR-B4AE7D518943DF,MOD-2F98AE294F776D,"IKEA IKEA 365+ Goblet clear glass, 30 cl | 30cl",المطبخ والأدوات المنزلية,كؤوس,IKEA,IKEA 365+ Goblet,"clear glass, 30 cl",,,,70278363,,,mapped,2026-07-30T00:00:00,2026-07-30T00:00:00
VAR-F8D8FA3B4A2140,MOD-B8A33ACAA97A55,IKEA IDEALISK Grater stainless steel,المطبخ والأدوات المنزلية,مبشرات,IKEA,IDEALISK Grater,stainless steel,,,,66916200,,,mapped,2026-07-30T00:00:00,2026-07-30T00:00:00
VAR-3BBBA8EB995621,MOD-D3883276D4D8D1,"IKEA DINERA Mug beige, 30 cl | 30cl",المطبخ والأدوات المنزلية,مجات وأكواب,IKEA,DINERA Mug,"beige, 30 cl",,,beige,60350646,,,mapped,2026-07-30T00:00:00,2026-07-30T00:00:00
VAR-EF1C5EA5672912,MOD-B9A3D484E1E006,"IKEA DRÖMBILD Mug clear glass, 25 cl | 25cl",المطبخ والأدوات المنزلية,مجات وأكواب,IKEA,DRÖMBILD Mug,"clear glass, 25 cl",,,,00417452,,,mapped,2026-07-30T00:00:00,2026-07-30T00:00:00
VAR-6E1C6963CF3639,MOD-7279F21AD2014D,"IKEA FÄRGKLAR Mug light blue, 42 cl | 42cl | blue / light blue",المطبخ والأدوات المنزلية,مجات وأكواب,IKEA,FÄRGKLAR Mug,"light blue, 42 cl",,,blue / light blue,70604879,,,mapped,2026-07-30T00:00:00,2026-07-30T00:00:00
VAR-1DCBCBBDD10140,MOD-7279F21AD2014D,"IKEA FÄRGKLAR Mug matt green, 37 cl | 37cl",المطبخ والأدوات المنزلية,مجات وأكواب,IKEA,FÄRGKLAR Mug,"matt green, 37 cl",,,green,40478189,,,mapped,2026-07-30T00:00:00,2026-07-30T00:00:00
VAR-C14D8A942DE0CD,MOD-DF35993F07BAF4,"IKEA FÄRGRIK Mug turquoise, 25 cl | 25cl",المطبخ والأدوات المنزلية,مجات وأكواب,IKEA,FÄRGRIK Mug,"turquoise, 25 cl",,,turquoise,50234803,,,mapped,2026-07-30T00:00:00,2026-07-30T00:00:00
VAR-F395E19B606F14,MOD-B41687EC2B100F,"IKEA GLADELIG Espresso cup blue, 10 cl | 10cl",المطبخ والأدوات المنزلية,مجات وأكواب,IKEA,GLADELIG Espresso cup,"blue, 10 cl",,,blue,40581493,,,mapped,2026-07-30T00:00:00,2026-07-30T00:00:00
VAR-9BB3B0B529E8C9,MOD-1BE231C8199289,"IKEA GLADELIG Mug blue, 37 cl | 37cl",المطبخ والأدوات المنزلية,مجات وأكواب,IKEA,GLADELIG Mug,"blue, 37 cl",,,blue,40503626,,,mapped,2026-07-30T00:00:00,2026-07-30T00:00:00
VAR-451B9F6CA54C1A,MOD-4CF43EE6290536,"IKEA GOTTFINNANDE Espresso cup clear glass, 8 cl | 8cl",المطبخ والأدوات المنزلية,مجات وأكواب,IKEA,GOTTFINNANDE Espresso cup,"clear glass, 8 cl",,,,30372094,,,mapped,2026-07-30T00:00:00,2026-07-30T00:00:00
VAR-EB30DF19F2E557,MOD-2B9125B85448BF,"IKEA IKEA 365+ Mug clear glass, 24 cl | 24cl",المطبخ والأدوات المنزلية,مجات وأكواب,IKEA,IKEA 365+ Mug,"clear glass, 24 cl",,,,10279723,,,mapped,2026-07-30T00:00:00,2026-07-30T00:00:00
VAR-DF04C0F8D7AAA5,MOD-3CA83B370CCBF2,"IKEA PIGGÅL Mug white/green, 30 cl | 30cl | green / white",المطبخ والأدوات المنزلية,مجات وأكواب,IKEA,PIGGÅL Mug,"white/green, 30 cl",,,green / white,50561828,,,mapped,2026-07-30T00:00:00,2026-07-30T00:00:00
VAR-7B9B44039344F1,MOD-DBF22B2234FD6A,"IKEA SILVERSIDA Mug patterned/blue, 40 cl | 40cl",المطبخ والأدوات المنزلية,مجات وأكواب,IKEA,SILVERSIDA Mug,"patterned/blue, 40 cl",,,blue,20601798,,,mapped,2026-07-30T00:00:00,2026-07-30T00:00:00
VAR-BBCDB279B6471F,MOD-E1A8F6A359E867,"IKEA STELNA Mug clear glass, 23 cl | 23cl",المطبخ والأدوات المنزلية,مجات وأكواب,IKEA,STELNA Mug,"clear glass, 23 cl",,,,70258911,,,mapped,2026-07-30T00:00:00,2026-07-30T00:00:00
VAR-67C9452DE7007A,MOD-3266672B65A0B5,"IKEA TOBISFISK Mug patterned/beige, 33 cl | 33cl",المطبخ والأدوات المنزلية,مجات وأكواب,IKEA,TOBISFISK Mug,"patterned/beige, 33 cl",,,beige,10603689,,,mapped,2026-07-30T00:00:00,2026-07-30T00:00:00
VAR-E145D4AF890F50,MOD-D73F75C29F2F37,Mintra Diamond Cup Blue | 550ml,المطبخ والأدوات المنزلية,مجات وأكواب,Mintra,Diamond Cup,Blue,,,blue,08155,,,mapped,2026-07-30T00:00:00,2026-07-30T00:00:00
VAR-DDE2F26F53533A,MOD-D73F75C29F2F37,Mintra Diamond Cup Burgundy | 550ml,المطبخ والأدوات المنزلية,مجات وأكواب,Mintra,Diamond Cup,Burgundy,,,burgundy,08313,,,mapped,2026-07-30T00:00:00,2026-07-30T00:00:00
VAR-77A4ED5D15816D,MOD-D73F75C29F2F37,Mintra Diamond Cup Lavender | 550ml,المطبخ والأدوات المنزلية,مجات وأكواب,Mintra,Diamond Cup,Lavender,,,lavender,07953,,,mapped,2026-07-30T00:00:00,2026-07-30T00:00:00
VAR-C04B8E5DAD0743,MOD-D73F75C29F2F37,Mintra Diamond Cup Mint | 550ml,المطبخ والأدوات المنزلية,مجات وأكواب,Mintra,Diamond Cup,Mint,,,mint,09956,,,mapped,2026-07-30T00:00:00,2026-07-30T00:00:00
VAR-636209FC2C1A7F,MOD-D73F75C29F2F37,Mintra Diamond Cup Mustard | 550ml,المطبخ والأدوات المنزلية,مجات وأكواب,Mintra,Diamond Cup,Mustard,,,mustard,08314,,,mapped,2026-07-30T00:00:00,2026-07-30T00:00:00
VAR-B567274111499A,MOD-D73F75C29F2F37,Mintra Diamond Cup Orange | 550ml,المطبخ والأدوات المنزلية,مجات وأكواب,Mintra,Diamond Cup,Orange,,,orange,08157,,,mapped,2026-07-30T00:00:00,2026-07-30T00:00:00
VAR-DE0C6C2820DAC6,MOD-D73F75C29F2F37,Mintra Diamond Cup Pink | 550ml,المطبخ والأدوات المنزلية,مجات وأكواب,Mintra,Diamond Cup,Pink,,,pink,09954,,,mapped,2026-07-30T00:00:00,2026-07-30T00:00:00
VAR-8830E58C1A8A8F,MOD-D73F75C29F2F37,Mintra Diamond Cup Purple | 550ml,المطبخ والأدوات المنزلية,مجات وأكواب,Mintra,Diamond Cup,Purple,,,purple,08312,,,mapped,2026-07-30T00:00:00,2026-07-30T00:00:00
VAR-655907047592A0,MOD-D73F75C29F2F37,Mintra Diamond Cup Turquoise | 550ml,المطبخ والأدوات المنزلية,مجات وأكواب,Mintra,Diamond Cup,Turquoise,,,turquoise,08156,,,mapped,2026-07-30T00:00:00,2026-07-30T00:00:00
VAR-CB1B8ECBDB2F9A,MOD-D73F75C29F2F37,Mintra Diamond Cup Watermelon | 550ml,المطبخ والأدوات المنزلية,مجات وأكواب,Mintra,Diamond Cup,Watermelon,,,watermelon,08158,,,mapped,2026-07-30T00:00:00,2026-07-30T00:00:00
VAR-38251C43EF6164,MOD-D73F75C29F2F37,Mintra Diamond Cup Yellow | 550ml,المطبخ والأدوات المنزلية,مجات وأكواب,Mintra,Diamond Cup,Yellow,,,yellow,09955,,,mapped,2026-07-30T00:00:00,2026-07-30T00:00:00
VAR-D827786E773295,MOD-7568B79FED3EFB,IKEA HILDEGUN Apron 63x84 cm | 63×84 cm,المطبخ والأدوات المنزلية,مرايل مطبخ,IKEA,HILDEGUN Apron,63x84 cm,,,,00484045,,,mapped,2026-07-30T00:00:00,2026-07-30T00:00:00
VAR-CBA5A2B5970947,MOD-EED2DB2412E16A,"IKEA RINNIG Apron patterned, 69x85 cm | 69×85 cm",المطبخ والأدوات المنزلية,مرايل مطبخ,IKEA,RINNIG Apron,"patterned, 69x85 cm",,,,00609899,,,mapped,2026-07-30T00:00:00,2026-07-30T00:00:00
VAR-7E7435653A0918,MOD-0EE3D8F0DDFE15,"IKEA SANDVIVA Apron dark grey, 69x85 cm | 69×85 cm",المطبخ والأدوات المنزلية,مرايل مطبخ,IKEA,SANDVIVA Apron,"dark grey, 69x85 cm",,,grey,60587880,,,mapped,2026-07-30T00:00:00,2026-07-30T00:00:00
VAR-2F4E8A57D3CE72,MOD-F634B603AAE9B6,"IKEA SOLUPPGÅNG Waist apron black, 86x82 cm | 86×82 cm",المطبخ والأدوات المنزلية,مرايل مطبخ,IKEA,SOLUPPGÅNG Waist apron,"black, 86x82 cm",,,black,80619762,,,mapped,2026-07-30T00:00:00,2026-07-30T00:00:00
VAR-2C70C591900061,MOD-5EEE3FB4489416,IKEA IDEALISK Colander stainless steel,المطبخ والأدوات المنزلية,مصافي مطبخ,IKEA,IDEALISK Colander,stainless steel,,,,20027536,,,mapped,2026-07-30T00:00:00,2026-07-30T00:00:00
VAR-FC44AD6449AEF0,MOD-4BD42B9EA734D0,IKEA KLOCKREN Colander 5.0 l | 5L,المطبخ والأدوات المنزلية,مصافي مطبخ,IKEA,KLOCKREN Colander,5.0 l,,,,50449177,,,mapped,2026-07-30T00:00:00,2026-07-30T00:00:00
VAR-9CBED00204617B,MOD-E76539502F32ED,IKEA SKOLÄST Food waste strainer Food waste strainer,المطبخ والأدوات المنزلية,مصافي مطبخ,IKEA,SKOLÄST Food waste strainer,Food waste strainer,,,,90556684,,,mapped,2026-07-30T00:00:00,2026-07-30T00:00:00
VAR-D166DA9AAD9040,MOD-DC7E069622743B,Mintra Fruit Colander Blue | 3.5L,المطبخ والأدوات المنزلية,مصافي مطبخ,Mintra,Fruit Colander,Blue,,,blue,03626,,,mapped,2026-07-30T00:00:00,2026-07-30T00:00:00
VAR-46AE1FF2E7FE15,MOD-DC7E069622743B,Mintra Fruit Colander Fuchsia | 3.5L,المطبخ والأدوات المنزلية,مصافي مطبخ,Mintra,Fruit Colander,Fuchsia,,,fuchsia,03630,,,mapped,2026-07-30T00:00:00,2026-07-30T00:00:00
VAR-A410A2EEB7703A,MOD-DC7E069622743B,Mintra Fruit Colander Green | 3.5L,المطبخ والأدوات المنزلية,مصافي مطبخ,Mintra,Fruit Colander,Green,,,green,03625,,,mapped,2026-07-30T00:00:00,2026-07-30T00:00:00
VAR-5057441360C64D,MOD-DC7E069622743B,Mintra Fruit Colander Orange | 3.5L,المطبخ والأدوات المنزلية,مصافي مطبخ,Mintra,Fruit Colander,Orange,,,orange,03629,,,mapped,2026-07-30T00:00:00,2026-07-30T00:00:00
VAR-77CC969CFD7FD6,MOD-DC7E069622743B,Mintra Fruit Colander Red | 3.5L,المطبخ والأدوات المنزلية,مصافي مطبخ,Mintra,Fruit Colander,Red,,,red,03624,,,mapped,2026-07-30T00:00:00,2026-07-30T00:00:00
VAR-3BD8E0A3164424,MOD-DC7E069622743B,Mintra Fruit Colander Teal | 3.5L,المطبخ والأدوات المنزلية,مصافي مطبخ,Mintra,Fruit Colander,Teal,,,teal,03627,,,mapped,2026-07-30T00:00:00,2026-07-30T00:00:00
VAR-003BB91537528E,MOD-DC7E069622743B,Mintra Fruit Colander White | 3.5L,المطبخ والأدوات المنزلية,مصافي مطبخ,Mintra,Fruit Colander,White,,,white,03623,,,mapped,2026-07-30T00:00:00,2026-07-30T00:00:00
VAR-68F0853836B6F2,MOD-DC7E069622743B,Mintra Fruit Colander Yellow | 3.5L,المطبخ والأدوات المنزلية,مصافي مطبخ,Mintra,Fruit Colander,Yellow,,,yellow,03628,,,mapped,2026-07-30T00:00:00,2026-07-30T00:00:00
VAR-200CF3AAC17443,MOD-738EC2DB6C0C10,Mintra Large Colander Blue | 4L,المطبخ والأدوات المنزلية,مصافي مطبخ,Mintra,Large Colander,Blue,,,blue,99960,,,mapped,2026-07-30T00:00:00,2026-07-30T00:00:00
VAR-0BE7621CE58BF0,MOD-738EC2DB6C0C10,Mintra Large Colander fuchsia | 4L,المطبخ والأدوات المنزلية,مصافي مطبخ,Mintra,Large Colander,fuchsia,,,fuchsia,99964,,,mapped,2026-07-30T00:00:00,2026-07-30T00:00:00
VAR-3A08593820EB4B,MOD-738EC2DB6C0C10,Mintra Large Colander green | 4L,المطبخ والأدوات المنزلية,مصافي مطبخ,Mintra,Large Colander,green,,,green,99959,,,mapped,2026-07-30T00:00:00,2026-07-30T00:00:00
VAR-425827AA6D7970,MOD-738EC2DB6C0C10,Mintra Large Colander orange | 4L,المطبخ والأدوات المنزلية,مصافي مطبخ,Mintra,Large Colander,orange,,,orange,99963,,,mapped,2026-07-30T00:00:00,2026-07-30T00:00:00
VAR-86242D1EFE77CE,MOD-738EC2DB6C0C10,Mintra Large Colander turquoise | 4L,المطبخ والأدوات المنزلية,مصافي مطبخ,Mintra,Large Colander,turquoise,,,turquoise,99961,,,mapped,2026-07-30T00:00:00,2026-07-30T00:00:00
VAR-4A03A885E47E93,MOD-738EC2DB6C0C10,Mintra Large Colander white | 4L,المطبخ والأدوات المنزلية,مصافي مطبخ,Mintra,Large Colander,white,,,white,99957,,,mapped,2026-07-30T00:00:00,2026-07-30T00:00:00
VAR-AE66BE5F5D20AE,MOD-738EC2DB6C0C10,Mintra Large Colander yellow | 4L,المطبخ والأدوات المنزلية,مصافي مطبخ,Mintra,Large Colander,yellow,,,yellow,99962,,,mapped,2026-07-30T00:00:00,2026-07-30T00:00:00
VAR-CE556F19A32183,MOD-52338C8A131656,Mintra Medium Colander Blue | 3.5L,المطبخ والأدوات المنزلية,مصافي مطبخ,Mintra,Medium Colander,Blue,,,blue,99830,,,mapped,2026-07-30T00:00:00,2026-07-30T00:00:00
VAR-A317C0F1018D44,MOD-52338C8A131656,Mintra Medium Colander Fuschia | 3.5L,المطبخ والأدوات المنزلية,مصافي مطبخ,Mintra,Medium Colander,Fuschia,,,fuschia,99834,,,mapped,2026-07-30T00:00:00,2026-07-30T00:00:00
VAR-1CE37277E0B2DB,MOD-52338C8A131656,Mintra Medium Colander Green | 3.5L,المطبخ والأدوات المنزلية,مصافي مطبخ,Mintra,Medium Colander,Green,,,green,99831,,,mapped,2026-07-30T00:00:00,2026-07-30T00:00:00
VAR-E8922455832CCF,MOD-52338C8A131656,Mintra Medium Colander Orange | 3.5L,المطبخ والأدوات المنزلية,مصافي مطبخ,Mintra,Medium Colander,Orange,,,orange,99833,,,mapped,2026-07-30T00:00:00,2026-07-30T00:00:00
VAR-C6F2E64A4DA84F,MOD-52338C8A131656,Mintra Medium Colander Red | 3.5L,المطبخ والأدوات المنزلية,مصافي مطبخ,Mintra,Medium Colander,Red,,,red,99828,,,mapped,2026-07-30T00:00:00,2026-07-30T00:00:00
VAR-8AB022F4706D0D,MOD-52338C8A131656,Mintra Medium Colander white | 3.5L,المطبخ والأدوات المنزلية,مصافي مطبخ,Mintra,Medium Colander,white,,,white,99827,,,mapped,2026-07-30T00:00:00,2026-07-30T00:00:00
VAR-652E8A7BCF84EC,MOD-4643A5EB1FCED2,Mintra Mixing Bowl and Colander Blue | 4.5L,المطبخ والأدوات المنزلية,مصافي مطبخ,Mintra,Mixing Bowl and Colander,Blue,,,blue,05681,,,mapped,2026-07-30T00:00:00,2026-07-30T00:00:00
VAR-1030F8D98CE885,MOD-4643A5EB1FCED2,Mintra Mixing Bowl and Colander Green | 4.5L,المطبخ والأدوات المنزلية,مصافي مطبخ,Mintra,Mixing Bowl and Colander,Green,,,green,05680,,,mapped,2026-07-30T00:00:00,2026-07-30T00:00:00
VAR-84EBDB2D9D4649,MOD-4643A5EB1FCED2,Mintra Mixing Bowl and Colander Orange | 4.5L,المطبخ والأدوات المنزلية,مصافي مطبخ,Mintra,Mixing Bowl and Colander,Orange,,,orange,05684,,,mapped,2026-07-30T00:00:00,2026-07-30T00:00:00
VAR-7EBC009C95C33F,MOD-4643A5EB1FCED2,Mintra Mixing Bowl and Colander Pink | 4.5L,المطبخ والأدوات المنزلية,مصافي مطبخ,Mintra,Mixing Bowl and Colander,Pink,,,pink,05685,,,mapped,2026-07-30T00:00:00,2026-07-30T00:00:00
VAR-8518EE041ACEFE,MOD-4643A5EB1FCED2,Mintra Mixing Bowl and Colander Red | 4.5L,المطبخ والأدوات المنزلية,مصافي مطبخ,Mintra,Mixing Bowl and Colander,Red,,,red,05679,,,mapped,2026-07-30T00:00:00,2026-07-30T00:00:00
VAR-A87E9CB9F042D3,MOD-4643A5EB1FCED2,Mintra Mixing Bowl and Colander Turquoise | 4.5L,المطبخ والأدوات المنزلية,مصافي مطبخ,Mintra,Mixing Bowl and Colander,Turquoise,,,turquoise,05682,,,mapped,2026-07-30T00:00:00,2026-07-30T00:00:00
VAR-99D83F791BFF94,MOD-4643A5EB1FCED2,Mintra Mixing Bowl and Colander White | 4.5L,المطبخ والأدوات المنزلية,مصافي مطبخ,Mintra,Mixing Bowl and Colander,White,,,white,05678,,,mapped,2026-07-30T00:00:00,2026-07-30T00:00:00
VAR-2DFDF6CF040770,MOD-4643A5EB1FCED2,Mintra Mixing Bowl and Colander Yellow | 4.5L,المطبخ والأدوات المنزلية,مصافي مطبخ,Mintra,Mixing Bowl and Colander,Yellow,,,yellow,05683,,,mapped,2026-07-30T00:00:00,2026-07-30T00:00:00
VAR-E9577C0DB7103D,MOD-6D342C4D82C082,Mintra Rice Colander Blue,المطبخ والأدوات المنزلية,مصافي مطبخ,Mintra,Rice Colander,Blue,,,blue,08160,,,mapped,2026-07-30T00:00:00,2026-07-30T00:00:00
VAR-53C62A1043B440,MOD-6D342C4D82C082,Mintra Rice Colander Fuschia,المطبخ والأدوات المنزلية,مصافي مطبخ,Mintra,Rice Colander,Fuschia,,,fuschia,08162,,,mapped,2026-07-30T00:00:00,2026-07-30T00:00:00
VAR-C95029E600DAA1,MOD-6D342C4D82C082,Mintra Rice Colander Green,المطبخ والأدوات المنزلية,مصافي مطبخ,Mintra,Rice Colander,Green,,,green,08159,,,mapped,2026-07-30T00:00:00,2026-07-30T00:00:00
VAR-F0833EAA8B35C6,MOD-6D342C4D82C082,Mintra Rice Colander Orange,المطبخ والأدوات المنزلية,مصافي مطبخ,Mintra,Rice Colander,Orange,,,orange,08161,,,mapped,2026-07-30T00:00:00,2026-07-30T00:00:00
VAR-3AECD093808708,MOD-6D342C4D82C082,Mintra Rice Colander Red,المطبخ والأدوات المنزلية,مصافي مطبخ,Mintra,Rice Colander,Red,,,red,08316,,,mapped,2026-07-30T00:00:00,2026-07-30T00:00:00
VAR-25FE12573F6DFD,MOD-6D342C4D82C082,Mintra Rice Colander Turquoise,المطبخ والأدوات المنزلية,مصافي مطبخ,Mintra,Rice Colander,Turquoise,,,turquoise,08315,,,mapped,2026-07-30T00:00:00,2026-07-30T00:00:00
VAR-4B9B9116BF2A5A,MOD-6D342C4D82C082,Mintra Rice Colander White,المطبخ والأدوات المنزلية,مصافي مطبخ,Mintra,Rice Colander,White,,,white,08318,,,mapped,2026-07-30T00:00:00,2026-07-30T00:00:00
VAR-11C04C4358A90B,MOD-6D342C4D82C082,Mintra Rice Colander Yellow,المطبخ والأدوات المنزلية,مصافي مطبخ,Mintra,Rice Colander,Yellow,,,yellow,08317,,,mapped,2026-07-30T00:00:00,2026-07-30T00:00:00
VAR-D4379F586D8180,MOD-B9FCBB1B738F7F,Mintra Small Colander Blue | 3L,المطبخ والأدوات المنزلية,مصافي مطبخ,Mintra,Small Colander,Blue,,,blue,99912,,,mapped,2026-07-30T00:00:00,2026-07-30T00:00:00
VAR-A33EE9698E0FE0,MOD-B9FCBB1B738F7F,Mintra Small Colander Fuschia | 3L,المطبخ والأدوات المنزلية,مصافي مطبخ,Mintra,Small Colander,Fuschia,,,fuschia,99916,,,mapped,2026-07-30T00:00:00,2026-07-30T00:00:00
VAR-6DE873594201B2,MOD-B9FCBB1B738F7F,Mintra Small Colander Green | 3L,المطبخ والأدوات المنزلية,مصافي مطبخ,Mintra,Small Colander,Green,,,green,99911,,,mapped,2026-07-30T00:00:00,2026-07-30T00:00:00
VAR-3CD6841DBCFCC1,MOD-B9FCBB1B738F7F,Mintra Small Colander Orange | 3L,المطبخ والأدوات المنزلية,مصافي مطبخ,Mintra,Small Colander,Orange,,,orange,99915,,,mapped,2026-07-30T00:00:00,2026-07-30T00:00:00
VAR-48A4FAE631CADA,MOD-B9FCBB1B738F7F,Mintra Small Colander Red | 3L,المطبخ والأدوات المنزلية,مصافي مطبخ,Mintra,Small Colander,Red,,,red,99910,,,mapped,2026-07-30T00:00:00,2026-07-30T00:00:00
VAR-BD636B7B05FE03,MOD-B9FCBB1B738F7F,Mintra Small Colander Turquoise | 3L,المطبخ والأدوات المنزلية,مصافي مطبخ,Mintra,Small Colander,Turquoise,,,turquoise,99913,,,mapped,2026-07-30T00:00:00,2026-07-30T00:00:00
VAR-AADE298FBB8FD0,MOD-B9FCBB1B738F7F,Mintra Small Colander Yellow | 3L,المطبخ والأدوات المنزلية,مصافي مطبخ,Mintra,Small Colander,Yellow,,,yellow,99914,,,mapped,2026-07-30T00:00:00,2026-07-30T00:00:00
VAR-9B528C6DBEAB98,MOD-FE568DD02E3998,Mintra Vegetable Colander Blue | 24 cm,المطبخ والأدوات المنزلية,مصافي مطبخ,Mintra,Vegetable Colander,Blue,,,blue,08346,,,mapped,2026-07-30T00:00:00,2026-07-30T00:00:00
VAR-008E1903136C92,MOD-FE568DD02E3998,Mintra Vegetable Colander Fuschia | 24 cm,المطبخ والأدوات المنزلية,مصافي مطبخ,Mintra,Vegetable Colander,Fuschia,,,fuschia,08350,,,mapped,2026-07-30T00:00:00,2026-07-30T00:00:00
VAR-4B0D27A66F9062,MOD-FE568DD02E3998,Mintra Vegetable Colander Green | 24 cm,المطبخ والأدوات المنزلية,مصافي مطبخ,Mintra,Vegetable Colander,Green,,,green,08345,,,mapped,2026-07-30T00:00:00,2026-07-30T00:00:00
VAR-64D4E2D6EE7085,MOD-FE568DD02E3998,Mintra Vegetable Colander Orange | 24 cm,المطبخ والأدوات المنزلية,مصافي مطبخ,Mintra,Vegetable Colander,Orange,,,orange,08349,,,mapped,2026-07-30T00:00:00,2026-07-30T00:00:00
VAR-AE584388DF30DE,MOD-FE568DD02E3998,Mintra Vegetable Colander Red | 24 cm,المطبخ والأدوات المنزلية,مصافي مطبخ,Mintra,Vegetable Colander,Red,,,red,08344,,,mapped,2026-07-30T00:00:00,2026-07-30T00:00:00
VAR-77E1414E995272,MOD-FE568DD02E3998,Mintra Vegetable Colander Turquoise | 24 cm,المطبخ والأدوات المنزلية,مصافي مطبخ,Mintra,Vegetable Colander,Turquoise,,,turquoise,08347,,,mapped,2026-07-30T00:00:00,2026-07-30T00:00:00
VAR-6C4F426FBA5F9A,MOD-FE568DD02E3998,Mintra Vegetable Colander White | 24 cm,المطبخ والأدوات المنزلية,مصافي مطبخ,Mintra,Vegetable Colander,White,,,white,08343,,,mapped,2026-07-30T00:00:00,2026-07-30T00:00:00
VAR-60F5FB3A4C6273,MOD-FE568DD02E3998,Mintra Vegetable Colander Yellow | 24 cm,المطبخ والأدوات المنزلية,مصافي مطبخ,Mintra,Vegetable Colander,Yellow,,,yellow,08348,,,mapped,2026-07-30T00:00:00,2026-07-30T00:00:00
VAR-C07D6175159228,MOD-0E5BE437017C61,IKEA FLUNDRA Dish drainer white,المطبخ والأدوات المنزلية,مصافي وحوامل تجفيف أطباق,IKEA,FLUNDRA Dish drainer,white,,,white,40176950,,,mapped,2026-07-30T00:00:00,2026-07-30T00:00:00
VAR-112F2DA9C95B04,MOD-5F35C0648CAAC1,IKEA HULTARP Dish drainer black,المطبخ والأدوات المنزلية,مصافي وحوامل تجفيف أطباق,IKEA,HULTARP Dish drainer,black,,,black,60448766,,,mapped,2026-07-30T00:00:00,2026-07-30T00:00:00
VAR-8176D2DD19DD57,MOD-E06AF99FF45711,IKEA KVOT Dish drainer black,المطبخ والأدوات المنزلية,مصافي وحوامل تجفيف أطباق,IKEA,KVOT Dish drainer,black,,,black,10605315,,,mapped,2026-07-30T00:00:00,2026-07-30T00:00:00
VAR-CAF66CDBF7A7D3,MOD-97DAA46DBF97FB,"IKEA RINNIG Dish drainer double-sided, green, 40x31 cm | 40×31 cm",المطبخ والأدوات المنزلية,مصافي وحوامل تجفيف أطباق,IKEA,RINNIG Dish drainer,"double-sided, green, 40x31 cm",,,green,20601350,,,mapped,2026-07-30T00:00:00,2026-07-30T00:00:00
VAR-779DFEF976515A,MOD-FB34AD5501E8D0,"IKEA STÄMLING Dish drainer off-white, 48 cm | off-white / white",المطبخ والأدوات المنزلية,مصافي وحوامل تجفيف أطباق,IKEA,STÄMLING Dish drainer,"off-white, 48 cm",,,off-white / white,70565948,,,mapped,2026-07-30T00:00:00,2026-07-30T00:00:00
VAR-3908BBF9001821,MOD-2AB01DAFE7467B,IKEA PRODUKT Milk-frother black,المطبخ والأدوات المنزلية,مضارب حليب,IKEA,PRODUKT Milk-frother,black,,,black,50301166,,,mapped,2026-07-30T00:00:00,2026-07-30T00:00:00
VAR-452E9A01C2EA74,MOD-A0EAEC2C06C12F,IKEA IKEA 365+ HJÄLTE Balloon whisk stainless steel/black,المطبخ والأدوات المنزلية,مضارب يدوية,IKEA,IKEA 365+ HJÄLTE Balloon whisk,stainless steel/black,,,black,30158678,,,mapped,2026-07-30T00:00:00,2026-07-30T00:00:00
VAR-87F2506B10E650,MOD-A8F0E924C06A40,IKEA KONCIS Balloon whisk stainless steel,المطبخ والأدوات المنزلية,مضارب يدوية,IKEA,KONCIS Balloon whisk,stainless steel,,,,10225952,,,mapped,2026-07-30T00:00:00,2026-07-30T00:00:00
VAR-1EFC3A3B9D9987,MOD-40FE293D326413,Tefal K2060114 Black,المطبخ والأدوات المنزلية,مغارف,Tefal,K2060114,Black,,,Black,K2060114,,,mapped,2026-07-30T00:00:00,2026-07-30T00:00:00
VAR-09686682348C63,MOD-5430AA5B84EE7D,IKEA VARDAGEN Potato peeler Potato peeler,المطبخ والأدوات المنزلية,مقشرات,IKEA,VARDAGEN Potato peeler,Potato peeler,,,,30324362,,,mapped,2026-07-30T00:00:00,2026-07-30T00:00:00
VAR-DEB49B545F5F78,MOD-6066BB936708C5,IKEA PEPPRIG Dustpan/broom grey/green | green / grey,المطبخ والأدوات المنزلية,مكانس يدوية وجواريف,IKEA,PEPPRIG Dustpan/broom,grey/green,,,green / grey,90567630,,,mapped,2026-07-30T00:00:00,2026-07-30T00:00:00
VAR-95854569A17AFA,MOD-CE38202BBF6852,IKEA VINDSIKT Dustpan/broom bamboo/grey-green | green / grey,المطبخ والأدوات المنزلية,مكانس يدوية وجواريف,IKEA,VINDSIKT Dustpan/broom,bamboo/grey-green,,,green / grey,40608063,,,mapped,2026-07-30T00:00:00,2026-07-30T00:00:00
VAR-9B8D4B1CC52411,MOD-09D97D8D46EE26,"IKEA STANDARDMÅTT Shaker graduated, 500 ml | 500ml",المطبخ والأدوات المنزلية,مكاييل مطبخ,IKEA,STANDARDMÅTT Shaker,"graduated, 500 ml",,,,80485545,,,mapped,2026-07-30T00:00:00,2026-07-30T00:00:00
VAR-9C0CC9075D7AD1,MOD-F5EFAA5D126808,IKEA UPPFYLLD Set of 4 measuring cups mixed colours,المطبخ والأدوات المنزلية,مكاييل مطبخ,IKEA,UPPFYLLD Set of 4 measuring cups,mixed colours,,,,00521972,,,mapped,2026-07-30T00:00:00,2026-07-30T00:00:00
VAR-78C10BC6017D5E,MOD-9F8D6F1440CAE6,"IKEA BAKGLAD Rubber spatula beige/blue, 26 cm",المطبخ والأدوات المنزلية,ملاعق تقليب,IKEA,BAKGLAD Rubber spatula,"beige/blue, 26 cm",,,beige / blue,20485548,,,mapped,2026-07-30T00:00:00,2026-07-30T00:00:00
VAR-61BB077229DCD0,MOD-88B457AE4ADF62,IKEA GUBBRÖRA Rubber spatula green/white,المطبخ والأدوات المنزلية,ملاعق تقليب,IKEA,GUBBRÖRA Rubber spatula,green/white,,,green / white,70527348,,,mapped,2026-07-30T00:00:00,2026-07-30T00:00:00
VAR-E0A4956A155FF3,MOD-216B205D3FDF8B,IKEA LÄTTBAKAD Offset spatula Offset spatula,المطبخ والأدوات المنزلية,ملاعق تقليب,IKEA,LÄTTBAKAD Offset spatula,Offset spatula,,,,30485265,,,mapped,2026-07-30T00:00:00,2026-07-30T00:00:00
VAR-A4921E4FFB8471,MOD-A612EAEAE49EB2,Tefal K2060314 Black,المطبخ والأدوات المنزلية,ملاعق تقليب,Tefal,K2060314,Black,,,Black,K2060314,,,mapped,2026-07-30T00:00:00,2026-07-30T00:00:00
VAR-64553448938522,MOD-3D9D2BA7F81BB3,IKEA RÖRT Spoon round/beech,المطبخ والأدوات المنزلية,ملاعق سفرة,IKEA,RÖRT Spoon,round/beech,,,,40278468,,,mapped,2026-07-30T00:00:00,2026-07-30T00:00:00
VAR-7485135E7E9062,MOD-F9A2EA6E7CCC08,"IKEA PEPPRIG Microfibre pad for flat mop grey, 10x29 cm | 10×29 cm",المطبخ والأدوات المنزلية,مماسح أرضيات,IKEA,PEPPRIG Microfibre pad for flat mop,"grey, 10x29 cm",,,grey,00567615,,,mapped,2026-07-30T00:00:00,2026-07-30T00:00:00
VAR-D2E13B75551DA9,MOD-60454A1AD56903,IKEA RINNIG Oven mitt patterned light beige/grey-green brown-red | beige / brown / green / grey / red,المطبخ والأدوات المنزلية,منسوجات مطبخ,IKEA,RINNIG Oven mitt,patterned light beige/grey-green brown-red,,,beige / brown / green / grey / red,30575124,,,mapped,2026-07-30T00:00:00,2026-07-30T00:00:00
VAR-CC2FEAEB931018,MOD-D7965CC8B80072,IKEA TACKAN Soap dispenser white,المطبخ والأدوات المنزلية,موزعات صابون مطبخ,IKEA,TACKAN Soap dispenser,white,,,white,90322303,,,mapped,2026-07-30T00:00:00,2026-07-30T00:00:00
VAR-8A4DB70558A889,MOD-86FEB5BDACBD6E,IKEA VÄLVÅRDAD Soap dispenser brown,المطبخ والأدوات المنزلية,موزعات صابون مطبخ,IKEA,VÄLVÅRDAD Soap dispenser,brown,,,brown,20595434,,,mapped,2026-07-30T00:00:00,2026-07-30T00:00:00
VAR-D693C2079D216B,MOD-1CB00088098A92,Apple Apple iPad Pro 12GB RAM / 512GB Storage / Wi-Fi + Without SIM / Black,الموبايلات والاتصالات,أجهزة تابلت,Apple,Apple iPad Pro,12GB RAM | 512GB Storage | Wi-Fi + Without SIM | Black,12,512,Black,,,,mapped,2026-07-30T00:00:00,2026-07-30T00:00:00
VAR-E7CEE142F2F04B,MOD-524774DBA67BFA,Apple iPad 10th Generation 4GB RAM / 64GB Storage / Without SIM / Blue,الموبايلات والاتصالات,أجهزة تابلت,Apple,iPad 10th Generation,4GB RAM | 64GB Storage | Without SIM | Blue,4,64,Blue,,,,mapped,2026-07-30T00:00:00,2026-07-30T00:00:00
VAR-E291849E253AA5,MOD-0B30E957C6C4B0,Apple iPad 2025 11th Gen 6GB RAM / 128GB Storage,الموبايلات والاتصالات,أجهزة تابلت,Apple,iPad 2025 11th Gen,6GB RAM | 128GB Storage,6,128,,,,,mapped,2026-07-30T00:00:00,2026-07-30T00:00:00
VAR-ADF09E1BAB1ABD,MOD-0B30E957C6C4B0,Apple iPad 2025 11th Gen 6GB RAM / 128GB Storage / Blue,الموبايلات والاتصالات,أجهزة تابلت,Apple,iPad 2025 11th Gen,6GB RAM | 128GB Storage | Blue,6,128,Blue,,,,mapped,2026-07-30T00:00:00,2026-07-30T00:00:00
VAR-E6AFD87D18C0E9,MOD-0B30E957C6C4B0,Apple iPad 2025 11th Gen 6GB RAM / 128GB Storage / Silver,الموبايلات والاتصالات,أجهزة تابلت,Apple,iPad 2025 11th Gen,6GB RAM | 128GB Storage | Silver,6,128,Silver,,,,mapped,2026-07-30T00:00:00,2026-07-30T00:00:00
VAR-18B66017C830C3,MOD-0B30E957C6C4B0,Apple iPad 2025 11th Gen 6GB RAM / 128GB Storage / Without SIM / Blue,الموبايلات والاتصالات,أجهزة تابلت,Apple,iPad 2025 11th Gen,6GB RAM | 128GB Storage | Without SIM | Blue,6,128,Blue,,,,mapped,2026-07-30T00:00:00,2026-07-30T00:00:00
VAR-48324574388975,MOD-0B30E957C6C4B0,Apple iPad 2025 11th Gen 6GB RAM / 128GB Storage / Without SIM / Silver,الموبايلات والاتصالات,أجهزة تابلت,Apple,iPad 2025 11th Gen,6GB RAM | 128GB Storage | Without SIM | Silver,6,128,Silver,,,,mapped,2026-07-30T00:00:00,2026-07-30T00:00:00
VAR-A1F52A266F378E,MOD-0B30E957C6C4B0,Apple iPad 2025 11th Gen 8GB RAM / 256GB Storage,الموبايلات والاتصالات,أجهزة تابلت,Apple,iPad 2025 11th Gen,8GB RAM | 256GB Storage,8,256,,,,,mapped,2026-07-30T00:00:00,2026-07-30T00:00:00
VAR-ED386B579DE70B,MOD-0B30E957C6C4B0,Apple iPad 2025 11th Gen 8GB RAM / 256GB Storage / Blue,الموبايلات والاتصالات,أجهزة تابلت,Apple,iPad 2025 11th Gen,8GB RAM | 256GB Storage | Blue,8,256,Blue,,,,mapped,2026-07-30T00:00:00,2026-07-30T00:00:00
VAR-7F1DD3BE7B97E2,MOD-92228EDEBCCABA,Apple iPad 9th 2021 3GB RAM / 64GB Storage / 4G / Silver,الموبايلات والاتصالات,أجهزة تابلت,Apple,iPad 9th 2021,3GB RAM | 64GB Storage | 4G | Silver,3,64,Silver,,,,mapped,2026-07-30T00:00:00,2026-07-30T00:00:00
VAR-8F83B408E8B980,MOD-8528E0C25E739B,Apple iPad Air 8GB RAM / 128GB Storage / Wi-Fi + Without SIM / Blue,الموبايلات والاتصالات,أجهزة تابلت,Apple,iPad Air,8GB RAM | 128GB Storage | Wi-Fi + Without SIM | Blue,8,128,Blue,,,,mapped,2026-07-30T00:00:00,2026-07-30T00:00:00
VAR-B22B4B3EBEDF45,MOD-8528E0C25E739B,Apple iPad Air 8GB RAM / 128GB Storage / Without SIM / Blue,الموبايلات والاتصالات,أجهزة تابلت,Apple,iPad Air,8GB RAM | 128GB Storage | Without SIM | Blue,8,128,Blue,,,,mapped,2026-07-30T00:00:00,2026-07-30T00:00:00
VAR-7FCA9238E92795,MOD-8528E0C25E739B,Apple iPad Air 8GB RAM / 128GB Storage / Without SIM / Space Grey,الموبايلات والاتصالات,أجهزة تابلت,Apple,iPad Air,8GB RAM | 128GB Storage | Without SIM | Space Grey,8,128,Space Grey,,,,mapped,2026-07-30T00:00:00,2026-07-30T00:00:00
VAR-F0738443B0812A,MOD-8528E0C25E739B,Apple iPad Air 8GB RAM / 256GB Storage / 5G + eSIM / Space Grey,الموبايلات والاتصالات,أجهزة تابلت,Apple,iPad Air,8GB RAM | 256GB Storage | 5G + eSIM | Space Grey,8,256,Space Grey,,,,mapped,2026-07-30T00:00:00,2026-07-30T00:00:00
VAR-0465D9796B22EC,MOD-4D3126ADE63A68,Apple iPad Air 2026 (8th Gen) M4 8GB RAM / 128GB Storage / Without SIM / Blue,الموبايلات والاتصالات,أجهزة تابلت,Apple,iPad Air 2026 (8th Gen) M4,8GB RAM | 128GB Storage | Without SIM | Blue,8,128,Blue,,,,mapped,2026-07-30T00:00:00,2026-07-30T00:00:00
VAR-C6602EE93289A8,MOD-4D3126ADE63A68,Apple iPad Air 2026 (8th Gen) M4 8GB RAM / 128GB Storage / Without SIM / Space Grey,الموبايلات والاتصالات,أجهزة تابلت,Apple,iPad Air 2026 (8th Gen) M4,8GB RAM | 128GB Storage | Without SIM | Space Grey,8,128,Space Grey,,,,mapped,2026-07-30T00:00:00,2026-07-30T00:00:00
VAR-67FDDEFD1679E8,MOD-F77B2481CF6757,Apple iPad Air M4 8GB RAM / 128GB Storage / Wi-Fi + Without SIM / Purple,الموبايلات والاتصالات,أجهزة تابلت,Apple,iPad Air M4,8GB RAM | 128GB Storage | Wi-Fi + Without SIM | Purple,8,128,Purple,,,,mapped,2026-07-30T00:00:00,2026-07-30T00:00:00
VAR-10D2DA925B68C5,MOD-AD6612A5B489E7,Apple iPad Pro 11 (2025) M5 8GB RAM / 256GB Storage / Wi-Fi + Without SIM / Space Black,الموبايلات والاتصالات,أجهزة تابلت,Apple,iPad Pro 11 (2025) M5,8GB RAM | 256GB Storage | Wi-Fi + Without SIM | Space Black,8,256,Space Black,,,,mapped,2026-07-30T00:00:00,2026-07-30T00:00:00
VAR-8CD44C74E5DA3C,MOD-ED193C8C636B2B,Apple iPad Pro 13 (2025) M5 8GB RAM / 256GB Storage / Wi-Fi + Without SIM / Space Black,الموبايلات والاتصالات,أجهزة تابلت,Apple,iPad Pro 13 (2025) M5,8GB RAM | 256GB Storage | Wi-Fi + Without SIM | Space Black,8,256,Space Black,,,,mapped,2026-07-30T00:00:00,2026-07-30T00:00:00
VAR-3AA47296CFD3D4,MOD-490F9881C5084B,HMD T21 4GB RAM / 128GB Storage / 4G + Single SIM / Black,الموبايلات والاتصالات,أجهزة تابلت,HMD,T21,4GB RAM | 128GB Storage | 4G + Single SIM | Black,4,128,Black,,,,mapped,2026-07-30T00:00:00,2026-07-30T00:00:00
VAR-A5DDAF46B3501D,MOD-424A560FB8A4AB,Honor Pad 10 8GB RAM / 256GB Storage / 5G + Single SIM / Grey,الموبايلات والاتصالات,أجهزة تابلت,Honor,Pad 10,8GB RAM | 256GB Storage | 5G + Single SIM | Grey,8,256,Grey,,,,mapped,2026-07-30T00:00:00,2026-07-30T00:00:00
VAR-91AF10634355BA,MOD-E8CCDD776D724C,Honor Pad X7 4GB RAM / 128GB Storage / Without SIM / Gray,الموبايلات والاتصالات,أجهزة تابلت,Honor,Pad X7,4GB RAM | 128GB Storage | Without SIM | Gray,4,128,Gray,,,,mapped,2026-07-30T00:00:00,2026-07-30T00:00:00
VAR-B58BCEE3EB1566,MOD-37C68C173E15D3,Honor Pad X9a 8GB RAM / 128GB Storage / Gray,الموبايلات والاتصالات,أجهزة تابلت,Honor,Pad X9a,8GB RAM | 128GB Storage | Gray,8,128,Gray,,,,mapped,2026-07-30T00:00:00,2026-07-30T00:00:00
VAR-C49D398B035033,MOD-37C68C173E15D3,Honor Pad X9a 8GB RAM / 128GB Storage / Without SIM / Gray,الموبايلات والاتصالات,أجهزة تابلت,Honor,Pad X9a,8GB RAM | 128GB Storage | Without SIM | Gray,8,128,Gray,,,,mapped,2026-07-30T00:00:00,2026-07-30T00:00:00
VAR-EC58C8FC160A9D,MOD-C9749B95A61643,Huawei MatePad 8GB RAM / 256GB Storage / Without SIM,الموبايلات والاتصالات,أجهزة تابلت,Huawei,MatePad,8GB RAM | 256GB Storage | Without SIM,8,256,,,,,mapped,2026-07-30T00:00:00,2026-07-30T00:00:00
VAR-80CB77DF3E4AC6,MOD-89FCF3FF3F3327,Huawei MatePad 11.5 8GB RAM / 256GB Storage / Without SIM / Space Grey,الموبايلات والاتصالات,أجهزة تابلت,Huawei,MatePad 11.5,8GB RAM | 256GB Storage | Without SIM | Space Grey,8,256,Space Grey,,,,mapped,2026-07-30T00:00:00,2026-07-30T00:00:00
VAR-88C289381EFCF2,MOD-FB254EA8802F20,Huawei MatePad 11.5 S 8GB RAM / 256GB Storage / Without SIM,الموبايلات والاتصالات,أجهزة تابلت,Huawei,MatePad 11.5 S,8GB RAM | 256GB Storage | Without SIM,8,256,,,,,mapped,2026-07-30T00:00:00,2026-07-30T00:00:00
VAR-BB55D1E0D7BC78,MOD-9B5DDD2D07D5BD,Huawei MatePad 12 X 12GB RAM / 256GB Storage / Without SIM / Green,الموبايلات والاتصالات,أجهزة تابلت,Huawei,MatePad 12 X,12GB RAM | 256GB Storage | Without SIM | Green,12,256,Green,,,,mapped,2026-07-30T00:00:00,2026-07-30T00:00:00
VAR-A881776B569DCD,MOD-21AE3DC645D8C8,Huawei MatePad 12 X 2025 12GB RAM / 256GB Storage / Without SIM / Green,الموبايلات والاتصالات,أجهزة تابلت,Huawei,MatePad 12 X 2025,12GB RAM | 256GB Storage | Without SIM | Green,12,256,Green,,,,mapped,2026-07-30T00:00:00,2026-07-30T00:00:00
VAR-D58C4F5B9430CC,MOD-21AE3DC645D8C8,Huawei MatePad 12 X 2025 12GB RAM / 256GB Storage / Without SIM / White,الموبايلات والاتصالات,أجهزة تابلت,Huawei,MatePad 12 X 2025,12GB RAM | 256GB Storage | Without SIM | White,12,256,White,,,,mapped,2026-07-30T00:00:00,2026-07-30T00:00:00
VAR-2727FB688729C4,MOD-70867B9523955E,Huawei MatePad SE 8GB RAM / 128GB Storage / Without SIM / Blue,الموبايلات والاتصالات,أجهزة تابلت,Huawei,MatePad SE,8GB RAM | 128GB Storage | Without SIM | Blue,8,128,Blue,,,,mapped,2026-07-30T00:00:00,2026-07-30T00:00:00
VAR-280DFF2D1BC58B,MOD-70867B9523955E,Huawei MatePad SE 8GB RAM / 128GB Storage / Without SIM / Grey,الموبايلات والاتصالات,أجهزة تابلت,Huawei,MatePad SE,8GB RAM | 128GB Storage | Without SIM | Grey,8,128,Grey,,,,mapped,2026-07-30T00:00:00,2026-07-30T00:00:00
VAR-9E9A981CE9E690,MOD-E7CECF6B834F96,Huawei MatePad SE 11 4GB RAM / 128GB Storage / Single SIM / Grey,الموبايلات والاتصالات,أجهزة تابلت,Huawei,MatePad SE 11,4GB RAM | 128GB Storage | Single SIM | Grey,4,128,Grey,,,,mapped,2026-07-30T00:00:00,2026-07-30T00:00:00
VAR-CF68F7BFD82959,MOD-E7CECF6B834F96,Huawei MatePad SE 11 4GB RAM / 128GB Storage / Wi-Fi + Without SIM / Grey,الموبايلات والاتصالات,أجهزة تابلت,Huawei,MatePad SE 11,4GB RAM | 128GB Storage | Wi-Fi + Without SIM | Grey,4,128,Grey,,,,mapped,2026-07-30T00:00:00,2026-07-30T00:00:00
VAR-33C3F953C105B2,MOD-E7CECF6B834F96,Huawei MatePad SE 11 6GB RAM / 128GB Storage / Wi-Fi + Without SIM / Grey,الموبايلات والاتصالات,أجهزة تابلت,Huawei,MatePad SE 11,6GB RAM | 128GB Storage | Wi-Fi + Without SIM | Grey,6,128,Grey,,,,mapped,2026-07-30T00:00:00,2026-07-30T00:00:00
VAR-946E61789B0DAA,MOD-E7CECF6B834F96,Huawei MatePad SE 11 8GB RAM / 128GB Storage / Wi-Fi + Without SIM / Blue,الموبايلات والاتصالات,أجهزة تابلت,Huawei,MatePad SE 11,8GB RAM | 128GB Storage | Wi-Fi + Without SIM | Blue,8,128,Blue,,,,mapped,2026-07-30T00:00:00,2026-07-30T00:00:00
VAR-1754395D86F952,MOD-C872BEAEA8F035,Huawei MediaPad 8GB RAM / 256GB Storage / Without SIM / Grey,الموبايلات والاتصالات,أجهزة تابلت,Huawei,MediaPad,8GB RAM | 256GB Storage | Without SIM | Grey,8,256,Grey,,,,mapped,2026-07-30T00:00:00,2026-07-30T00:00:00
VAR-1447DD4C648EC6,MOD-4DFB8910775566,Lenovo Idea Tab 8GB RAM / 256GB Storage / 5G + Single SIM / Grey,الموبايلات والاتصالات,أجهزة تابلت,Lenovo,Idea Tab,8GB RAM | 256GB Storage | 5G + Single SIM | Grey,8,256,Grey,,,,mapped,2026-07-30T00:00:00,2026-07-30T00:00:00
VAR-DD67C518E1EC48,MOD-A0D8F38D231382,Lenovo M10 3rd Generation 4GB RAM / 64GB Storage / 4G + Single SIM / Grey,الموبايلات والاتصالات,أجهزة تابلت,Lenovo,M10 3rd Generation,4GB RAM | 64GB Storage | 4G + Single SIM | Grey,4,64,Grey,,,,mapped,2026-07-30T00:00:00,2026-07-30T00:00:00
VAR-97B5875BDE4A23,MOD-A7A15588A7D11D,Lenovo P11 2nd Generation 6GB RAM / 128GB Storage / 4G LTE + 4G + Single SIM / Grey,الموبايلات والاتصالات,أجهزة تابلت,Lenovo,P11 2nd Generation,6GB RAM | 128GB Storage | 4G LTE + 4G + Single SIM | Grey,6,128,Grey,,,,mapped,2026-07-30T00:00:00,2026-07-30T00:00:00
VAR-E03418E3E6B3EB,MOD-8A0F8E4D1EA54C,Lenovo Tab 4GB RAM / 128GB Storage / 3G + Single SIM / Gray,الموبايلات والاتصالات,أجهزة تابلت,Lenovo,Tab,4GB RAM | 128GB Storage | 3G + Single SIM | Gray,4,128,Gray,,,,mapped,2026-07-30T00:00:00,2026-07-30T00:00:00
VAR-B5ECD0AC9C80F5,MOD-1A99559AD5434A,Lenovo Tab K11 4GB RAM / 128GB Storage / 4G LTE + 4G + Single SIM / Grey,الموبايلات والاتصالات,أجهزة تابلت,Lenovo,Tab K11,4GB RAM | 128GB Storage | 4G LTE + 4G + Single SIM | Grey,4,128,Grey,,,,mapped,2026-07-30T00:00:00,2026-07-30T00:00:00
VAR-937BBABE3922C5,MOD-3EB962A246A2AE,Lenovo Tab Legion 12GB RAM / 256GB Storage / Wi-Fi + Without SIM / Black,الموبايلات والاتصالات,أجهزة تابلت,Lenovo,Tab Legion,12GB RAM | 256GB Storage | Wi-Fi + Without SIM | Black,12,256,Black,,,,mapped,2026-07-30T00:00:00,2026-07-30T00:00:00
VAR-FDFD37D31A7486,MOD-36BD7C26F74AA2,Lenovo Tab M11 4GB RAM / 128GB Storage / Without SIM / Grey,الموبايلات والاتصالات,أجهزة تابلت,Lenovo,Tab M11,4GB RAM | 128GB Storage | Without SIM | Grey,4,128,Grey,,,,mapped,2026-07-30T00:00:00,2026-07-30T00:00:00
VAR-BA1D7732C802F6,MOD-C48FCA9151636D,Lenovo Tab One 4GB RAM / 128GB Storage / 4G LTE + 4G + Single SIM / Gray,الموبايلات والاتصالات,أجهزة تابلت,Lenovo,Tab One,4GB RAM | 128GB Storage | 4G LTE + 4G + Single SIM | Gray,4,128,Gray,,,,mapped,2026-07-30T00:00:00,2026-07-30T00:00:00
VAR-5DEDBDB64FAD15,MOD-C48FCA9151636D,Lenovo Tab One 4GB RAM / 64GB Storage / 4G LTE + 4G + Single SIM / Gray,الموبايلات والاتصالات,أجهزة تابلت,Lenovo,Tab One,4GB RAM | 64GB Storage | 4G LTE + 4G + Single SIM | Gray,4,64,Gray,,,,mapped,2026-07-30T00:00:00,2026-07-30T00:00:00
VAR-7E2CD4DF828DBD,MOD-C48FCA9151636D,Lenovo Tab One 4GB RAM / 64GB Storage / Grey,الموبايلات والاتصالات,أجهزة تابلت,Lenovo,Tab One,4GB RAM | 64GB Storage | Grey,4,64,Grey,,,,mapped,2026-07-30T00:00:00,2026-07-30T00:00:00
VAR-8BE3A90D1AFF78,MOD-AF3B19E3930CEC,Lenovo Tab P11 Plus 4GB RAM / 128GB Storage / 4G LTE + 4G + Single SIM,الموبايلات والاتصالات,أجهزة تابلت,Lenovo,Tab P11 Plus,4GB RAM | 128GB Storage | 4G LTE + 4G + Single SIM,4,128,,,,,mapped,2026-07-30T00:00:00,2026-07-30T00:00:00
VAR-C59FA65C27FE17,MOD-36E430C123D036,Samsung Galaxy Tab A9 4GB RAM / 64GB Storage / 3G + Single SIM,الموبايلات والاتصالات,أجهزة تابلت,Samsung,Galaxy Tab A9,4GB RAM | 64GB Storage | 3G + Single SIM,4,64,,,,,mapped,2026-07-30T00:00:00,2026-07-30T00:00:00
VAR-324602D23FFE1B,MOD-36E430C123D036,Samsung Galaxy Tab A9 4GB RAM / 64GB Storage / 4G + Single SIM / Silver,الموبايلات والاتصالات,أجهزة تابلت,Samsung,Galaxy Tab A9,4GB RAM | 64GB Storage | 4G + Single SIM | Silver,4,64,Silver,,,,mapped,2026-07-30T00:00:00,2026-07-30T00:00:00
VAR-AC9A780A1E0530,MOD-36E430C123D036,Samsung Galaxy Tab A9 8GB RAM / 128GB Storage / 3G + Single SIM / Silver,الموبايلات والاتصالات,أجهزة تابلت,Samsung,Galaxy Tab A9,8GB RAM | 128GB Storage | 3G + Single SIM | Silver,8,128,Silver,,,,mapped,2026-07-30T00:00:00,2026-07-30T00:00:00
VAR-5D99368E3231B4,MOD-8F8A8A613B09F7,Samsung Galaxy Tab S10 FE 12GB RAM / 256GB Storage / 5G + Single SIM / Grey,الموبايلات والاتصالات,أجهزة تابلت,Samsung,Galaxy Tab S10 FE,12GB RAM | 256GB Storage | 5G + Single SIM | Grey,12,256,Grey,,,,mapped,2026-07-30T00:00:00,2026-07-30T00:00:00
VAR-0B1E99F3ACAF4D,MOD-8F8A8A613B09F7,Samsung Galaxy Tab S10 FE 8GB RAM / 128GB Storage / 5G + Single SIM / Blue,الموبايلات والاتصالات,أجهزة تابلت,Samsung,Galaxy Tab S10 FE,8GB RAM | 128GB Storage | 5G + Single SIM | Blue,8,128,Blue,,,,mapped,2026-07-30T00:00:00,2026-07-30T00:00:00
VAR-935B31305A441D,MOD-8F8A8A613B09F7,Samsung Galaxy Tab S10 FE 8GB RAM / 128GB Storage / 5G + Single SIM / Silver,الموبايلات والاتصالات,أجهزة تابلت,Samsung,Galaxy Tab S10 FE,8GB RAM | 128GB Storage | 5G + Single SIM | Silver,8,128,Silver,,,,mapped,2026-07-30T00:00:00,2026-07-30T00:00:00
VAR-3850962F1EFB1D,MOD-D8EE8D477E55E3,Samsung Galaxy Tab S10 FE Plus 8GB RAM / 128GB Storage / 5G + Single SIM / Grey,الموبايلات والاتصالات,أجهزة تابلت,Samsung,Galaxy Tab S10 FE Plus,8GB RAM | 128GB Storage | 5G + Single SIM | Grey,8,128,Grey,,,,mapped,2026-07-30T00:00:00,2026-07-30T00:00:00
VAR-4CC9333ED86DD7,MOD-429E72660B6E1D,Samsung Galaxy Tab S10 Lite 6GB RAM / 128GB Storage / 5G + Single SIM / Grey,الموبايلات والاتصالات,أجهزة تابلت,Samsung,Galaxy Tab S10 Lite,6GB RAM | 128GB Storage | 5G + Single SIM | Grey,6,128,Grey,,,,mapped,2026-07-30T00:00:00,2026-07-30T00:00:00
VAR-9A38EE73BCB285,MOD-429E72660B6E1D,Samsung Galaxy Tab S10 Lite 6GB RAM / 128GB Storage / 5G + Single SIM / Silver,الموبايلات والاتصالات,أجهزة تابلت,Samsung,Galaxy Tab S10 Lite,6GB RAM | 128GB Storage | 5G + Single SIM | Silver,6,128,Silver,,,,mapped,2026-07-30T00:00:00,2026-07-30T00:00:00
VAR-0FE542768C64B1,MOD-429E72660B6E1D,Samsung Galaxy Tab S10 Lite 8GB RAM / 256GB Storage / 5G + Single SIM / Grey,الموبايلات والاتصالات,أجهزة تابلت,Samsung,Galaxy Tab S10 Lite,8GB RAM | 256GB Storage | 5G + Single SIM | Grey,8,256,Grey,,,,mapped,2026-07-30T00:00:00,2026-07-30T00:00:00
VAR-8C02F9A2813D0B,MOD-429E72660B6E1D,Samsung Galaxy Tab S10 Lite 8GB RAM / 256GB Storage / 5G + Single SIM / Silver,الموبايلات والاتصالات,أجهزة تابلت,Samsung,Galaxy Tab S10 Lite,8GB RAM | 256GB Storage | 5G + Single SIM | Silver,8,256,Silver,,,,mapped,2026-07-30T00:00:00,2026-07-30T00:00:00
VAR-FA1491745C1CE7,MOD-D835EE295B054B,Samsung Galaxy Tab S10 Lite 5G 6GB RAM / 128GB / Coral Red | 128GB Storage,الموبايلات والاتصالات,أجهزة تابلت,Samsung,Galaxy Tab S10 Lite 5G,6GB RAM / 128GB / Coral Red,6,128,Coral Red,SM-X406BZRAMEA,,,mapped,2026-07-30T00:00:00,2026-07-30T00:00:00
VAR-31208F93B9DB70,MOD-D835EE295B054B,Samsung Galaxy Tab S10 Lite 5G 6GB RAM / 128GB / Gray | 128GB Storage,الموبايلات والاتصالات,أجهزة تابلت,Samsung,Galaxy Tab S10 Lite 5G,6GB RAM / 128GB / Gray,6,128,Gray,SM-X406BZAAMEA,,,mapped,2026-07-30T00:00:00,2026-07-30T00:00:00
VAR-464B192BAA0669,MOD-D835EE295B054B,Samsung Galaxy Tab S10 Lite 5G 6GB RAM / 128GB / Silver | 128GB Storage,الموبايلات والاتصالات,أجهزة تابلت,Samsung,Galaxy Tab S10 Lite 5G,6GB RAM / 128GB / Silver,6,128,Silver,SM-X406BZSAMEA,,,mapped,2026-07-30T00:00:00,2026-07-30T00:00:00
VAR-F124717788F7C5,MOD-D835EE295B054B,Samsung Galaxy Tab S10 Lite 5G 8GB RAM / 256GB / Coral Red | 256GB Storage,الموبايلات والاتصالات,أجهزة تابلت,Samsung,Galaxy Tab S10 Lite 5G,8GB RAM / 256GB / Coral Red,8,256,Coral Red,SM-X406BZREMEA,,,mapped,2026-07-30T00:00:00,2026-07-30T00:00:00
VAR-7FEFB7359E4588,MOD-D835EE295B054B,Samsung Galaxy Tab S10 Lite 5G 8GB RAM / 256GB / Gray | 256GB Storage,الموبايلات والاتصالات,أجهزة تابلت,Samsung,Galaxy Tab S10 Lite 5G,8GB RAM / 256GB / Gray,8,256,Gray,SM-X406BZAEMEA,,,mapped,2026-07-30T00:00:00,2026-07-30T00:00:00
VAR-5578FE61F9CEB0,MOD-D835EE295B054B,Samsung Galaxy Tab S10 Lite 5G 8GB RAM / 256GB / Silver | 256GB Storage,الموبايلات والاتصالات,أجهزة تابلت,Samsung,Galaxy Tab S10 Lite 5G,8GB RAM / 256GB / Silver,8,256,Silver,SM-X406BZSEMEA,,,mapped,2026-07-30T00:00:00,2026-07-30T00:00:00
VAR-51E4DE5E8D9055,MOD-DA9919C9BA6B0A,Samsung Galaxy Tab S10 Plus 12GB RAM / 256GB Storage / 5G + Dual-SIM / Platinum Silver,الموبايلات والاتصالات,أجهزة تابلت,Samsung,Galaxy Tab S10 Plus,12GB RAM | 256GB Storage | 5G + Dual-SIM | Platinum Silver,12,256,Platinum Silver,,,,mapped,2026-07-30T00:00:00,2026-07-30T00:00:00
VAR-D4C643DFDFA5C4,MOD-E4EB2C0112F88E,Samsung Galaxy Tab S11 Ultra 5G 256GB / Gray | 256GB Storage,الموبايلات والاتصالات,أجهزة تابلت,Samsung,Galaxy Tab S11 Ultra 5G,256GB / Gray,,256,Gray,SM-X936BZAAMEA,,,mapped,2026-07-30T00:00:00,2026-07-30T00:00:00
VAR-1A1A0B2880C321,MOD-E4EB2C0112F88E,Samsung Galaxy Tab S11 Ultra 5G 256GB / Silver | 256GB Storage,الموبايلات والاتصالات,أجهزة تابلت,Samsung,Galaxy Tab S11 Ultra 5G,256GB / Silver,,256,Silver,SM-X936BZSAMEA,,,mapped,2026-07-30T00:00:00,2026-07-30T00:00:00
VAR-D1EACE77084A1B,MOD-E4EB2C0112F88E,Samsung Galaxy Tab S11 Ultra 5G 512GB / Gray | 512GB Storage,الموبايلات والاتصالات,أجهزة تابلت,Samsung,Galaxy Tab S11 Ultra 5G,512GB / Gray,,512,Gray,SM-X936BZAEMEA,,,mapped,2026-07-30T00:00:00,2026-07-30T00:00:00
VAR-7612A997039E13,MOD-E4EB2C0112F88E,Samsung Galaxy Tab S11 Ultra 5G 512GB / Silver | 512GB Storage,الموبايلات والاتصالات,أجهزة تابلت,Samsung,Galaxy Tab S11 Ultra 5G,512GB / Silver,,512,Silver,SM-X936BZSEMEA,,,mapped,2026-07-30T00:00:00,2026-07-30T00:00:00
VAR-21ED6E95E8ABC8,MOD-F0DEB3DCF21B46,Samsung Galaxy Tab S6 Lite 4GB RAM / 128GB Storage / Wi-Fi + Without SIM,الموبايلات والاتصالات,أجهزة تابلت,Samsung,Galaxy Tab S6 Lite,4GB RAM | 128GB Storage | Wi-Fi + Without SIM,4,128,,,,,mapped,2026-07-30T00:00:00,2026-07-30T00:00:00
VAR-8CEA5FCA02874A,MOD-F0DEB3DCF21B46,Samsung Galaxy Tab S6 Lite 4GB RAM / 128GB Storage / Wi-Fi + Without SIM / Grey,الموبايلات والاتصالات,أجهزة تابلت,Samsung,Galaxy Tab S6 Lite,4GB RAM | 128GB Storage | Wi-Fi + Without SIM | Grey,4,128,Grey,,,,mapped,2026-07-30T00:00:00,2026-07-30T00:00:00
VAR-5C6BE1362FBC5A,MOD-F0DEB3DCF21B46,Samsung Galaxy Tab S6 Lite 4GB RAM / 64GB Storage / 4G + Single SIM / Grey,الموبايلات والاتصالات,أجهزة تابلت,Samsung,Galaxy Tab S6 Lite,4GB RAM | 64GB Storage | 4G + Single SIM | Grey,4,64,Grey,,,,mapped,2026-07-30T00:00:00,2026-07-30T00:00:00
VAR-EDB804A75A3408,MOD-3853275034819F,Samsung Galaxy Tab S9 FE Plus 8GB RAM / 128GB Storage / 5G + Dual-SIM / Gray,الموبايلات والاتصالات,أجهزة تابلت,Samsung,Galaxy Tab S9 FE Plus,8GB RAM | 128GB Storage | 5G + Dual-SIM | Gray,8,128,Gray,,,,mapped,2026-07-30T00:00:00,2026-07-30T00:00:00
VAR-35D1B397D757E1,MOD-AE1BD4B0265F0E,Xiaomi Pad 2 8GB RAM / 256GB Storage / 4G + Dual-SIM / Green,الموبايلات والاتصالات,أجهزة تابلت,Xiaomi,Pad 2,8GB RAM | 256GB Storage | 4G + Dual-SIM | Green,8,256,Green,,,,mapped,2026-07-30T00:00:00,2026-07-30T00:00:00
VAR-0BB1EC34AC1179,MOD-A73B5721B2768C,Xiaomi Pad 8 8GB RAM / 256GB Storage / Wi-Fi + Without SIM / Blue,الموبايلات والاتصالات,أجهزة تابلت,Xiaomi,Pad 8,8GB RAM | 256GB Storage | Wi-Fi + Without SIM | Blue,8,256,Blue,,,,mapped,2026-07-30T00:00:00,2026-07-30T00:00:00
VAR-B66C9141533956,MOD-A73B5721B2768C,Xiaomi Pad 8 8GB RAM / 256GB Storage / Wi-Fi + Without SIM / Gray,الموبايلات والاتصالات,أجهزة تابلت,Xiaomi,Pad 8,8GB RAM | 256GB Storage | Wi-Fi + Without SIM | Gray,8,256,Gray,,,,mapped,2026-07-30T00:00:00,2026-07-30T00:00:00
VAR-7E102F4F9E6ADF,MOD-A73B5721B2768C,Xiaomi Pad 8 8GB RAM / 256GB Storage / Wi-Fi + Without SIM / Green,الموبايلات والاتصالات,أجهزة تابلت,Xiaomi,Pad 8,8GB RAM | 256GB Storage | Wi-Fi + Without SIM | Green,8,256,Green,,,,mapped,2026-07-30T00:00:00,2026-07-30T00:00:00
VAR-9B135A1611A996,MOD-A5575C102535C4,Xiaomi Redmi Pad 2 8GB RAM / 256GB Storage / 4G + Dual-SIM / Grey / Red,الموبايلات والاتصالات,أجهزة تابلت,Xiaomi,Redmi Pad 2,8GB RAM | 256GB Storage | 4G + Dual-SIM | Grey / Red,8,256,Grey / Red,,,,mapped,2026-07-30T00:00:00,2026-07-30T00:00:00
VAR-9A45064D09FE14,MOD-D828DE6CFE0000,Xiaomi Redmi Pad 2 Middle East Version 4GB RAM / 128GB Storage / 4G + Single SIM / Graphite / Gray / Red,الموبايلات والاتصالات,أجهزة تابلت,Xiaomi,Redmi Pad 2 Middle East Version,4GB RAM | 128GB Storage | 4G + Single SIM | Graphite / Gray / Red,4,128,Graphite / Gray / Red,,,,mapped,2026-07-30T00:00:00,2026-07-30T00:00:00
VAR-174122244C1022,MOD-6EC4EC872F2B64,Xiaomi Redmi Pad 2 Pro 8GB RAM / 256GB Storage / 5G + Dual-SIM / Gray / Red,الموبايلات والاتصالات,أجهزة تابلت,Xiaomi,Redmi Pad 2 Pro,8GB RAM | 256GB Storage | 5G + Dual-SIM | Gray / Red,8,256,Gray / Red,,,,mapped,2026-07-30T00:00:00,2026-07-30T00:00:00
VAR-81B232E68AE569,MOD-505B7FFAF12BB3,Xiaomi Redmi Pad SE 8GB RAM / 256GB Storage / Without SIM / Graphite Grey / Red,الموبايلات والاتصالات,أجهزة تابلت,Xiaomi,Redmi Pad SE,8GB RAM | 256GB Storage | Without SIM | Graphite Grey / Red,8,256,Graphite Grey / Red,,,,mapped,2026-07-30T00:00:00,2026-07-30T00:00:00
VAR-4FA79D3A091CA8,MOD-ABD6F73DF46997,Google Fitbit Air Fitness Tracker Band Berry Polished Champagne Champagne / Berry,الموبايلات والاتصالات,أساور لياقة,Google,Fitbit Air Fitness Tracker Band Berry Polished Champagne,Champagne / Berry,,,Champagne / Berry,,,,mapped,2026-07-30T00:00:00,2026-07-30T00:00:00
VAR-F34F88FFFECCFB,MOD-346BE46AD51985,Google Fitbit Air Fitness Tracker Band Lavender Polished Silver Lavender / Silver,الموبايلات والاتصالات,أساور لياقة,Google,Fitbit Air Fitness Tracker Band Lavender Polished Silver,Lavender / Silver,,,Lavender / Silver,,,,mapped,2026-07-30T00:00:00,2026-07-30T00:00:00
VAR-DC07795B4CCF62,MOD-14BF72124DC41D,Google Fitbit Air Fitness Tracker Band Obsidian Matte Black Obsidian / Black,الموبايلات والاتصالات,أساور لياقة,Google,Fitbit Air Fitness Tracker Band Obsidian Matte Black,Obsidian / Black,,,Obsidian / Black,,,,mapped,2026-07-30T00:00:00,2026-07-30T00:00:00
VAR-C4477A3EB93D4E,MOD-55FB035334FB50,Anker Wired Power Bank 25000mAh / Space Black / Red,الموبايلات والاتصالات,باور بانك,Anker,Wired Power Bank,25000mAh | Space Black / Red,,,Space Black / Red,,,,mapped,2026-07-30T00:00:00,2026-07-30T00:00:00
VAR-CB4C65C01120EB,MOD-D5D932C8501C89,Anker Zolo Wired Power Bank 25000mAh / Silver / Red,الموبايلات والاتصالات,باور بانك,Anker,Zolo Wired Power Bank,25000mAh | Silver / Red,,,Silver / Red,,,,mapped,2026-07-30T00:00:00,2026-07-30T00:00:00
VAR-C659F60155E3F1,MOD-57F112BDD0F073,Anker Zolo Wired Power Bank with Built-in Cable 10000mAh / Black / Red,الموبايلات والاتصالات,باور بانك,Anker,Zolo Wired Power Bank with Built-in Cable,10000mAh | Black / Red,,,Black / Red,,,,mapped,2026-07-30T00:00:00,2026-07-30T00:00:00
VAR-5A9234AE860CB5,MOD-FFF45ADF36B188,Baseus Power Bank 20000mAh / Black,الموبايلات والاتصالات,باور بانك,Baseus,Power Bank,20000mAh | Black,,,Black,,,,mapped,2026-07-30T00:00:00,2026-07-30T00:00:00
VAR-C077A57396CF59,MOD-5AEE7F8E852BC6,Belkin BoostCharge Power Bank 10000mAh / Black,الموبايلات والاتصالات,باور بانك,Belkin,BoostCharge Power Bank,10000mAh | Black,,,Black,,,,mapped,2026-07-30T00:00:00,2026-07-30T00:00:00
VAR-F93BE6108A9A1F,MOD-2150459FB7C6C0,Devia Extreme Speed Series Wirless Magnetic Wireless Power Bank 10000mAh / 5G,الموبايلات والاتصالات,باور بانك,Devia,Extreme Speed Series Wirless Magnetic Wireless Power Bank,10000mAh | 5G,,,,,,,mapped,2026-07-30T00:00:00,2026-07-30T00:00:00
VAR-C911C934D82C18,MOD-DD92BD3F9BA9B5,Joyroom Power Bank 10000mAh / White,الموبايلات والاتصالات,باور بانك,Joyroom,Power Bank,10000mAh | White,,,White,,,,mapped,2026-07-30T00:00:00,2026-07-30T00:00:00
VAR-4457A5A3215362,MOD-DD92BD3F9BA9B5,Joyroom Power Bank 20000mAh / Black,الموبايلات والاتصالات,باور بانك,Joyroom,Power Bank,20000mAh | Black,,,Black,,,,mapped,2026-07-30T00:00:00,2026-07-30T00:00:00
VAR-585F613E62DA51,MOD-C036B7BD1ADA9D,Joyroom Wired and wireless Power Bank 10000mAh / Black / Red,الموبايلات والاتصالات,باور بانك,Joyroom,Wired and wireless Power Bank,10000mAh | Black / Red,,,Black / Red,,,,mapped,2026-07-30T00:00:00,2026-07-30T00:00:00
VAR-76229F6E1B5388,MOD-9E5C1E9A02E6CE,Joyroom Wired Power Bank 10000mAh / Black / Red,الموبايلات والاتصالات,باور بانك,Joyroom,Wired Power Bank,10000mAh | Black / Red,,,Black / Red,,,,mapped,2026-07-30T00:00:00,2026-07-30T00:00:00
VAR-5632C136692175,MOD-9E5C1E9A02E6CE,Joyroom Wired Power Bank 20000mAh / Black / Red,الموبايلات والاتصالات,باور بانك,Joyroom,Wired Power Bank,20000mAh | Black / Red,,,Black / Red,,,,mapped,2026-07-30T00:00:00,2026-07-30T00:00:00
VAR-BEE0B77788DA2C,MOD-DD7DCDAB160783,Joyroom Wired/Wireless Power Bank 10000mAh / Black / Red,الموبايلات والاتصالات,باور بانك,Joyroom,Wired/Wireless Power Bank,10000mAh | Black / Red,,,Black / Red,,,,mapped,2026-07-30T00:00:00,2026-07-30T00:00:00
VAR-7A4B2451197017,MOD-DD7DCDAB160783,Joyroom Wired/Wireless Power Bank 10000mAh / White / Red,الموبايلات والاتصالات,باور بانك,Joyroom,Wired/Wireless Power Bank,10000mAh | White / Red,,,White / Red,,,,mapped,2026-07-30T00:00:00,2026-07-30T00:00:00
VAR-D027F187369DC8,MOD-97606286BD74F0,Oraimo Power Bank 20000mAh / Black,الموبايلات والاتصالات,باور بانك,Oraimo,Power Bank,20000mAh | Black,,,Black,,,,mapped,2026-07-30T00:00:00,2026-07-30T00:00:00
VAR-6FE484D3270FCA,MOD-7DAA780AA84CA2,Oraimo PowerNova L11 Wired Power Bank with Built-in Cable 10000mAh / Blue / Red,الموبايلات والاتصالات,باور بانك,Oraimo,PowerNova L11 Wired Power Bank with Built-in Cable,10000mAh | Blue / Red,,,Blue / Red,,,,mapped,2026-07-30T00:00:00,2026-07-30T00:00:00
VAR-722EA072BDA4DF,MOD-753C6D144E94BC,Oraimo Wired Power Bank 10000mAh / Black / Red,الموبايلات والاتصالات,باور بانك,Oraimo,Wired Power Bank,10000mAh | Black / Red,,,Black / Red,,,,mapped,2026-07-30T00:00:00,2026-07-30T00:00:00
VAR-F6DDB64F9D2571,MOD-F59D57F37AF597,D-Link DSL-224 Black,الموبايلات والاتصالات,راوترات منزلية,D-Link,DSL-224,Black,,,Black,DSL-224,,,mapped,2026-07-30T00:00:00,2026-07-30T00:00:00
VAR-CCDD71E551910C,MOD-D79D6D66384671,Mercusys MT110 Black,الموبايلات والاتصالات,راوترات منزلية,Mercusys,MT110,Black,,,Black,MT110,,,mapped,2026-07-30T00:00:00,2026-07-30T00:00:00
VAR-0E67C54FA37895,MOD-2BD5FF4BD06BE1,TP-Link AC1200 Black,الموبايلات والاتصالات,راوترات منزلية,TP-Link,AC1200,Black,,,Black,AC1200,,,mapped,2026-07-30T00:00:00,2026-07-30T00:00:00
VAR-97416E74F1D21E,MOD-5C4E8070570FE0,TP-Link AC2100 Black,الموبايلات والاتصالات,راوترات منزلية,TP-Link,AC2100,Black,,,Black,AC2100,,,mapped,2026-07-30T00:00:00,2026-07-30T00:00:00
VAR-4D0F3C4C9DB5E6,MOD-31D8DF7365D485,TP-Link AC750 Black,الموبايلات والاتصالات,راوترات منزلية,TP-Link,AC750,Black,,,Black,AC750,,,mapped,2026-07-30T00:00:00,2026-07-30T00:00:00
VAR-D4DFA79E94BE42,MOD-31D8DF7365D485,TP-Link AC750 White,الموبايلات والاتصالات,راوترات منزلية,TP-Link,AC750,White,,,White,AC750,,,mapped,2026-07-30T00:00:00,2026-07-30T00:00:00
VAR-BEB4D471937C6C,MOD-40537E9A237FC0,TP-Link Archer AX10 (AX1500) Archer AX10 (AX1500) / Black,الموبايلات والاتصالات,راوترات منزلية,TP-Link,Archer AX10 (AX1500),Archer AX10 (AX1500) / Black,,,Black,Archer AX10,,,mapped,2026-07-30T00:00:00,2026-07-30T00:00:00
VAR-BB4D875A3C8CA2,MOD-71E7C5B1D9EB32,TP-Link Archer C54 Archer C54 / Black,الموبايلات والاتصالات,راوترات منزلية,TP-Link,Archer C54,Archer C54 / Black,,,Black,Archer C54,,,mapped,2026-07-30T00:00:00,2026-07-30T00:00:00
VAR-36ED6875D79699,MOD-64B20B38A7FB3D,TP-Link Archer C54 Black,الموبايلات والاتصالات,راوترات منزلية,TP-Link,Archer C54,Black,,,Black,Archer C54,,,mapped,2026-07-30T00:00:00,2026-07-30T00:00:00
VAR-BD3AEE9ACFE82F,MOD-7931AE45E408A5,TP-Link Archer C64 Black,الموبايلات والاتصالات,راوترات منزلية,TP-Link,Archer C64,Black,,,Black,,,,mapped,2026-07-30T00:00:00,2026-07-30T00:00:00
VAR-EBBB67B2D5F7B8,MOD-D020ABCC33B54C,TP-Link Archer VR300 (AC1200) Archer VR300 (AC1200) / Black,الموبايلات والاتصالات,راوترات منزلية,TP-Link,Archer VR300 (AC1200),Archer VR300 (AC1200) / Black,,,Black,Archer VR300,,,mapped,2026-07-30T00:00:00,2026-07-30T00:00:00
VAR-9423EF6B1EF626,MOD-486187082F8C84,TP-Link Archer VR400 Black,الموبايلات والاتصالات,راوترات منزلية,TP-Link,Archer VR400,Black,,,Black,Archer VR400,,,mapped,2026-07-30T00:00:00,2026-07-30T00:00:00
VAR-78712CB49007CE,MOD-EEE8E283EEBC51,TP-Link Archer VR600 (AC2100) Archer VR600 (AC2100) / Black,الموبايلات والاتصالات,راوترات منزلية,TP-Link,Archer VR600 (AC2100),Archer VR600 (AC2100) / Black,,,Black,Archer VR600,,,mapped,2026-07-30T00:00:00,2026-07-30T00:00:00
VAR-7C57D171431DB0,MOD-1A5A435ACA18A6,TP-Link AX1500 Black,الموبايلات والاتصالات,راوترات منزلية,TP-Link,AX1500,Black,,,Black,AX1500,,,mapped,2026-07-30T00:00:00,2026-07-30T00:00:00
VAR-14A10F2E1EF4CD,MOD-5A217214DD5F58,TP-Link AX1800 White,الموبايلات والاتصالات,راوترات منزلية,TP-Link,AX1800,White,,,White,AX1800,,,mapped,2026-07-30T00:00:00,2026-07-30T00:00:00
VAR-356787C5ECE907,MOD-4D23D4AD41D811,TP-Link LS100 White,الموبايلات والاتصالات,راوترات منزلية,TP-Link,LS100,White,,,White,LS100,,,mapped,2026-07-30T00:00:00,2026-07-30T00:00:00
VAR-7E287B093A6FD1,MOD-E3516997AEFEE0,TP-Link M7200 Black,الموبايلات والاتصالات,راوترات منزلية,TP-Link,M7200,Black,,,Black,M7200,,,mapped,2026-07-30T00:00:00,2026-07-30T00:00:00
VAR-517F927E720EA3,MOD-1BF389102D70EE,TP-Link TD-W9960 Blue,الموبايلات والاتصالات,راوترات منزلية,TP-Link,TD-W9960,Blue,,,Blue,TD-W9960,,,mapped,2026-07-30T00:00:00,2026-07-30T00:00:00
VAR-F07C3BF7349F8A,MOD-90793C7471F625,TP-Link TD-W9960 TD-W9960 / Blue,الموبايلات والاتصالات,راوترات منزلية,TP-Link,TD-W9960,TD-W9960 / Blue,,,Blue,TD-W9960,,,mapped,2026-07-30T00:00:00,2026-07-30T00:00:00
VAR-47DEBF2DA62356,MOD-011087B0507E84,TP-Link TL-MR3020 White,الموبايلات والاتصالات,راوترات منزلية,TP-Link,TL-MR3020,White,,,White,TL-MR3020,,,mapped,2026-07-30T00:00:00,2026-07-30T00:00:00
VAR-15BC233E7C8D60,MOD-A45E3563E4CA4B,TP-Link TL-WR820N Wi-Fi / White,الموبايلات والاتصالات,راوترات منزلية,TP-Link,TL-WR820N,Wi-Fi | White,,,White,TL-WR820N,,,mapped,2026-07-30T00:00:00,2026-07-30T00:00:00
VAR-DA3BE66ECB6830,MOD-FC3EE2F4F71235,TP-Link TL-WR840N White,الموبايلات والاتصالات,راوترات منزلية,TP-Link,TL-WR840N,White,,,White,TL-WR840N,,,mapped,2026-07-30T00:00:00,2026-07-30T00:00:00
VAR-1CECF453EFCBF2,MOD-97BC2ACF616683,Xiaomi 4C White,الموبايلات والاتصالات,راوترات منزلية,Xiaomi,4C,White,,,White,,,,mapped,2026-07-30T00:00:00,2026-07-30T00:00:00
VAR-7A43E4EBD8C105,MOD-D8A376ECC6F0D9,Apple Series 11 Jet Black,الموبايلات والاتصالات,ساعات ذكية,Apple,Series 11,Jet Black,,,Jet Black,,,,mapped,2026-07-30T00:00:00,2026-07-30T00:00:00
VAR-4824CB7C90C152,MOD-F9CDB4FD46DD19,Mibro Fit Gray,الموبايلات والاتصالات,ساعات ذكية,Mibro,Fit,Gray,,,Gray,,,,mapped,2026-07-30T00:00:00,2026-07-30T00:00:00
VAR-B58D0531ADF305,MOD-D26F2A7D8F68C7,Samsung Galaxy Watch8 Bluetooth 40mm / Bluetooth / Graphite | 2GB RAM | 32GB Storage,الموبايلات والاتصالات,ساعات ذكية,Samsung,Galaxy Watch8 Bluetooth,40mm / Bluetooth / Graphite,2,32,Graphite,,,,mapped,2026-07-30T00:00:00,2026-07-30T00:00:00
VAR-BAED1A49414DAA,MOD-D26F2A7D8F68C7,Samsung Galaxy Watch8 Bluetooth 40mm / Bluetooth / Silver | 2GB RAM | 32GB Storage,الموبايلات والاتصالات,ساعات ذكية,Samsung,Galaxy Watch8 Bluetooth,40mm / Bluetooth / Silver,2,32,Silver,,,,mapped,2026-07-30T00:00:00,2026-07-30T00:00:00
VAR-172F7ED240DA67,MOD-D26F2A7D8F68C7,Samsung Galaxy Watch8 Bluetooth 44mm / Bluetooth / Graphite | 2GB RAM | 32GB Storage,الموبايلات والاتصالات,ساعات ذكية,Samsung,Galaxy Watch8 Bluetooth,44mm / Bluetooth / Graphite,2,32,Graphite,,,,mapped,2026-07-30T00:00:00,2026-07-30T00:00:00
VAR-6CEE4996156137,MOD-D26F2A7D8F68C7,Samsung Galaxy Watch8 Bluetooth 44mm / Bluetooth / Silver | 2GB RAM | 32GB Storage,الموبايلات والاتصالات,ساعات ذكية,Samsung,Galaxy Watch8 Bluetooth,44mm / Bluetooth / Silver,2,32,Silver,,,,mapped,2026-07-30T00:00:00,2026-07-30T00:00:00
VAR-E1D15DB3D7251F,MOD-05AF4AD64AEEE3,Samsung Galaxy Watch8 Classic 46mm / GPS / Black,الموبايلات والاتصالات,ساعات ذكية,Samsung,Galaxy Watch8 Classic,46mm / GPS / Black,,,Black,,,,mapped,2026-07-30T00:00:00,2026-07-30T00:00:00
VAR-5BB4D4D2DA6E62,MOD-05AF4AD64AEEE3,Samsung Galaxy Watch8 Classic 46mm / LTE / White,الموبايلات والاتصالات,ساعات ذكية,Samsung,Galaxy Watch8 Classic,46mm / LTE / White,,,White,,,,mapped,2026-07-30T00:00:00,2026-07-30T00:00:00
VAR-72D30795D10070,MOD-20C6A7D437567E,Samsung Galaxy Watch8 LTE 40mm / LTE / Silver | 32GB Storage,الموبايلات والاتصالات,ساعات ذكية,Samsung,Galaxy Watch8 LTE,40mm / LTE / Silver,,32,Silver,,,,mapped,2026-07-30T00:00:00,2026-07-30T00:00:00
VAR-9769140B0A7D30,MOD-20C6A7D437567E,Samsung Galaxy Watch8 LTE 44mm / LTE / Silver | 32GB Storage,الموبايلات والاتصالات,ساعات ذكية,Samsung,Galaxy Watch8 LTE,44mm / LTE / Silver,,32,Silver,,,,mapped,2026-07-30T00:00:00,2026-07-30T00:00:00
VAR-7564D05D1F2D65,MOD-871D89B8501696,Apple iPhone 17 8GB RAM (retailer-declared) / 256GB / Mist Blue | 256GB Storage,الموبايلات والاتصالات,هواتف ذكية,Apple,iPhone 17,8GB RAM (retailer-declared) / 256GB / Mist Blue,8,256,Mist Blue,,,,mapped,2026-07-30T00:00:00,2026-07-30T00:00:00
VAR-05858F0646462E,MOD-6C1214FC0E11AE,Apple iPhone 17 Pro 12GB RAM (retailer-declared) / 256GB / Cosmic Orange | 256GB Storage,الموبايلات والاتصالات,هواتف ذكية,Apple,iPhone 17 Pro,12GB RAM (retailer-declared) / 256GB / Cosmic Orange,12,256,Cosmic Orange,,,,mapped,2026-07-30T00:00:00,2026-07-30T00:00:00
VAR-2284D7BFDA60C0,MOD-BE4E74420A4992,Apple iPhone 17 Pro Max 12GB RAM (retailer-declared) / 256GB / Deep Blue | 256GB Storage,الموبايلات والاتصالات,هواتف ذكية,Apple,iPhone 17 Pro Max,12GB RAM (retailer-declared) / 256GB / Deep Blue,12,256,Deep Blue,,,,mapped,2026-07-30T00:00:00,2026-07-30T00:00:00
VAR-B00CCF359A7358,MOD-FA6415CFE38FCC,Apple iPhone Air 8GB RAM (retailer-declared) / 256GB / Space Black | 256GB Storage,الموبايلات والاتصالات,هواتف ذكية,Apple,iPhone Air,8GB RAM (retailer-declared) / 256GB / Space Black,8,256,Space Black,,,,mapped,2026-07-30T00:00:00,2026-07-30T00:00:00
VAR-A13E2652D97A3D,MOD-8E984D8D720FBF,Honor 600 12GB RAM / 256GB Storage / 5G + Dual-SIM / Black,الموبايلات والاتصالات,هواتف ذكية,Honor,600,12GB RAM | 256GB Storage | 5G + Dual-SIM | Black,12,256,Black,,,,mapped,2026-07-30T00:00:00,2026-07-30T00:00:00
VAR-BD443D072F681D,MOD-8E984D8D720FBF,Honor 600 12GB RAM / 256GB Storage / 5G + Dual-SIM / Light Gold,الموبايلات والاتصالات,هواتف ذكية,Honor,600,12GB RAM | 256GB Storage | 5G + Dual-SIM | Light Gold,12,256,Light Gold,,,,mapped,2026-07-30T00:00:00,2026-07-30T00:00:00
VAR-051855587C7670,MOD-8E984D8D720FBF,Honor 600 12GB RAM / 256GB Storage / 5G + Dual-SIM / Orange,الموبايلات والاتصالات,هواتف ذكية,Honor,600,12GB RAM | 256GB Storage | 5G + Dual-SIM | Orange,12,256,Orange,,,,mapped,2026-07-30T00:00:00,2026-07-30T00:00:00
VAR-E984268F0F9DB6,MOD-8E984D8D720FBF,Honor 600 8GB RAM / 256GB Storage / 5G + Dual-SIM / Black,الموبايلات والاتصالات,هواتف ذكية,Honor,600,8GB RAM | 256GB Storage | 5G + Dual-SIM | Black,8,256,Black,,,,mapped,2026-07-30T00:00:00,2026-07-30T00:00:00
VAR-B3481EE76941B2,MOD-8E984D8D720FBF,Honor 600 8GB RAM / 256GB Storage / 5G + Dual-SIM / Light Gold,الموبايلات والاتصالات,هواتف ذكية,Honor,600,8GB RAM | 256GB Storage | 5G + Dual-SIM | Light Gold,8,256,Light Gold,,,,mapped,2026-07-30T00:00:00,2026-07-30T00:00:00
VAR-08B806A6E24890,MOD-8E984D8D720FBF,Honor 600 8GB RAM / 256GB Storage / 5G + Dual-SIM / Orange,الموبايلات والاتصالات,هواتف ذكية,Honor,600,8GB RAM | 256GB Storage | 5G + Dual-SIM | Orange,8,256,Orange,,,,mapped,2026-07-30T00:00:00,2026-07-30T00:00:00
VAR-918F04E9259AA1,MOD-A347B99FD3B4AD,Honor 600 Lite 8GB RAM / 128GB Storage / 5G + Dual-SIM / Desert Gold,الموبايلات والاتصالات,هواتف ذكية,Honor,600 Lite,8GB RAM | 128GB Storage | 5G + Dual-SIM | Desert Gold,8,128,Desert Gold,,,,mapped,2026-07-30T00:00:00,2026-07-30T00:00:00
VAR-5E341007F16609,MOD-A347B99FD3B4AD,Honor 600 Lite 8GB RAM / 256GB Storage / 5G + Dual-SIM / Desert Gold,الموبايلات والاتصالات,هواتف ذكية,Honor,600 Lite,8GB RAM | 256GB Storage | 5G + Dual-SIM | Desert Gold,8,256,Desert Gold,,,,mapped,2026-07-30T00:00:00,2026-07-30T00:00:00
VAR-A8307EBC51F214,MOD-BE3F3AC9D48CA4,Honor 600 Pro 12GB RAM / 512GB Storage / 5G + Dual-SIM / Light Gold,الموبايلات والاتصالات,هواتف ذكية,Honor,600 Pro,12GB RAM | 512GB Storage | 5G + Dual-SIM | Light Gold,12,512,Light Gold,,,,mapped,2026-07-30T00:00:00,2026-07-30T00:00:00
VAR-57067B5D43ACAA,MOD-5996ECA90B1E67,Honor HONOR 400 12GB RAM / 256GB / Desert Gold | 256GB Storage,الموبايلات والاتصالات,هواتف ذكية,Honor,HONOR 400,12GB RAM / 256GB / Desert Gold,12,256,Desert Gold,,,,mapped,2026-07-30T00:00:00,2026-07-30T00:00:00
VAR-39BDA26905FA9A,MOD-5996ECA90B1E67,Honor HONOR 400 12GB RAM / 256GB / Meteor Silver | 256GB Storage,الموبايلات والاتصالات,هواتف ذكية,Honor,HONOR 400,12GB RAM / 256GB / Meteor Silver,12,256,Meteor Silver,,,,mapped,2026-07-30T00:00:00,2026-07-30T00:00:00
VAR-6FAEA602AFFD76,MOD-5996ECA90B1E67,Honor HONOR 400 12GB RAM / 256GB / Midnight Black | 256GB Storage,الموبايلات والاتصالات,هواتف ذكية,Honor,HONOR 400,12GB RAM / 256GB / Midnight Black,12,256,Midnight Black,,,,mapped,2026-07-30T00:00:00,2026-07-30T00:00:00
VAR-7079529B916853,MOD-5996ECA90B1E67,Honor HONOR 400 12GB RAM / 512GB / Desert Gold | 512GB Storage,الموبايلات والاتصالات,هواتف ذكية,Honor,HONOR 400,12GB RAM / 512GB / Desert Gold,12,512,Desert Gold,,,,mapped,2026-07-30T00:00:00,2026-07-30T00:00:00
VAR-B80773C6A75BFA,MOD-5996ECA90B1E67,Honor HONOR 400 12GB RAM / 512GB / Meteor Silver | 512GB Storage,الموبايلات والاتصالات,هواتف ذكية,Honor,HONOR 400,12GB RAM / 512GB / Meteor Silver,12,512,Meteor Silver,,,,mapped,2026-07-30T00:00:00,2026-07-30T00:00:00
VAR-A4F9FA69450B27,MOD-5996ECA90B1E67,Honor HONOR 400 12GB RAM / 512GB / Midnight Black | 512GB Storage,الموبايلات والاتصالات,هواتف ذكية,Honor,HONOR 400,12GB RAM / 512GB / Midnight Black,12,512,Midnight Black,,,,mapped,2026-07-30T00:00:00,2026-07-30T00:00:00
VAR-68018245F26927,MOD-4431383CAF8A22,Honor HONOR 400 Lite 8GB RAM / 256GB / Velvet Black | 256GB Storage,الموبايلات والاتصالات,هواتف ذكية,Honor,HONOR 400 Lite,8GB RAM / 256GB / Velvet Black,8,256,Velvet Black,,,,mapped,2026-07-30T00:00:00,2026-07-30T00:00:00
VAR-ED9C5ACBD72D97,MOD-60F6A86EE7A756,Honor HONOR 400 Pro 12GB RAM / 512GB / Lunar Grey | 512GB Storage,الموبايلات والاتصالات,هواتف ذكية,Honor,HONOR 400 Pro,12GB RAM / 512GB / Lunar Grey,12,512,Lunar Grey,,,,mapped,2026-07-30T00:00:00,2026-07-30T00:00:00
VAR-D8CB661D33AFCA,MOD-60F6A86EE7A756,Honor HONOR 400 Pro 12GB RAM / 512GB / Tidal Blue | 512GB Storage,الموبايلات والاتصالات,هواتف ذكية,Honor,HONOR 400 Pro,12GB RAM / 512GB / Tidal Blue,12,512,Tidal Blue,,,,mapped,2026-07-30T00:00:00,2026-07-30T00:00:00
VAR-BA13A81E2B6C8D,MOD-954ADC88F87ABE,Honor HONOR X9c 12GB RAM / 256GB / Black | 256GB Storage,الموبايلات والاتصالات,هواتف ذكية,Honor,HONOR X9c,12GB RAM / 256GB / Black,12,256,Black,,,,mapped,2026-07-30T00:00:00,2026-07-30T00:00:00
VAR-EC463EEA2F8B1C,MOD-954ADC88F87ABE,Honor HONOR X9c 12GB RAM / 256GB / Cyan | 256GB Storage,الموبايلات والاتصالات,هواتف ذكية,Honor,HONOR X9c,12GB RAM / 256GB / Cyan,12,256,Cyan,,,,mapped,2026-07-30T00:00:00,2026-07-30T00:00:00
VAR-3952224151E1A8,MOD-954ADC88F87ABE,Honor HONOR X9c 12GB RAM / 256GB / Orange | 256GB Storage,الموبايلات والاتصالات,هواتف ذكية,Honor,HONOR X9c,12GB RAM / 256GB / Orange,12,256,Orange,,,,mapped,2026-07-30T00:00:00,2026-07-30T00:00:00
VAR-796E820D55D1FA,MOD-954ADC88F87ABE,Honor HONOR X9c 12GB RAM / 256GB / Purple | 256GB Storage,الموبايلات والاتصالات,هواتف ذكية,Honor,HONOR X9c,12GB RAM / 256GB / Purple,12,256,Purple,,,,mapped,2026-07-30T00:00:00,2026-07-30T00:00:00
VAR-2337572D2E8256,MOD-DC6DC78B5C981E,Honor HONOR X9c Smart 12GB RAM / 256GB / Black | 256GB Storage,الموبايلات والاتصالات,هواتف ذكية,Honor,HONOR X9c Smart,12GB RAM / 256GB / Black,12,256,Black,,,,mapped,2026-07-30T00:00:00,2026-07-30T00:00:00
VAR-BB5355749A0FB4,MOD-DC6DC78B5C981E,Honor HONOR X9c Smart 12GB RAM / 256GB / Moonlight White | 256GB Storage,الموبايلات والاتصالات,هواتف ذكية,Honor,HONOR X9c Smart,12GB RAM / 256GB / Moonlight White,12,256,Moonlight White,,,,mapped,2026-07-30T00:00:00,2026-07-30T00:00:00
VAR-C3CB03F9483240,MOD-DC6DC78B5C981E,Honor HONOR X9c Smart 12GB RAM / 256GB / Ocean Cyan | 256GB Storage,الموبايلات والاتصالات,هواتف ذكية,Honor,HONOR X9c Smart,12GB RAM / 256GB / Ocean Cyan,12,256,Ocean Cyan,,,,mapped,2026-07-30T00:00:00,2026-07-30T00:00:00
VAR-20484BA769DA5C,MOD-BC9C8D919E4B86,Honor Magic V5 16GB RAM / 512GB Storage / 5G + Dual-SIM / Ivory White,الموبايلات والاتصالات,هواتف ذكية,Honor,Magic V5,16GB RAM | 512GB Storage | 5G + Dual-SIM | Ivory White,16,512,Ivory White,,,,mapped,2026-07-30T00:00:00,2026-07-30T00:00:00
VAR-68A92505F0029E,MOD-BC9C8D919E4B86,Honor Magic V5 16GB RAM / 512GB Storage / 5G + Dual-SIM / Reddish Brown,الموبايلات والاتصالات,هواتف ذكية,Honor,Magic V5,16GB RAM | 512GB Storage | 5G + Dual-SIM | Reddish Brown,16,512,Reddish Brown,,,,mapped,2026-07-30T00:00:00,2026-07-30T00:00:00
VAR-A4B52334B6C699,MOD-8830222C9D959E,Honor Magic7 Pro 12GB RAM / 512GB Storage / 5G + Dual-SIM / Breeze Blue,الموبايلات والاتصالات,هواتف ذكية,Honor,Magic7 Pro,12GB RAM | 512GB Storage | 5G + Dual-SIM | Breeze Blue,12,512,Breeze Blue,,,,mapped,2026-07-30T00:00:00,2026-07-30T00:00:00
VAR-38A390E6D7233A,MOD-F17908F7C1F003,Honor Magic8 Pro 12GB RAM / 512GB Storage / 5G + Dual-SIM / Sunrise Gold,الموبايلات والاتصالات,هواتف ذكية,Honor,Magic8 Pro,12GB RAM | 512GB Storage | 5G + Dual-SIM | Sunrise Gold,12,512,Sunrise Gold,,,,mapped,2026-07-30T00:00:00,2026-07-30T00:00:00
VAR-F3D57CDC978F01,MOD-52B9FE54CF9B82,Honor X5C 4GB RAM / 128GB Storage / Midnight Black,الموبايلات والاتصالات,هواتف ذكية,Honor,X5C,4GB RAM | 128GB Storage | Midnight Black,4,128,Midnight Black,,,,mapped,2026-07-30T00:00:00,2026-07-30T00:00:00
VAR-B619CA588E1C59,MOD-52B9FE54CF9B82,Honor X5C 4GB RAM / 128GB Storage / Tidal Blue,الموبايلات والاتصالات,هواتف ذكية,Honor,X5C,4GB RAM | 128GB Storage | Tidal Blue,4,128,Tidal Blue,,,,mapped,2026-07-30T00:00:00,2026-07-30T00:00:00
VAR-464A0A44C68553,MOD-56F7C725926B31,Honor X6c 6GB RAM / 256GB Storage / 4G LTE + 4G + Dual-SIM / Midnight Black,الموبايلات والاتصالات,هواتف ذكية,Honor,X6c,6GB RAM | 256GB Storage | 4G LTE + 4G + Dual-SIM | Midnight Black,6,256,Midnight Black,,,,mapped,2026-07-30T00:00:00,2026-07-30T00:00:00
VAR-12F7FA5149AD8C,MOD-F3A72D4966CE17,Honor X7d 8GB RAM / 256GB Storage / 4G + Dual-SIM / Meteor Silver,الموبايلات والاتصالات,هواتف ذكية,Honor,X7d,8GB RAM | 256GB Storage | 4G + Dual-SIM | Meteor Silver,8,256,Meteor Silver,,,,mapped,2026-07-30T00:00:00,2026-07-30T00:00:00
VAR-F12D6F48C2AFAD,MOD-1168D642E036CA,Honor X8 6GB RAM / 128GB Storage / 4G LTE + 4G + Dual-SIM / Silver,الموبايلات والاتصالات,هواتف ذكية,Honor,X8,6GB RAM | 128GB Storage | 4G LTE + 4G + Dual-SIM | Silver,6,128,Silver,,,,mapped,2026-07-30T00:00:00,2026-07-30T00:00:00
VAR-090CE6DB6205F1,MOD-A5AF5808EE12DE,Honor X8d 8GB RAM / 256GB Storage / 4G + Dual-SIM / Velvet Black,الموبايلات والاتصالات,هواتف ذكية,Honor,X8d,8GB RAM | 256GB Storage | 4G + Dual-SIM | Velvet Black,8,256,Velvet Black,,,,mapped,2026-07-30T00:00:00,2026-07-30T00:00:00
VAR-DBD91C59278649,MOD-44640FF2490B72,Honor X9d 8GB RAM / 256GB Storage / 5G + Dual-SIM / Reddish Brown,الموبايلات والاتصالات,هواتف ذكية,Honor,X9d,8GB RAM | 256GB Storage | 5G + Dual-SIM | Reddish Brown,8,256,Reddish Brown,,,,mapped,2026-07-30T00:00:00,2026-07-30T00:00:00
VAR-24CF65FE6E8495,MOD-EBE79619BA0C1B,Infinix Hot 70 4GB RAM / 128GB Storage / 4G LTE + 4G + Dual-SIM / Dive Blue,الموبايلات والاتصالات,هواتف ذكية,Infinix,Hot 70,4GB RAM | 128GB Storage | 4G LTE + 4G + Dual-SIM | Dive Blue,4,128,Dive Blue,,,,mapped,2026-07-30T00:00:00,2026-07-30T00:00:00
VAR-B36CD366F3F0DE,MOD-EBE79619BA0C1B,Infinix Hot 70 4GB RAM / 128GB Storage / 4G LTE + 4G + Dual-SIM / Night Pulse,الموبايلات والاتصالات,هواتف ذكية,Infinix,Hot 70,4GB RAM | 128GB Storage | 4G LTE + 4G + Dual-SIM | Night Pulse,4,128,Night Pulse,,,,mapped,2026-07-30T00:00:00,2026-07-30T00:00:00
VAR-1528483A7496BE,MOD-EBE79619BA0C1B,Infinix Hot 70 4GB RAM / 128GB Storage / 4G LTE + 4G + Dual-SIM / Silver Dancer,الموبايلات والاتصالات,هواتف ذكية,Infinix,Hot 70,4GB RAM | 128GB Storage | 4G LTE + 4G + Dual-SIM | Silver Dancer,4,128,Silver Dancer,,,,mapped,2026-07-30T00:00:00,2026-07-30T00:00:00
VAR-DE05FA6815EF5C,MOD-EBE79619BA0C1B,Infinix Hot 70 4GB RAM / 128GB Storage / 4G LTE + 4G + Dual-SIM / Thermo Orange,الموبايلات والاتصالات,هواتف ذكية,Infinix,Hot 70,4GB RAM | 128GB Storage | 4G LTE + 4G + Dual-SIM | Thermo Orange,4,128,Thermo Orange,,,,mapped,2026-07-30T00:00:00,2026-07-30T00:00:00
VAR-5F56E37ACABF6F,MOD-EBE79619BA0C1B,Infinix Hot 70 6GB RAM / 128GB Storage / 4G LTE + 4G + Dual-SIM / Dive Blue,الموبايلات والاتصالات,هواتف ذكية,Infinix,Hot 70,6GB RAM | 128GB Storage | 4G LTE + 4G + Dual-SIM | Dive Blue,6,128,Dive Blue,,,,mapped,2026-07-30T00:00:00,2026-07-30T00:00:00
VAR-00865AE7573802,MOD-EBE79619BA0C1B,Infinix Hot 70 6GB RAM / 128GB Storage / 4G LTE + 4G + Dual-SIM / Silver Dancer,الموبايلات والاتصالات,هواتف ذكية,Infinix,Hot 70,6GB RAM | 128GB Storage | 4G LTE + 4G + Dual-SIM | Silver Dancer,6,128,Silver Dancer,,,,mapped,2026-07-30T00:00:00,2026-07-30T00:00:00
VAR-D0677D1BF0714D,MOD-EBE79619BA0C1B,Infinix Hot 70 6GB RAM / 128GB Storage / 4G LTE + 4G + Dual-SIM / Thermo Orange,الموبايلات والاتصالات,هواتف ذكية,Infinix,Hot 70,6GB RAM | 128GB Storage | 4G LTE + 4G + Dual-SIM | Thermo Orange,6,128,Thermo Orange,,,,mapped,2026-07-30T00:00:00,2026-07-30T00:00:00
VAR-CAE92161EFDA41,MOD-EBE79619BA0C1B,Infinix Hot 70 8GB RAM / 256GB Storage / 4G LTE + 4G + Dual-SIM / Night Pulse,الموبايلات والاتصالات,هواتف ذكية,Infinix,Hot 70,8GB RAM | 256GB Storage | 4G LTE + 4G + Dual-SIM | Night Pulse,8,256,Night Pulse,,,,mapped,2026-07-30T00:00:00,2026-07-30T00:00:00
VAR-A223EECC244E5C,MOD-344ED3D38B23D0,Infinix Infinix HOT 50 8GB RAM / 256GB / Black | 256GB Storage,الموبايلات والاتصالات,هواتف ذكية,Infinix,Infinix HOT 50,8GB RAM / 256GB / Black,8,256,Black,,,,mapped,2026-07-30T00:00:00,2026-07-30T00:00:00
VAR-1F96F09107721A,MOD-344ED3D38B23D0,Infinix Infinix HOT 50 8GB RAM / 256GB / Sage Green | 256GB Storage,الموبايلات والاتصالات,هواتف ذكية,Infinix,Infinix HOT 50,8GB RAM / 256GB / Sage Green,8,256,Sage Green,,,,mapped,2026-07-30T00:00:00,2026-07-30T00:00:00
VAR-57867BCCF6C330,MOD-A419EED41E2DBC,Infinix Infinix HOT 60 Pro 8GB RAM / 256GB / Coral Tides | 256GB Storage,الموبايلات والاتصالات,هواتف ذكية,Infinix,Infinix HOT 60 Pro,8GB RAM / 256GB / Coral Tides,8,256,Coral Tides,,,,mapped,2026-07-30T00:00:00,2026-07-30T00:00:00
VAR-5C5D9B7B4C34BB,MOD-A419EED41E2DBC,Infinix Infinix HOT 60 Pro 8GB RAM / 256GB / Sapphire Blue | 256GB Storage,الموبايلات والاتصالات,هواتف ذكية,Infinix,Infinix HOT 60 Pro,8GB RAM / 256GB / Sapphire Blue,8,256,Sapphire Blue,,,,mapped,2026-07-30T00:00:00,2026-07-30T00:00:00
VAR-F5DFC0CB8E70C6,MOD-A419EED41E2DBC,Infinix Infinix HOT 60 Pro 8GB RAM / 256GB / Sleek Black | 256GB Storage,الموبايلات والاتصالات,هواتف ذكية,Infinix,Infinix HOT 60 Pro,8GB RAM / 256GB / Sleek Black,8,256,Sleek Black,,,,mapped,2026-07-30T00:00:00,2026-07-30T00:00:00
VAR-7CB3CB3246BD0E,MOD-A419EED41E2DBC,Infinix Infinix HOT 60 Pro 8GB RAM / 256GB / Titanium Silver | 256GB Storage,الموبايلات والاتصالات,هواتف ذكية,Infinix,Infinix HOT 60 Pro,8GB RAM / 256GB / Titanium Silver,8,256,Titanium Silver,,,,mapped,2026-07-30T00:00:00,2026-07-30T00:00:00
VAR-AA264E87AC3C98,MOD-936238767D3918,Infinix Infinix NOTE 50s 5G 8GB RAM / 256GB / Marine Blue | 256GB Storage,الموبايلات والاتصالات,هواتف ذكية,Infinix,Infinix NOTE 50s 5G,8GB RAM / 256GB / Marine Blue,8,256,Marine Blue,,,,mapped,2026-07-30T00:00:00,2026-07-30T00:00:00
VAR-487536BF0E15A2,MOD-936238767D3918,Infinix Infinix NOTE 50s 5G 8GB RAM / 256GB / Ruby Red | 256GB Storage,الموبايلات والاتصالات,هواتف ذكية,Infinix,Infinix NOTE 50s 5G,8GB RAM / 256GB / Ruby Red,8,256,Ruby Red,,,,mapped,2026-07-30T00:00:00,2026-07-30T00:00:00
VAR-EE1C9E0D884524,MOD-936238767D3918,Infinix Infinix NOTE 50s 5G 8GB RAM / 256GB / Titanium Grey | 256GB Storage,الموبايلات والاتصالات,هواتف ذكية,Infinix,Infinix NOTE 50s 5G,8GB RAM / 256GB / Titanium Grey,8,256,Titanium Grey,,,,mapped,2026-07-30T00:00:00,2026-07-30T00:00:00
VAR-BABB0CFDD05A06,MOD-CFC0370F417547,Infinix Note 60 Pro 12GB RAM / 256GB Storage / 4G + Dual-SIM / Deep Ocean Blue,الموبايلات والاتصالات,هواتف ذكية,Infinix,Note 60 Pro,12GB RAM | 256GB Storage | 4G + Dual-SIM | Deep Ocean Blue,12,256,Deep Ocean Blue,,,,mapped,2026-07-30T00:00:00,2026-07-30T00:00:00
VAR-7E46BB742E69F4,MOD-CFC0370F417547,Infinix Note 60 Pro 12GB RAM / 256GB Storage / 4G + Dual-SIM / Mist Titanium,الموبايلات والاتصالات,هواتف ذكية,Infinix,Note 60 Pro,12GB RAM | 256GB Storage | 4G + Dual-SIM | Mist Titanium,12,256,Mist Titanium,,,,mapped,2026-07-30T00:00:00,2026-07-30T00:00:00
VAR-8861AF6B8FCA4B,MOD-CFC0370F417547,Infinix Note 60 Pro 12GB RAM / 256GB Storage / 4G + Dual-SIM / Torino Black,الموبايلات والاتصالات,هواتف ذكية,Infinix,Note 60 Pro,12GB RAM | 256GB Storage | 4G + Dual-SIM | Torino Black,12,256,Torino Black,,,,mapped,2026-07-30T00:00:00,2026-07-30T00:00:00
VAR-1BD623A84F7414,MOD-194913016D5854,Infinix Note Edge 8GB RAM / 256GB Storage / 5G + Dual-SIM / Lunar Titanium,الموبايلات والاتصالات,هواتف ذكية,Infinix,Note Edge,8GB RAM | 256GB Storage | 5G + Dual-SIM | Lunar Titanium,8,256,Lunar Titanium,,,,mapped,2026-07-30T00:00:00,2026-07-30T00:00:00
VAR-AEB4E5E61E8D8D,MOD-194913016D5854,Infinix Note Edge 8GB RAM / 256GB Storage / 5G + Dual-SIM / Shadow Black,الموبايلات والاتصالات,هواتف ذكية,Infinix,Note Edge,8GB RAM | 256GB Storage | 5G + Dual-SIM | Shadow Black,8,256,Shadow Black,,,,mapped,2026-07-30T00:00:00,2026-07-30T00:00:00
VAR-63F0895873D8EF,MOD-B9CCD478FFBDFD,Infinix Smart 20 4GB RAM / 128GB Storage / 4G + Dual-SIM / Polaris Titanium,الموبايلات والاتصالات,هواتف ذكية,Infinix,Smart 20,4GB RAM | 128GB Storage | 4G + Dual-SIM | Polaris Titanium,4,128,Polaris Titanium,,,,mapped,2026-07-30T00:00:00,2026-07-30T00:00:00
VAR-31D559960B49E5,MOD-B9CCD478FFBDFD,Infinix Smart 20 4GB RAM / 128GB Storage / 4G + Dual-SIM / Shadow Black,الموبايلات والاتصالات,هواتف ذكية,Infinix,Smart 20,4GB RAM | 128GB Storage | 4G + Dual-SIM | Shadow Black,4,128,Shadow Black,,,,mapped,2026-07-30T00:00:00,2026-07-30T00:00:00
VAR-CEEAFA2EB20416,MOD-B9CCD478FFBDFD,Infinix Smart 20 4GB RAM / 128GB Storage / 4G + Dual-SIM / Sunlike Orange,الموبايلات والاتصالات,هواتف ذكية,Infinix,Smart 20,4GB RAM | 128GB Storage | 4G + Dual-SIM | Sunlike Orange,4,128,Sunlike Orange,,,,mapped,2026-07-30T00:00:00,2026-07-30T00:00:00
VAR-E46CA62518210B,MOD-B9CCD478FFBDFD,Infinix Smart 20 4GB RAM / 64GB Storage / 4G + Dual-SIM / Polaris Titanium,الموبايلات والاتصالات,هواتف ذكية,Infinix,Smart 20,4GB RAM | 64GB Storage | 4G + Dual-SIM | Polaris Titanium,4,64,Polaris Titanium,,,,mapped,2026-07-30T00:00:00,2026-07-30T00:00:00
VAR-CAD798DB2B0A04,MOD-B9CCD478FFBDFD,Infinix Smart 20 4GB RAM / 64GB Storage / 4G + Dual-SIM / Shadow Black,الموبايلات والاتصالات,هواتف ذكية,Infinix,Smart 20,4GB RAM | 64GB Storage | 4G + Dual-SIM | Shadow Black,4,64,Shadow Black,,,,mapped,2026-07-30T00:00:00,2026-07-30T00:00:00
VAR-C6DA2E5C354FCF,MOD-B9CCD478FFBDFD,Infinix Smart 20 4GB RAM / 64GB Storage / 4G + Dual-SIM / Sunlike Orange,الموبايلات والاتصالات,هواتف ذكية,Infinix,Smart 20,4GB RAM | 64GB Storage | 4G + Dual-SIM | Sunlike Orange,4,64,Sunlike Orange,,,,mapped,2026-07-30T00:00:00,2026-07-30T00:00:00
VAR-86E119A05221B2,MOD-A827465163416D,Oppo A58 8GB RAM / 128GB Storage / 4G LTE + 4G + Dual-SIM / Glowing Black,الموبايلات والاتصالات,هواتف ذكية,Oppo,A58,8GB RAM | 128GB Storage | 4G LTE + 4G + Dual-SIM | Glowing Black,8,128,Glowing Black,,,,mapped,2026-07-30T00:00:00,2026-07-30T00:00:00
VAR-841520CC0C867B,MOD-6604C23C14562B,Oppo A5i Pro 8GB RAM / 256GB Storage / 5G + Dual-SIM / Breeze Blue,الموبايلات والاتصالات,هواتف ذكية,Oppo,A5i Pro,8GB RAM | 256GB Storage | 5G + Dual-SIM | Breeze Blue,8,256,Breeze Blue,,,,mapped,2026-07-30T00:00:00,2026-07-30T00:00:00
VAR-339FB3DA7AE8B7,MOD-4DADF81A0214CD,Oppo A6 4GB RAM / 128GB Storage / 4G + Dual-SIM / Aurora Gold,الموبايلات والاتصالات,هواتف ذكية,Oppo,A6,4GB RAM | 128GB Storage | 4G + Dual-SIM | Aurora Gold,4,128,Aurora Gold,,,,mapped,2026-07-30T00:00:00,2026-07-30T00:00:00
VAR-71648102B1AD73,MOD-4DADF81A0214CD,Oppo A6 4GB RAM / 128GB Storage / 4G + Dual-SIM / Sapphire Blue,الموبايلات والاتصالات,هواتف ذكية,Oppo,A6,4GB RAM | 128GB Storage | 4G + Dual-SIM | Sapphire Blue,4,128,Sapphire Blue,,,,mapped,2026-07-30T00:00:00,2026-07-30T00:00:00
VAR-5A24BEE3884A2A,MOD-4DADF81A0214CD,Oppo A6 6GB RAM / 128GB Storage / 4G + Dual-SIM / Aurora Gold,الموبايلات والاتصالات,هواتف ذكية,Oppo,A6,6GB RAM | 128GB Storage | 4G + Dual-SIM | Aurora Gold,6,128,Aurora Gold,,,,mapped,2026-07-30T00:00:00,2026-07-30T00:00:00
VAR-CD580A8C7E9D80,MOD-4DADF81A0214CD,Oppo A6 6GB RAM / 128GB Storage / 4G + Dual-SIM / Sapphire Blue,الموبايلات والاتصالات,هواتف ذكية,Oppo,A6,6GB RAM | 128GB Storage | 4G + Dual-SIM | Sapphire Blue,6,128,Sapphire Blue,,,,mapped,2026-07-30T00:00:00,2026-07-30T00:00:00
VAR-3A484529F7F816,MOD-4DADF81A0214CD,Oppo A6 8GB RAM / 256GB Storage / 4G + Dual-SIM / Sapphire Blue,الموبايلات والاتصالات,هواتف ذكية,Oppo,A6,8GB RAM | 256GB Storage | 4G + Dual-SIM | Sapphire Blue,8,256,Sapphire Blue,,,,mapped,2026-07-30T00:00:00,2026-07-30T00:00:00
VAR-CFDFEE34D73CB6,MOD-7A25A7601F1309,Oppo A6 Pro 8GB RAM / 256GB Storage / 4G + Dual-SIM / Red,الموبايلات والاتصالات,هواتف ذكية,Oppo,A6 Pro,8GB RAM | 256GB Storage | 4G + Dual-SIM | Red,8,256,Red,,,,mapped,2026-07-30T00:00:00,2026-07-30T00:00:00
VAR-68CFDF385A6270,MOD-7A25A7601F1309,Oppo A6 Pro 8GB RAM / 256GB Storage / 5G + Dual-SIM / Blue,الموبايلات والاتصالات,هواتف ذكية,Oppo,A6 Pro,8GB RAM | 256GB Storage | 5G + Dual-SIM | Blue,8,256,Blue,,,,mapped,2026-07-30T00:00:00,2026-07-30T00:00:00
VAR-1BF65E93D86296,MOD-7A25A7601F1309,Oppo A6 Pro 8GB RAM / 256GB Storage / 5G + Dual-SIM / Red,الموبايلات والاتصالات,هواتف ذكية,Oppo,A6 Pro,8GB RAM | 256GB Storage | 5G + Dual-SIM | Red,8,256,Red,,,,mapped,2026-07-30T00:00:00,2026-07-30T00:00:00
VAR-4722D36FBABC14,MOD-BAF7F9F1CFF12F,Oppo A6t 6GB RAM / 128GB Storage / 4G + Dual-SIM / Crystal Blue,الموبايلات والاتصالات,هواتف ذكية,Oppo,A6t,6GB RAM | 128GB Storage | 4G + Dual-SIM | Crystal Blue,6,128,Crystal Blue,,,,mapped,2026-07-30T00:00:00,2026-07-30T00:00:00
VAR-080FB06A9659B3,MOD-BAF7F9F1CFF12F,Oppo A6t 6GB RAM / 128GB Storage / 4G + Dual-SIM / Crystal Violet,الموبايلات والاتصالات,هواتف ذكية,Oppo,A6t,6GB RAM | 128GB Storage | 4G + Dual-SIM | Crystal Violet,6,128,Crystal Violet,,,,mapped,2026-07-30T00:00:00,2026-07-30T00:00:00
VAR-C340FA2A6EF27F,MOD-BAF7F9F1CFF12F,Oppo A6t 6GB RAM / 128GB Storage / 5G + Dual-SIM / Crystal Violet,الموبايلات والاتصالات,هواتف ذكية,Oppo,A6t,6GB RAM | 128GB Storage | 5G + Dual-SIM | Crystal Violet,6,128,Crystal Violet,,,,mapped,2026-07-30T00:00:00,2026-07-30T00:00:00
VAR-760E05DA16C56A,MOD-E1EC5EEDF4EE8C,Oppo OPPO A5 8GB RAM / 256GB / Aurora Green | 256GB Storage,الموبايلات والاتصالات,هواتف ذكية,Oppo,OPPO A5,8GB RAM / 256GB / Aurora Green,8,256,Aurora Green,,,,mapped,2026-07-30T00:00:00,2026-07-30T00:00:00
VAR-8A922591403136,MOD-8D14BABDE2AF6E,Oppo OPPO A5 Pro 8GB RAM / 256GB / Mocha Brown | 256GB Storage,الموبايلات والاتصالات,هواتف ذكية,Oppo,OPPO A5 Pro,8GB RAM / 256GB / Mocha Brown,8,256,Mocha Brown,,,,mapped,2026-07-30T00:00:00,2026-07-30T00:00:00
VAR-B24988C9E3799B,MOD-8D14BABDE2AF6E,Oppo OPPO A5 Pro 8GB RAM / 256GB / Olive Green | 256GB Storage,الموبايلات والاتصالات,هواتف ذكية,Oppo,OPPO A5 Pro,8GB RAM / 256GB / Olive Green,8,256,Olive Green,,,,mapped,2026-07-30T00:00:00,2026-07-30T00:00:00
VAR-6DBD9C1AFEE5A3,MOD-3C4261C17DBA1F,Oppo OPPO A6 Pro 8GB RAM / 256GB / Red | 256GB Storage,الموبايلات والاتصالات,هواتف ذكية,Oppo,OPPO A6 Pro,8GB RAM / 256GB / Red,8,256,Red,,,,mapped,2026-07-30T00:00:00,2026-07-30T00:00:00
VAR-777486F582B6FA,MOD-3203D6AD42C403,Oppo OPPO Reno11 F 8GB RAM / 256GB / Palm Green | 256GB Storage,الموبايلات والاتصالات,هواتف ذكية,Oppo,OPPO Reno11 F,8GB RAM / 256GB / Palm Green,8,256,Palm Green,,,,mapped,2026-07-30T00:00:00,2026-07-30T00:00:00
VAR-FD7DBC310ADD7B,MOD-7D566F2E1DF44C,Oppo Reno 13 12GB RAM / 256GB Storage / 5G + Dual-SIM / Blue,الموبايلات والاتصالات,هواتف ذكية,Oppo,Reno 13,12GB RAM | 256GB Storage | 5G + Dual-SIM | Blue,12,256,Blue,,,,mapped,2026-07-30T00:00:00,2026-07-30T00:00:00
VAR-5E3ECF3884C512,MOD-2725AA53ABE8C9,Oppo Reno 15 12GB RAM / 512GB Storage / 5G + Dual-SIM / Twilight Blue,الموبايلات والاتصالات,هواتف ذكية,Oppo,Reno 15,12GB RAM | 512GB Storage | 5G + Dual-SIM | Twilight Blue,12,512,Twilight Blue,,,,mapped,2026-07-30T00:00:00,2026-07-30T00:00:00
VAR-277D16E2BC41B0,MOD-39790CE41F6B94,Oppo Reno 15 F 12GB RAM / 256GB Storage / 5G + Dual-SIM / Aurora Blue,الموبايلات والاتصالات,هواتف ذكية,Oppo,Reno 15 F,12GB RAM | 256GB Storage | 5G + Dual-SIM | Aurora Blue,12,256,Aurora Blue,,,,mapped,2026-07-30T00:00:00,2026-07-30T00:00:00
VAR-C999765042C06F,MOD-39790CE41F6B94,Oppo Reno 15 F 8GB RAM / 256GB Storage / 5G + Dual-SIM / Aurora Blue,الموبايلات والاتصالات,هواتف ذكية,Oppo,Reno 15 F,8GB RAM | 256GB Storage | 5G + Dual-SIM | Aurora Blue,8,256,Aurora Blue,,,,mapped,2026-07-30T00:00:00,2026-07-30T00:00:00
VAR-56D475626DA2D1,MOD-02E27D3D60C2DD,Oppo Reno 15F 8GB RAM / 256GB Storage / 5G + Dual-SIM / Aurora Blue,الموبايلات والاتصالات,هواتف ذكية,Oppo,Reno 15F,8GB RAM | 256GB Storage | 5G + Dual-SIM | Aurora Blue,8,256,Aurora Blue,,,,mapped,2026-07-30T00:00:00,2026-07-30T00:00:00
VAR-61A10674B91FCA,MOD-552EB4845E9D3C,Realme 15T 12GB RAM / 256GB Storage / 4G + Dual-SIM / Suit Titanium,الموبايلات والاتصالات,هواتف ذكية,Realme,15T,12GB RAM | 256GB Storage | 4G + Dual-SIM | Suit Titanium,12,256,Suit Titanium,,,,mapped,2026-07-30T00:00:00,2026-07-30T00:00:00
VAR-F5D60FC3B37841,MOD-552EB4845E9D3C,Realme 15T 8GB RAM / 256GB Storage / 4G + Dual-SIM / Flowing Silver,الموبايلات والاتصالات,هواتف ذكية,Realme,15T,8GB RAM | 256GB Storage | 4G + Dual-SIM | Flowing Silver,8,256,Flowing Silver,,,,mapped,2026-07-30T00:00:00,2026-07-30T00:00:00
VAR-AE975E0FC692CD,MOD-1805459985FB8A,Realme 16 8GB RAM / 256GB Storage / 5G + Dual-SIM / Air Black,الموبايلات والاتصالات,هواتف ذكية,Realme,16,8GB RAM | 256GB Storage | 5G + Dual-SIM | Air Black,8,256,Air Black,,,,mapped,2026-07-30T00:00:00,2026-07-30T00:00:00
VAR-2B9FEF17EE947E,MOD-1805459985FB8A,Realme 16 8GB RAM / 256GB Storage / 5G + Dual-SIM / Air White,الموبايلات والاتصالات,هواتف ذكية,Realme,16,8GB RAM | 256GB Storage | 5G + Dual-SIM | Air White,8,256,Air White,,,,mapped,2026-07-30T00:00:00,2026-07-30T00:00:00
VAR-EA6AA790810C8F,MOD-3932FA863B9743,Realme 16 Pro 12GB RAM / 256GB Storage / 5G + Dual-SIM / Master Gold,الموبايلات والاتصالات,هواتف ذكية,Realme,16 Pro,12GB RAM | 256GB Storage | 5G + Dual-SIM | Master Gold,12,256,Master Gold,,,,mapped,2026-07-30T00:00:00,2026-07-30T00:00:00
VAR-C67C8CBC8AA88B,MOD-3932FA863B9743,Realme 16 Pro 12GB RAM / 256GB Storage / 5G + Dual-SIM / Pebble Grey,الموبايلات والاتصالات,هواتف ذكية,Realme,16 Pro,12GB RAM | 256GB Storage | 5G + Dual-SIM | Pebble Grey,12,256,Pebble Grey,,,,mapped,2026-07-30T00:00:00,2026-07-30T00:00:00
VAR-0DEB5D7EAADA5F,MOD-02E9704C8D92B8,Realme C71 4GB RAM / 256GB Storage / 4G + Dual-SIM / Forest Owl,الموبايلات والاتصالات,هواتف ذكية,Realme,C71,4GB RAM | 256GB Storage | 4G + Dual-SIM | Forest Owl,4,256,Forest Owl,,,,mapped,2026-07-30T00:00:00,2026-07-30T00:00:00
VAR-90411D6D48C869,MOD-02E9704C8D92B8,Realme C71 4GB RAM / 256GB Storage / 4G + Dual-SIM / White Swan,الموبايلات والاتصالات,هواتف ذكية,Realme,C71,4GB RAM | 256GB Storage | 4G + Dual-SIM | White Swan,4,256,White Swan,,,,mapped,2026-07-30T00:00:00,2026-07-30T00:00:00
VAR-52D27074660926,MOD-02E9704C8D92B8,Realme C71 6GB RAM / 128GB Storage / 4G + Dual-SIM / Forest Owl,الموبايلات والاتصالات,هواتف ذكية,Realme,C71,6GB RAM | 128GB Storage | 4G + Dual-SIM | Forest Owl,6,128,Forest Owl,,,,mapped,2026-07-30T00:00:00,2026-07-30T00:00:00
VAR-C794D4066BCDDE,MOD-6FCAE98C276461,Realme C75 8GB RAM / 256GB Storage / 4G LTE + 4G + Dual-SIM / Black,الموبايلات والاتصالات,هواتف ذكية,Realme,C75,8GB RAM | 256GB Storage | 4G LTE + 4G + Dual-SIM | Black,8,256,Black,,,,mapped,2026-07-30T00:00:00,2026-07-30T00:00:00
VAR-8ADE82952B5F52,MOD-6FCAE98C276461,Realme C75 8GB RAM / 256GB Storage / 4G LTE + 4G + Dual-SIM / Gold,الموبايلات والاتصالات,هواتف ذكية,Realme,C75,8GB RAM | 256GB Storage | 4G LTE + 4G + Dual-SIM | Gold,8,256,Gold,,,,mapped,2026-07-30T00:00:00,2026-07-30T00:00:00
VAR-9D86F1864A8A7B,MOD-3A15E025A1D4B7,Realme C75x 6GB RAM / 128GB Storage / 4G + Dual-SIM / Coral Pink,الموبايلات والاتصالات,هواتف ذكية,Realme,C75x,6GB RAM | 128GB Storage | 4G + Dual-SIM | Coral Pink,6,128,Coral Pink,,,,mapped,2026-07-30T00:00:00,2026-07-30T00:00:00
VAR-09874A1FF94255,MOD-3A15E025A1D4B7,Realme C75x 6GB RAM / 128GB Storage / 4G + Dual-SIM / Oceanic Blue,الموبايلات والاتصالات,هواتف ذكية,Realme,C75x,6GB RAM | 128GB Storage | 4G + Dual-SIM | Oceanic Blue,6,128,Oceanic Blue,,,,mapped,2026-07-30T00:00:00,2026-07-30T00:00:00
VAR-B9BE7D1A523064,MOD-6D6C513BEE0B74,Realme C85 8GB RAM / 256GB Storage / 4G + Dual-SIM / Kingfisher Blue,الموبايلات والاتصالات,هواتف ذكية,Realme,C85,8GB RAM | 256GB Storage | 4G + Dual-SIM | Kingfisher Blue,8,256,Kingfisher Blue,,,,mapped,2026-07-30T00:00:00,2026-07-30T00:00:00
VAR-3FFB09A9C50AC9,MOD-6D6C513BEE0B74,Realme C85 8GB RAM / 256GB Storage / 4G + Dual-SIM / Swan Black,الموبايلات والاتصالات,هواتف ذكية,Realme,C85,8GB RAM | 256GB Storage | 4G + Dual-SIM | Swan Black,8,256,Swan Black,,,,mapped,2026-07-30T00:00:00,2026-07-30T00:00:00
VAR-E7185DCB1EC226,MOD-24D567DBFC116A,Realme C85 Pro 8GB RAM / 128GB Storage / 4G LTE + 4G + Dual-SIM / Parrot Purple,الموبايلات والاتصالات,هواتف ذكية,Realme,C85 Pro,8GB RAM | 128GB Storage | 4G LTE + 4G + Dual-SIM | Parrot Purple,8,128,Parrot Purple,,,,mapped,2026-07-30T00:00:00,2026-07-30T00:00:00
VAR-5D912FCF512395,MOD-3EF3F69EB8A840,Realme Note 70 4GB RAM / 128GB Storage / Golden Beach,الموبايلات والاتصالات,هواتف ذكية,Realme,Note 70,4GB RAM | 128GB Storage | Golden Beach,4,128,Golden Beach,,,,mapped,2026-07-30T00:00:00,2026-07-30T00:00:00
VAR-01AAE89B5C7F3D,MOD-E23F97919744B4,Realme realme 14 Pro+ 12GB RAM / 256GB / Pearl White | 256GB Storage,الموبايلات والاتصالات,هواتف ذكية,Realme,realme 14 Pro+,12GB RAM / 256GB / Pearl White,12,256,Pearl White,,,,mapped,2026-07-30T00:00:00,2026-07-30T00:00:00
VAR-8B7D7F9E557238,MOD-4660FB9D4B916B,Realme realme 15T 8GB RAM / 256GB / Flowing Silver | 256GB Storage,الموبايلات والاتصالات,هواتف ذكية,Realme,realme 15T,8GB RAM / 256GB / Flowing Silver,8,256,Flowing Silver,,,,mapped,2026-07-30T00:00:00,2026-07-30T00:00:00
VAR-6CC2F4EFA13512,MOD-4A7BC6B58A8854,Realme realme C75x 8GB RAM / 256GB / Oceanic Blue | 256GB Storage,الموبايلات والاتصالات,هواتف ذكية,Realme,realme C75x,8GB RAM / 256GB / Oceanic Blue,8,256,Oceanic Blue,,,,mapped,2026-07-30T00:00:00,2026-07-30T00:00:00
VAR-EE32977A5BB730,MOD-F20C7072314BE2,Realme realme C85 Pro 8GB RAM / 256GB | 256GB Storage,الموبايلات والاتصالات,هواتف ذكية,Realme,realme C85 Pro,8GB RAM / 256GB,8,256,,,,,mapped,2026-07-30T00:00:00,2026-07-30T00:00:00
VAR-D198C264AC497A,MOD-5992CCC2FE0CC5,Samsung A07 4GB RAM / 128GB Storage / 4G LTE + 4G + Dual-SIM / Black,الموبايلات والاتصالات,هواتف ذكية,Samsung,A07,4GB RAM | 128GB Storage | 4G LTE + 4G + Dual-SIM | Black,4,128,Black,,,,mapped,2026-07-30T00:00:00,2026-07-30T00:00:00
VAR-FF226F77907A42,MOD-5992CCC2FE0CC5,Samsung A07 4GB RAM / 128GB Storage / 4G LTE + 4G + Dual-SIM / Green,الموبايلات والاتصالات,هواتف ذكية,Samsung,A07,4GB RAM | 128GB Storage | 4G LTE + 4G + Dual-SIM | Green,4,128,Green,,,,mapped,2026-07-30T00:00:00,2026-07-30T00:00:00
VAR-CB598EFB5EC824,MOD-5992CCC2FE0CC5,Samsung A07 4GB RAM / 128GB Storage / 4G LTE + 4G + Dual-SIM / Light Violet,الموبايلات والاتصالات,هواتف ذكية,Samsung,A07,4GB RAM | 128GB Storage | 4G LTE + 4G + Dual-SIM | Light Violet,4,128,Light Violet,,,,mapped,2026-07-30T00:00:00,2026-07-30T00:00:00
VAR-46C53A4F584848,MOD-5992CCC2FE0CC5,Samsung A07 4GB RAM / 64GB Storage / 4G LTE + 4G + Dual-SIM / Black,الموبايلات والاتصالات,هواتف ذكية,Samsung,A07,4GB RAM | 64GB Storage | 4G LTE + 4G + Dual-SIM | Black,4,64,Black,,,,mapped,2026-07-30T00:00:00,2026-07-30T00:00:00
VAR-71621E55EC3486,MOD-5992CCC2FE0CC5,Samsung A07 4GB RAM / 64GB Storage / 4G LTE + 4G + Dual-SIM / Green,الموبايلات والاتصالات,هواتف ذكية,Samsung,A07,4GB RAM | 64GB Storage | 4G LTE + 4G + Dual-SIM | Green,4,64,Green,,,,mapped,2026-07-30T00:00:00,2026-07-30T00:00:00
VAR-2C11D3B178D6E2,MOD-5992CCC2FE0CC5,Samsung A07 4GB RAM / 64GB Storage / 4G LTE + 4G + Dual-SIM / Light Violet,الموبايلات والاتصالات,هواتف ذكية,Samsung,A07,4GB RAM | 64GB Storage | 4G LTE + 4G + Dual-SIM | Light Violet,4,64,Light Violet,,,,mapped,2026-07-30T00:00:00,2026-07-30T00:00:00
VAR-4793FEE9A3B873,MOD-5992CCC2FE0CC5,Samsung A07 6GB RAM / 128GB Storage / 4G LTE + 4G + Dual-SIM / Black,الموبايلات والاتصالات,هواتف ذكية,Samsung,A07,6GB RAM | 128GB Storage | 4G LTE + 4G + Dual-SIM | Black,6,128,Black,,,,mapped,2026-07-30T00:00:00,2026-07-30T00:00:00
VAR-7DD87D3B0CF8FB,MOD-5992CCC2FE0CC5,Samsung A07 6GB RAM / 128GB Storage / 4G LTE + 4G + Dual-SIM / Green,الموبايلات والاتصالات,هواتف ذكية,Samsung,A07,6GB RAM | 128GB Storage | 4G LTE + 4G + Dual-SIM | Green,6,128,Green,,,,mapped,2026-07-30T00:00:00,2026-07-30T00:00:00
VAR-C221087C13A4F5,MOD-5992CCC2FE0CC5,Samsung A07 6GB RAM / 128GB Storage / 4G LTE + 4G + Dual-SIM / Light Violet,الموبايلات والاتصالات,هواتف ذكية,Samsung,A07,6GB RAM | 128GB Storage | 4G LTE + 4G + Dual-SIM | Light Violet,6,128,Light Violet,,,,mapped,2026-07-30T00:00:00,2026-07-30T00:00:00
VAR-66C29FF8099EC8,MOD-5992CCC2FE0CC5,Samsung A07 8GB RAM / 256GB Storage / 4G LTE + 4G + Dual-SIM / Black,الموبايلات والاتصالات,هواتف ذكية,Samsung,A07,8GB RAM | 256GB Storage | 4G LTE + 4G + Dual-SIM | Black,8,256,Black,,,,mapped,2026-07-30T00:00:00,2026-07-30T00:00:00
VAR-D8E60BB4273D0C,MOD-87295DB193397F,Samsung Galaxy A16 4GB RAM / 128GB Storage / 4G LTE + 4G + Dual-SIM / Black,الموبايلات والاتصالات,هواتف ذكية,Samsung,Galaxy A16,4GB RAM | 128GB Storage | 4G LTE + 4G + Dual-SIM | Black,4,128,Black,,,,mapped,2026-07-30T00:00:00,2026-07-30T00:00:00
VAR-D13C3F19A829C5,MOD-A246763C32252D,Samsung Galaxy A17 4GB RAM / 128GB Storage / 4G LTE + 4G + Dual-SIM / Grey,الموبايلات والاتصالات,هواتف ذكية,Samsung,Galaxy A17,4GB RAM | 128GB Storage | 4G LTE + 4G + Dual-SIM | Grey,4,128,Grey,,,,mapped,2026-07-30T00:00:00,2026-07-30T00:00:00
VAR-8AA57D7F612435,MOD-A246763C32252D,Samsung Galaxy A17 6GB RAM / 128GB Storage / 4G LTE + 4G + Dual-SIM / Black,الموبايلات والاتصالات,هواتف ذكية,Samsung,Galaxy A17,6GB RAM | 128GB Storage | 4G LTE + 4G + Dual-SIM | Black,6,128,Black,,,,mapped,2026-07-30T00:00:00,2026-07-30T00:00:00
VAR-92DC140EE80DBC,MOD-A246763C32252D,Samsung Galaxy A17 6GB RAM / 128GB Storage / 4G LTE + 4G + Dual-SIM / Grey,الموبايلات والاتصالات,هواتف ذكية,Samsung,Galaxy A17,6GB RAM | 128GB Storage | 4G LTE + 4G + Dual-SIM | Grey,6,128,Grey,,,,mapped,2026-07-30T00:00:00,2026-07-30T00:00:00
VAR-ECFA12D4CC81AA,MOD-A246763C32252D,Samsung Galaxy A17 6GB RAM / 128GB Storage / 4G LTE + 4G + Dual-SIM / Light Blue,الموبايلات والاتصالات,هواتف ذكية,Samsung,Galaxy A17,6GB RAM | 128GB Storage | 4G LTE + 4G + Dual-SIM | Light Blue,6,128,Light Blue,,,,mapped,2026-07-30T00:00:00,2026-07-30T00:00:00
VAR-AAB8D8AF34AC38,MOD-A246763C32252D,Samsung Galaxy A17 8GB RAM / 256GB Storage / 4G LTE + 4G + Dual-SIM / Black,الموبايلات والاتصالات,هواتف ذكية,Samsung,Galaxy A17,8GB RAM | 256GB Storage | 4G LTE + 4G + Dual-SIM | Black,8,256,Black,,,,mapped,2026-07-30T00:00:00,2026-07-30T00:00:00
VAR-247334D8D596E5,MOD-A246763C32252D,Samsung Galaxy A17 8GB RAM / 256GB Storage / 4G LTE + 4G + Dual-SIM / Grey,الموبايلات والاتصالات,هواتف ذكية,Samsung,Galaxy A17,8GB RAM | 256GB Storage | 4G LTE + 4G + Dual-SIM | Grey,8,256,Grey,,,,mapped,2026-07-30T00:00:00,2026-07-30T00:00:00
VAR-11493B2717F922,MOD-A246763C32252D,Samsung Galaxy A17 8GB RAM / 256GB Storage / 4G LTE + 4G + Dual-SIM / Light Blue,الموبايلات والاتصالات,هواتف ذكية,Samsung,Galaxy A17,8GB RAM | 256GB Storage | 4G LTE + 4G + Dual-SIM | Light Blue,8,256,Light Blue,,,,mapped,2026-07-30T00:00:00,2026-07-30T00:00:00
VAR-2951D8CDE839A8,MOD-D0D543E1534D7B,Samsung Galaxy A57 12GB RAM / 256GB Storage / 5G + Dual-SIM / Gray,الموبايلات والاتصالات,هواتف ذكية,Samsung,Galaxy A57,12GB RAM | 256GB Storage | 5G + Dual-SIM | Gray,12,256,Gray,,,,mapped,2026-07-30T00:00:00,2026-07-30T00:00:00
VAR-06CF77183C351B,MOD-5277BBCC8A4F01,Samsung Galaxy S26 12GB RAM / 256GB / Black | 256GB Storage,الموبايلات والاتصالات,هواتف ذكية,Samsung,Galaxy S26,12GB RAM / 256GB / Black,12,256,Black,,,,mapped,2026-07-30T00:00:00,2026-07-30T00:00:00
VAR-8C855A3500E959,MOD-5277BBCC8A4F01,Samsung Galaxy S26 12GB RAM / 256GB / Dark Purple | 256GB Storage,الموبايلات والاتصالات,هواتف ذكية,Samsung,Galaxy S26,12GB RAM / 256GB / Dark Purple,12,256,Dark Purple,,,,mapped,2026-07-30T00:00:00,2026-07-30T00:00:00
VAR-976DB584C8383E,MOD-5277BBCC8A4F01,Samsung Galaxy S26 12GB RAM / 256GB / Sky Blue | 256GB Storage,الموبايلات والاتصالات,هواتف ذكية,Samsung,Galaxy S26,12GB RAM / 256GB / Sky Blue,12,256,Sky Blue,,,,mapped,2026-07-30T00:00:00,2026-07-30T00:00:00
VAR-939D4B8AC2E6C8,MOD-5277BBCC8A4F01,Samsung Galaxy S26 12GB RAM / 256GB / White | 256GB Storage,الموبايلات والاتصالات,هواتف ذكية,Samsung,Galaxy S26,12GB RAM / 256GB / White,12,256,White,,,,mapped,2026-07-30T00:00:00,2026-07-30T00:00:00
VAR-B22E06754BAD10,MOD-5277BBCC8A4F01,Samsung Galaxy S26 12GB RAM / 512GB / Black | 512GB Storage,الموبايلات والاتصالات,هواتف ذكية,Samsung,Galaxy S26,12GB RAM / 512GB / Black,12,512,Black,,,,mapped,2026-07-30T00:00:00,2026-07-30T00:00:00
VAR-9E7C137F094CAF,MOD-5277BBCC8A4F01,Samsung Galaxy S26 12GB RAM / 512GB / Dark Purple | 512GB Storage,الموبايلات والاتصالات,هواتف ذكية,Samsung,Galaxy S26,12GB RAM / 512GB / Dark Purple,12,512,Dark Purple,,,,mapped,2026-07-30T00:00:00,2026-07-30T00:00:00
VAR-3F59A9F9C197F2,MOD-5277BBCC8A4F01,Samsung Galaxy S26 12GB RAM / 512GB / Sky Blue | 512GB Storage,الموبايلات والاتصالات,هواتف ذكية,Samsung,Galaxy S26,12GB RAM / 512GB / Sky Blue,12,512,Sky Blue,,,,mapped,2026-07-30T00:00:00,2026-07-30T00:00:00
VAR-6A2827055E92F0,MOD-5277BBCC8A4F01,Samsung Galaxy S26 12GB RAM / 512GB / White | 512GB Storage,الموبايلات والاتصالات,هواتف ذكية,Samsung,Galaxy S26,12GB RAM / 512GB / White,12,512,White,,,,mapped,2026-07-30T00:00:00,2026-07-30T00:00:00
VAR-F56BAD0A55B99D,MOD-4B8D35830E5D32,Samsung Galaxy S26 Ultra 12GB RAM / 256GB / Black | 256GB Storage,الموبايلات والاتصالات,هواتف ذكية,Samsung,Galaxy S26 Ultra,12GB RAM / 256GB / Black,12,256,Black,,,,mapped,2026-07-30T00:00:00,2026-07-30T00:00:00
VAR-AA5454BFF8AF96,MOD-4B8D35830E5D32,Samsung Galaxy S26 Ultra 12GB RAM / 256GB / Dark Purple | 256GB Storage,الموبايلات والاتصالات,هواتف ذكية,Samsung,Galaxy S26 Ultra,12GB RAM / 256GB / Dark Purple,12,256,Dark Purple,,,,mapped,2026-07-30T00:00:00,2026-07-30T00:00:00
VAR-15AA88A270DED9,MOD-4B8D35830E5D32,Samsung Galaxy S26 Ultra 12GB RAM / 256GB / Sky Blue | 256GB Storage,الموبايلات والاتصالات,هواتف ذكية,Samsung,Galaxy S26 Ultra,12GB RAM / 256GB / Sky Blue,12,256,Sky Blue,,,,mapped,2026-07-30T00:00:00,2026-07-30T00:00:00
VAR-2B5DC3632E3781,MOD-4B8D35830E5D32,Samsung Galaxy S26 Ultra 12GB RAM / 256GB / White | 256GB Storage,الموبايلات والاتصالات,هواتف ذكية,Samsung,Galaxy S26 Ultra,12GB RAM / 256GB / White,12,256,White,,,,mapped,2026-07-30T00:00:00,2026-07-30T00:00:00
VAR-BF93E8B01C0FE4,MOD-4B8D35830E5D32,Samsung Galaxy S26 Ultra 12GB RAM / 512GB / Black | 512GB Storage,الموبايلات والاتصالات,هواتف ذكية,Samsung,Galaxy S26 Ultra,12GB RAM / 512GB / Black,12,512,Black,,,,mapped,2026-07-30T00:00:00,2026-07-30T00:00:00
VAR-23940E587FB2A7,MOD-4B8D35830E5D32,Samsung Galaxy S26 Ultra 12GB RAM / 512GB / Dark Purple | 512GB Storage,الموبايلات والاتصالات,هواتف ذكية,Samsung,Galaxy S26 Ultra,12GB RAM / 512GB / Dark Purple,12,512,Dark Purple,,,,mapped,2026-07-30T00:00:00,2026-07-30T00:00:00
VAR-D012DC5CDCBACB,MOD-4B8D35830E5D32,Samsung Galaxy S26 Ultra 12GB RAM / 512GB / Sky Blue | 512GB Storage,الموبايلات والاتصالات,هواتف ذكية,Samsung,Galaxy S26 Ultra,12GB RAM / 512GB / Sky Blue,12,512,Sky Blue,,,,mapped,2026-07-30T00:00:00,2026-07-30T00:00:00
VAR-B3EF364157CC67,MOD-4B8D35830E5D32,Samsung Galaxy S26 Ultra 12GB RAM / 512GB / White | 512GB Storage,الموبايلات والاتصالات,هواتف ذكية,Samsung,Galaxy S26 Ultra,12GB RAM / 512GB / White,12,512,White,,,,mapped,2026-07-30T00:00:00,2026-07-30T00:00:00
VAR-7A86B8E19AB4A8,MOD-AADC5D276B7BC6,Samsung Galaxy S26 Ultra 12GB RAM / 256GB Storage / 5G + Dual-SIM / Cobalt Violet,الموبايلات والاتصالات,هواتف ذكية,Samsung,Galaxy S26 Ultra,12GB RAM | 256GB Storage | 5G + Dual-SIM | Cobalt Violet,12,256,Cobalt Violet,,,,mapped,2026-07-30T00:00:00,2026-07-30T00:00:00
VAR-2CDB04A5FDF6F9,MOD-4B8D35830E5D32,Samsung Galaxy S26 Ultra 16GB RAM / 1024GB / Black | 1TB Storage,الموبايلات والاتصالات,هواتف ذكية,Samsung,Galaxy S26 Ultra,16GB RAM / 1024GB / Black,16,1024,Black,,,,mapped,2026-07-30T00:00:00,2026-07-30T00:00:00
VAR-34071598B86B8F,MOD-4B8D35830E5D32,Samsung Galaxy S26 Ultra 16GB RAM / 1024GB / Dark Purple | 1TB Storage,الموبايلات والاتصالات,هواتف ذكية,Samsung,Galaxy S26 Ultra,16GB RAM / 1024GB / Dark Purple,16,1024,Dark Purple,,,,mapped,2026-07-30T00:00:00,2026-07-30T00:00:00
VAR-3FA9DF68355BD5,MOD-4B8D35830E5D32,Samsung Galaxy S26 Ultra 16GB RAM / 1024GB / Sky Blue | 1TB Storage,الموبايلات والاتصالات,هواتف ذكية,Samsung,Galaxy S26 Ultra,16GB RAM / 1024GB / Sky Blue,16,1024,Sky Blue,,,,mapped,2026-07-30T00:00:00,2026-07-30T00:00:00
VAR-7891DFE6BBDE12,MOD-4B8D35830E5D32,Samsung Galaxy S26 Ultra 16GB RAM / 1024GB / White | 1TB Storage,الموبايلات والاتصالات,هواتف ذكية,Samsung,Galaxy S26 Ultra,16GB RAM / 1024GB / White,16,1024,White,,,,mapped,2026-07-30T00:00:00,2026-07-30T00:00:00
VAR-0A8EE4D764251B,MOD-5277BBCC8A4F01,Samsung Galaxy S26+ 12GB RAM / 256GB / Black | 256GB Storage,الموبايلات والاتصالات,هواتف ذكية,Samsung,Galaxy S26+,12GB RAM / 256GB / Black,12,256,Black,,,,mapped,2026-07-30T00:00:00,2026-07-30T00:00:00
VAR-7DB64F74254A53,MOD-5277BBCC8A4F01,Samsung Galaxy S26+ 12GB RAM / 256GB / Dark Purple | 256GB Storage,الموبايلات والاتصالات,هواتف ذكية,Samsung,Galaxy S26+,12GB RAM / 256GB / Dark Purple,12,256,Dark Purple,,,,mapped,2026-07-30T00:00:00,2026-07-30T00:00:00
VAR-ED9C6093FE59CF,MOD-5277BBCC8A4F01,Samsung Galaxy S26+ 12GB RAM / 256GB / Sky Blue | 256GB Storage,الموبايلات والاتصالات,هواتف ذكية,Samsung,Galaxy S26+,12GB RAM / 256GB / Sky Blue,12,256,Sky Blue,,,,mapped,2026-07-30T00:00:00,2026-07-30T00:00:00
VAR-A6829D4249F977,MOD-5277BBCC8A4F01,Samsung Galaxy S26+ 12GB RAM / 256GB / White | 256GB Storage,الموبايلات والاتصالات,هواتف ذكية,Samsung,Galaxy S26+,12GB RAM / 256GB / White,12,256,White,,,,mapped,2026-07-30T00:00:00,2026-07-30T00:00:00
VAR-943A97017248EB,MOD-5277BBCC8A4F01,Samsung Galaxy S26+ 12GB RAM / 512GB / Black | 512GB Storage,الموبايلات والاتصالات,هواتف ذكية,Samsung,Galaxy S26+,12GB RAM / 512GB / Black,12,512,Black,,,,mapped,2026-07-30T00:00:00,2026-07-30T00:00:00
VAR-46527C105F8D5D,MOD-5277BBCC8A4F01,Samsung Galaxy S26+ 12GB RAM / 512GB / Dark Purple | 512GB Storage,الموبايلات والاتصالات,هواتف ذكية,Samsung,Galaxy S26+,12GB RAM / 512GB / Dark Purple,12,512,Dark Purple,,,,mapped,2026-07-30T00:00:00,2026-07-30T00:00:00
VAR-1947096AC4C0FF,MOD-5277BBCC8A4F01,Samsung Galaxy S26+ 12GB RAM / 512GB / Sky Blue | 512GB Storage,الموبايلات والاتصالات,هواتف ذكية,Samsung,Galaxy S26+,12GB RAM / 512GB / Sky Blue,12,512,Sky Blue,,,,mapped,2026-07-30T00:00:00,2026-07-30T00:00:00
VAR-160736D95D52B9,MOD-5277BBCC8A4F01,Samsung Galaxy S26+ 12GB RAM / 512GB / White | 512GB Storage,الموبايلات والاتصالات,هواتف ذكية,Samsung,Galaxy S26+,12GB RAM / 512GB / White,12,512,White,,,,mapped,2026-07-30T00:00:00,2026-07-30T00:00:00
VAR-73E6B035BC8445,MOD-66CFFE97A57E5B,Tecno TECNO Camon 30 8GB RAM / 256GB / Iceland Basaltic Dark | 256GB Storage,الموبايلات والاتصالات,هواتف ذكية,Tecno,TECNO Camon 30,8GB RAM / 256GB / Iceland Basaltic Dark,8,256,Iceland Basaltic Dark,,,,mapped,2026-07-30T00:00:00,2026-07-30T00:00:00
VAR-DB1736A21C36D3,MOD-66CFFE97A57E5B,Tecno TECNO Camon 30 8GB RAM / 256GB / Salt White | 256GB Storage,الموبايلات والاتصالات,هواتف ذكية,Tecno,TECNO Camon 30,8GB RAM / 256GB / Salt White,8,256,Salt White,,,,mapped,2026-07-30T00:00:00,2026-07-30T00:00:00
VAR-1F0C47EDAF41F9,MOD-B46FAF8B85432F,Tecno TECNO Camon 40 8GB RAM / 256GB / Emerald Glow Green | 256GB Storage,الموبايلات والاتصالات,هواتف ذكية,Tecno,TECNO Camon 40,8GB RAM / 256GB / Emerald Glow Green,8,256,Emerald Glow Green,,,,mapped,2026-07-30T00:00:00,2026-07-30T00:00:00
VAR-D4C9F5A72E0236,MOD-B46FAF8B85432F,Tecno TECNO Camon 40 8GB RAM / 256GB / Emerald Lake Green | 256GB Storage,الموبايلات والاتصالات,هواتف ذكية,Tecno,TECNO Camon 40,8GB RAM / 256GB / Emerald Lake Green,8,256,Emerald Lake Green,,,,mapped,2026-07-30T00:00:00,2026-07-30T00:00:00
VAR-C4CFAD8137CBA5,MOD-B46FAF8B85432F,Tecno TECNO Camon 40 8GB RAM / 256GB / Galaxy Black | 256GB Storage,الموبايلات والاتصالات,هواتف ذكية,Tecno,TECNO Camon 40,8GB RAM / 256GB / Galaxy Black,8,256,Galaxy Black,,,,mapped,2026-07-30T00:00:00,2026-07-30T00:00:00
VAR-84EB3549B304AE,MOD-472E1E35203EE1,Tecno TECNO Spark 40 Pro 8GB RAM / 256GB / Ink Black | 256GB Storage,الموبايلات والاتصالات,هواتف ذكية,Tecno,TECNO Spark 40 Pro,8GB RAM / 256GB / Ink Black,8,256,Ink Black,,,,mapped,2026-07-30T00:00:00,2026-07-30T00:00:00
VAR-0E38F0F6B56C23,MOD-472E1E35203EE1,Tecno TECNO Spark 40 Pro 8GB RAM / 256GB / Lake Blue | 256GB Storage,الموبايلات والاتصالات,هواتف ذكية,Tecno,TECNO Spark 40 Pro,8GB RAM / 256GB / Lake Blue,8,256,Lake Blue,,,,mapped,2026-07-30T00:00:00,2026-07-30T00:00:00
VAR-36D246308567D2,MOD-472E1E35203EE1,Tecno TECNO Spark 40 Pro 8GB RAM / 256GB / Moon Titanium | 256GB Storage,الموبايلات والاتصالات,هواتف ذكية,Tecno,TECNO Spark 40 Pro,8GB RAM / 256GB / Moon Titanium,8,256,Moon Titanium,,,,mapped,2026-07-30T00:00:00,2026-07-30T00:00:00
VAR-5DA084FAF35558,MOD-EDD9CC978CB927,Tecno TECNO Spark Slim 8GB RAM / 256GB / Cool Black | 256GB Storage,الموبايلات والاتصالات,هواتف ذكية,Tecno,TECNO Spark Slim,8GB RAM / 256GB / Cool Black,8,256,Cool Black,,,,mapped,2026-07-30T00:00:00,2026-07-30T00:00:00
VAR-3315D4A988958E,MOD-1D2AF664EE06B2,Vivo V25e 8GB RAM / 128GB Storage / 4G LTE + 4G + Dual-SIM / Sunrise Gold,الموبايلات والاتصالات,هواتف ذكية,Vivo,V25e,8GB RAM | 128GB Storage | 4G LTE + 4G + Dual-SIM | Sunrise Gold,8,128,Sunrise Gold,,,,mapped,2026-07-30T00:00:00,2026-07-30T00:00:00
VAR-5AD4D6D6FB2AD5,MOD-D7DDEE08752178,Vivo V60 12GB RAM / 256GB Storage / 5G + Dual-SIM / Auspicious Gold,الموبايلات والاتصالات,هواتف ذكية,Vivo,V60,12GB RAM | 256GB Storage | 5G + Dual-SIM | Auspicious Gold,12,256,Auspicious Gold,,,,mapped,2026-07-30T00:00:00,2026-07-30T00:00:00
VAR-16F3D86AD3D766,MOD-2FF17B4EACE972,Vivo V60 Lite 12GB RAM / 256GB Storage / 5G + Dual-SIM / Black,الموبايلات والاتصالات,هواتف ذكية,Vivo,V60 Lite,12GB RAM | 256GB Storage | 5G + Dual-SIM | Black,12,256,Black,,,,mapped,2026-07-30T00:00:00,2026-07-30T00:00:00
VAR-9A98C47BCE6742,MOD-2FF17B4EACE972,Vivo V60 Lite 12GB RAM / 256GB Storage / 5G + Dual-SIM / Blue,الموبايلات والاتصالات,هواتف ذكية,Vivo,V60 Lite,12GB RAM | 256GB Storage | 5G + Dual-SIM | Blue,12,256,Blue,,,,mapped,2026-07-30T00:00:00,2026-07-30T00:00:00
VAR-04663821043715,MOD-2FF17B4EACE972,Vivo V60 Lite 8GB RAM / 256GB Storage / 5G + Dual-SIM / Black,الموبايلات والاتصالات,هواتف ذكية,Vivo,V60 Lite,8GB RAM | 256GB Storage | 5G + Dual-SIM | Black,8,256,Black,,,,mapped,2026-07-30T00:00:00,2026-07-30T00:00:00
VAR-5C2799F2CE563C,MOD-8E620078BDCE13,Vivo V70 FE 25GB RAM / 5G + Dual-SIM / Northern Lights Purple,الموبايلات والاتصالات,هواتف ذكية,Vivo,V70 FE,25GB RAM | 5G + Dual-SIM | Northern Lights Purple,25,,Northern Lights Purple,,,,mapped,2026-07-30T00:00:00,2026-07-30T00:00:00
VAR-022848093028EC,MOD-1F9BA9A0AF8E90,Vivo vivo V50 Lite 8GB RAM / 256GB / Silk Green | 256GB Storage,الموبايلات والاتصالات,هواتف ذكية,Vivo,vivo V50 Lite,8GB RAM / 256GB / Silk Green,8,256,Silk Green,,,,mapped,2026-07-30T00:00:00,2026-07-30T00:00:00
VAR-21B812477B6FE2,MOD-1F9BA9A0AF8E90,Vivo vivo V50 Lite 8GB RAM / 256GB / Titanium Gold | 256GB Storage,الموبايلات والاتصالات,هواتف ذكية,Vivo,vivo V50 Lite,8GB RAM / 256GB / Titanium Gold,8,256,Titanium Gold,,,,mapped,2026-07-30T00:00:00,2026-07-30T00:00:00
VAR-C365398F8ADD35,MOD-681D1B0CD0C2DD,Vivo vivo V60 Lite 8GB RAM / 256GB / Black | 256GB Storage,الموبايلات والاتصالات,هواتف ذكية,Vivo,vivo V60 Lite,8GB RAM / 256GB / Black,8,256,Black,,,,mapped,2026-07-30T00:00:00,2026-07-30T00:00:00
VAR-2B2AE1986EDA11,MOD-FCD7284861F030,Vivo vivo Y29 8GB RAM / 256GB / Brown | 256GB Storage,الموبايلات والاتصالات,هواتف ذكية,Vivo,vivo Y29,8GB RAM / 256GB / Brown,8,256,Brown,,,,mapped,2026-07-30T00:00:00,2026-07-30T00:00:00
VAR-B3B9D47741FB97,MOD-678E537984664A,Vivo vivo Y31 8GB RAM / 256GB / Purple | 256GB Storage,الموبايلات والاتصالات,هواتف ذكية,Vivo,vivo Y31,8GB RAM / 256GB / Purple,8,256,Purple,,,,mapped,2026-07-30T00:00:00,2026-07-30T00:00:00
VAR-B3768BD8FF6D3E,MOD-408A636D1B66EB,Vivo vivo Y31d 8GB RAM / 256GB / Feather Gold | 256GB Storage,الموبايلات والاتصالات,هواتف ذكية,Vivo,vivo Y31d,8GB RAM / 256GB / Feather Gold,8,256,Feather Gold,,,,mapped,2026-07-30T00:00:00,2026-07-30T00:00:00
VAR-891A5547A01A3D,MOD-A23B05C8886533,Vivo Y04 4GB RAM / 128GB Storage / 4G LTE + 4G + Dual-SIM / Gold,الموبايلات والاتصالات,هواتف ذكية,Vivo,Y04,4GB RAM | 128GB Storage | 4G LTE + 4G + Dual-SIM | Gold,4,128,Gold,,,,mapped,2026-07-30T00:00:00,2026-07-30T00:00:00
VAR-56EBD44F389275,MOD-A23B05C8886533,Vivo Y04 4GB RAM / 128GB Storage / 4G LTE + 4G + Dual-SIM / Green,الموبايلات والاتصالات,هواتف ذكية,Vivo,Y04,4GB RAM | 128GB Storage | 4G LTE + 4G + Dual-SIM | Green,4,128,Green,,,,mapped,2026-07-30T00:00:00,2026-07-30T00:00:00
VAR-B7F231E322E247,MOD-A23B05C8886533,Vivo Y04 4GB RAM / 256GB Storage / 4G LTE + 4G + Dual-SIM / Gold,الموبايلات والاتصالات,هواتف ذكية,Vivo,Y04,4GB RAM | 256GB Storage | 4G LTE + 4G + Dual-SIM | Gold,4,256,Gold,,,,mapped,2026-07-30T00:00:00,2026-07-30T00:00:00
VAR-72E710646A5D52,MOD-A23B05C8886533,Vivo Y04 4GB RAM / 64GB Storage / 4G LTE + 4G + Dual-SIM / Majestic Green,الموبايلات والاتصالات,هواتف ذكية,Vivo,Y04,4GB RAM | 64GB Storage | 4G LTE + 4G + Dual-SIM | Majestic Green,4,64,Majestic Green,,,,mapped,2026-07-30T00:00:00,2026-07-30T00:00:00
VAR-5EA335E2678671,MOD-9056AC0D7D577F,Vivo Y11D 4GB RAM / 128GB Storage / 4G + Dual-SIM / Sunrise Gold,الموبايلات والاتصالات,هواتف ذكية,Vivo,Y11D,4GB RAM | 128GB Storage | 4G + Dual-SIM | Sunrise Gold,4,128,Sunrise Gold,,,,mapped,2026-07-30T00:00:00,2026-07-30T00:00:00
VAR-783E8B7F46EED2,MOD-9056AC0D7D577F,Vivo Y11D 4GB RAM / 128GB Storage / 4G + Dual-SIM / Voyage Black,الموبايلات والاتصالات,هواتف ذكية,Vivo,Y11D,4GB RAM | 128GB Storage | 4G + Dual-SIM | Voyage Black,4,128,Voyage Black,,,,mapped,2026-07-30T00:00:00,2026-07-30T00:00:00
VAR-3AB8EA46F70B34,MOD-2A872F6ED4E923,Vivo Y21D 4GB RAM / 128GB Storage / 4G + Dual-SIM / Coral Red,الموبايلات والاتصالات,هواتف ذكية,Vivo,Y21D,4GB RAM | 128GB Storage | 4G + Dual-SIM | Coral Red,4,128,Coral Red,,,,mapped,2026-07-30T00:00:00,2026-07-30T00:00:00
VAR-2A9D7D445E229B,MOD-2A872F6ED4E923,Vivo Y21D 6GB RAM / 128GB Storage / 4G + Dual-SIM / Coral Red,الموبايلات والاتصالات,هواتف ذكية,Vivo,Y21D,6GB RAM | 128GB Storage | 4G + Dual-SIM | Coral Red,6,128,Coral Red,,,,mapped,2026-07-30T00:00:00,2026-07-30T00:00:00
VAR-777A28AF7BED15,MOD-2A872F6ED4E923,Vivo Y21D 6GB RAM / 128GB Storage / 4G + Dual-SIM / Emerald Green,الموبايلات والاتصالات,هواتف ذكية,Vivo,Y21D,6GB RAM | 128GB Storage | 4G + Dual-SIM | Emerald Green,6,128,Emerald Green,,,,mapped,2026-07-30T00:00:00,2026-07-30T00:00:00
VAR-15D55D0AF5B4E4,MOD-2A872F6ED4E923,Vivo Y21D 6GB RAM / 256GB Storage / 4G + Dual-SIM / Coral Red,الموبايلات والاتصالات,هواتف ذكية,Vivo,Y21D,6GB RAM | 256GB Storage | 4G + Dual-SIM | Coral Red,6,256,Coral Red,,,,mapped,2026-07-30T00:00:00,2026-07-30T00:00:00
VAR-093649FE729F3F,MOD-2A872F6ED4E923,Vivo Y21D 6GB RAM / 256GB Storage / 4G + Dual-SIM / Emerald Green,الموبايلات والاتصالات,هواتف ذكية,Vivo,Y21D,6GB RAM | 256GB Storage | 4G + Dual-SIM | Emerald Green,6,256,Emerald Green,,,,mapped,2026-07-30T00:00:00,2026-07-30T00:00:00
VAR-57793704ED1C22,MOD-58A433790EB97E,Vivo Y29 8GB RAM / 128GB Storage / 4G + Dual-SIM / White,الموبايلات والاتصالات,هواتف ذكية,Vivo,Y29,8GB RAM | 128GB Storage | 4G + Dual-SIM | White,8,128,White,,,,mapped,2026-07-30T00:00:00,2026-07-30T00:00:00
VAR-0426EE0D6E2583,MOD-07889DEF5F0E04,Vivo Y31d 8GB RAM / 256GB Storage / 4G + Dual-SIM / Feather Gold,الموبايلات والاتصالات,هواتف ذكية,Vivo,Y31d,8GB RAM | 256GB Storage | 4G + Dual-SIM | Feather Gold,8,256,Feather Gold,,,,mapped,2026-07-30T00:00:00,2026-07-30T00:00:00
VAR-BB5383EA8ACD4B,MOD-6BDA92406A4A92,Vivo Y73 8GB RAM / 128GB Storage / 4G LTE + 4G + Dual-SIM / Diamond Flare,الموبايلات والاتصالات,هواتف ذكية,Vivo,Y73,8GB RAM | 128GB Storage | 4G LTE + 4G + Dual-SIM | Diamond Flare,8,128,Diamond Flare,,,,mapped,2026-07-30T00:00:00,2026-07-30T00:00:00
VAR-552F2B3BFAA93A,MOD-E85C93C3EEC305,Xiaomi 17T 12GB RAM / 256GB Storage / 5G + Dual-SIM / Black,الموبايلات والاتصالات,هواتف ذكية,Xiaomi,17T,12GB RAM | 256GB Storage | 5G + Dual-SIM | Black,12,256,Black,,,,mapped,2026-07-30T00:00:00,2026-07-30T00:00:00
VAR-E18F284F7EBC37,MOD-E85C93C3EEC305,Xiaomi 17T 12GB RAM / 256GB Storage / 5G + Dual-SIM / Opal White,الموبايلات والاتصالات,هواتف ذكية,Xiaomi,17T,12GB RAM | 256GB Storage | 5G + Dual-SIM | Opal White,12,256,Opal White,,,,mapped,2026-07-30T00:00:00,2026-07-30T00:00:00
VAR-07AADA5133DBBC,MOD-E6959C31B3C979,Xiaomi Redmi 15 6GB RAM / 128GB Storage / 4G + Dual-SIM / Red / Purple,الموبايلات والاتصالات,هواتف ذكية,Xiaomi,Redmi 15,6GB RAM | 128GB Storage | 4G + Dual-SIM | Red / Purple,6,128,Red / Purple,,,,mapped,2026-07-30T00:00:00,2026-07-30T00:00:00
VAR-D4C4718AD8420E,MOD-E6959C31B3C979,Xiaomi Redmi 15 8GB RAM / 256GB Storage / 4G + Dual-SIM / Midnight Black / Red,الموبايلات والاتصالات,هواتف ذكية,Xiaomi,Redmi 15,8GB RAM | 256GB Storage | 4G + Dual-SIM | Midnight Black / Red,8,256,Midnight Black / Red,,,,mapped,2026-07-30T00:00:00,2026-07-30T00:00:00
VAR-27177B96955B0D,MOD-E4474871172EB1,Xiaomi Redmi 15C 6GB RAM / 128GB Storage / 4G LTE + 4G + Dual-SIM / Red / Mint Green,الموبايلات والاتصالات,هواتف ذكية,Xiaomi,Redmi 15C,6GB RAM | 128GB Storage | 4G LTE + 4G + Dual-SIM | Red / Mint Green,6,128,Red / Mint Green,,,,mapped,2026-07-30T00:00:00,2026-07-30T00:00:00
VAR-3A684C2A5FC979,MOD-E4474871172EB1,Xiaomi Redmi 15C 6GB RAM / 128GB Storage / 4G LTE + 4G + Dual-SIM / Red / Twilight Orange,الموبايلات والاتصالات,هواتف ذكية,Xiaomi,Redmi 15C,6GB RAM | 128GB Storage | 4G LTE + 4G + Dual-SIM | Red / Twilight Orange,6,128,Red / Twilight Orange,,,,mapped,2026-07-30T00:00:00,2026-07-30T00:00:00
VAR-F2D04BC89654E5,MOD-E4474871172EB1,Xiaomi Redmi 15C 8GB RAM / 256GB Storage / 4G LTE + 4G + Dual-SIM / Midnight Black / Red,الموبايلات والاتصالات,هواتف ذكية,Xiaomi,Redmi 15C,8GB RAM | 256GB Storage | 4G LTE + 4G + Dual-SIM | Midnight Black / Red,8,256,Midnight Black / Red,,,,mapped,2026-07-30T00:00:00,2026-07-30T00:00:00
VAR-D7049349B7C522,MOD-E4474871172EB1,Xiaomi Redmi 15C 8GB RAM / 256GB Storage / 4G LTE + 4G + Dual-SIM / Red / Mint Green,الموبايلات والاتصالات,هواتف ذكية,Xiaomi,Redmi 15C,8GB RAM | 256GB Storage | 4G LTE + 4G + Dual-SIM | Red / Mint Green,8,256,Red / Mint Green,,,,mapped,2026-07-30T00:00:00,2026-07-30T00:00:00
VAR-DE0279806FCF2B,MOD-E4474871172EB1,Xiaomi Redmi 15C 8GB RAM / 256GB Storage / 4G LTE + 4G + Dual-SIM / Red / Moonlight Blue,الموبايلات والاتصالات,هواتف ذكية,Xiaomi,Redmi 15C,8GB RAM | 256GB Storage | 4G LTE + 4G + Dual-SIM | Red / Moonlight Blue,8,256,Red / Moonlight Blue,,,,mapped,2026-07-30T00:00:00,2026-07-30T00:00:00
VAR-88B3DF60F94AC5,MOD-E4474871172EB1,Xiaomi Redmi 15C 8GB RAM / 256GB Storage / 4G LTE + 4G + Dual-SIM / Red / Twilight Orange,الموبايلات والاتصالات,هواتف ذكية,Xiaomi,Redmi 15C,8GB RAM | 256GB Storage | 4G LTE + 4G + Dual-SIM | Red / Twilight Orange,8,256,Red / Twilight Orange,,,,mapped,2026-07-30T00:00:00,2026-07-30T00:00:00
VAR-73D49B8F395BEA,MOD-1F2C55DDE054DF,Xiaomi Redmi A5 4GB RAM / 64GB Storage / 4G LTE + 4G + Dual-SIM / Midnight Black / Red,الموبايلات والاتصالات,هواتف ذكية,Xiaomi,Redmi A5,4GB RAM | 64GB Storage | 4G LTE + 4G + Dual-SIM | Midnight Black / Red,4,64,Midnight Black / Red,,,,mapped,2026-07-30T00:00:00,2026-07-30T00:00:00
VAR-5C8BA50B4294BE,MOD-1F2C55DDE054DF,Xiaomi Redmi A5 4GB RAM / 64GB Storage / 4G LTE + 4G + Dual-SIM / Red / Lake Green,الموبايلات والاتصالات,هواتف ذكية,Xiaomi,Redmi A5,4GB RAM | 64GB Storage | 4G LTE + 4G + Dual-SIM | Red / Lake Green,4,64,Red / Lake Green,,,,mapped,2026-07-30T00:00:00,2026-07-30T00:00:00
VAR-B44313ED0C9B61,MOD-59851917CAB2FB,Xiaomi Redmi A7 Pro 4GB RAM / 64GB Storage / 4G + Dual-SIM / Red / Sunset Orange,الموبايلات والاتصالات,هواتف ذكية,Xiaomi,Redmi A7 Pro,4GB RAM | 64GB Storage | 4G + Dual-SIM | Red / Sunset Orange,4,64,Red / Sunset Orange,,,,mapped,2026-07-30T00:00:00,2026-07-30T00:00:00
VAR-1DA51ED1C4A98E,MOD-CEA0F3B40831BF,Xiaomi Redmi Note 15 6GB RAM / 128GB Storage / 4G + Dual-SIM / Black / Red,الموبايلات والاتصالات,هواتف ذكية,Xiaomi,Redmi Note 15,6GB RAM | 128GB Storage | 4G + Dual-SIM | Black / Red,6,128,Black / Red,,,,mapped,2026-07-30T00:00:00,2026-07-30T00:00:00
VAR-54E7B4A3819251,MOD-CEA0F3B40831BF,Xiaomi Redmi Note 15 6GB RAM / 128GB Storage / 4G + Dual-SIM / Red / Glacier Blue,الموبايلات والاتصالات,هواتف ذكية,Xiaomi,Redmi Note 15,6GB RAM | 128GB Storage | 4G + Dual-SIM | Red / Glacier Blue,6,128,Red / Glacier Blue,,,,mapped,2026-07-30T00:00:00,2026-07-30T00:00:00
VAR-FF08AB797B980B,MOD-CEA0F3B40831BF,Xiaomi Redmi Note 15 8GB RAM / 256GB Storage / 4G + Dual-SIM / Black / Red,الموبايلات والاتصالات,هواتف ذكية,Xiaomi,Redmi Note 15,8GB RAM | 256GB Storage | 4G + Dual-SIM | Black / Red,8,256,Black / Red,,,,mapped,2026-07-30T00:00:00,2026-07-30T00:00:00
VAR-3B9A8C7AAA7599,MOD-CEA0F3B40831BF,Xiaomi Redmi Note 15 8GB RAM / 256GB Storage / 5G + Dual-SIM / Black / Red,الموبايلات والاتصالات,هواتف ذكية,Xiaomi,Redmi Note 15,8GB RAM | 256GB Storage | 5G + Dual-SIM | Black / Red,8,256,Black / Red,,,,mapped,2026-07-30T00:00:00,2026-07-30T00:00:00
VAR-404B404AFC00FE,MOD-CEA0F3B40831BF,Xiaomi Redmi Note 15 8GB RAM / 256GB Storage / 5G + Dual-SIM / Red / Glacier Blue,الموبايلات والاتصالات,هواتف ذكية,Xiaomi,Redmi Note 15,8GB RAM | 256GB Storage | 5G + Dual-SIM | Red / Glacier Blue,8,256,Red / Glacier Blue,,,,mapped,2026-07-30T00:00:00,2026-07-30T00:00:00
VAR-8B1D9C4C3BE34C,MOD-CEA0F3B40831BF,Xiaomi Redmi Note 15 8GB RAM / 256GB Storage / 5G + Dual-SIM / Red / Mist Purple,الموبايلات والاتصالات,هواتف ذكية,Xiaomi,Redmi Note 15,8GB RAM | 256GB Storage | 5G + Dual-SIM | Red / Mist Purple,8,256,Red / Mist Purple,,,,mapped,2026-07-30T00:00:00,2026-07-30T00:00:00
VAR-65C716C04587E3,MOD-64D72C412BDC49,Xiaomi Redmi Note 15 Pro Plus 12GB RAM / 512GB Storage / 5G + Dual-SIM / Red / Glacier Blue,الموبايلات والاتصالات,هواتف ذكية,Xiaomi,Redmi Note 15 Pro Plus,12GB RAM | 512GB Storage | 5G + Dual-SIM | Red / Glacier Blue,12,512,Red / Glacier Blue,,,,mapped,2026-07-30T00:00:00,2026-07-30T00:00:00
VAR-54206ED5AB0C39,MOD-E62C3B4520D14A,Nokia 105 Dual-SIM / Black,الموبايلات والاتصالات,هواتف محمولة تقليدية,Nokia,105,Dual-SIM | Black,,,Black,,,,mapped,2026-07-30T00:00:00,2026-07-30T00:00:00
VAR-6283630FD5004A,MOD-44EC5815C8F36B,Nokia 105 2023 Dual-SIM Dual-SIM / Cyan,الموبايلات والاتصالات,هواتف محمولة تقليدية,Nokia,105 2023 Dual-SIM,Dual-SIM | Cyan,,,Cyan,,,,mapped,2026-07-30T00:00:00,2026-07-30T00:00:00
VAR-D8E9844110B257,MOD-B3190217B66A74,Nokia 105 Dual-SIM Dual-SIM / Black,الموبايلات والاتصالات,هواتف محمولة تقليدية,Nokia,105 Dual-SIM,Dual-SIM | Black,,,Black,,,,mapped,2026-07-30T00:00:00,2026-07-30T00:00:00
VAR-587AD6318513B4,MOD-9927F26BEB602D,Nokia 106 (2018) Dual-SIM Dual-SIM / Black,الموبايلات والاتصالات,هواتف محمولة تقليدية,Nokia,106 (2018) Dual-SIM,Dual-SIM | Black,,,Black,,,,mapped,2026-07-30T00:00:00,2026-07-30T00:00:00
VAR-6E3C63F980956F,MOD-9927F26BEB602D,Nokia 106 (2018) Dual-SIM Dual-SIM / Gray,الموبايلات والاتصالات,هواتف محمولة تقليدية,Nokia,106 (2018) Dual-SIM,Dual-SIM | Gray,,,Gray,,,,mapped,2026-07-30T00:00:00,2026-07-30T00:00:00
VAR-EC7859944069E8,MOD-2E83770CBB87FD,Nokia 108 Dual-SIM Dual-SIM / Black,الموبايلات والاتصالات,هواتف محمولة تقليدية,Nokia,108 Dual-SIM,Dual-SIM | Black,,,Black,,,,mapped,2026-07-30T00:00:00,2026-07-30T00:00:00
VAR-07C804AF61AEFC,MOD-4AC68FD2018D93,Nokia 110 (2019) Dual-SIM Dual-SIM / Black,الموبايلات والاتصالات,هواتف محمولة تقليدية,Nokia,110 (2019) Dual-SIM,Dual-SIM | Black,,,Black,,,,mapped,2026-07-30T00:00:00,2026-07-30T00:00:00
VAR-6838B3F19E2241,MOD-4AC68FD2018D93,Nokia 110 (2019) Dual-SIM Dual-SIM / Blue,الموبايلات والاتصالات,هواتف محمولة تقليدية,Nokia,110 (2019) Dual-SIM,Dual-SIM | Blue,,,Blue,,,,mapped,2026-07-30T00:00:00,2026-07-30T00:00:00
VAR-23DEB63EAB0868,MOD-45ABE2BE92DD0E,Nokia 130 Dual-SIM Dual-SIM / Black,الموبايلات والاتصالات,هواتف محمولة تقليدية,Nokia,130 Dual-SIM,Dual-SIM | Black,,,Black,,,,mapped,2026-07-30T00:00:00,2026-07-30T00:00:00
VAR-27DBF5E95156EA,MOD-18F134D3BF7CB5,Nokia 210 Dual-SIM Dual-SIM / Black,الموبايلات والاتصالات,هواتف محمولة تقليدية,Nokia,210 Dual-SIM,Dual-SIM | Black,,,Black,,,,mapped,2026-07-30T00:00:00,2026-07-30T00:00:00
VAR-5FA30A5E9DA9A3,MOD-F99A8FB8815DF1,Nokia 230 Dual-SIM Dual-SIM / Blue,الموبايلات والاتصالات,هواتف محمولة تقليدية,Nokia,230 Dual-SIM,Dual-SIM | Blue,,,Blue,,,,mapped,2026-07-30T00:00:00,2026-07-30T00:00:00
VAR-3E3697E714BDE6,MOD-2359F5234D8792,Nokia 2720 Dual-SIM Dual-SIM / Black,الموبايلات والاتصالات,هواتف محمولة تقليدية,Nokia,2720 Dual-SIM,Dual-SIM | Black,,,Black,,,,mapped,2026-07-30T00:00:00,2026-07-30T00:00:00
VAR-56F62BA1461B04,MOD-59522ED950F3BE,Nokia 5310 Dual-SIM Dual-SIM / Black/Red,الموبايلات والاتصالات,هواتف محمولة تقليدية,Nokia,5310 Dual-SIM,Dual-SIM | Black/Red,,,Black/Red,,,,mapped,2026-07-30T00:00:00,2026-07-30T00:00:00
VAR-3F7A9783C05C8A,MOD-6DF19DEB268F47,Nokia 6310 2021 Dual-SIM Dual-SIM / Green,الموبايلات والاتصالات,هواتف محمولة تقليدية,Nokia,6310 2021 Dual-SIM,Dual-SIM | Green,,,Green,,,,mapped,2026-07-30T00:00:00,2026-07-30T00:00:00
VAR-73D2DD7E1CB4A0,MOD-9FD80D1722B27C,Nokia Dual-SIM Dual-SIM,الموبايلات والاتصالات,هواتف محمولة تقليدية,Nokia,Dual-SIM,Dual-SIM,,,,,,,mapped,2026-07-30T00:00:00,2026-07-30T00:00:00
VAR-B063D603DE646C,MOD-588976369B0387,Nokia Nokia 130 Dual-SIM Dual-SIM / Black,الموبايلات والاتصالات,هواتف محمولة تقليدية,Nokia,Nokia 130 Dual-SIM,Dual-SIM | Black,,,Black,,,,mapped,2026-07-30T00:00:00,2026-07-30T00:00:00
VAR-A1B5DD99D897DA,MOD-4A86BF66D56283,Samsung B310E Dual-SIM Dual-SIM / White,الموبايلات والاتصالات,هواتف محمولة تقليدية,Samsung,B310E Dual-SIM,Dual-SIM | White,,,White,,,,mapped,2026-07-30T00:00:00,2026-07-30T00:00:00
VAR-7A88547D3C3248,MOD-7363BA87FB94EC,Samsung Guru Music 2 Dual-SIM Dual-SIM / Blue,الموبايلات والاتصالات,هواتف محمولة تقليدية,Samsung,Guru Music 2 Dual-SIM,Dual-SIM | Blue,,,Blue,,,,mapped,2026-07-30T00:00:00,2026-07-30T00:00:00
VAR-62867CBDD68F5C,MOD-F9F5A86A9C322F,Xiaomi REDMI Pad 2 4G 4GB RAM / 128GB / Graphite Gray | 128GB Storage,الموبايلات والاتصالات,أجهزة تابلت,Xiaomi,REDMI Pad 2 4G,4GB RAM / 128GB / Graphite Gray,4,128,Graphite Gray,,,https://www.mi.com/eg/product/redmi-pad-2-4g/specs/,awaiting_mapping,2026-07-30T00:00:00,2026-07-30T00:00:00
VAR-8BFC9B38FB3FD6,MOD-F9F5A86A9C322F,Xiaomi REDMI Pad 2 4G 4GB RAM / 128GB / Mint Green | 128GB Storage,الموبايلات والاتصالات,أجهزة تابلت,Xiaomi,REDMI Pad 2 4G,4GB RAM / 128GB / Mint Green,4,128,Mint Green,,,https://www.mi.com/eg/product/redmi-pad-2-4g/specs/,awaiting_mapping,2026-07-30T00:00:00,2026-07-30T00:00:00
VAR-FFB9E61789AD77,MOD-F9F5A86A9C322F,Xiaomi REDMI Pad 2 4G 6GB RAM / 128GB / Graphite Gray | 128GB Storage,الموبايلات والاتصالات,أجهزة تابلت,Xiaomi,REDMI Pad 2 4G,6GB RAM / 128GB / Graphite Gray,6,128,Graphite Gray,,,https://www.mi.com/eg/product/redmi-pad-2-4g/specs/,awaiting_mapping,2026-07-30T00:00:00,2026-07-30T00:00:00
VAR-AC0B0451FD27EB,MOD-F9F5A86A9C322F,Xiaomi REDMI Pad 2 4G 6GB RAM / 128GB / Mint Green | 128GB Storage,الموبايلات والاتصالات,أجهزة تابلت,Xiaomi,REDMI Pad 2 4G,6GB RAM / 128GB / Mint Green,6,128,Mint Green,,,https://www.mi.com/eg/product/redmi-pad-2-4g/specs/,awaiting_mapping,2026-07-30T00:00:00,2026-07-30T00:00:00
VAR-A629082CCB8058,MOD-F9F5A86A9C322F,Xiaomi REDMI Pad 2 4G 8GB RAM / 256GB / Graphite Gray | 256GB Storage,الموبايلات والاتصالات,أجهزة تابلت,Xiaomi,REDMI Pad 2 4G,8GB RAM / 256GB / Graphite Gray,8,256,Graphite Gray,,,https://www.mi.com/eg/product/redmi-pad-2-4g/specs/,awaiting_mapping,2026-07-30T00:00:00,2026-07-30T00:00:00
VAR-385EB0C8282B1A,MOD-F9F5A86A9C322F,Xiaomi REDMI Pad 2 4G 8GB RAM / 256GB / Mint Green | 256GB Storage,الموبايلات والاتصالات,أجهزة تابلت,Xiaomi,REDMI Pad 2 4G,8GB RAM / 256GB / Mint Green,8,256,Mint Green,,,https://www.mi.com/eg/product/redmi-pad-2-4g/specs/,awaiting_mapping,2026-07-30T00:00:00,2026-07-30T00:00:00
VAR-487F68DCF546A3,MOD-5D67A97A9274CC,Xiaomi Xiaomi Pad 7 12GB RAM / 256GB / Blue | 256GB Storage,الموبايلات والاتصالات,أجهزة تابلت,Xiaomi,Xiaomi Pad 7,12GB RAM / 256GB / Blue,12,256,Blue,,,https://www.mi.com/eg/product/xiaomi-pad-7/specs/,awaiting_mapping,2026-07-30T00:00:00,2026-07-30T00:00:00
VAR-6B4AFDF40C92D1,MOD-5D67A97A9274CC,Xiaomi Xiaomi Pad 7 12GB RAM / 256GB / Gray | 256GB Storage,الموبايلات والاتصالات,أجهزة تابلت,Xiaomi,Xiaomi Pad 7,12GB RAM / 256GB / Gray,12,256,Gray,,,https://www.mi.com/eg/product/xiaomi-pad-7/specs/,awaiting_mapping,2026-07-30T00:00:00,2026-07-30T00:00:00
VAR-D8CFE32BE4E565,MOD-5D67A97A9274CC,Xiaomi Xiaomi Pad 7 12GB RAM / 256GB / Green | 256GB Storage,الموبايلات والاتصالات,أجهزة تابلت,Xiaomi,Xiaomi Pad 7,12GB RAM / 256GB / Green,12,256,Green,,,https://www.mi.com/eg/product/xiaomi-pad-7/specs/,awaiting_mapping,2026-07-30T00:00:00,2026-07-30T00:00:00
VAR-5F460759472C61,MOD-5D67A97A9274CC,Xiaomi Xiaomi Pad 7 8GB RAM / 128GB / Blue | 128GB Storage,الموبايلات والاتصالات,أجهزة تابلت,Xiaomi,Xiaomi Pad 7,8GB RAM / 128GB / Blue,8,128,Blue,,,https://www.mi.com/eg/product/xiaomi-pad-7/specs/,awaiting_mapping,2026-07-30T00:00:00,2026-07-30T00:00:00
VAR-5AF5479926F637,MOD-5D67A97A9274CC,Xiaomi Xiaomi Pad 7 8GB RAM / 128GB / Gray | 128GB Storage,الموبايلات والاتصالات,أجهزة تابلت,Xiaomi,Xiaomi Pad 7,8GB RAM / 128GB / Gray,8,128,Gray,,,https://www.mi.com/eg/product/xiaomi-pad-7/specs/,awaiting_mapping,2026-07-30T00:00:00,2026-07-30T00:00:00
VAR-6D10D31552A049,MOD-5D67A97A9274CC,Xiaomi Xiaomi Pad 7 8GB RAM / 128GB / Green | 128GB Storage,الموبايلات والاتصالات,أجهزة تابلت,Xiaomi,Xiaomi Pad 7,8GB RAM / 128GB / Green,8,128,Green,,,https://www.mi.com/eg/product/xiaomi-pad-7/specs/,awaiting_mapping,2026-07-30T00:00:00,2026-07-30T00:00:00
VAR-23434A81333991,MOD-5D67A97A9274CC,Xiaomi Xiaomi Pad 7 8GB RAM / 256GB / Blue | 256GB Storage,الموبايلات والاتصالات,أجهزة تابلت,Xiaomi,Xiaomi Pad 7,8GB RAM / 256GB / Blue,8,256,Blue,,,https://www.mi.com/eg/product/xiaomi-pad-7/specs/,awaiting_mapping,2026-07-30T00:00:00,2026-07-30T00:00:00
VAR-B8B4C947145A27,MOD-5D67A97A9274CC,Xiaomi Xiaomi Pad 7 8GB RAM / 256GB / Gray | 256GB Storage,الموبايلات والاتصالات,أجهزة تابلت,Xiaomi,Xiaomi Pad 7,8GB RAM / 256GB / Gray,8,256,Gray,,,https://www.mi.com/eg/product/xiaomi-pad-7/specs/,awaiting_mapping,2026-07-30T00:00:00,2026-07-30T00:00:00
VAR-E17FD4317641CB,MOD-5D67A97A9274CC,Xiaomi Xiaomi Pad 7 8GB RAM / 256GB / Green | 256GB Storage,الموبايلات والاتصالات,أجهزة تابلت,Xiaomi,Xiaomi Pad 7,8GB RAM / 256GB / Green,8,256,Green,,,https://www.mi.com/eg/product/xiaomi-pad-7/specs/,awaiting_mapping,2026-07-30T00:00:00,2026-07-30T00:00:00
VAR-FB396417A407B7,MOD-4E0086E32D0B76,Apple Apple Watch Series 11 Aluminum GPS 42mm / GPS / Jet Black | 64GB Storage,الموبايلات والاتصالات,ساعات ذكية,Apple,Apple Watch Series 11 Aluminum GPS,42mm / GPS / Jet Black,,64,Jet Black,,,https://www.apple.com/eg/apple-watch-series-11/specs/,awaiting_mapping,2026-07-30T00:00:00,2026-07-30T00:00:00
VAR-94F902E808377E,MOD-4E0086E32D0B76,Apple Apple Watch Series 11 Aluminum GPS 42mm / GPS / Rose Gold | 64GB Storage,الموبايلات والاتصالات,ساعات ذكية,Apple,Apple Watch Series 11 Aluminum GPS,42mm / GPS / Rose Gold,,64,Rose Gold,,,https://www.apple.com/eg/apple-watch-series-11/specs/,awaiting_mapping,2026-07-30T00:00:00,2026-07-30T00:00:00
VAR-FF082F2B5C2239,MOD-4E0086E32D0B76,Apple Apple Watch Series 11 Aluminum GPS 42mm / GPS / Silver | 64GB Storage,الموبايلات والاتصالات,ساعات ذكية,Apple,Apple Watch Series 11 Aluminum GPS,42mm / GPS / Silver,,64,Silver,,,https://www.apple.com/eg/apple-watch-series-11/specs/,awaiting_mapping,2026-07-30T00:00:00,2026-07-30T00:00:00
VAR-868EE79CF0E92A,MOD-4E0086E32D0B76,Apple Apple Watch Series 11 Aluminum GPS 42mm / GPS / Space Gray | 64GB Storage,الموبايلات والاتصالات,ساعات ذكية,Apple,Apple Watch Series 11 Aluminum GPS,42mm / GPS / Space Gray,,64,Space Gray,,,https://www.apple.com/eg/apple-watch-series-11/specs/,awaiting_mapping,2026-07-30T00:00:00,2026-07-30T00:00:00
VAR-9C563E0E252F8B,MOD-4E0086E32D0B76,Apple Apple Watch Series 11 Aluminum GPS 46mm / GPS / Jet Black | 64GB Storage,الموبايلات والاتصالات,ساعات ذكية,Apple,Apple Watch Series 11 Aluminum GPS,46mm / GPS / Jet Black,,64,Jet Black,,,https://www.apple.com/eg/apple-watch-series-11/specs/,awaiting_mapping,2026-07-30T00:00:00,2026-07-30T00:00:00
VAR-1508E24A89E128,MOD-4E0086E32D0B76,Apple Apple Watch Series 11 Aluminum GPS 46mm / GPS / Rose Gold | 64GB Storage,الموبايلات والاتصالات,ساعات ذكية,Apple,Apple Watch Series 11 Aluminum GPS,46mm / GPS / Rose Gold,,64,Rose Gold,,,https://www.apple.com/eg/apple-watch-series-11/specs/,awaiting_mapping,2026-07-30T00:00:00,2026-07-30T00:00:00
VAR-9ADB724BF8FAF8,MOD-4E0086E32D0B76,Apple Apple Watch Series 11 Aluminum GPS 46mm / GPS / Silver | 64GB Storage,الموبايلات والاتصالات,ساعات ذكية,Apple,Apple Watch Series 11 Aluminum GPS,46mm / GPS / Silver,,64,Silver,,,https://www.apple.com/eg/apple-watch-series-11/specs/,awaiting_mapping,2026-07-30T00:00:00,2026-07-30T00:00:00
VAR-14D6AC85A71363,MOD-4E0086E32D0B76,Apple Apple Watch Series 11 Aluminum GPS 46mm / GPS / Space Gray | 64GB Storage,الموبايلات والاتصالات,ساعات ذكية,Apple,Apple Watch Series 11 Aluminum GPS,46mm / GPS / Space Gray,,64,Space Gray,,,https://www.apple.com/eg/apple-watch-series-11/specs/,awaiting_mapping,2026-07-30T00:00:00,2026-07-30T00:00:00
VAR-D3DFD73552C293,MOD-871D89B8501696,Apple iPhone 17 256GB / Black | 256GB Storage,الموبايلات والاتصالات,هواتف ذكية,Apple,iPhone 17,256GB / Black,,256,Black,,,https://www.apple.com/eg/iphone-17/specs/,awaiting_mapping,2026-07-30T00:00:00,2026-07-30T00:00:00
VAR-AF5877CAD5396B,MOD-871D89B8501696,Apple iPhone 17 256GB / Lavender | 256GB Storage,الموبايلات والاتصالات,هواتف ذكية,Apple,iPhone 17,256GB / Lavender,,256,Lavender,,,https://www.apple.com/eg/iphone-17/specs/,awaiting_mapping,2026-07-30T00:00:00,2026-07-30T00:00:00
VAR-B0C75681EC0BA1,MOD-871D89B8501696,Apple iPhone 17 256GB / Mist Blue | 256GB Storage,الموبايلات والاتصالات,هواتف ذكية,Apple,iPhone 17,256GB / Mist Blue,,256,Mist Blue,,,https://www.apple.com/eg/iphone-17/specs/,awaiting_mapping,2026-07-30T00:00:00,2026-07-30T00:00:00
VAR-310B189048628A,MOD-871D89B8501696,Apple iPhone 17 256GB / Sage | 256GB Storage,الموبايلات والاتصالات,هواتف ذكية,Apple,iPhone 17,256GB / Sage,,256,Sage,,,https://www.apple.com/eg/iphone-17/specs/,awaiting_mapping,2026-07-30T00:00:00,2026-07-30T00:00:00
VAR-877F909D95988D,MOD-871D89B8501696,Apple iPhone 17 256GB / White | 256GB Storage,الموبايلات والاتصالات,هواتف ذكية,Apple,iPhone 17,256GB / White,,256,White,,,https://www.apple.com/eg/iphone-17/specs/,awaiting_mapping,2026-07-30T00:00:00,2026-07-30T00:00:00
VAR-5276279FC105D3,MOD-871D89B8501696,Apple iPhone 17 512GB / Black | 512GB Storage,الموبايلات والاتصالات,هواتف ذكية,Apple,iPhone 17,512GB / Black,,512,Black,,,https://www.apple.com/eg/iphone-17/specs/,awaiting_mapping,2026-07-30T00:00:00,2026-07-30T00:00:00
VAR-8EE300BF3D1CE6,MOD-871D89B8501696,Apple iPhone 17 512GB / Lavender | 512GB Storage,الموبايلات والاتصالات,هواتف ذكية,Apple,iPhone 17,512GB / Lavender,,512,Lavender,,,https://www.apple.com/eg/iphone-17/specs/,awaiting_mapping,2026-07-30T00:00:00,2026-07-30T00:00:00
VAR-9FA55C090AD913,MOD-871D89B8501696,Apple iPhone 17 512GB / Mist Blue | 512GB Storage,الموبايلات والاتصالات,هواتف ذكية,Apple,iPhone 17,512GB / Mist Blue,,512,Mist Blue,,,https://www.apple.com/eg/iphone-17/specs/,awaiting_mapping,2026-07-30T00:00:00,2026-07-30T00:00:00
VAR-08EA21D92D29A3,MOD-871D89B8501696,Apple iPhone 17 512GB / Sage | 512GB Storage,الموبايلات والاتصالات,هواتف ذكية,Apple,iPhone 17,512GB / Sage,,512,Sage,,,https://www.apple.com/eg/iphone-17/specs/,awaiting_mapping,2026-07-30T00:00:00,2026-07-30T00:00:00
VAR-54C38608459E97,MOD-871D89B8501696,Apple iPhone 17 512GB / White | 512GB Storage,الموبايلات والاتصالات,هواتف ذكية,Apple,iPhone 17,512GB / White,,512,White,,,https://www.apple.com/eg/iphone-17/specs/,awaiting_mapping,2026-07-30T00:00:00,2026-07-30T00:00:00
VAR-832BE4BB1A6F45,MOD-6C1214FC0E11AE,Apple iPhone 17 Pro 1024GB / Cosmic Orange | 1TB Storage,الموبايلات والاتصالات,هواتف ذكية,Apple,iPhone 17 Pro,1024GB / Cosmic Orange,,1024,Cosmic Orange,,,https://www.apple.com/eg/iphone-17-pro/specs/,awaiting_mapping,2026-07-30T00:00:00,2026-07-30T00:00:00
VAR-3E2FE092F735CF,MOD-6C1214FC0E11AE,Apple iPhone 17 Pro 1024GB / Deep Blue | 1TB Storage,الموبايلات والاتصالات,هواتف ذكية,Apple,iPhone 17 Pro,1024GB / Deep Blue,,1024,Deep Blue,,,https://www.apple.com/eg/iphone-17-pro/specs/,awaiting_mapping,2026-07-30T00:00:00,2026-07-30T00:00:00
VAR-5B3289E46981F8,MOD-6C1214FC0E11AE,Apple iPhone 17 Pro 1024GB / Silver | 1TB Storage,الموبايلات والاتصالات,هواتف ذكية,Apple,iPhone 17 Pro,1024GB / Silver,,1024,Silver,,,https://www.apple.com/eg/iphone-17-pro/specs/,awaiting_mapping,2026-07-30T00:00:00,2026-07-30T00:00:00
VAR-32E9E44D07D6AA,MOD-6C1214FC0E11AE,Apple iPhone 17 Pro 256GB / Cosmic Orange | 256GB Storage,الموبايلات والاتصالات,هواتف ذكية,Apple,iPhone 17 Pro,256GB / Cosmic Orange,,256,Cosmic Orange,,,https://www.apple.com/eg/iphone-17-pro/specs/,awaiting_mapping,2026-07-30T00:00:00,2026-07-30T00:00:00
VAR-87F97CBAF2F656,MOD-6C1214FC0E11AE,Apple iPhone 17 Pro 256GB / Deep Blue | 256GB Storage,الموبايلات والاتصالات,هواتف ذكية,Apple,iPhone 17 Pro,256GB / Deep Blue,,256,Deep Blue,,,https://www.apple.com/eg/iphone-17-pro/specs/,awaiting_mapping,2026-07-30T00:00:00,2026-07-30T00:00:00
VAR-A790331C56D95B,MOD-6C1214FC0E11AE,Apple iPhone 17 Pro 256GB / Silver | 256GB Storage,الموبايلات والاتصالات,هواتف ذكية,Apple,iPhone 17 Pro,256GB / Silver,,256,Silver,,,https://www.apple.com/eg/iphone-17-pro/specs/,awaiting_mapping,2026-07-30T00:00:00,2026-07-30T00:00:00
VAR-3B1CCA6740C52F,MOD-6C1214FC0E11AE,Apple iPhone 17 Pro 512GB / Cosmic Orange | 512GB Storage,الموبايلات والاتصالات,هواتف ذكية,Apple,iPhone 17 Pro,512GB / Cosmic Orange,,512,Cosmic Orange,,,https://www.apple.com/eg/iphone-17-pro/specs/,awaiting_mapping,2026-07-30T00:00:00,2026-07-30T00:00:00
VAR-DB07748CE174E4,MOD-6C1214FC0E11AE,Apple iPhone 17 Pro 512GB / Deep Blue | 512GB Storage,الموبايلات والاتصالات,هواتف ذكية,Apple,iPhone 17 Pro,512GB / Deep Blue,,512,Deep Blue,,,https://www.apple.com/eg/iphone-17-pro/specs/,awaiting_mapping,2026-07-30T00:00:00,2026-07-30T00:00:00
VAR-D2456507C3B90A,MOD-6C1214FC0E11AE,Apple iPhone 17 Pro 512GB / Silver | 512GB Storage,الموبايلات والاتصالات,هواتف ذكية,Apple,iPhone 17 Pro,512GB / Silver,,512,Silver,,,https://www.apple.com/eg/iphone-17-pro/specs/,awaiting_mapping,2026-07-30T00:00:00,2026-07-30T00:00:00
VAR-D5F2BEA3D3BC39,MOD-BE4E74420A4992,Apple iPhone 17 Pro Max 1024GB / Cosmic Orange | 1TB Storage,الموبايلات والاتصالات,هواتف ذكية,Apple,iPhone 17 Pro Max,1024GB / Cosmic Orange,,1024,Cosmic Orange,,,https://www.apple.com/eg/iphone-17-pro/specs/,awaiting_mapping,2026-07-30T00:00:00,2026-07-30T00:00:00
VAR-63D15E08BF15BC,MOD-BE4E74420A4992,Apple iPhone 17 Pro Max 1024GB / Deep Blue | 1TB Storage,الموبايلات والاتصالات,هواتف ذكية,Apple,iPhone 17 Pro Max,1024GB / Deep Blue,,1024,Deep Blue,,,https://www.apple.com/eg/iphone-17-pro/specs/,awaiting_mapping,2026-07-30T00:00:00,2026-07-30T00:00:00
VAR-D2332572FC5783,MOD-BE4E74420A4992,Apple iPhone 17 Pro Max 1024GB / Silver | 1TB Storage,الموبايلات والاتصالات,هواتف ذكية,Apple,iPhone 17 Pro Max,1024GB / Silver,,1024,Silver,,,https://www.apple.com/eg/iphone-17-pro/specs/,awaiting_mapping,2026-07-30T00:00:00,2026-07-30T00:00:00
VAR-4D5131C25B7D1F,MOD-BE4E74420A4992,Apple iPhone 17 Pro Max 2048GB / Cosmic Orange | 2TB Storage,الموبايلات والاتصالات,هواتف ذكية,Apple,iPhone 17 Pro Max,2048GB / Cosmic Orange,,2048,Cosmic Orange,,,https://www.apple.com/eg/iphone-17-pro/specs/,awaiting_mapping,2026-07-30T00:00:00,2026-07-30T00:00:00
VAR-B55FB9E3BE74F3,MOD-BE4E74420A4992,Apple iPhone 17 Pro Max 2048GB / Deep Blue | 2TB Storage,الموبايلات والاتصالات,هواتف ذكية,Apple,iPhone 17 Pro Max,2048GB / Deep Blue,,2048,Deep Blue,,,https://www.apple.com/eg/iphone-17-pro/specs/,awaiting_mapping,2026-07-30T00:00:00,2026-07-30T00:00:00
VAR-04115E0B0F98A5,MOD-BE4E74420A4992,Apple iPhone 17 Pro Max 2048GB / Silver | 2TB Storage,الموبايلات والاتصالات,هواتف ذكية,Apple,iPhone 17 Pro Max,2048GB / Silver,,2048,Silver,,,https://www.apple.com/eg/iphone-17-pro/specs/,awaiting_mapping,2026-07-30T00:00:00,2026-07-30T00:00:00
VAR-E770D1BD5700DF,MOD-BE4E74420A4992,Apple iPhone 17 Pro Max 256GB / Cosmic Orange | 256GB Storage,الموبايلات والاتصالات,هواتف ذكية,Apple,iPhone 17 Pro Max,256GB / Cosmic Orange,,256,Cosmic Orange,,,https://www.apple.com/eg/iphone-17-pro/specs/,awaiting_mapping,2026-07-30T00:00:00,2026-07-30T00:00:00
VAR-9B165F85658BCF,MOD-BE4E74420A4992,Apple iPhone 17 Pro Max 256GB / Deep Blue | 256GB Storage,الموبايلات والاتصالات,هواتف ذكية,Apple,iPhone 17 Pro Max,256GB / Deep Blue,,256,Deep Blue,,,https://www.apple.com/eg/iphone-17-pro/specs/,awaiting_mapping,2026-07-30T00:00:00,2026-07-30T00:00:00
VAR-A242B192772051,MOD-BE4E74420A4992,Apple iPhone 17 Pro Max 256GB / Silver | 256GB Storage,الموبايلات والاتصالات,هواتف ذكية,Apple,iPhone 17 Pro Max,256GB / Silver,,256,Silver,,,https://www.apple.com/eg/iphone-17-pro/specs/,awaiting_mapping,2026-07-30T00:00:00,2026-07-30T00:00:00
VAR-340002B5D4081A,MOD-BE4E74420A4992,Apple iPhone 17 Pro Max 512GB / Cosmic Orange | 512GB Storage,الموبايلات والاتصالات,هواتف ذكية,Apple,iPhone 17 Pro Max,512GB / Cosmic Orange,,512,Cosmic Orange,,,https://www.apple.com/eg/iphone-17-pro/specs/,awaiting_mapping,2026-07-30T00:00:00,2026-07-30T00:00:00
VAR-00AE54612BB8BF,MOD-BE4E74420A4992,Apple iPhone 17 Pro Max 512GB / Deep Blue | 512GB Storage,الموبايلات والاتصالات,هواتف ذكية,Apple,iPhone 17 Pro Max,512GB / Deep Blue,,512,Deep Blue,,,https://www.apple.com/eg/iphone-17-pro/specs/,awaiting_mapping,2026-07-30T00:00:00,2026-07-30T00:00:00
VAR-3E03C92DED86C7,MOD-BE4E74420A4992,Apple iPhone 17 Pro Max 512GB / Silver | 512GB Storage,الموبايلات والاتصالات,هواتف ذكية,Apple,iPhone 17 Pro Max,512GB / Silver,,512,Silver,,,https://www.apple.com/eg/iphone-17-pro/specs/,awaiting_mapping,2026-07-30T00:00:00,2026-07-30T00:00:00
VAR-A7FF38E63A8AC6,MOD-57256A120ACEDA,Apple iPhone 17e 256GB / Black | 256GB Storage,الموبايلات والاتصالات,هواتف ذكية,Apple,iPhone 17e,256GB / Black,,256,Black,,,https://www.apple.com/eg/iphone-17e/specs/,awaiting_mapping,2026-07-30T00:00:00,2026-07-30T00:00:00
VAR-260CB4DE49522E,MOD-57256A120ACEDA,Apple iPhone 17e 256GB / Soft Pink | 256GB Storage,الموبايلات والاتصالات,هواتف ذكية,Apple,iPhone 17e,256GB / Soft Pink,,256,Soft Pink,,,https://www.apple.com/eg/iphone-17e/specs/,awaiting_mapping,2026-07-30T00:00:00,2026-07-30T00:00:00
VAR-1C7AD6B7FBC78F,MOD-57256A120ACEDA,Apple iPhone 17e 256GB / White | 256GB Storage,الموبايلات والاتصالات,هواتف ذكية,Apple,iPhone 17e,256GB / White,,256,White,,,https://www.apple.com/eg/iphone-17e/specs/,awaiting_mapping,2026-07-30T00:00:00,2026-07-30T00:00:00
VAR-EA31BC9DCF0E73,MOD-57256A120ACEDA,Apple iPhone 17e 512GB / Black | 512GB Storage,الموبايلات والاتصالات,هواتف ذكية,Apple,iPhone 17e,512GB / Black,,512,Black,,,https://www.apple.com/eg/iphone-17e/specs/,awaiting_mapping,2026-07-30T00:00:00,2026-07-30T00:00:00
VAR-8926CC2CC3EBC6,MOD-57256A120ACEDA,Apple iPhone 17e 512GB / Soft Pink | 512GB Storage,الموبايلات والاتصالات,هواتف ذكية,Apple,iPhone 17e,512GB / Soft Pink,,512,Soft Pink,,,https://www.apple.com/eg/iphone-17e/specs/,awaiting_mapping,2026-07-30T00:00:00,2026-07-30T00:00:00
VAR-B57F0216088A6A,MOD-57256A120ACEDA,Apple iPhone 17e 512GB / White | 512GB Storage,الموبايلات والاتصالات,هواتف ذكية,Apple,iPhone 17e,512GB / White,,512,White,,,https://www.apple.com/eg/iphone-17e/specs/,awaiting_mapping,2026-07-30T00:00:00,2026-07-30T00:00:00
VAR-5CF8EB23EDAF87,MOD-FA6415CFE38FCC,Apple iPhone Air 1024GB / Cloud White | 1TB Storage,الموبايلات والاتصالات,هواتف ذكية,Apple,iPhone Air,1024GB / Cloud White,,1024,Cloud White,,,https://www.apple.com/eg/iphone-air/specs/,awaiting_mapping,2026-07-30T00:00:00,2026-07-30T00:00:00
VAR-60CD1494AD56DD,MOD-FA6415CFE38FCC,Apple iPhone Air 1024GB / Light Gold | 1TB Storage,الموبايلات والاتصالات,هواتف ذكية,Apple,iPhone Air,1024GB / Light Gold,,1024,Light Gold,,,https://www.apple.com/eg/iphone-air/specs/,awaiting_mapping,2026-07-30T00:00:00,2026-07-30T00:00:00
VAR-269194F41E1145,MOD-FA6415CFE38FCC,Apple iPhone Air 1024GB / Sky Blue | 1TB Storage,الموبايلات والاتصالات,هواتف ذكية,Apple,iPhone Air,1024GB / Sky Blue,,1024,Sky Blue,,,https://www.apple.com/eg/iphone-air/specs/,awaiting_mapping,2026-07-30T00:00:00,2026-07-30T00:00:00
VAR-88B9548355D151,MOD-FA6415CFE38FCC,Apple iPhone Air 1024GB / Space Black | 1TB Storage,الموبايلات والاتصالات,هواتف ذكية,Apple,iPhone Air,1024GB / Space Black,,1024,Space Black,,,https://www.apple.com/eg/iphone-air/specs/,awaiting_mapping,2026-07-30T00:00:00,2026-07-30T00:00:00
VAR-E18BA194E7D5C2,MOD-FA6415CFE38FCC,Apple iPhone Air 256GB / Cloud White | 256GB Storage,الموبايلات والاتصالات,هواتف ذكية,Apple,iPhone Air,256GB / Cloud White,,256,Cloud White,,,https://www.apple.com/eg/iphone-air/specs/,awaiting_mapping,2026-07-30T00:00:00,2026-07-30T00:00:00
VAR-80F44E323AE81A,MOD-FA6415CFE38FCC,Apple iPhone Air 256GB / Light Gold | 256GB Storage,الموبايلات والاتصالات,هواتف ذكية,Apple,iPhone Air,256GB / Light Gold,,256,Light Gold,,,https://www.apple.com/eg/iphone-air/specs/,awaiting_mapping,2026-07-30T00:00:00,2026-07-30T00:00:00
VAR-29EABF89A0885D,MOD-FA6415CFE38FCC,Apple iPhone Air 256GB / Sky Blue | 256GB Storage,الموبايلات والاتصالات,هواتف ذكية,Apple,iPhone Air,256GB / Sky Blue,,256,Sky Blue,,,https://www.apple.com/eg/iphone-air/specs/,awaiting_mapping,2026-07-30T00:00:00,2026-07-30T00:00:00
VAR-76E618BB54DDAA,MOD-FA6415CFE38FCC,Apple iPhone Air 256GB / Space Black | 256GB Storage,الموبايلات والاتصالات,هواتف ذكية,Apple,iPhone Air,256GB / Space Black,,256,Space Black,,,https://www.apple.com/eg/iphone-air/specs/,awaiting_mapping,2026-07-30T00:00:00,2026-07-30T00:00:00
VAR-A3D27CD56D4AE1,MOD-FA6415CFE38FCC,Apple iPhone Air 512GB / Cloud White | 512GB Storage,الموبايلات والاتصالات,هواتف ذكية,Apple,iPhone Air,512GB / Cloud White,,512,Cloud White,,,https://www.apple.com/eg/iphone-air/specs/,awaiting_mapping,2026-07-30T00:00:00,2026-07-30T00:00:00
VAR-382EC65E0EC78D,MOD-FA6415CFE38FCC,Apple iPhone Air 512GB / Light Gold | 512GB Storage,الموبايلات والاتصالات,هواتف ذكية,Apple,iPhone Air,512GB / Light Gold,,512,Light Gold,,,https://www.apple.com/eg/iphone-air/specs/,awaiting_mapping,2026-07-30T00:00:00,2026-07-30T00:00:00
VAR-4DB3047A2FB841,MOD-FA6415CFE38FCC,Apple iPhone Air 512GB / Sky Blue | 512GB Storage,الموبايلات والاتصالات,هواتف ذكية,Apple,iPhone Air,512GB / Sky Blue,,512,Sky Blue,,,https://www.apple.com/eg/iphone-air/specs/,awaiting_mapping,2026-07-30T00:00:00,2026-07-30T00:00:00
VAR-2E6F6CCD0600D9,MOD-FA6415CFE38FCC,Apple iPhone Air 512GB / Space Black | 512GB Storage,الموبايلات والاتصالات,هواتف ذكية,Apple,iPhone Air,512GB / Space Black,,512,Space Black,,,https://www.apple.com/eg/iphone-air/specs/,awaiting_mapping,2026-07-30T00:00:00,2026-07-30T00:00:00
VAR-66324CD2AF4A6C,MOD-0606F8B62F7D34,Xiaomi REDMI 15 6GB RAM / 128GB / Midnight Black | 128GB Storage,الموبايلات والاتصالات,هواتف ذكية,Xiaomi,REDMI 15,6GB RAM / 128GB / Midnight Black,6,128,Midnight Black,,,https://www.mi.com/eg/product/redmi-15/specs/,awaiting_mapping,2026-07-30T00:00:00,2026-07-30T00:00:00
VAR-4929A2B096A92A,MOD-0606F8B62F7D34,Xiaomi REDMI 15 6GB RAM / 128GB / Sandy Purple | 128GB Storage,الموبايلات والاتصالات,هواتف ذكية,Xiaomi,REDMI 15,6GB RAM / 128GB / Sandy Purple,6,128,Sandy Purple,,,https://www.mi.com/eg/product/redmi-15/specs/,awaiting_mapping,2026-07-30T00:00:00,2026-07-30T00:00:00
VAR-9A21C1EB36B850,MOD-0606F8B62F7D34,Xiaomi REDMI 15 6GB RAM / 128GB / Titan Gray | 128GB Storage,الموبايلات والاتصالات,هواتف ذكية,Xiaomi,REDMI 15,6GB RAM / 128GB / Titan Gray,6,128,Titan Gray,,,https://www.mi.com/eg/product/redmi-15/specs/,awaiting_mapping,2026-07-30T00:00:00,2026-07-30T00:00:00
VAR-C8DD54BCC90D41,MOD-0606F8B62F7D34,Xiaomi REDMI 15 8GB RAM / 128GB / Midnight Black | 128GB Storage,الموبايلات والاتصالات,هواتف ذكية,Xiaomi,REDMI 15,8GB RAM / 128GB / Midnight Black,8,128,Midnight Black,,,https://www.mi.com/eg/product/redmi-15/specs/,awaiting_mapping,2026-07-30T00:00:00,2026-07-30T00:00:00
VAR-70BC5801872057,MOD-0606F8B62F7D34,Xiaomi REDMI 15 8GB RAM / 128GB / Sandy Purple | 128GB Storage,الموبايلات والاتصالات,هواتف ذكية,Xiaomi,REDMI 15,8GB RAM / 128GB / Sandy Purple,8,128,Sandy Purple,,,https://www.mi.com/eg/product/redmi-15/specs/,awaiting_mapping,2026-07-30T00:00:00,2026-07-30T00:00:00
VAR-3A41ACB3480899,MOD-0606F8B62F7D34,Xiaomi REDMI 15 8GB RAM / 128GB / Titan Gray | 128GB Storage,الموبايلات والاتصالات,هواتف ذكية,Xiaomi,REDMI 15,8GB RAM / 128GB / Titan Gray,8,128,Titan Gray,,,https://www.mi.com/eg/product/redmi-15/specs/,awaiting_mapping,2026-07-30T00:00:00,2026-07-30T00:00:00
VAR-5AF264E5F2B8F8,MOD-0606F8B62F7D34,Xiaomi REDMI 15 8GB RAM / 256GB / Midnight Black | 256GB Storage,الموبايلات والاتصالات,هواتف ذكية,Xiaomi,REDMI 15,8GB RAM / 256GB / Midnight Black,8,256,Midnight Black,,,https://www.mi.com/eg/product/redmi-15/specs/,awaiting_mapping,2026-07-30T00:00:00,2026-07-30T00:00:00
VAR-61140A86274515,MOD-0606F8B62F7D34,Xiaomi REDMI 15 8GB RAM / 256GB / Sandy Purple | 256GB Storage,الموبايلات والاتصالات,هواتف ذكية,Xiaomi,REDMI 15,8GB RAM / 256GB / Sandy Purple,8,256,Sandy Purple,,,https://www.mi.com/eg/product/redmi-15/specs/,awaiting_mapping,2026-07-30T00:00:00,2026-07-30T00:00:00
VAR-AED3969BB82899,MOD-0606F8B62F7D34,Xiaomi REDMI 15 8GB RAM / 256GB / Titan Gray | 256GB Storage,الموبايلات والاتصالات,هواتف ذكية,Xiaomi,REDMI 15,8GB RAM / 256GB / Titan Gray,8,256,Titan Gray,,,https://www.mi.com/eg/product/redmi-15/specs/,awaiting_mapping,2026-07-30T00:00:00,2026-07-30T00:00:00
VAR-4BDB0062624B80,MOD-C1A6F9DB6FFC90,Xiaomi REDMI 15C 6GB RAM / 128GB / Midnight Black | 128GB Storage,الموبايلات والاتصالات,هواتف ذكية,Xiaomi,REDMI 15C,6GB RAM / 128GB / Midnight Black,6,128,Midnight Black,,,https://www.mi.com/eg/product/redmi-15c/specs/,awaiting_mapping,2026-07-30T00:00:00,2026-07-30T00:00:00
VAR-CE4EB87ACDD159,MOD-C1A6F9DB6FFC90,Xiaomi REDMI 15C 6GB RAM / 128GB / Mint Green | 128GB Storage,الموبايلات والاتصالات,هواتف ذكية,Xiaomi,REDMI 15C,6GB RAM / 128GB / Mint Green,6,128,Mint Green,,,https://www.mi.com/eg/product/redmi-15c/specs/,awaiting_mapping,2026-07-30T00:00:00,2026-07-30T00:00:00
VAR-F6DC2EABE14204,MOD-C1A6F9DB6FFC90,Xiaomi REDMI 15C 6GB RAM / 128GB / Moonlight Blue | 128GB Storage,الموبايلات والاتصالات,هواتف ذكية,Xiaomi,REDMI 15C,6GB RAM / 128GB / Moonlight Blue,6,128,Moonlight Blue,,,https://www.mi.com/eg/product/redmi-15c/specs/,awaiting_mapping,2026-07-30T00:00:00,2026-07-30T00:00:00
VAR-03D4480BCAC5D8,MOD-C1A6F9DB6FFC90,Xiaomi REDMI 15C 6GB RAM / 128GB / Twilight Orange | 128GB Storage,الموبايلات والاتصالات,هواتف ذكية,Xiaomi,REDMI 15C,6GB RAM / 128GB / Twilight Orange,6,128,Twilight Orange,,,https://www.mi.com/eg/product/redmi-15c/specs/,awaiting_mapping,2026-07-30T00:00:00,2026-07-30T00:00:00
VAR-D9C02D7C1A70F3,MOD-C1A6F9DB6FFC90,Xiaomi REDMI 15C 8GB RAM / 256GB / Midnight Black | 256GB Storage,الموبايلات والاتصالات,هواتف ذكية,Xiaomi,REDMI 15C,8GB RAM / 256GB / Midnight Black,8,256,Midnight Black,,,https://www.mi.com/eg/product/redmi-15c/specs/,awaiting_mapping,2026-07-30T00:00:00,2026-07-30T00:00:00
VAR-7B6DB0717E9D92,MOD-C1A6F9DB6FFC90,Xiaomi REDMI 15C 8GB RAM / 256GB / Mint Green | 256GB Storage,الموبايلات والاتصالات,هواتف ذكية,Xiaomi,REDMI 15C,8GB RAM / 256GB / Mint Green,8,256,Mint Green,,,https://www.mi.com/eg/product/redmi-15c/specs/,awaiting_mapping,2026-07-30T00:00:00,2026-07-30T00:00:00
VAR-639FBAC5AB6174,MOD-C1A6F9DB6FFC90,Xiaomi REDMI 15C 8GB RAM / 256GB / Moonlight Blue | 256GB Storage,الموبايلات والاتصالات,هواتف ذكية,Xiaomi,REDMI 15C,8GB RAM / 256GB / Moonlight Blue,8,256,Moonlight Blue,,,https://www.mi.com/eg/product/redmi-15c/specs/,awaiting_mapping,2026-07-30T00:00:00,2026-07-30T00:00:00
VAR-DE709AAC6062F0,MOD-C1A6F9DB6FFC90,Xiaomi REDMI 15C 8GB RAM / 256GB / Twilight Orange | 256GB Storage,الموبايلات والاتصالات,هواتف ذكية,Xiaomi,REDMI 15C,8GB RAM / 256GB / Twilight Orange,8,256,Twilight Orange,,,https://www.mi.com/eg/product/redmi-15c/specs/,awaiting_mapping,2026-07-30T00:00:00,2026-07-30T00:00:00
VAR-262BF786BC1E5B,MOD-4164F4A1E56ECD,Xiaomi REDMI Note 15 6GB RAM / 128GB / Black | 128GB Storage,الموبايلات والاتصالات,هواتف ذكية,Xiaomi,REDMI Note 15,6GB RAM / 128GB / Black,6,128,Black,,,https://www.mi.com/eg/product/redmi-note-15/specs/,awaiting_mapping,2026-07-30T00:00:00,2026-07-30T00:00:00
VAR-D646C83DEDB60C,MOD-4164F4A1E56ECD,Xiaomi REDMI Note 15 6GB RAM / 128GB / Glacier Blue | 128GB Storage,الموبايلات والاتصالات,هواتف ذكية,Xiaomi,REDMI Note 15,6GB RAM / 128GB / Glacier Blue,6,128,Glacier Blue,,,https://www.mi.com/eg/product/redmi-note-15/specs/,awaiting_mapping,2026-07-30T00:00:00,2026-07-30T00:00:00
VAR-BAD5922B1D18B4,MOD-4164F4A1E56ECD,Xiaomi REDMI Note 15 6GB RAM / 128GB / Green | 128GB Storage,الموبايلات والاتصالات,هواتف ذكية,Xiaomi,REDMI Note 15,6GB RAM / 128GB / Green,6,128,Green,,,https://www.mi.com/eg/product/redmi-note-15/specs/,awaiting_mapping,2026-07-30T00:00:00,2026-07-30T00:00:00
VAR-CA1BCA45261503,MOD-4164F4A1E56ECD,Xiaomi REDMI Note 15 6GB RAM / 128GB / Purple | 128GB Storage,الموبايلات والاتصالات,هواتف ذكية,Xiaomi,REDMI Note 15,6GB RAM / 128GB / Purple,6,128,Purple,,,https://www.mi.com/eg/product/redmi-note-15/specs/,awaiting_mapping,2026-07-30T00:00:00,2026-07-30T00:00:00
VAR-21EA959FBE4BD0,MOD-4164F4A1E56ECD,Xiaomi REDMI Note 15 8GB RAM / 256GB / Black | 256GB Storage,الموبايلات والاتصالات,هواتف ذكية,Xiaomi,REDMI Note 15,8GB RAM / 256GB / Black,8,256,Black,,,https://www.mi.com/eg/product/redmi-note-15/specs/,awaiting_mapping,2026-07-30T00:00:00,2026-07-30T00:00:00
VAR-96545E826A748E,MOD-4164F4A1E56ECD,Xiaomi REDMI Note 15 8GB RAM / 256GB / Glacier Blue | 256GB Storage,الموبايلات والاتصالات,هواتف ذكية,Xiaomi,REDMI Note 15,8GB RAM / 256GB / Glacier Blue,8,256,Glacier Blue,,,https://www.mi.com/eg/product/redmi-note-15/specs/,awaiting_mapping,2026-07-30T00:00:00,2026-07-30T00:00:00
VAR-A07F68B106DDD9,MOD-4164F4A1E56ECD,Xiaomi REDMI Note 15 8GB RAM / 256GB / Green | 256GB Storage,الموبايلات والاتصالات,هواتف ذكية,Xiaomi,REDMI Note 15,8GB RAM / 256GB / Green,8,256,Green,,,https://www.mi.com/eg/product/redmi-note-15/specs/,awaiting_mapping,2026-07-30T00:00:00,2026-07-30T00:00:00
VAR-BEE298F3BE828A,MOD-4164F4A1E56ECD,Xiaomi REDMI Note 15 8GB RAM / 256GB / Purple | 256GB Storage,الموبايلات والاتصالات,هواتف ذكية,Xiaomi,REDMI Note 15,8GB RAM / 256GB / Purple,8,256,Purple,,,https://www.mi.com/eg/product/redmi-note-15/specs/,awaiting_mapping,2026-07-30T00:00:00,2026-07-30T00:00:00
VAR-358DEF13AA6A21,MOD-5B553EB8678614,Xiaomi REDMI Note 15 5G 12GB RAM / 512GB / Black | 512GB Storage,الموبايلات والاتصالات,هواتف ذكية,Xiaomi,REDMI Note 15 5G,12GB RAM / 512GB / Black,12,512,Black,,,https://www.mi.com/eg/product/redmi-note-15-5g/specs/,awaiting_mapping,2026-07-30T00:00:00,2026-07-30T00:00:00
VAR-D08AFAE7B456DC,MOD-5B553EB8678614,Xiaomi REDMI Note 15 5G 12GB RAM / 512GB / Glacier Blue | 512GB Storage,الموبايلات والاتصالات,هواتف ذكية,Xiaomi,REDMI Note 15 5G,12GB RAM / 512GB / Glacier Blue,12,512,Glacier Blue,,,https://www.mi.com/eg/product/redmi-note-15-5g/specs/,awaiting_mapping,2026-07-30T00:00:00,2026-07-30T00:00:00
VAR-B47D0934422A8F,MOD-5B553EB8678614,Xiaomi REDMI Note 15 5G 12GB RAM / 512GB / Misty Purple | 512GB Storage,الموبايلات والاتصالات,هواتف ذكية,Xiaomi,REDMI Note 15 5G,12GB RAM / 512GB / Misty Purple,12,512,Misty Purple,,,https://www.mi.com/eg/product/redmi-note-15-5g/specs/,awaiting_mapping,2026-07-30T00:00:00,2026-07-30T00:00:00
VAR-2C4CA8C34D40B1,MOD-5B553EB8678614,Xiaomi REDMI Note 15 5G 8GB RAM / 256GB / Black | 256GB Storage,الموبايلات والاتصالات,هواتف ذكية,Xiaomi,REDMI Note 15 5G,8GB RAM / 256GB / Black,8,256,Black,,,https://www.mi.com/eg/product/redmi-note-15-5g/specs/,awaiting_mapping,2026-07-30T00:00:00,2026-07-30T00:00:00
VAR-E97CDF43F687F8,MOD-5B553EB8678614,Xiaomi REDMI Note 15 5G 8GB RAM / 256GB / Glacier Blue | 256GB Storage,الموبايلات والاتصالات,هواتف ذكية,Xiaomi,REDMI Note 15 5G,8GB RAM / 256GB / Glacier Blue,8,256,Glacier Blue,,,https://www.mi.com/eg/product/redmi-note-15-5g/specs/,awaiting_mapping,2026-07-30T00:00:00,2026-07-30T00:00:00
VAR-79DF87FE107156,MOD-5B553EB8678614,Xiaomi REDMI Note 15 5G 8GB RAM / 256GB / Misty Purple | 256GB Storage,الموبايلات والاتصالات,هواتف ذكية,Xiaomi,REDMI Note 15 5G,8GB RAM / 256GB / Misty Purple,8,256,Misty Purple,,,https://www.mi.com/eg/product/redmi-note-15-5g/specs/,awaiting_mapping,2026-07-30T00:00:00,2026-07-30T00:00:00
VAR-B819E4B13D6EA9,MOD-7F372DE5F4ED73,Xiaomi REDMI Note 15 Pro 5G 12GB RAM / 256GB / Black | 256GB Storage,الموبايلات والاتصالات,هواتف ذكية,Xiaomi,REDMI Note 15 Pro 5G,12GB RAM / 256GB / Black,12,256,Black,,,https://www.mi.com/eg/product/redmi-note-15-pro-5g/specs/,awaiting_mapping,2026-07-30T00:00:00,2026-07-30T00:00:00
VAR-77E4F307157C15,MOD-7F372DE5F4ED73,Xiaomi REDMI Note 15 Pro 5G 12GB RAM / 256GB / Glacier Blue | 256GB Storage,الموبايلات والاتصالات,هواتف ذكية,Xiaomi,REDMI Note 15 Pro 5G,12GB RAM / 256GB / Glacier Blue,12,256,Glacier Blue,,,https://www.mi.com/eg/product/redmi-note-15-pro-5g/specs/,awaiting_mapping,2026-07-30T00:00:00,2026-07-30T00:00:00
VAR-481833324F06B2,MOD-7F372DE5F4ED73,Xiaomi REDMI Note 15 Pro 5G 12GB RAM / 256GB / Titanium Color | 256GB Storage,الموبايلات والاتصالات,هواتف ذكية,Xiaomi,REDMI Note 15 Pro 5G,12GB RAM / 256GB / Titanium Color,12,256,Titanium Color,,,https://www.mi.com/eg/product/redmi-note-15-pro-5g/specs/,awaiting_mapping,2026-07-30T00:00:00,2026-07-30T00:00:00
VAR-B7950DDF0B453F,MOD-7F372DE5F4ED73,Xiaomi REDMI Note 15 Pro 5G 12GB RAM / 512GB / Black | 512GB Storage,الموبايلات والاتصالات,هواتف ذكية,Xiaomi,REDMI Note 15 Pro 5G,12GB RAM / 512GB / Black,12,512,Black,,,https://www.mi.com/eg/product/redmi-note-15-pro-5g/specs/,awaiting_mapping,2026-07-30T00:00:00,2026-07-30T00:00:00
VAR-1EB31EFA50C774,MOD-7F372DE5F4ED73,Xiaomi REDMI Note 15 Pro 5G 12GB RAM / 512GB / Glacier Blue | 512GB Storage,الموبايلات والاتصالات,هواتف ذكية,Xiaomi,REDMI Note 15 Pro 5G,12GB RAM / 512GB / Glacier Blue,12,512,Glacier Blue,,,https://www.mi.com/eg/product/redmi-note-15-pro-5g/specs/,awaiting_mapping,2026-07-30T00:00:00,2026-07-30T00:00:00
VAR-1AF6271420F0E9,MOD-7F372DE5F4ED73,Xiaomi REDMI Note 15 Pro 5G 12GB RAM / 512GB / Titanium Color | 512GB Storage,الموبايلات والاتصالات,هواتف ذكية,Xiaomi,REDMI Note 15 Pro 5G,12GB RAM / 512GB / Titanium Color,12,512,Titanium Color,,,https://www.mi.com/eg/product/redmi-note-15-pro-5g/specs/,awaiting_mapping,2026-07-30T00:00:00,2026-07-30T00:00:00
VAR-9FDEDCEE9C378C,MOD-7F372DE5F4ED73,Xiaomi REDMI Note 15 Pro+ 5G 12GB RAM / 256GB / Black | 256GB Storage,الموبايلات والاتصالات,هواتف ذكية,Xiaomi,REDMI Note 15 Pro+ 5G,12GB RAM / 256GB / Black,12,256,Black,,,https://www.mi.com/eg/product/redmi-note-15-pro-plus-5g/specs/,awaiting_mapping,2026-07-30T00:00:00,2026-07-30T00:00:00
VAR-E11C330A9E58F1,MOD-7F372DE5F4ED73,Xiaomi REDMI Note 15 Pro+ 5G 12GB RAM / 256GB / Glacier Blue | 256GB Storage,الموبايلات والاتصالات,هواتف ذكية,Xiaomi,REDMI Note 15 Pro+ 5G,12GB RAM / 256GB / Glacier Blue,12,256,Glacier Blue,,,https://www.mi.com/eg/product/redmi-note-15-pro-plus-5g/specs/,awaiting_mapping,2026-07-30T00:00:00,2026-07-30T00:00:00
VAR-0D9F3AF0629337,MOD-7F372DE5F4ED73,Xiaomi REDMI Note 15 Pro+ 5G 12GB RAM / 256GB / Mocha Brown | 256GB Storage,الموبايلات والاتصالات,هواتف ذكية,Xiaomi,REDMI Note 15 Pro+ 5G,12GB RAM / 256GB / Mocha Brown,12,256,Mocha Brown,,,https://www.mi.com/eg/product/redmi-note-15-pro-plus-5g/specs/,awaiting_mapping,2026-07-30T00:00:00,2026-07-30T00:00:00
VAR-6B85BBC068A3E4,MOD-7F372DE5F4ED73,Xiaomi REDMI Note 15 Pro+ 5G 12GB RAM / 512GB / Black | 512GB Storage,الموبايلات والاتصالات,هواتف ذكية,Xiaomi,REDMI Note 15 Pro+ 5G,12GB RAM / 512GB / Black,12,512,Black,,,https://www.mi.com/eg/product/redmi-note-15-pro-plus-5g/specs/,awaiting_mapping,2026-07-30T00:00:00,2026-07-30T00:00:00
VAR-2B3122669DF0B9,MOD-7F372DE5F4ED73,Xiaomi REDMI Note 15 Pro+ 5G 12GB RAM / 512GB / Glacier Blue | 512GB Storage,الموبايلات والاتصالات,هواتف ذكية,Xiaomi,REDMI Note 15 Pro+ 5G,12GB RAM / 512GB / Glacier Blue,12,512,Glacier Blue,,,https://www.mi.com/eg/product/redmi-note-15-pro-plus-5g/specs/,awaiting_mapping,2026-07-30T00:00:00,2026-07-30T00:00:00
VAR-23F717F76A6E68,MOD-7F372DE5F4ED73,Xiaomi REDMI Note 15 Pro+ 5G 12GB RAM / 512GB / Mocha Brown | 512GB Storage,الموبايلات والاتصالات,هواتف ذكية,Xiaomi,REDMI Note 15 Pro+ 5G,12GB RAM / 512GB / Mocha Brown,12,512,Mocha Brown,,,https://www.mi.com/eg/product/redmi-note-15-pro-plus-5g/specs/,awaiting_mapping,2026-07-30T00:00:00,2026-07-30T00:00:00
